academic_id,student_id,semester,cgpa,sgpa,class_rank,backlogs,internal_avg,external_avg
1,1001,1,6.89,6.61,72,2,20.7,48.2
2,1002,4,7.3,7.33,102,2,21.9,51.1
3,1003,8,5.85,5.69,9,3,17.5,40.9
4,1004,2,7.54,7.67,22,1,22.6,52.8
5,1005,1,7.86,8.17,59,1,23.6,55.0
6,1006,5,7.22,6.9,45,2,21.7,50.5
7,1007,5,6.03,6.31,67,3,18.1,42.2
8,1008,6,7.03,6.81,58,2,21.1,49.2
9,1009,7,5.85,5.53,96,3,17.5,40.9
10,1010,5,6.23,5.93,28,2,18.7,43.6
11,1011,2,6.53,6.6,72,2,19.6,45.7
12,1012,8,8.43,8.45,65,1,25.3,59.0
13,1013,4,9.27,9.62,96,0,27.8,64.9
14,1014,4,9.31,9.04,113,0,27.9,65.2
15,1015,4,6.64,6.27,9,3,19.9,46.5
16,1016,6,7.45,7.32,103,2,22.4,52.1
17,1017,1,5.66,5.27,10,3,17.0,39.6
18,1018,6,6.2,5.87,24,3,18.6,43.4
19,1019,3,7.14,7.12,6,2,21.4,50.0
20,1020,1,6.1,6.12,59,3,18.3,42.7
21,1021,5,9.36,9.03,80,0,28.1,65.5
22,1022,8,7.57,7.56,35,2,22.7,53.0
23,1023,3,9.44,9.78,54,0,28.3,66.1
24,1024,5,6.86,7.13,82,2,20.6,48.0
25,1025,8,9.68,9.63,54,0,29.0,67.8
26,1026,4,6.78,6.97,32,3,20.3,47.5
27,1027,7,6.97,6.64,83,2,20.9,48.8
28,1028,1,9.6,9.88,1,0,28.8,67.2
29,1029,4,7.95,7.58,4,1,23.9,55.6
30,1030,4,6.82,6.44,40,2,20.5,47.7
31,1031,6,7.5,7.31,94,2,22.5,52.5
32,1032,2,9.51,9.37,7,0,28.5,66.6
33,1033,1,7.1,7.44,34,2,21.3,49.7
34,1034,5,6.78,6.96,106,2,20.3,47.5
35,1035,7,6.52,6.81,64,2,19.6,45.6
36,1036,7,6.51,6.44,33,3,19.5,45.6
37,1037,5,7.76,7.88,100,1,23.3,54.3
38,1038,8,8.24,8.41,9,1,24.7,57.7
39,1039,7,8.92,9.05,116,0,26.8,62.4
40,1040,3,5.99,5.66,119,3,18.0,41.9
41,1041,4,7.15,7.35,6,2,21.5,50.1
42,1042,6,6.17,6.06,58,2,18.5,43.2
43,1043,7,5.6,5.7,84,3,16.8,39.2
44,1044,5,9.19,9.59,79,0,27.6,64.3
45,1045,7,7.1,6.86,48,2,21.3,49.7
46,1046,7,6.92,6.59,54,2,20.8,48.4
47,1047,3,6.07,5.85,112,3,18.2,42.5
48,1048,7,8.99,9.36,26,0,27.0,62.9
49,1049,7,6.25,6.1,88,3,18.8,43.8
50,1050,4,8.26,8.63,74,0,24.8,57.8
51,1051,2,7.18,7.25,113,2,21.5,50.3
52,1052,5,6.56,6.32,7,2,19.7,45.9
53,1053,1,8.81,8.89,45,0,26.4,61.7
54,1054,2,7.61,7.85,52,1,22.8,53.3
55,1055,6,7.32,7.44,22,2,22.0,51.2
56,1056,5,8.46,8.27,94,0,25.4,59.2
57,1057,7,9.64,9.32,1,0,28.9,67.5
58,1058,1,8.51,8.58,80,1,25.5,59.6
59,1059,6,8.4,8.74,53,0,25.2,58.8
60,1060,7,9.76,9.51,68,0,29.3,68.3
61,1061,7,7.49,7.22,88,2,22.5,52.4
62,1062,6,8.42,8.41,82,1,25.3,58.9
63,1063,2,5.55,5.91,95,4,16.6,38.9
64,1064,6,9.3,9.34,55,0,27.9,65.1
65,1065,6,5.82,5.93,55,3,17.5,40.7
66,1066,1,5.73,5.56,52,3,17.2,40.1
67,1067,1,5.53,5.28,48,4,16.6,38.7
68,1068,7,7.92,7.73,71,1,23.8,55.4
69,1069,5,8.27,8.04,117,0,24.8,57.9
70,1070,3,5.55,5.16,81,4,16.6,38.9
71,1071,7,7.16,7.39,88,2,21.5,50.1
72,1072,2,8.82,8.61,70,0,26.5,61.7
73,1073,4,6.36,6.56,25,3,19.1,44.5
74,1074,1,5.9,6.14,13,3,17.7,41.3
75,1075,7,9.76,10.0,119,0,29.3,68.3
76,1076,8,6.61,6.66,8,3,19.8,46.3
77,1077,2,6.87,6.47,120,2,20.6,48.1
78,1078,7,8.85,9.22,32,1,26.5,61.9
79,1079,4,6.67,6.94,13,2,20.0,46.7
80,1080,3,7.29,7.02,18,2,21.9,51.0
81,1081,8,8.81,8.98,12,0,26.4,61.7
82,1082,2,9.41,9.39,94,0,28.2,65.9
83,1083,6,7.71,7.73,112,1,23.1,54.0
84,1084,1,5.69,5.39,100,3,17.1,39.8
85,1085,1,7.22,7.49,29,2,21.7,50.5
86,1086,2,9.67,9.89,40,0,29.0,67.7
87,1087,6,6.22,5.87,59,3,18.7,43.5
88,1088,3,7.55,7.81,71,1,22.6,52.9
89,1089,1,9.25,9.2,53,0,27.8,64.8
90,1090,5,7.21,7.6,24,1,21.6,50.5
91,1091,8,7.37,7.27,46,1,22.1,51.6
92,1092,6,8.41,8.37,47,0,25.2,58.9
93,1093,1,7.7,7.39,118,2,23.1,53.9
94,1094,8,9.12,9.19,106,0,27.4,63.8
95,1095,1,7.35,7.59,80,2,22.0,51.4
96,1096,8,6.46,6.19,3,3,19.4,45.2
97,1097,7,6.25,6.14,5,2,18.8,43.8
98,1098,8,5.61,5.85,87,3,16.8,39.3
99,1099,6,8.06,8.01,25,1,24.2,56.4
100,1100,6,7.92,7.81,115,1,23.8,55.4
101,1101,4,8.33,8.49,73,0,25.0,58.3
102,1102,4,6.6,6.55,36,3,19.8,46.2
103,1103,5,9.57,9.51,32,0,28.7,67.0
104,1104,2,7.04,6.97,71,2,21.1,49.3
105,1105,3,8.41,8.13,72,1,25.2,58.9
106,1106,3,5.55,5.94,96,4,16.6,38.9
107,1107,8,8.83,9.1,55,0,26.5,61.8
108,1108,1,9.78,9.86,66,0,29.3,68.5
109,1109,6,5.77,5.38,78,4,17.3,40.4
110,1110,5,7.96,8.32,15,1,23.9,55.7
111,1111,2,9.66,9.42,81,0,29.0,67.6
112,1112,2,9.07,8.98,118,0,27.2,63.5
113,1113,4,7.08,7.35,89,2,21.2,49.6
114,1114,3,9.1,9.17,63,0,27.3,63.7
115,1115,8,8.94,8.57,50,0,26.8,62.6
116,1116,2,5.53,5.59,47,3,16.6,38.7
117,1117,4,9.25,9.6,1,0,27.8,64.8
118,1118,7,7.42,7.47,93,1,22.3,51.9
119,1119,6,6.87,6.61,93,3,20.6,48.1
120,1120,7,6.31,6.34,33,3,18.9,44.2
121,1121,5,5.61,5.46,105,4,16.8,39.3
122,1122,1,8.84,8.69,80,0,26.5,61.9
123,1123,2,5.76,5.76,85,3,17.3,40.3
124,1124,3,8.97,9.3,62,0,26.9,62.8
125,1125,3,9.04,8.87,117,0,27.1,63.3
126,1126,7,9.42,9.14,90,0,28.3,65.9
127,1127,2,5.71,6.03,35,3,17.1,40.0
128,1128,7,6.64,6.3,50,2,19.9,46.5
129,1129,1,8.77,9.08,61,1,26.3,61.4
130,1130,6,6.97,7.01,67,2,20.9,48.8
131,1131,7,6.45,6.16,20,3,19.4,45.1
132,1132,4,5.94,5.83,80,3,17.8,41.6
133,1133,8,6.96,6.86,49,2,20.9,48.7
134,1134,7,8.56,8.4,64,0,25.7,59.9
135,1135,2,8.05,8.02,12,1,24.2,56.4
136,1136,1,7.96,7.57,24,1,23.9,55.7
137,1137,6,6.63,6.48,26,2,19.9,46.4
138,1138,7,8.35,8.53,110,0,25.0,58.4
139,1139,1,6.09,6.39,54,3,18.3,42.6
140,1140,4,9.08,9.24,51,0,27.2,63.6
141,1141,8,7.13,7.24,114,2,21.4,49.9
142,1142,6,7.58,7.87,58,2,22.7,53.1
143,1143,3,6.92,6.81,47,2,20.8,48.4
144,1144,5,9.55,9.42,52,0,28.7,66.9
145,1145,1,9.41,9.59,106,0,28.2,65.9
146,1146,3,8.08,8.47,27,0,24.2,56.6
147,1147,8,8.45,8.62,18,0,25.3,59.1
148,1148,8,9.39,9.59,72,0,28.2,65.7
149,1149,7,7.97,8.32,53,1,23.9,55.8
150,1150,5,6.13,6.17,43,2,18.4,42.9
151,1151,2,6.22,6.1,71,3,18.7,43.5
152,1152,2,9.49,9.81,72,0,28.5,66.4
153,1153,7,6.84,6.85,84,2,20.5,47.9
154,1154,5,8.25,8.24,50,1,24.8,57.8
155,1155,8,6.67,6.98,85,2,20.0,46.7
156,1156,7,6.68,6.57,107,3,20.0,46.8
157,1157,2,6.21,5.95,119,3,18.6,43.5
158,1158,5,7.66,7.94,92,2,23.0,53.6
159,1159,8,8.1,8.11,15,1,24.3,56.7
160,1160,7,6.76,7.11,66,3,20.3,47.3
161,1161,4,8.37,8.68,99,0,25.1,58.6
162,1162,2,7.91,8.07,6,2,23.7,55.4
163,1163,1,7.31,6.93,117,2,21.9,51.2
164,1164,2,9.56,9.94,110,0,28.7,66.9
165,1165,7,8.19,8.5,84,1,24.6,57.3
166,1166,8,7.52,7.82,7,2,22.6,52.6
167,1167,1,9.55,9.92,72,0,28.7,66.9
168,1168,2,7.91,8.0,70,1,23.7,55.4
169,1169,4,5.9,6.08,118,3,17.7,41.3
170,1170,8,9.1,9.27,98,0,27.3,63.7
171,1171,4,8.96,8.57,118,0,26.9,62.7
172,1172,2,8.47,8.84,89,0,25.4,59.3
173,1173,5,6.62,6.99,51,3,19.9,46.3
174,1174,5,7.41,7.59,24,1,22.2,51.9
175,1175,3,7.57,7.84,37,1,22.7,53.0
176,1176,7,6.46,6.22,16,2,19.4,45.2
177,1177,1,9.47,9.8,31,0,28.4,66.3
178,1178,8,9.22,8.99,88,0,27.7,64.5
179,1179,6,8.29,8.51,75,1,24.9,58.0
180,1180,7,7.23,7.37,23,1,21.7,50.6
181,1181,4,8.38,8.0,55,0,25.1,58.7
182,1182,2,8.02,7.98,58,1,24.1,56.1
183,1183,6,8.33,8.4,103,1,25.0,58.3
184,1184,4,7.54,7.68,82,2,22.6,52.8
185,1185,4,5.99,6.0,82,3,18.0,41.9
186,1186,4,9.66,9.42,23,0,29.0,67.6
187,1187,8,5.58,5.27,19,4,16.7,39.1
188,1188,7,9.49,9.54,18,0,28.5,66.4
189,1189,3,9.51,9.28,8,0,28.5,66.6
190,1190,2,8.82,9.08,101,0,26.5,61.7
191,1191,2,8.58,8.6,82,1,25.7,60.1
192,1192,2,5.66,6.04,90,4,17.0,39.6
193,1193,4,6.21,6.24,94,3,18.6,43.5
194,1194,6,9.44,9.43,2,0,28.3,66.1
195,1195,5,5.67,5.3,65,4,17.0,39.7
196,1196,8,7.38,7.23,101,1,22.1,51.7
197,1197,6,7.05,6.7,74,2,21.1,49.4
198,1198,3,8.03,8.29,55,1,24.1,56.2
199,1199,1,7.75,8.01,86,2,23.2,54.2
200,1200,4,9.61,10.0,19,0,28.8,67.3
201,1201,3,7.38,7.0,116,1,22.1,51.7
202,1202,4,8.6,8.29,70,0,25.8,60.2
203,1203,4,8.8,8.6,61,0,26.4,61.6
204,1204,5,6.23,5.89,21,3,18.7,43.6
205,1205,1,6.12,6.01,45,3,18.4,42.8
206,1206,1,9.53,9.22,95,0,28.6,66.7
207,1207,2,6.84,6.62,8,2,20.5,47.9
208,1208,1,5.67,5.53,87,4,17.0,39.7
209,1209,7,6.27,5.99,21,3,18.8,43.9
210,1210,1,8.95,9.18,75,0,26.8,62.6
211,1211,5,8.26,8.31,113,1,24.8,57.8
212,1212,6,9.25,9.2,52,0,27.8,64.8
213,1213,2,5.7,5.97,94,4,17.1,39.9
214,1214,7,9.11,9.2,69,0,27.3,63.8
215,1215,6,5.92,6.25,13,3,17.8,41.4
216,1216,6,6.91,6.78,62,2,20.7,48.4
217,1217,7,9.62,9.75,12,0,28.9,67.3
218,1218,7,9.35,9.5,15,0,28.0,65.5
219,1219,8,6.14,6.03,53,3,18.4,43.0
220,1220,3,8.73,8.91,26,0,26.2,61.1
221,1221,1,5.85,5.72,37,3,17.5,40.9
222,1222,6,5.71,5.73,32,4,17.1,40.0
223,1223,3,8.38,8.16,9,1,25.1,58.7
224,1224,3,6.05,6.2,1,3,18.1,42.4
225,1225,4,7.84,7.78,62,1,23.5,54.9
226,1226,7,7.11,7.12,70,2,21.3,49.8
227,1227,1,7.23,7.4,44,2,21.7,50.6
228,1228,8,5.64,6.01,37,3,16.9,39.5
229,1229,7,6.85,7.23,24,2,20.5,47.9
230,1230,6,8.66,8.35,67,0,26.0,60.6
231,1231,1,7.48,7.27,85,1,22.4,52.4
232,1232,1,6.48,6.58,56,3,19.4,45.4
233,1233,6,7.46,7.8,85,1,22.4,52.2
234,1234,7,6.91,7.19,29,2,20.7,48.4
235,1235,5,7.23,6.86,39,2,21.7,50.6
236,1236,1,9.69,9.92,3,0,29.1,67.8
237,1237,5,5.87,6.13,71,3,17.6,41.1
238,1238,4,8.65,8.43,13,0,26.0,60.6
239,1239,5,9.6,9.49,45,0,28.8,67.2
240,1240,7,6.71,6.78,25,3,20.1,47.0
241,1241,2,7.27,7.28,69,1,21.8,50.9
242,1242,4,9.16,9.55,11,0,27.5,64.1
243,1243,7,9.08,8.89,29,0,27.2,63.6
244,1244,6,5.81,6.17,116,3,17.4,40.7
245,1245,2,5.56,5.66,37,4,16.7,38.9
246,1246,2,6.81,6.85,56,2,20.4,47.7
247,1247,1,9.67,9.53,54,0,29.0,67.7
248,1248,4,8.14,8.27,78,1,24.4,57.0
249,1249,5,6.75,7.13,59,2,20.2,47.2
250,1250,4,7.87,7.98,18,1,23.6,55.1
251,1251,6,5.57,5.38,86,4,16.7,39.0
252,1252,6,8.33,8.25,103,1,25.0,58.3
253,1253,8,8.38,8.12,111,0,25.1,58.7
254,1254,3,5.9,6.26,105,3,17.7,41.3
255,1255,8,9.35,9.32,60,0,28.0,65.5
256,1256,2,8.46,8.2,58,0,25.4,59.2
257,1257,2,9.3,9.49,108,0,27.9,65.1
258,1258,8,9.19,9.18,112,0,27.6,64.3
259,1259,8,8.1,8.04,39,1,24.3,56.7
260,1260,8,9.57,9.18,67,0,28.7,67.0
261,1261,3,6.16,6.12,120,3,18.5,43.1
262,1262,6,8.51,8.57,91,0,25.5,59.6
263,1263,2,6.12,6.26,12,3,18.4,42.8
264,1264,3,9.28,9.01,113,0,27.8,65.0
265,1265,7,6.76,6.59,25,2,20.3,47.3
266,1266,1,9.28,9.55,53,0,27.8,65.0
267,1267,4,9.15,9.41,9,0,27.5,64.0
268,1268,4,5.99,6.19,85,3,18.0,41.9
269,1269,6,5.74,5.58,84,3,17.2,40.2
270,1270,5,6.03,5.69,47,3,18.1,42.2
271,1271,7,6.52,6.77,11,3,19.6,45.6
272,1272,3,9.27,8.89,82,0,27.8,64.9
273,1273,8,8.38,8.14,115,1,25.1,58.7
274,1274,6,8.49,8.54,15,0,25.5,59.4
275,1275,4,6.01,5.75,114,3,18.0,42.1
276,1276,3,6.35,6.37,66,2,19.0,44.4
277,1277,3,5.91,6.01,14,3,17.7,41.4
278,1278,6,8.61,8.46,87,1,25.8,60.3
279,1279,3,9.69,10.0,4,0,29.1,67.8
280,1280,7,7.59,7.48,36,2,22.8,53.1
281,1281,4,6.53,6.5,19,3,19.6,45.7
282,1282,7,6.22,6.1,74,3,18.7,43.5
283,1283,1,6.92,7.02,20,2,20.8,48.4
284,1284,4,9.24,9.38,9,0,27.7,64.7
285,1285,2,7.99,8.22,42,1,24.0,55.9
286,1286,8,6.58,6.93,28,2,19.7,46.1
287,1287,6,6.33,6.04,90,2,19.0,44.3
288,1288,2,7.76,7.53,74,1,23.3,54.3
289,1289,4,6.21,6.02,104,3,18.6,43.5
290,1290,4,6.68,6.77,48,2,20.0,46.8
291,1291,3,7.88,8.06,18,2,23.6,55.2
292,1292,6,7.41,7.15,42,1,22.2,51.9
293,1293,2,7.81,7.49,96,1,23.4,54.7
294,1294,3,7.02,7.17,53,2,21.1,49.1
295,1295,6,9.46,9.14,39,0,28.4,66.2
296,1296,8,7.06,7.37,6,2,21.2,49.4
297,1297,6,5.83,5.89,92,3,17.5,40.8
298,1298,8,7.32,7.71,110,2,22.0,51.2
299,1299,3,5.67,5.64,23,3,17.0,39.7
300,1300,7,9.14,9.43,113,0,27.4,64.0
301,1301,5,6.99,6.61,120,2,21.0,48.9
302,1302,1,8.38,8.65,88,1,25.1,58.7
303,1303,8,6.07,5.87,75,3,18.2,42.5
304,1304,7,7.37,7.77,61,2,22.1,51.6
305,1305,6,8.45,8.54,107,0,25.3,59.1
306,1306,4,5.81,5.5,70,3,17.4,40.7
307,1307,1,8.85,8.45,21,0,26.5,61.9
308,1308,2,7.96,8.17,113,1,23.9,55.7
309,1309,8,9.18,8.88,26,0,27.5,64.3
310,1310,2,5.53,5.29,94,4,16.6,38.7
311,1311,6,5.66,5.36,84,4,17.0,39.6
312,1312,6,8.91,8.61,42,0,26.7,62.4
313,1313,1,7.67,7.52,26,1,23.0,53.7
314,1314,3,9.31,9.0,68,0,27.9,65.2
315,1315,7,7.8,7.54,73,1,23.4,54.6
316,1316,5,7.82,8.09,93,2,23.5,54.7
317,1317,3,8.94,8.75,59,0,26.8,62.6
318,1318,1,7.91,8.29,93,1,23.7,55.4
319,1319,2,9.8,9.85,46,0,29.4,68.6
320,1320,5,7.53,7.84,77,1,22.6,52.7
321,1321,5,9.25,8.98,100,0,27.8,64.8
322,1322,3,6.56,6.94,29,2,19.7,45.9
323,1323,1,6.51,6.37,31,3,19.5,45.6
324,1324,5,8.24,8.61,27,1,24.7,57.7
325,1325,4,8.91,9.23,9,0,26.7,62.4
326,1326,3,7.08,7.03,66,2,21.2,49.6
327,1327,8,9.23,9.14,75,0,27.7,64.6
328,1328,8,6.43,6.24,46,2,19.3,45.0
329,1329,3,5.88,5.5,24,3,17.6,41.2
330,1330,8,6.01,6.36,11,3,18.0,42.1
331,1331,2,8.89,9.16,13,0,26.7,62.2
332,1332,1,9.24,9.46,87,0,27.7,64.7
333,1333,2,5.67,6.07,98,4,17.0,39.7
334,1334,6,7.37,7.38,38,2,22.1,51.6
335,1335,6,7.66,8.03,65,2,23.0,53.6
336,1336,4,6.34,6.45,38,2,19.0,44.4
337,1337,7,5.75,5.4,6,3,17.2,40.2
338,1338,6,9.52,9.23,6,0,28.6,66.6
339,1339,3,9.06,8.81,114,0,27.2,63.4
340,1340,2,9.4,9.19,111,0,28.2,65.8
341,1341,8,7.1,7.11,36,2,21.3,49.7
342,1342,1,6.71,6.65,30,2,20.1,47.0
343,1343,1,6.09,6.1,18,3,18.3,42.6
344,1344,8,7.67,7.58,29,2,23.0,53.7
345,1345,8,6.25,6.4,120,3,18.8,43.8
346,1346,2,8.92,9.04,70,0,26.8,62.4
347,1347,4,6.3,6.05,43,3,18.9,44.1
348,1348,6,7.28,7.54,20,2,21.8,51.0
349,1349,2,6.12,6.25,91,3,18.4,42.8
350,1350,1,7.78,7.41,104,2,23.3,54.5
351,1351,6,5.82,5.98,16,3,17.5,40.7
352,1352,3,6.94,6.56,81,2,20.8,48.6
353,1353,5,6.91,6.89,66,2,20.7,48.4
354,1354,8,6.23,6.23,67,2,18.7,43.6
355,1355,7,7.63,7.36,48,1,22.9,53.4
356,1356,6,9.59,9.63,30,0,28.8,67.1
357,1357,5,8.96,8.91,85,0,26.9,62.7
358,1358,8,9.68,9.99,37,0,29.0,67.8
359,1359,2,9.37,9.48,90,0,28.1,65.6
360,1360,7,5.68,5.92,62,4,17.0,39.8
361,1361,8,9.25,9.35,113,0,27.8,64.8
362,1362,2,5.54,5.17,103,3,16.6,38.8
363,1363,1,7.54,7.62,42,1,22.6,52.8
364,1364,3,9.08,8.85,24,0,27.2,63.6
365,1365,3,5.82,6.1,65,3,17.5,40.7
366,1366,3,6.7,6.47,84,3,20.1,46.9
367,1367,8,8.7,8.67,84,1,26.1,60.9
368,1368,1,9.13,8.75,2,0,27.4,63.9
369,1369,1,9.38,9.21,15,0,28.1,65.7
370,1370,4,5.99,5.83,70,3,18.0,41.9
371,1371,4,8.54,8.62,23,0,25.6,59.8
372,1372,6,9.5,9.2,28,0,28.5,66.5
373,1373,5,9.02,9.39,27,0,27.1,63.1
374,1374,4,8.24,8.11,17,1,24.7,57.7
375,1375,8,5.77,5.51,43,4,17.3,40.4
376,1376,1,8.47,8.21,56,0,25.4,59.3
377,1377,8,7.55,7.95,32,1,22.6,52.9
378,1378,1,8.01,7.69,7,1,24.0,56.1
379,1379,2,6.1,6.3,73,3,18.3,42.7
380,1380,5,7.52,7.13,100,1,22.6,52.6
381,1381,3,7.48,7.13,3,2,22.4,52.4
382,1382,5,6.67,6.41,118,3,20.0,46.7
383,1383,8,5.74,5.52,20,3,17.2,40.2
384,1384,6,7.66,7.84,67,1,23.0,53.6
385,1385,5,8.18,7.85,35,1,24.5,57.3
386,1386,8,6.72,6.55,18,2,20.2,47.0
387,1387,6,6.5,6.47,1,3,19.5,45.5
388,1388,7,9.79,9.89,93,0,29.4,68.5
389,1389,8,8.53,8.79,97,1,25.6,59.7
390,1390,4,7.63,7.61,47,1,22.9,53.4
391,1391,4,8.74,8.68,48,0,26.2,61.2
392,1392,3,8.27,8.67,53,1,24.8,57.9
393,1393,1,5.76,6.15,42,4,17.3,40.3
394,1394,3,8.68,8.57,53,1,26.0,60.8
395,1395,6,9.13,8.98,9,0,27.4,63.9
396,1396,7,8.47,8.2,112,0,25.4,59.3
397,1397,8,5.86,6.19,81,3,17.6,41.0
398,1398,2,8.86,8.88,16,0,26.6,62.0
399,1399,2,9.61,9.81,110,0,28.8,67.3
400,1400,2,8.09,7.78,106,1,24.3,56.6
401,1401,8,6.15,6.07,109,3,18.5,43.1
402,1402,5,5.72,5.4,10,3,17.2,40.0
403,1403,7,5.73,5.62,28,4,17.2,40.1
404,1404,2,6.29,6.23,40,3,18.9,44.0
405,1405,2,7.59,7.59,73,2,22.8,53.1
406,1406,2,8.59,8.48,43,1,25.8,60.1
407,1407,2,7.38,7.56,80,1,22.1,51.7
408,1408,7,7.23,7.22,116,2,21.7,50.6
409,1409,8,5.74,6.14,16,3,17.2,40.2
410,1410,5,7.33,7.27,104,2,22.0,51.3
411,1411,3,9.37,9.14,49,0,28.1,65.6
412,1412,8,7.58,7.89,57,1,22.7,53.1
413,1413,3,5.87,5.49,37,4,17.6,41.1
414,1414,4,7.67,7.46,114,1,23.0,53.7
415,1415,3,6.86,6.52,54,3,20.6,48.0
416,1416,1,8.61,8.78,112,1,25.8,60.3
417,1417,5,5.95,6.26,70,3,17.9,41.6
418,1418,6,7.41,7.72,45,2,22.2,51.9
419,1419,2,7.08,6.87,120,2,21.2,49.6
420,1420,7,7.94,8.03,77,1,23.8,55.6
421,1421,1,7.08,6.84,119,2,21.2,49.6
422,1422,8,7.56,7.77,105,1,22.7,52.9
423,1423,3,8.37,8.01,3,1,25.1,58.6
424,1424,5,9.29,8.92,16,0,27.9,65.0
425,1425,2,6.32,6.01,59,3,19.0,44.2
426,1426,4,5.69,5.92,40,4,17.1,39.8
427,1427,6,7.26,7.24,119,1,21.8,50.8
428,1428,6,7.51,7.88,107,2,22.5,52.6
429,1429,6,7.98,8.27,68,1,23.9,55.9
430,1430,1,8.81,8.78,3,0,26.4,61.7
431,1431,3,8.08,7.93,119,1,24.2,56.6
432,1432,1,6.49,6.26,56,3,19.5,45.4
433,1433,7,9.74,9.66,84,0,29.2,68.2
434,1434,2,8.56,8.34,98,1,25.7,59.9
435,1435,5,8.28,7.9,35,1,24.8,58.0
436,1436,4,5.59,5.62,83,3,16.8,39.1
437,1437,5,7.01,7.08,56,2,21.0,49.1
438,1438,4,7.57,7.74,114,2,22.7,53.0
439,1439,4,7.3,7.1,57,2,21.9,51.1
440,1440,8,8.24,7.91,93,1,24.7,57.7
441,1441,1,6.57,6.64,69,2,19.7,46.0
442,1442,1,9.06,9.43,103,0,27.2,63.4
443,1443,8,7.87,7.49,119,1,23.6,55.1
444,1444,7,6.93,7.31,46,2,20.8,48.5
445,1445,2,7.72,7.38,9,1,23.2,54.0
446,1446,8,5.67,5.6,16,3,17.0,39.7
447,1447,4,9.5,9.14,105,0,28.5,66.5
448,1448,8,8.04,8.13,84,1,24.1,56.3
449,1449,1,9.56,9.4,104,0,28.7,66.9
450,1450,4,7.42,7.23,12,1,22.3,51.9
451,1451,3,9.01,9.32,111,0,27.0,63.1
452,1452,5,8.28,8.08,66,1,24.8,58.0
453,1453,2,6.43,6.65,120,2,19.3,45.0
454,1454,7,6.34,6.33,67,3,19.0,44.4
455,1455,5,8.47,8.72,59,1,25.4,59.3
456,1456,7,8.04,8.09,20,1,24.1,56.3
457,1457,4,7.63,7.95,82,1,22.9,53.4
458,1458,4,8.78,8.71,87,1,26.3,61.5
459,1459,7,7.53,7.64,70,1,22.6,52.7
460,1460,7,7.08,7.26,47,2,21.2,49.6
461,1461,5,6.97,6.76,7,2,20.9,48.8
462,1462,8,9.23,9.24,43,0,27.7,64.6
463,1463,7,8.63,8.24,3,1,25.9,60.4
464,1464,4,9.56,9.38,11,0,28.7,66.9
465,1465,7,7.99,8.12,45,1,24.0,55.9
466,1466,7,7.28,7.63,78,2,21.8,51.0
467,1467,7,6.24,6.56,14,3,18.7,43.7
468,1468,6,8.06,7.98,118,1,24.2,56.4
469,1469,3,6.06,6.01,93,3,18.2,42.4
470,1470,5,8.26,7.97,116,0,24.8,57.8
471,1471,3,6.36,6.33,90,3,19.1,44.5
472,1472,1,9.78,9.38,65,0,29.3,68.5
473,1473,3,8.04,7.74,114,1,24.1,56.3
474,1474,6,6.29,6.28,119,3,18.9,44.0
475,1475,4,8.33,8.02,57,1,25.0,58.3
476,1476,4,8.75,8.45,110,0,26.2,61.2
477,1477,4,8.7,8.98,98,0,26.1,60.9
478,1478,5,9.57,9.2,118,0,28.7,67.0
479,1479,3,8.7,8.6,33,0,26.1,60.9
480,1480,1,6.6,6.98,4,2,19.8,46.2
481,1481,3,8.91,8.52,117,0,26.7,62.4
482,1482,2,8.8,8.94,106,0,26.4,61.6
483,1483,2,8.75,8.41,36,1,26.2,61.2
484,1484,4,8.3,8.3,80,1,24.9,58.1
485,1485,6,5.71,5.57,59,3,17.1,40.0
486,1486,5,6.26,6.06,62,2,18.8,43.8
487,1487,3,9.53,9.29,52,0,28.6,66.7
488,1488,5,9.5,9.32,92,0,28.5,66.5
489,1489,2,6.07,6.08,92,3,18.2,42.5
490,1490,5,5.54,5.51,61,3,16.6,38.8
491,1491,6,7.37,7.3,108,2,22.1,51.6
492,1492,8,6.07,6.28,12,3,18.2,42.5
493,1493,4,5.57,5.21,114,3,16.7,39.0
494,1494,2,9.65,9.8,61,0,29.0,67.5
495,1495,8,8.4,8.04,87,1,25.2,58.8
496,1496,7,6.88,6.7,12,2,20.6,48.2
497,1497,3,8.54,8.32,79,0,25.6,59.8
498,1498,4,8.62,8.39,103,0,25.9,60.3
499,1499,3,5.53,5.22,97,3,16.6,38.7
500,1500,1,5.93,5.68,33,3,17.8,41.5
501,1501,6,6.45,6.61,28,3,19.4,45.1
502,1502,5,5.6,5.8,7,3,16.8,39.2
503,1503,8,5.63,5.93,9,3,16.9,39.4
504,1504,4,8.33,8.07,5,1,25.0,58.3
505,1505,2,6.22,5.98,16,3,18.7,43.5
506,1506,4,6.02,5.91,91,3,18.1,42.1
507,1507,3,9.79,9.86,64,0,29.4,68.5
508,1508,1,6.8,6.44,104,2,20.4,47.6
509,1509,3,8.41,8.7,28,1,25.2,58.9
510,1510,1,9.14,8.94,47,0,27.4,64.0
511,1511,6,6.0,6.4,33,3,18.0,42.0
512,1512,4,6.04,5.93,120,3,18.1,42.3
513,1513,8,8.37,8.11,94,1,25.1,58.6
514,1514,8,6.3,6.21,78,3,18.9,44.1
515,1515,6,7.35,7.37,50,1,22.0,51.4
516,1516,5,8.1,8.27,94,1,24.3,56.7
517,1517,5,7.33,7.36,34,2,22.0,51.3
518,1518,2,6.51,6.13,53,3,19.5,45.6
519,1519,2,7.41,7.14,82,2,22.2,51.9
520,1520,1,8.89,8.75,90,0,26.7,62.2
521,1521,7,6.3,5.97,118,2,18.9,44.1
522,1522,5,9.31,9.54,9,0,27.9,65.2
523,1523,5,9.06,9.02,81,0,27.2,63.4
524,1524,8,6.03,5.92,64,3,18.1,42.2
525,1525,3,7.69,8.02,35,2,23.1,53.8
526,1526,1,7.49,7.71,31,2,22.5,52.4
527,1527,3,8.48,8.25,112,1,25.4,59.4
528,1528,1,7.21,7.38,59,2,21.6,50.5
529,1529,8,9.76,9.47,10,0,29.3,68.3
530,1530,7,6.6,6.84,116,3,19.8,46.2
531,1531,1,6.84,6.86,119,3,20.5,47.9
532,1532,6,8.53,8.83,42,1,25.6,59.7
533,1533,7,6.26,6.5,60,3,18.8,43.8
534,1534,5,8.51,8.54,104,1,25.5,59.6
535,1535,4,5.73,5.65,117,3,17.2,40.1
536,1536,4,6.48,6.43,48,2,19.4,45.4
537,1537,7,6.8,6.7,3,2,20.4,47.6
538,1538,6,7.67,7.62,56,1,23.0,53.7
539,1539,8,5.85,5.92,52,3,17.5,40.9
540,1540,5,7.99,8.09,76,1,24.0,55.9
541,1541,3,8.19,8.47,32,1,24.6,57.3
542,1542,6,8.67,8.35,21,1,26.0,60.7
543,1543,1,9.66,9.76,106,0,29.0,67.6
544,1544,5,6.89,6.64,70,2,20.7,48.2
545,1545,4,5.59,5.65,24,3,16.8,39.1
546,1546,8,8.07,8.38,48,1,24.2,56.5
547,1547,4,7.61,7.25,54,1,22.8,53.3
548,1548,5,6.28,6.38,109,3,18.8,44.0
549,1549,7,8.99,8.72,68,0,27.0,62.9
550,1550,8,9.09,9.23,17,0,27.3,63.6
551,1551,1,6.77,6.53,33,2,20.3,47.4
552,1552,3,7.84,7.92,16,2,23.5,54.9
553,1553,3,5.65,5.25,41,3,17.0,39.6
554,1554,5,6.79,6.43,62,2,20.4,47.5
555,1555,1,9.29,8.93,55,0,27.9,65.0
556,1556,2,9.77,9.71,119,0,29.3,68.4
557,1557,4,6.22,6.54,55,3,18.7,43.5
558,1558,2,9.51,9.43,24,0,28.5,66.6
559,1559,5,9.26,9.09,56,0,27.8,64.8
560,1560,3,5.73,5.53,39,3,17.2,40.1
561,1561,1,6.89,7.08,59,2,20.7,48.2
562,1562,7,9.07,9.27,40,0,27.2,63.5
563,1563,6,6.39,6.38,116,2,19.2,44.7
564,1564,4,5.95,5.81,117,3,17.9,41.6
565,1565,3,6.63,6.99,48,2,19.9,46.4
566,1566,5,8.21,8.36,110,1,24.6,57.5
567,1567,5,7.21,6.89,47,1,21.6,50.5
568,1568,7,6.96,6.94,77,2,20.9,48.7
569,1569,6,7.05,6.77,100,2,21.1,49.4
570,1570,5,7.38,7.41,40,1,22.1,51.7
571,1571,5,9.58,9.29,93,0,28.7,67.1
572,1572,8,5.83,5.65,69,4,17.5,40.8
573,1573,6,5.9,6.03,12,3,17.7,41.3
574,1574,8,7.5,7.38,106,2,22.5,52.5
575,1575,4,8.36,8.05,113,0,25.1,58.5
576,1576,7,9.0,9.16,76,0,27.0,63.0
577,1577,1,8.69,8.62,80,0,26.1,60.8
578,1578,5,9.53,9.19,55,0,28.6,66.7
579,1579,1,9.14,8.98,58,0,27.4,64.0
580,1580,6,5.55,5.27,90,3,16.6,38.9
581,1581,1,6.71,7.1,29,3,20.1,47.0
582,1582,8,7.75,7.56,105,2,23.2,54.2
583,1583,7,8.38,8.09,54,0,25.1,58.7
584,1584,8,9.19,9.02,13,0,27.6,64.3
585,1585,7,6.99,6.71,33,2,21.0,48.9
586,1586,6,9.75,10.0,19,0,29.2,68.2
587,1587,4,9.24,9.28,59,0,27.7,64.7
588,1588,8,7.48,7.38,60,2,22.4,52.4
589,1589,6,7.15,7.17,32,2,21.5,50.1
590,1590,5,9.48,9.74,102,0,28.4,66.4
591,1591,4,6.47,6.65,14,3,19.4,45.3
592,1592,4,7.3,6.97,99,2,21.9,51.1
593,1593,3,8.28,8.18,90,0,24.8,58.0
594,1594,3,6.51,6.39,30,2,19.5,45.6
595,1595,7,9.79,9.49,28,0,29.4,68.5
596,1596,5,9.25,9.24,23,0,27.8,64.8
597,1597,3,8.4,8.4,46,1,25.2,58.8
598,1598,2,5.62,5.62,76,4,16.9,39.3
599,1599,1,5.53,5.32,35,4,16.6,38.7
600,1600,7,7.74,8.12,113,2,23.2,54.2
601,1601,1,6.78,6.67,89,3,20.3,47.5
602,1602,7,8.38,8.27,74,1,25.1,58.7
603,1603,8,8.79,8.41,71,0,26.4,61.5
604,1604,5,7.85,8.01,102,1,23.5,54.9
605,1605,3,5.57,5.58,64,4,16.7,39.0
606,1606,8,7.85,7.89,65,1,23.5,54.9
607,1607,6,7.88,8.15,67,1,23.6,55.2
608,1608,6,7.23,7.45,82,2,21.7,50.6
609,1609,2,8.53,8.16,27,1,25.6,59.7
610,1610,2,8.1,8.24,76,1,24.3,56.7
611,1611,8,6.51,6.21,32,2,19.5,45.6
612,1612,6,8.38,8.38,18,1,25.1,58.7
613,1613,6,8.65,8.44,36,0,26.0,60.6
614,1614,2,9.52,9.64,8,0,28.6,66.6
615,1615,5,7.33,7.03,12,1,22.0,51.3
616,1616,4,9.21,8.89,106,0,27.6,64.5
617,1617,4,8.61,8.41,9,1,25.8,60.3
618,1618,6,9.75,9.39,74,0,29.2,68.2
619,1619,8,6.04,6.11,87,3,18.1,42.3
620,1620,6,8.12,7.83,79,1,24.4,56.8
621,1621,5,8.09,7.78,23,1,24.3,56.6
622,1622,6,8.11,8.12,94,1,24.3,56.8
623,1623,3,5.99,6.21,70,3,18.0,41.9
624,1624,4,8.21,8.39,118,1,24.6,57.5
625,1625,4,7.7,7.75,93,1,23.1,53.9
626,1626,3,6.89,7.02,45,2,20.7,48.2
627,1627,7,7.3,7.65,64,1,21.9,51.1
628,1628,5,9.49,9.23,101,0,28.5,66.4
629,1629,1,7.04,6.89,86,2,21.1,49.3
630,1630,7,8.09,8.11,20,1,24.3,56.6
631,1631,1,7.24,6.95,48,2,21.7,50.7
632,1632,2,9.32,9.1,88,0,28.0,65.2
633,1633,7,9.23,9.27,113,0,27.7,64.6
634,1634,8,8.63,8.86,72,0,25.9,60.4
635,1635,7,8.33,8.71,42,1,25.0,58.3
636,1636,6,8.86,9.25,20,0,26.6,62.0
637,1637,1,7.21,7.01,23,2,21.6,50.5
638,1638,8,8.39,8.28,7,0,25.2,58.7
639,1639,5,7.46,7.43,15,2,22.4,52.2
640,1640,1,8.97,8.93,29,0,26.9,62.8
641,1641,7,9.75,9.68,79,0,29.2,68.2
642,1642,5,6.02,5.84,8,3,18.1,42.1
643,1643,1,8.04,8.36,32,1,24.1,56.3
644,1644,6,8.47,8.19,84,0,25.4,59.3
645,1645,2,9.36,9.2,71,0,28.1,65.5
646,1646,5,9.51,9.3,24,0,28.5,66.6
647,1647,5,7.87,7.56,40,1,23.6,55.1
648,1648,7,9.43,9.54,41,0,28.3,66.0
649,1649,2,7.67,7.71,86,1,23.0,53.7
650,1650,7,6.79,6.96,21,2,20.4,47.5
651,1651,5,8.03,7.94,60,1,24.1,56.2
652,1652,7,7.08,7.21,105,2,21.2,49.6
653,1653,6,7.09,7.36,71,2,21.3,49.6
654,1654,4,9.14,8.78,116,0,27.4,64.0
655,1655,3,6.74,6.73,91,2,20.2,47.2
656,1656,7,8.86,8.6,76,0,26.6,62.0
657,1657,2,8.61,8.41,31,0,25.8,60.3
658,1658,4,7.89,7.58,34,1,23.7,55.2
659,1659,3,6.42,6.04,105,2,19.3,44.9
660,1660,3,6.0,5.78,7,3,18.0,42.0
661,1661,7,7.17,7.33,42,2,21.5,50.2
662,1662,3,7.76,7.91,76,2,23.3,54.3
663,1663,3,6.69,6.71,91,3,20.1,46.8
664,1664,7,7.21,7.55,68,2,21.6,50.5
665,1665,1,9.13,9.36,87,0,27.4,63.9
666,1666,8,9.24,9.51,63,0,27.7,64.7
667,1667,6,8.67,8.45,96,0,26.0,60.7
668,1668,1,9.65,9.49,69,0,29.0,67.5
669,1669,3,8.83,9.15,18,0,26.5,61.8
670,1670,8,8.28,7.99,104,0,24.8,58.0
671,1671,5,6.34,6.08,15,2,19.0,44.4
672,1672,4,6.88,7.0,113,2,20.6,48.2
673,1673,5,9.25,9.07,116,0,27.8,64.8
674,1674,2,9.07,9.44,57,0,27.2,63.5
675,1675,1,5.7,6.03,113,4,17.1,39.9
676,1676,4,9.39,9.66,56,0,28.2,65.7
677,1677,6,7.94,7.59,76,1,23.8,55.6
678,1678,7,8.53,8.79,48,1,25.6,59.7
679,1679,3,6.02,6.31,18,3,18.1,42.1
680,1680,7,8.05,8.2,91,1,24.2,56.4
681,1681,8,9.5,9.2,115,0,28.5,66.5
682,1682,1,7.96,7.79,80,1,23.9,55.7
683,1683,8,7.92,7.87,108,2,23.8,55.4
684,1684,3,5.82,6.1,42,3,17.5,40.7
685,1685,1,5.64,5.62,120,3,16.9,39.5
686,1686,5,8.48,8.71,10,1,25.4,59.4
687,1687,1,6.79,6.5,54,2,20.4,47.5
688,1688,7,6.86,6.72,51,2,20.6,48.0
689,1689,3,8.44,8.84,99,1,25.3,59.1
690,1690,7,9.22,9.03,107,0,27.7,64.5
691,1691,4,8.23,8.54,49,1,24.7,57.6
692,1692,3,7.0,7.14,107,2,21.0,49.0
693,1693,6,9.02,9.32,92,0,27.1,63.1
694,1694,6,8.04,8.28,65,1,24.1,56.3
695,1695,7,6.94,7.17,91,2,20.8,48.6
696,1696,3,6.18,6.0,30,3,18.5,43.3
697,1697,8,8.45,8.56,85,0,25.3,59.1
698,1698,8,7.84,7.68,71,2,23.5,54.9
699,1699,8,9.69,9.32,101,0,29.1,67.8
700,1700,7,7.64,7.82,85,1,22.9,53.5
701,1701,2,5.54,5.44,89,4,16.6,38.8
702,1702,3,6.45,6.46,5,2,19.4,45.1
703,1703,1,7.52,7.18,89,1,22.6,52.6
704,1704,1,5.67,5.99,59,4,17.0,39.7
705,1705,1,7.72,7.7,16,1,23.2,54.0
706,1706,3,6.29,6.01,26,2,18.9,44.0
707,1707,4,7.19,7.45,114,2,21.6,50.3
708,1708,7,8.71,9.08,10,0,26.1,61.0
709,1709,2,8.02,8.15,15,1,24.1,56.1
710,1710,5,5.83,6.21,36,3,17.5,40.8
711,1711,4,6.77,6.89,54,3,20.3,47.4
712,1712,7,6.22,6.1,91,3,18.7,43.5
713,1713,8,7.17,7.39,83,2,21.5,50.2
714,1714,3,6.2,6.59,36,2,18.6,43.4
715,1715,8,9.08,8.77,57,0,27.2,63.6
716,1716,8,9.25,9.48,17,0,27.8,64.8
717,1717,8,8.82,9.19,18,0,26.5,61.7
718,1718,8,7.28,7.41,118,1,21.8,51.0
719,1719,5,5.59,5.8,41,3,16.8,39.1
720,1720,4,8.9,8.9,98,0,26.7,62.3
721,1721,5,6.49,6.16,41,3,19.5,45.4
722,1722,4,7.43,7.37,20,1,22.3,52.0
723,1723,5,6.01,6.28,107,3,18.0,42.1
724,1724,8,7.28,7.15,27,1,21.8,51.0
725,1725,8,9.28,9.01,44,0,27.8,65.0
726,1726,1,8.32,8.55,37,0,25.0,58.2
727,1727,4,9.71,9.56,96,0,29.1,68.0
728,1728,8,6.09,6.33,6,3,18.3,42.6
729,1729,8,8.16,8.45,82,1,24.5,57.1
730,1730,4,6.79,6.4,80,3,20.4,47.5
731,1731,3,9.31,9.58,114,0,27.9,65.2
732,1732,4,8.49,8.37,53,0,25.5,59.4
733,1733,8,5.54,5.32,42,3,16.6,38.8
734,1734,3,6.24,5.88,26,2,18.7,43.7
735,1735,6,9.68,9.31,67,0,29.0,67.8
736,1736,1,7.13,6.81,39,2,21.4,49.9
737,1737,3,9.19,9.26,85,0,27.6,64.3
738,1738,2,9.02,8.76,84,0,27.1,63.1
739,1739,1,9.47,9.74,113,0,28.4,66.3
740,1740,4,8.0,7.81,35,1,24.0,56.0
741,1741,1,8.6,8.4,11,0,25.8,60.2
742,1742,3,7.88,7.59,37,1,23.6,55.2
743,1743,2,6.27,6.36,111,3,18.8,43.9
744,1744,1,7.67,7.81,57,2,23.0,53.7
745,1745,1,5.93,6.21,75,3,17.8,41.5
746,1746,8,9.68,9.44,10,0,29.0,67.8
747,1747,8,5.51,5.72,23,4,16.5,38.6
748,1748,8,9.13,9.34,95,0,27.4,63.9
749,1749,5,8.46,8.46,13,1,25.4,59.2
750,1750,8,7.49,7.46,50,1,22.5,52.4
751,1751,8,7.94,7.67,37,1,23.8,55.6
752,1752,7,7.22,7.6,76,1,21.7,50.5
753,1753,4,6.26,5.88,84,2,18.8,43.8
754,1754,4,9.39,9.72,115,0,28.2,65.7
755,1755,4,9.11,8.74,8,0,27.3,63.8
756,1756,2,7.66,8.06,54,2,23.0,53.6
757,1757,8,8.67,8.68,34,0,26.0,60.7
758,1758,5,6.22,6.26,103,3,18.7,43.5
759,1759,8,8.97,9.22,106,0,26.9,62.8
760,1760,7,7.86,7.65,39,1,23.6,55.0
761,1761,6,9.36,9.19,27,0,28.1,65.5
762,1762,4,5.77,5.67,35,3,17.3,40.4
763,1763,6,8.86,9.0,118,0,26.6,62.0
764,1764,2,8.51,8.46,18,0,25.5,59.6
765,1765,3,7.36,6.99,101,2,22.1,51.5
766,1766,2,9.77,9.48,40,0,29.3,68.4
767,1767,1,8.72,8.99,102,0,26.2,61.0
768,1768,2,9.11,9.45,113,0,27.3,63.8
769,1769,3,9.13,9.31,40,0,27.4,63.9
770,1770,7,8.34,8.17,28,1,25.0,58.4
771,1771,7,6.21,6.31,112,3,18.6,43.5
772,1772,7,7.15,7.01,9,2,21.5,50.1
773,1773,3,9.42,9.55,119,0,28.3,65.9
774,1774,2,9.72,9.84,106,0,29.2,68.0
775,1775,1,8.56,8.25,51,1,25.7,59.9
776,1776,6,7.53,7.92,7,1,22.6,52.7
777,1777,7,9.34,9.49,96,0,28.0,65.4
778,1778,3,8.48,8.55,81,0,25.4,59.4
779,1779,1,5.8,5.99,5,3,17.4,40.6
780,1780,3,9.18,8.89,51,0,27.5,64.3
781,1781,8,6.11,5.87,11,3,18.3,42.8
782,1782,5,9.66,10.0,19,0,29.0,67.6
783,1783,7,7.64,7.27,70,1,22.9,53.5
784,1784,3,5.57,5.57,40,3,16.7,39.0
785,1785,5,8.91,9.08,102,0,26.7,62.4
786,1786,8,6.91,7.26,44,2,20.7,48.4
787,1787,6,7.06,7.04,117,2,21.2,49.4
788,1788,4,9.33,9.29,60,0,28.0,65.3
789,1789,1,9.52,9.37,21,0,28.6,66.6
790,1790,3,9.14,9.37,15,0,27.4,64.0
791,1791,7,7.4,7.72,62,2,22.2,51.8
792,1792,2,9.64,9.85,9,0,28.9,67.5
793,1793,6,9.6,9.78,17,0,28.8,67.2
794,1794,3,6.25,5.88,62,2,18.8,43.8
795,1795,6,9.74,10.0,20,0,29.2,68.2
796,1796,2,7.88,7.54,80,2,23.6,55.2
797,1797,8,6.84,6.7,19,3,20.5,47.9
798,1798,6,6.27,6.49,117,3,18.8,43.9
799,1799,4,8.44,8.36,92,0,25.3,59.1
800,1800,3,5.93,5.79,89,3,17.8,41.5
801,1801,3,6.73,6.41,14,3,20.2,47.1
802,1802,3,5.98,5.98,75,3,17.9,41.9
803,1803,1,6.9,6.8,99,2,20.7,48.3
804,1804,7,7.9,7.81,51,1,23.7,55.3
805,1805,1,8.49,8.29,30,0,25.5,59.4
806,1806,3,7.36,7.07,5,2,22.1,51.5
807,1807,7,6.9,7.08,44,2,20.7,48.3
808,1808,3,8.12,7.78,70,1,24.4,56.8
809,1809,5,6.03,5.75,1,3,18.1,42.2
810,1810,1,6.68,6.36,48,3,20.0,46.8
811,1811,7,6.85,6.46,20,2,20.5,47.9
812,1812,6,5.72,5.9,56,3,17.2,40.0
813,1813,4,9.5,9.84,91,0,28.5,66.5
814,1814,7,6.97,6.75,92,2,20.9,48.8
815,1815,2,6.78,6.53,71,3,20.3,47.5
816,1816,4,5.74,5.79,99,3,17.2,40.2
817,1817,7,7.69,7.99,62,1,23.1,53.8
818,1818,5,9.47,9.32,59,0,28.4,66.3
819,1819,1,9.62,9.25,52,0,28.9,67.3
820,1820,6,6.56,6.57,56,2,19.7,45.9
821,1821,6,9.47,9.27,53,0,28.4,66.3
822,1822,3,6.7,7.04,72,2,20.1,46.9
823,1823,6,7.44,7.75,85,1,22.3,52.1
824,1824,4,8.42,8.62,64,1,25.3,58.9
825,1825,8,5.72,5.98,73,4,17.2,40.0
826,1826,8,9.79,10.0,32,0,29.4,68.5
827,1827,3,7.41,7.12,97,2,22.2,51.9
828,1828,2,6.33,6.32,28,2,19.0,44.3
829,1829,5,7.69,7.66,78,1,23.1,53.8
830,1830,7,6.96,7.31,99,2,20.9,48.7
831,1831,6,5.63,5.94,59,4,16.9,39.4
832,1832,1,8.92,9.28,95,0,26.8,62.4
833,1833,5,9.55,9.2,74,0,28.7,66.9
834,1834,2,7.61,7.97,45,2,22.8,53.3
835,1835,1,8.9,8.9,3,1,26.7,62.3
836,1836,5,9.2,9.52,48,0,27.6,64.4
837,1837,2,6.02,5.81,4,3,18.1,42.1
838,1838,7,9.28,9.21,14,0,27.8,65.0
839,1839,8,6.6,7.0,20,3,19.8,46.2
840,1840,7,7.45,7.13,53,2,22.4,52.1
841,1841,7,6.37,6.64,24,3,19.1,44.6
842,1842,1,7.37,7.6,68,1,22.1,51.6
843,1843,7,6.76,6.82,95,2,20.3,47.3
844,1844,5,8.15,7.89,64,1,24.5,57.1
845,1845,2,8.14,8.12,93,1,24.4,57.0
846,1846,4,8.15,8.54,44,1,24.5,57.1
847,1847,8,5.74,5.4,68,4,17.2,40.2
848,1848,5,5.6,5.36,105,3,16.8,39.2
849,1849,4,6.86,7.07,10,2,20.6,48.0
850,1850,6,9.63,9.77,15,0,28.9,67.4
851,1851,7,5.63,5.93,8,4,16.9,39.4
852,1852,7,9.45,9.08,66,0,28.3,66.1
853,1853,5,6.44,6.64,100,3,19.3,45.1
854,1854,1,7.3,7.13,58,2,21.9,51.1
855,1855,2,6.97,6.89,79,2,20.9,48.8
856,1856,7,8.77,8.93,22,0,26.3,61.4
857,1857,2,7.25,7.44,82,2,21.8,50.8
858,1858,7,5.7,5.31,73,3,17.1,39.9
859,1859,3,9.14,9.41,66,0,27.4,64.0
860,1860,6,9.62,9.37,76,0,28.9,67.3
861,1861,7,6.98,6.88,88,2,20.9,48.9
862,1862,7,6.42,6.38,109,3,19.3,44.9
863,1863,3,8.77,8.62,62,0,26.3,61.4
864,1864,2,6.82,6.98,32,2,20.5,47.7
865,1865,4,7.13,6.89,17,2,21.4,49.9
866,1866,3,8.21,7.93,81,1,24.6,57.5
867,1867,6,9.66,9.63,91,0,29.0,67.6
868,1868,3,9.57,9.55,100,0,28.7,67.0
869,1869,4,8.83,8.77,47,1,26.5,61.8
870,1870,3,6.75,7.05,7,3,20.2,47.2
871,1871,7,6.82,6.83,83,2,20.5,47.7
872,1872,4,6.6,6.51,7,3,19.8,46.2
873,1873,1,7.66,7.91,103,1,23.0,53.6
874,1874,4,5.61,5.29,106,3,16.8,39.3
875,1875,1,6.05,6.25,99,3,18.1,42.4
876,1876,5,6.48,6.41,26,2,19.4,45.4
877,1877,6,6.0,5.75,19,3,18.0,42.0
878,1878,3,8.71,9.05,67,0,26.1,61.0
879,1879,1,7.15,7.29,78,2,21.5,50.1
880,1880,8,7.96,7.81,117,1,23.9,55.7
881,1881,8,6.22,6.36,68,3,18.7,43.5
882,1882,8,5.51,5.86,42,3,16.5,38.6
883,1883,1,7.3,7.37,9,1,21.9,51.1
884,1884,6,6.9,6.56,100,2,20.7,48.3
885,1885,5,7.53,7.38,105,1,22.6,52.7
886,1886,7,8.84,8.73,28,0,26.5,61.9
887,1887,1,7.17,7.1,108,2,21.5,50.2
888,1888,4,6.42,6.18,44,2,19.3,44.9
889,1889,7,7.68,7.81,87,1,23.0,53.8
890,1890,5,6.67,6.73,112,3,20.0,46.7
891,1891,6,6.39,6.34,3,2,19.2,44.7
892,1892,7,6.87,6.9,96,2,20.6,48.1
893,1893,8,8.16,8.22,120,0,24.5,57.1
894,1894,6,6.79,6.49,80,2,20.4,47.5
895,1895,7,6.58,6.96,61,3,19.7,46.1
896,1896,1,8.97,9.13,115,0,26.9,62.8
897,1897,3,9.11,8.89,61,0,27.3,63.8
898,1898,4,8.09,7.79,16,1,24.3,56.6
899,1899,7,7.1,6.79,44,2,21.3,49.7
900,1900,3,7.41,7.03,112,1,22.2,51.9
901,1901,7,5.91,5.52,63,3,17.7,41.4
902,1902,5,5.92,5.84,89,3,17.8,41.4
903,1903,2,6.85,6.66,49,2,20.5,47.9
904,1904,5,9.45,9.28,71,0,28.3,66.1
905,1905,1,5.9,5.76,42,3,17.7,41.3
906,1906,1,7.91,7.53,75,1,23.7,55.4
907,1907,5,5.95,6.28,106,3,17.9,41.6
908,1908,7,7.16,7.15,58,2,21.5,50.1
909,1909,3,9.74,9.53,100,0,29.2,68.2
910,1910,6,7.77,7.74,101,2,23.3,54.4
911,1911,5,9.47,9.77,76,0,28.4,66.3
912,1912,5,9.0,8.79,29,0,27.0,63.0
913,1913,1,7.57,7.24,82,1,22.7,53.0
914,1914,7,9.53,9.51,62,0,28.6,66.7
915,1915,2,7.53,7.46,48,1,22.6,52.7
916,1916,2,6.61,6.25,94,2,19.8,46.3
917,1917,3,6.7,6.59,98,2,20.1,46.9
918,1918,3,7.01,6.96,3,2,21.0,49.1
919,1919,8,8.52,8.43,49,0,25.6,59.6
920,1920,8,6.07,6.4,60,3,18.2,42.5
921,1921,8,9.18,9.51,101,0,27.5,64.3
922,1922,3,8.79,8.98,24,0,26.4,61.5
923,1923,1,6.5,6.75,58,2,19.5,45.5
924,1924,1,7.43,7.23,120,2,22.3,52.0
925,1925,8,6.61,6.85,30,2,19.8,46.3
926,1926,2,8.4,8.13,64,1,25.2,58.8
927,1927,3,7.94,7.61,41,1,23.8,55.6
928,1928,6,6.03,6.35,101,3,18.1,42.2
929,1929,8,7.21,7.2,115,2,21.6,50.5
930,1930,4,7.31,7.69,35,2,21.9,51.2
931,1931,3,8.27,8.31,40,1,24.8,57.9
932,1932,7,9.51,9.76,56,0,28.5,66.6
933,1933,2,7.13,7.34,33,2,21.4,49.9
934,1934,1,8.55,8.78,88,0,25.7,59.9
935,1935,4,6.6,6.8,31,2,19.8,46.2
936,1936,4,8.74,8.44,54,0,26.2,61.2
937,1937,3,7.47,7.21,80,2,22.4,52.3
938,1938,4,6.67,6.3,117,2,20.0,46.7
939,1939,8,7.74,7.65,41,1,23.2,54.2
940,1940,1,6.03,5.93,47,3,18.1,42.2
941,1941,6,6.68,6.45,71,2,20.0,46.8
942,1942,6,9.67,9.7,35,0,29.0,67.7
943,1943,1,7.13,6.82,71,2,21.4,49.9
944,1944,4,8.03,7.89,53,1,24.1,56.2
945,1945,8,9.11,9.18,82,0,27.3,63.8
946,1946,4,6.73,6.63,60,3,20.2,47.1
947,1947,2,6.98,7.03,34,2,20.9,48.9
948,1948,7,8.73,8.62,20,0,26.2,61.1
949,1949,1,7.97,7.82,15,1,23.9,55.8
950,1950,8,9.44,9.39,109,0,28.3,66.1
951,1951,7,9.11,8.76,1,0,27.3,63.8
952,1952,3,5.65,5.93,21,4,17.0,39.6
953,1953,7,7.95,8.27,101,1,23.9,55.6
954,1954,7,7.13,7.13,98,2,21.4,49.9
955,1955,4,8.28,8.63,100,1,24.8,58.0
956,1956,1,6.41,6.41,86,3,19.2,44.9
957,1957,8,8.62,8.61,42,1,25.9,60.3
958,1958,7,7.1,7.19,59,2,21.3,49.7
959,1959,1,7.78,7.45,109,1,23.3,54.5
960,1960,7,7.42,7.09,11,2,22.3,51.9
961,1961,1,9.51,9.28,112,0,28.5,66.6
962,1962,6,7.57,7.55,42,1,22.7,53.0
963,1963,5,8.93,8.62,6,0,26.8,62.5
964,1964,7,8.63,8.55,42,0,25.9,60.4
965,1965,2,7.52,7.17,89,1,22.6,52.6
966,1966,4,8.01,8.15,119,1,24.0,56.1
967,1967,5,9.7,9.98,109,0,29.1,67.9
968,1968,7,5.89,6.03,22,3,17.7,41.2
969,1969,4,6.59,6.2,38,2,19.8,46.1
970,1970,3,8.4,8.32,54,0,25.2,58.8
971,1971,4,7.39,7.55,31,2,22.2,51.7
972,1972,8,6.57,6.56,29,2,19.7,46.0
973,1973,5,5.95,6.08,84,3,17.9,41.6
974,1974,7,6.34,6.57,114,3,19.0,44.4
975,1975,7,7.13,7.1,83,2,21.4,49.9
976,1976,3,8.96,9.11,59,0,26.9,62.7
977,1977,7,8.14,8.23,95,1,24.4,57.0
978,1978,1,8.98,9.05,10,0,26.9,62.9
979,1979,3,9.17,9.02,32,0,27.5,64.2
980,1980,7,6.32,6.5,120,3,19.0,44.2
981,1981,2,8.95,8.61,12,0,26.8,62.6
982,1982,7,9.32,9.67,5,0,28.0,65.2
983,1983,4,6.17,6.37,47,3,18.5,43.2
984,1984,7,6.28,6.66,84,3,18.8,44.0
985,1985,4,5.6,5.7,120,3,16.8,39.2
986,1986,7,5.64,5.65,74,4,16.9,39.5
987,1987,7,8.36,8.17,66,1,25.1,58.5
988,1988,8,7.77,7.82,32,1,23.3,54.4
989,1989,1,7.27,6.91,88,2,21.8,50.9
990,1990,6,6.45,6.12,72,3,19.4,45.1
991,1991,2,8.22,7.88,33,1,24.7,57.5
992,1992,8,6.45,6.69,36,3,19.4,45.1
993,1993,8,5.56,5.5,7,4,16.7,38.9
994,1994,4,5.68,5.5,38,3,17.0,39.8
995,1995,2,8.06,7.95,24,1,24.2,56.4
996,1996,4,6.52,6.3,63,2,19.6,45.6
997,1997,1,7.58,7.69,104,2,22.7,53.1
998,1998,3,8.82,8.58,114,1,26.5,61.7
999,1999,6,6.3,5.94,36,3,18.9,44.1
1000,2000,1,7.92,8.15,113,1,23.8,55.4
1001,2001,6,9.25,8.97,35,0,27.8,64.8
1002,2002,1,9.33,9.16,26,0,28.0,65.3
1003,2003,3,7.06,6.75,95,2,21.2,49.4
1004,2004,4,8.84,8.93,96,0,26.5,61.9
1005,2005,1,8.65,8.32,91,0,26.0,60.6
1006,2006,5,8.22,8.18,92,1,24.7,57.5
1007,2007,4,7.97,8.13,42,1,23.9,55.8
1008,2008,5,6.67,6.63,10,3,20.0,46.7
1009,2009,7,9.09,9.26,35,0,27.3,63.6
1010,2010,2,9.33,9.25,72,0,28.0,65.3
1011,2011,1,8.49,8.77,92,0,25.5,59.4
1012,2012,2,6.48,6.52,78,2,19.4,45.4
1013,2013,1,5.68,5.33,82,3,17.0,39.8
1014,2014,4,5.95,6.26,49,3,17.9,41.6
1015,2015,1,8.17,7.86,4,0,24.5,57.2
1016,2016,1,8.42,8.59,89,0,25.3,58.9
1017,2017,8,8.88,8.6,44,0,26.6,62.2
1018,2018,4,5.73,5.68,114,4,17.2,40.1
1019,2019,6,7.19,7.25,35,2,21.6,50.3
1020,2020,3,7.29,7.03,107,2,21.9,51.0
1021,2021,3,8.33,8.63,1,1,25.0,58.3
1022,2022,5,5.78,5.97,81,3,17.3,40.5
1023,2023,4,8.18,8.08,115,1,24.5,57.3
1024,2024,6,7.63,7.94,23,1,22.9,53.4
1025,2025,6,6.45,6.65,99,2,19.4,45.1
1026,2026,7,7.19,7.44,79,1,21.6,50.3
1027,2027,4,6.02,6.06,117,3,18.1,42.1
1028,2028,3,8.01,7.69,73,1,24.0,56.1
1029,2029,3,6.55,6.21,6,2,19.6,45.9
1030,2030,6,7.37,7.63,26,2,22.1,51.6
1031,2031,6,9.35,9.26,76,0,28.0,65.5
1032,2032,2,7.7,8.09,3,1,23.1,53.9
1033,2033,4,8.58,8.57,86,0,25.7,60.1
1034,2034,5,7.81,7.72,13,1,23.4,54.7
1035,2035,3,6.76,6.92,86,2,20.3,47.3
1036,2036,3,6.86,6.57,74,2,20.6,48.0
1037,2037,1,6.51,6.58,15,2,19.5,45.6
1038,2038,4,7.92,7.7,16,1,23.8,55.4
1039,2039,4,8.02,8.2,72,1,24.1,56.1
1040,2040,3,9.38,9.08,20,0,28.1,65.7
1041,2041,6,8.27,8.53,31,1,24.8,57.9
1042,2042,6,8.99,8.77,97,0,27.0,62.9
1043,2043,2,5.63,5.95,37,4,16.9,39.4
1044,2044,6,6.75,7.03,83,2,20.2,47.2
1045,2045,2,7.36,7.16,99,2,22.1,51.5
1046,2046,8,7.73,7.47,109,2,23.2,54.1
1047,2047,2,5.91,5.61,77,3,17.7,41.4
1048,2048,3,8.43,8.38,7,1,25.3,59.0
1049,2049,8,8.56,8.4,59,0,25.7,59.9
1050,2050,7,7.19,7.56,82,2,21.6,50.3
1051,2051,3,7.81,7.83,103,1,23.4,54.7
1052,2052,5,7.3,7.43,49,2,21.9,51.1
1053,2053,6,9.72,9.36,14,0,29.2,68.0
1054,2054,8,7.51,7.65,12,2,22.5,52.6
1055,2055,7,5.67,5.34,86,3,17.0,39.7
1056,2056,8,6.81,6.93,119,2,20.4,47.7
1057,2057,6,9.28,9.64,63,0,27.8,65.0
1058,2058,7,6.8,6.91,59,2,20.4,47.6
1059,2059,8,7.61,7.99,87,2,22.8,53.3
1060,2060,7,7.71,8.06,105,1,23.1,54.0
1061,2061,2,9.71,10.0,82,0,29.1,68.0
1062,2062,4,8.83,8.96,27,1,26.5,61.8
1063,2063,4,5.62,5.87,9,4,16.9,39.3
1064,2064,6,7.08,7.28,79,2,21.2,49.6
1065,2065,2,9.51,9.55,92,0,28.5,66.6
1066,2066,8,6.12,5.81,34,3,18.4,42.8
1067,2067,6,8.76,8.5,62,1,26.3,61.3
1068,2068,1,6.47,6.48,24,2,19.4,45.3
1069,2069,1,9.7,10.0,40,0,29.1,67.9
1070,2070,3,9.78,10.0,10,0,29.3,68.5
1071,2071,2,8.86,8.92,106,1,26.6,62.0
1072,2072,4,8.02,8.41,68,1,24.1,56.1
1073,2073,1,7.7,7.44,10,2,23.1,53.9
1074,2074,4,6.4,6.05,40,3,19.2,44.8
1075,2075,8,9.71,9.96,50,0,29.1,68.0
1076,2076,3,8.8,8.44,52,0,26.4,61.6
1077,2077,7,8.99,8.7,44,0,27.0,62.9
1078,2078,3,8.92,9.14,59,0,26.8,62.4
1079,2079,8,6.83,7.07,1,2,20.5,47.8
1080,2080,1,7.15,7.2,57,1,21.5,50.1
1081,2081,2,5.68,5.62,13,4,17.0,39.8
1082,2082,8,9.54,9.3,62,0,28.6,66.8
1083,2083,4,7.78,8.09,79,1,23.3,54.5
1084,2084,3,7.29,7.01,109,1,21.9,51.0
1085,2085,5,6.01,5.77,110,3,18.0,42.1
1086,2086,4,6.14,5.86,72,3,18.4,43.0
1087,2087,2,8.57,8.23,47,1,25.7,60.0
1088,2088,4,6.53,6.55,89,3,19.6,45.7
1089,2089,6,7.87,7.48,16,1,23.6,55.1
1090,2090,8,6.81,6.55,49,2,20.4,47.7
1091,2091,4,7.03,6.83,30,2,21.1,49.2
1092,2092,4,6.74,6.48,86,2,20.2,47.2
1093,2093,5,5.84,6.02,85,3,17.5,40.9
1094,2094,8,8.04,8.23,34,1,24.1,56.3
1095,2095,7,8.99,8.86,58,0,27.0,62.9
1096,2096,5,7.56,7.22,13,2,22.7,52.9
1097,2097,2,9.73,9.89,51,0,29.2,68.1
1098,2098,8,6.73,6.33,11,3,20.2,47.1
1099,2099,6,8.08,8.04,48,1,24.2,56.6
1100,2100,3,6.24,6.42,37,2,18.7,43.7
1101,2101,5,7.01,6.75,40,2,21.0,49.1
1102,2102,5,6.23,6.02,97,3,18.7,43.6
1103,2103,5,8.49,8.81,50,0,25.5,59.4
1104,2104,7,8.91,8.54,93,0,26.7,62.4
1105,2105,4,7.36,7.39,90,1,22.1,51.5
1106,2106,4,9.63,9.68,107,0,28.9,67.4
1107,2107,7,5.69,5.91,85,4,17.1,39.8
1108,2108,2,8.24,8.55,85,1,24.7,57.7
1109,2109,2,6.35,6.45,17,3,19.0,44.4
1110,2110,6,7.5,7.43,41,2,22.5,52.5
1111,2111,1,7.54,7.77,29,1,22.6,52.8
1112,2112,6,7.07,6.95,11,2,21.2,49.5
1113,2113,6,5.98,5.69,41,3,17.9,41.9
1114,2114,8,8.63,8.88,91,0,25.9,60.4
1115,2115,2,5.75,6.04,43,3,17.2,40.2
1116,2116,2,6.03,6.09,92,3,18.1,42.2
1117,2117,1,6.85,6.58,20,2,20.5,47.9
1118,2118,2,6.22,6.23,46,3,18.7,43.5
1119,2119,1,5.77,5.54,30,4,17.3,40.4
1120,2120,1,9.6,9.58,74,0,28.8,67.2
1121,2121,1,6.99,6.96,30,2,21.0,48.9
1122,2122,8,7.55,7.34,99,2,22.6,52.9
1123,2123,5,8.68,8.52,99,1,26.0,60.8
1124,2124,3,6.17,5.93,68,3,18.5,43.2
1125,2125,6,6.51,6.5,49,3,19.5,45.6
1126,2126,6,9.44,9.16,112,0,28.3,66.1
1127,2127,6,8.01,8.1,62,1,24.0,56.1
1128,2128,7,9.43,9.04,61,0,28.3,66.0
1129,2129,6,8.1,7.89,69,1,24.3,56.7
1130,2130,4,5.74,6.07,32,4,17.2,40.2
1131,2131,7,5.56,5.2,77,4,16.7,38.9
1132,2132,2,7.04,6.88,14,2,21.1,49.3
1133,2133,4,5.53,5.5,100,3,16.6,38.7
1134,2134,7,9.62,9.26,19,0,28.9,67.3
1135,2135,7,9.73,10.0,87,0,29.2,68.1
1136,2136,4,6.18,6.22,87,3,18.5,43.3
1137,2137,3,7.85,8.14,58,1,23.5,54.9
1138,2138,3,9.3,9.05,1,0,27.9,65.1
1139,2139,4,5.83,6.01,16,3,17.5,40.8
1140,2140,2,5.6,5.62,97,3,16.8,39.2
1141,2141,7,7.86,7.62,24,1,23.6,55.0
1142,2142,6,9.03,8.93,70,0,27.1,63.2
1143,2143,1,6.25,6.5,59,2,18.8,43.8
1144,2144,7,8.03,7.98,63,1,24.1,56.2
1145,2145,4,7.49,7.36,10,2,22.5,52.4
1146,2146,1,6.83,6.89,2,2,20.5,47.8
1147,2147,5,6.84,6.68,43,2,20.5,47.9
1148,2148,6,7.5,7.12,94,2,22.5,52.5
1149,2149,3,5.55,5.42,41,3,16.6,38.9
1150,2150,2,6.49,6.88,12,2,19.5,45.4
1151,2151,2,8.98,9.07,74,0,26.9,62.9
1152,2152,8,6.13,6.42,88,3,18.4,42.9
1153,2153,1,9.21,9.31,95,0,27.6,64.5
1154,2154,1,5.86,5.84,98,3,17.6,41.0
1155,2155,3,6.34,6.14,16,2,19.0,44.4
1156,2156,2,6.98,7.16,4,2,20.9,48.9
1157,2157,2,6.82,7.03,88,2,20.5,47.7
1158,2158,3,7.18,7.17,2,2,21.5,50.3
1159,2159,5,8.25,8.59,51,1,24.8,57.8
1160,2160,2,8.93,9.2,31,0,26.8,62.5
1161,2161,2,9.47,9.48,86,0,28.4,66.3
1162,2162,7,8.52,8.41,14,1,25.6,59.6
1163,2163,2,6.92,7.05,94,2,20.8,48.4
1164,2164,5,8.78,9.02,11,0,26.3,61.5
1165,2165,6,5.84,6.11,55,3,17.5,40.9
1166,2166,4,6.27,6.22,3,2,18.8,43.9
1167,2167,2,6.82,6.44,44,2,20.5,47.7
1168,2168,1,6.81,7.02,26,2,20.4,47.7
1169,2169,3,8.47,8.73,31,0,25.4,59.3
1170,2170,1,9.78,9.39,99,0,29.3,68.5
1171,2171,3,6.16,5.96,6,2,18.5,43.1
1172,2172,2,8.64,8.57,59,1,25.9,60.5
1173,2173,2,6.26,6.07,68,3,18.8,43.8
1174,2174,3,7.46,7.82,43,1,22.4,52.2
1175,2175,2,8.86,8.63,97,0,26.6,62.0
1176,2176,7,6.07,6.06,20,3,18.2,42.5
1177,2177,3,6.28,6.49,21,3,18.8,44.0
1178,2178,6,8.59,8.44,64,0,25.8,60.1
1179,2179,1,5.96,6.33,12,3,17.9,41.7
1180,2180,7,8.67,8.63,80,0,26.0,60.7
1181,2181,8,7.97,7.77,89,1,23.9,55.8
1182,2182,4,5.98,5.65,35,3,17.9,41.9
1183,2183,3,9.74,9.62,26,0,29.2,68.2
1184,2184,1,8.86,8.94,108,0,26.6,62.0
1185,2185,6,6.67,6.47,87,3,20.0,46.7
1186,2186,3,7.05,7.13,11,2,21.1,49.4
1187,2187,1,8.28,8.0,4,1,24.8,58.0
1188,2188,6,9.74,9.61,32,0,29.2,68.2
1189,2189,8,9.46,9.72,69,0,28.4,66.2
1190,2190,3,5.61,5.88,28,3,16.8,39.3
1191,2191,2,8.97,8.96,44,0,26.9,62.8
1192,2192,2,5.73,5.36,4,4,17.2,40.1
1193,2193,1,7.14,7.26,48,2,21.4,50.0
1194,2194,1,5.82,5.85,69,3,17.5,40.7
1195,2195,2,8.08,7.96,26,1,24.2,56.6
1196,2196,4,6.56,6.48,22,3,19.7,45.9
1197,2197,7,7.12,6.94,115,2,21.4,49.8
1198,2198,3,6.13,6.08,115,3,18.4,42.9
1199,2199,6,6.0,6.1,28,3,18.0,42.0
1200,2200,3,7.73,8.11,94,1,23.2,54.1
1201,2201,2,6.87,7.1,66,2,20.6,48.1
1202,2202,5,9.42,9.48,115,0,28.3,65.9
1203,2203,8,7.6,7.3,58,1,22.8,53.2
1204,2204,1,7.09,7.41,18,2,21.3,49.6
1205,2205,3,5.71,5.53,12,3,17.1,40.0
1206,2206,8,9.76,9.38,45,0,29.3,68.3
1207,2207,7,8.03,7.95,93,1,24.1,56.2
1208,2208,2,6.93,6.68,56,3,20.8,48.5
1209,2209,1,6.9,7.03,79,2,20.7,48.3
1210,2210,6,9.79,9.63,99,0,29.4,68.5
1211,2211,4,8.66,8.36,86,0,26.0,60.6
1212,2212,4,6.64,6.37,34,3,19.9,46.5
1213,2213,5,9.47,9.15,117,0,28.4,66.3
1214,2214,2,5.98,5.69,62,3,17.9,41.9
1215,2215,5,6.38,6.43,107,2,19.1,44.7
1216,2216,2,5.5,5.53,27,4,16.5,38.5
1217,2217,6,5.62,5.65,82,3,16.9,39.3
1218,2218,8,6.34,6.09,74,3,19.0,44.4
1219,2219,7,8.73,9.01,62,0,26.2,61.1
1220,2220,1,8.1,8.45,39,1,24.3,56.7
1221,2221,1,9.06,8.76,30,0,27.2,63.4
1222,2222,2,9.44,9.05,28,0,28.3,66.1
1223,2223,5,6.85,7.08,104,2,20.5,47.9
1224,2224,1,7.28,7.2,34,1,21.8,51.0
1225,2225,2,8.95,8.88,51,0,26.8,62.6
1226,2226,1,7.44,7.26,10,2,22.3,52.1
1227,2227,4,9.75,9.57,17,0,29.2,68.2
1228,2228,8,8.77,8.4,103,0,26.3,61.4
1229,2229,3,9.4,9.72,62,0,28.2,65.8
1230,2230,8,8.27,8.51,107,1,24.8,57.9
1231,2231,6,8.71,8.97,116,0,26.1,61.0
1232,2232,4,7.82,8.13,103,1,23.5,54.7
1233,2233,8,7.55,7.45,97,1,22.6,52.9
1234,2234,5,6.42,6.5,37,3,19.3,44.9
1235,2235,7,6.05,6.09,44,3,18.1,42.4
1236,2236,2,7.28,7.07,80,2,21.8,51.0
1237,2237,2,5.85,6.01,82,3,17.5,40.9
1238,2238,2,8.45,8.23,79,1,25.3,59.1
1239,2239,5,9.57,9.75,47,0,28.7,67.0
1240,2240,4,8.1,7.74,26,1,24.3,56.7
1241,2241,3,9.22,9.1,33,0,27.7,64.5
1242,2242,8,5.94,6.03,58,3,17.8,41.6
1243,2243,7,9.0,9.01,116,0,27.0,63.0
1244,2244,3,6.1,5.85,22,2,18.3,42.7
1245,2245,8,7.2,6.86,34,2,21.6,50.4
1246,2246,4,6.86,7.1,52,2,20.6,48.0
1247,2247,1,5.57,5.22,103,3,16.7,39.0
1248,2248,7,8.43,8.46,93,0,25.3,59.0
1249,2249,5,7.42,7.69,79,1,22.3,51.9
1250,2250,1,7.46,7.53,76,1,22.4,52.2
1251,2251,2,7.65,7.83,100,1,23.0,53.6
1252,2252,8,8.74,8.41,45,0,26.2,61.2
1253,2253,3,6.64,6.49,49,3,19.9,46.5
1254,2254,5,9.41,9.18,76,0,28.2,65.9
1255,2255,2,6.71,6.72,30,2,20.1,47.0
1256,2256,6,8.39,8.65,75,0,25.2,58.7
1257,2257,7,7.98,8.19,92,1,23.9,55.9
1258,2258,5,9.79,9.61,25,0,29.4,68.5
1259,2259,3,7.88,7.66,45,1,23.6,55.2
1260,2260,2,6.75,7.03,69,2,20.2,47.2
1261,2261,5,5.56,5.26,75,3,16.7,38.9
1262,2262,6,6.47,6.32,73,3,19.4,45.3
1263,2263,7,7.34,7.29,26,2,22.0,51.4
1264,2264,1,7.92,8.28,18,1,23.8,55.4
1265,2265,4,6.76,6.96,6,2,20.3,47.3
1266,2266,2,7.78,7.86,80,2,23.3,54.5
1267,2267,3,8.26,8.42,77,1,24.8,57.8
1268,2268,8,6.71,6.73,76,2,20.1,47.0
1269,2269,1,8.57,8.32,89,1,25.7,60.0
1270,2270,7,5.95,5.87,32,3,17.9,41.6
1271,2271,2,8.46,8.42,9,1,25.4,59.2
1272,2272,8,7.89,8.11,106,1,23.7,55.2
1273,2273,7,7.16,7.11,78,1,21.5,50.1
1274,2274,2,8.33,7.98,86,0,25.0,58.3
1275,2275,1,8.08,8.35,91,1,24.2,56.6
1276,2276,4,8.84,9.11,25,0,26.5,61.9
1277,2277,8,8.17,8.33,28,1,24.5,57.2
1278,2278,6,7.68,7.83,59,1,23.0,53.8
1279,2279,4,8.7,8.99,50,0,26.1,60.9
1280,2280,4,5.83,5.44,45,3,17.5,40.8
1281,2281,2,6.2,6.36,61,2,18.6,43.4
1282,2282,1,6.98,6.59,43,2,20.9,48.9
1283,2283,4,7.18,6.83,57,2,21.5,50.3
1284,2284,1,9.21,9.36,101,0,27.6,64.5
1285,2285,2,6.75,6.74,93,2,20.2,47.2
1286,2286,4,9.16,9.09,87,0,27.5,64.1
1287,2287,7,6.41,6.24,79,3,19.2,44.9
1288,2288,3,8.67,8.71,16,0,26.0,60.7
1289,2289,6,9.66,9.29,19,0,29.0,67.6
1290,2290,6,6.12,5.75,30,3,18.4,42.8
1291,2291,7,6.37,6.47,42,3,19.1,44.6
1292,2292,7,8.13,8.04,100,1,24.4,56.9
1293,2293,6,9.14,8.83,17,0,27.4,64.0
1294,2294,3,5.82,5.45,28,3,17.5,40.7
1295,2295,3,6.72,6.56,50,2,20.2,47.0
1296,2296,4,7.44,7.34,59,2,22.3,52.1
1297,2297,6,7.79,7.47,55,1,23.4,54.5
1298,2298,4,8.19,8.14,62,1,24.6,57.3
1299,2299,1,6.2,6.34,45,3,18.6,43.4
1300,2300,5,5.99,6.07,108,3,18.0,41.9
1301,2301,5,7.58,7.65,86,1,22.7,53.1
1302,2302,5,7.39,7.5,76,1,22.2,51.7
1303,2303,8,6.16,5.78,22,3,18.5,43.1
1304,2304,6,9.48,9.7,116,0,28.4,66.4
1305,2305,4,6.79,6.41,108,3,20.4,47.5
1306,2306,1,6.25,6.34,38,3,18.8,43.8
1307,2307,3,5.55,5.79,73,3,16.6,38.9
1308,2308,3,8.2,8.33,98,1,24.6,57.4
1309,2309,2,8.57,8.3,78,1,25.7,60.0
1310,2310,5,6.08,6.15,10,3,18.2,42.6
1311,2311,6,7.16,7.0,58,2,21.5,50.1
1312,2312,8,8.22,7.84,105,0,24.7,57.5
1313,2313,5,6.6,6.86,87,2,19.8,46.2
1314,2314,8,7.29,7.1,61,2,21.9,51.0
1315,2315,8,9.39,9.26,39,0,28.2,65.7
1316,2316,5,6.76,6.95,42,3,20.3,47.3
1317,2317,7,7.72,7.71,25,1,23.2,54.0
1318,2318,3,6.67,6.38,15,3,20.0,46.7
1319,2319,1,5.75,5.6,2,3,17.2,40.2
1320,2320,6,7.11,7.35,114,2,21.3,49.8
1321,2321,1,7.83,7.63,99,1,23.5,54.8
1322,2322,8,7.36,7.17,70,1,22.1,51.5
1323,2323,1,8.19,8.08,12,1,24.6,57.3
1324,2324,7,7.75,8.08,113,1,23.2,54.2
1325,2325,7,7.8,8.15,120,1,23.4,54.6
1326,2326,6,7.32,7.14,35,1,22.0,51.2
1327,2327,1,8.33,8.63,104,1,25.0,58.3
1328,2328,5,5.86,5.76,31,3,17.6,41.0
1329,2329,6,6.85,6.93,41,3,20.5,47.9
1330,2330,1,9.29,9.52,27,0,27.9,65.0
1331,2331,1,6.25,6.05,76,2,18.8,43.8
1332,2332,6,7.89,7.84,117,1,23.7,55.2
1333,2333,3,7.03,6.97,27,2,21.1,49.2
1334,2334,7,9.48,9.68,50,0,28.4,66.4
1335,2335,7,6.49,6.35,78,2,19.5,45.4
1336,2336,5,9.47,9.5,110,0,28.4,66.3
1337,2337,3,6.18,6.32,109,3,18.5,43.3
1338,2338,5,8.82,9.14,60,0,26.5,61.7
1339,2339,8,6.25,6.46,18,3,18.8,43.8
1340,2340,7,8.5,8.71,35,0,25.5,59.5
1341,2341,4,6.7,6.45,65,2,20.1,46.9
1342,2342,5,5.94,5.72,6,3,17.8,41.6
1343,2343,1,5.87,5.84,42,3,17.6,41.1
1344,2344,6,8.69,8.41,68,0,26.1,60.8
1345,2345,7,5.73,5.96,54,4,17.2,40.1
1346,2346,4,8.57,8.48,8,1,25.7,60.0
1347,2347,4,7.56,7.84,96,2,22.7,52.9
1348,2348,8,6.55,6.74,8,2,19.6,45.9
1349,2349,8,5.66,5.93,30,3,17.0,39.6
1350,2350,8,7.81,7.45,53,1,23.4,54.7
1351,2351,4,6.26,6.52,31,3,18.8,43.8
1352,2352,8,7.77,7.43,115,1,23.3,54.4
1353,2353,2,7.1,6.85,83,2,21.3,49.7
1354,2354,8,6.83,6.52,93,2,20.5,47.8
1355,2355,4,9.02,9.35,27,0,27.1,63.1
1356,2356,7,9.17,8.91,28,0,27.5,64.2
1357,2357,8,7.19,7.12,73,2,21.6,50.3
1358,2358,2,6.06,6.4,110,3,18.2,42.4
1359,2359,3,7.84,8.17,62,1,23.5,54.9
1360,2360,8,7.05,7.25,39,2,21.1,49.4
1361,2361,7,7.33,7.09,62,1,22.0,51.3
1362,2362,6,7.34,7.26,120,2,22.0,51.4
1363,2363,4,6.33,6.13,79,3,19.0,44.3
1364,2364,1,6.29,6.04,82,2,18.9,44.0
1365,2365,2,8.59,8.62,104,0,25.8,60.1
1366,2366,6,7.73,7.37,5,2,23.2,54.1
1367,2367,7,7.11,7.19,62,1,21.3,49.8
1368,2368,6,6.35,6.06,22,3,19.0,44.4
1369,2369,2,6.07,6.3,93,3,18.2,42.5
1370,2370,1,9.51,9.74,24,0,28.5,66.6
1371,2371,3,7.3,7.56,73,2,21.9,51.1
1372,2372,3,7.78,7.86,9,1,23.3,54.5
1373,2373,8,5.55,5.4,116,4,16.6,38.9
1374,2374,7,8.15,7.9,115,1,24.5,57.1
1375,2375,1,9.2,9.33,85,0,27.6,64.4
1376,2376,3,9.5,9.84,64,0,28.5,66.5
1377,2377,8,9.34,9.11,39,0,28.0,65.4
1378,2378,3,6.89,6.83,20,2,20.7,48.2
1379,2379,4,6.85,6.59,84,2,20.5,47.9
1380,2380,6,8.38,8.38,28,1,25.1,58.7
1381,2381,4,8.84,8.9,16,0,26.5,61.9
1382,2382,5,6.7,6.9,50,2,20.1,46.9
1383,2383,4,5.92,5.71,30,3,17.8,41.4
1384,2384,1,7.8,7.99,41,2,23.4,54.6
1385,2385,3,7.56,7.68,21,1,22.7,52.9
1386,2386,7,6.28,6.22,69,3,18.8,44.0
1387,2387,8,8.32,7.97,50,1,25.0,58.2
1388,2388,1,6.69,6.56,85,2,20.1,46.8
1389,2389,2,5.94,5.59,67,3,17.8,41.6
1390,2390,1,5.73,5.63,9,3,17.2,40.1
1391,2391,1,6.69,7.02,100,2,20.1,46.8
1392,2392,1,9.42,9.65,28,0,28.3,65.9
1393,2393,2,6.47,6.66,82,3,19.4,45.3
1394,2394,4,8.56,8.56,114,0,25.7,59.9
1395,2395,2,6.03,5.78,32,3,18.1,42.2
1396,2396,2,7.64,7.29,66,1,22.9,53.5
1397,2397,4,9.44,9.5,22,0,28.3,66.1
1398,2398,2,5.63,5.46,75,3,16.9,39.4
1399,2399,2,6.93,6.71,105,2,20.8,48.5
1400,2400,5,7.73,7.95,82,2,23.2,54.1
1401,2401,1,5.95,5.98,51,3,17.9,41.6
1402,2402,8,6.22,6.07,39,3,18.7,43.5
1403,2403,6,5.62,5.74,30,3,16.9,39.3
1404,2404,1,6.63,6.89,50,2,19.9,46.4
1405,2405,7,6.05,6.08,71,3,18.1,42.4
1406,2406,7,5.55,5.84,35,3,16.6,38.9
1407,2407,3,5.57,5.88,22,3,16.7,39.0
1408,2408,2,5.61,5.69,94,4,16.8,39.3
1409,2409,3,8.51,8.66,101,1,25.5,59.6
1410,2410,8,6.02,5.67,62,3,18.1,42.1
1411,2411,6,5.58,5.48,41,4,16.7,39.1
1412,2412,3,9.03,9.28,118,0,27.1,63.2
1413,2413,6,6.87,7.17,39,2,20.6,48.1
1414,2414,2,6.97,7.04,48,2,20.9,48.8
1415,2415,2,7.04,6.64,15,2,21.1,49.3
1416,2416,7,6.2,5.87,52,3,18.6,43.4
1417,2417,8,6.5,6.64,89,2,19.5,45.5
1418,2418,5,7.76,8.04,83,1,23.3,54.3
1419,2419,2,8.04,8.02,34,1,24.1,56.3
1420,2420,6,6.16,6.24,6,3,18.5,43.1
1421,2421,8,6.69,6.97,109,3,20.1,46.8
1422,2422,8,7.9,7.78,21,1,23.7,55.3
1423,2423,4,8.2,7.95,5,1,24.6,57.4
1424,2424,7,9.2,9.08,95,0,27.6,64.4
1425,2425,5,8.9,8.63,31,0,26.7,62.3
1426,2426,1,9.28,9.32,24,0,27.8,65.0
1427,2427,5,6.77,6.89,119,2,20.3,47.4
1428,2428,7,6.57,6.49,68,2,19.7,46.0
1429,2429,4,7.82,7.78,34,1,23.5,54.7
1430,2430,7,7.73,7.42,25,1,23.2,54.1
1431,2431,3,7.87,7.55,102,1,23.6,55.1
1432,2432,8,5.86,5.86,52,3,17.6,41.0
1433,2433,4,7.41,7.79,7,1,22.2,51.9
1434,2434,4,6.85,6.9,93,3,20.5,47.9
1435,2435,8,9.03,8.91,68,0,27.1,63.2
1436,2436,7,6.23,6.15,64,3,18.7,43.6
1437,2437,8,9.65,9.91,59,0,29.0,67.5
1438,2438,4,7.77,8.13,3,1,23.3,54.4
1439,2439,8,6.02,5.65,55,3,18.1,42.1
1440,2440,3,7.03,6.66,67,2,21.1,49.2
1441,2441,3,8.66,9.03,117,0,26.0,60.6
1442,2442,2,7.46,7.19,68,1,22.4,52.2
1443,2443,5,5.92,5.53,82,3,17.8,41.4
1444,2444,1,8.39,8.67,65,1,25.2,58.7
1445,2445,7,8.4,8.49,112,0,25.2,58.8
1446,2446,6,6.02,5.97,89,3,18.1,42.1
1447,2447,1,8.02,8.01,80,1,24.1,56.1
1448,2448,4,7.4,7.39,13,1,22.2,51.8
1449,2449,4,8.37,8.22,34,1,25.1,58.6
1450,2450,2,6.1,6.39,113,3,18.3,42.7
1451,2451,6,5.8,5.58,38,3,17.4,40.6
1452,2452,5,8.69,8.75,120,0,26.1,60.8
1453,2453,8,6.75,6.93,64,2,20.2,47.2
1454,2454,3,5.97,6.25,59,3,17.9,41.8
1455,2455,6,6.46,6.66,104,3,19.4,45.2
1456,2456,2,6.89,6.75,109,2,20.7,48.2
1457,2457,4,7.19,7.4,85,1,21.6,50.3
1458,2458,3,8.75,8.74,44,0,26.2,61.2
1459,2459,7,6.71,6.67,80,2,20.1,47.0
1460,2460,3,8.65,8.99,111,0,26.0,60.6
1461,2461,6,6.39,6.63,37,3,19.2,44.7
1462,2462,4,6.12,5.93,116,3,18.4,42.8
1463,2463,5,9.03,8.94,71,0,27.1,63.2
1464,2464,8,7.12,7.06,18,2,21.4,49.8
1465,2465,8,6.53,6.75,93,2,19.6,45.7
1466,2466,7,7.06,7.08,106,2,21.2,49.4
1467,2467,2,7.29,7.0,118,1,21.9,51.0
1468,2468,1,5.75,5.65,96,4,17.2,40.2
1469,2469,5,8.09,7.73,100,0,24.3,56.6
1470,2470,8,8.7,8.5,28,0,26.1,60.9
1471,2471,6,6.45,6.72,81,3,19.4,45.1
1472,2472,5,8.94,8.72,107,0,26.8,62.6
1473,2473,3,5.89,5.7,19,3,17.7,41.2
1474,2474,5,6.14,6.47,92,3,18.4,43.0
1475,2475,5,9.06,8.9,67,0,27.2,63.4
1476,2476,2,9.14,8.91,18,0,27.4,64.0
1477,2477,6,6.42,6.55,31,3,19.3,44.9
1478,2478,7,6.06,5.88,20,3,18.2,42.4
1479,2479,7,9.7,9.9,92,0,29.1,67.9
1480,2480,6,6.86,6.99,77,2,20.6,48.0
1481,2481,6,8.67,8.35,14,1,26.0,60.7
1482,2482,8,7.14,7.08,15,1,21.4,50.0
1483,2483,6,7.0,7.0,6,2,21.0,49.0
1484,2484,8,7.9,7.58,56,1,23.7,55.3
1485,2485,6,8.06,7.95,70,1,24.2,56.4
1486,2486,5,6.46,6.6,87,3,19.4,45.2
1487,2487,3,8.52,8.87,38,1,25.6,59.6
1488,2488,7,6.32,6.18,112,3,19.0,44.2
1489,2489,3,8.1,8.0,112,1,24.3,56.7
1490,2490,4,7.71,7.8,104,1,23.1,54.0
1491,2491,2,6.97,7.37,90,2,20.9,48.8
1492,2492,8,9.51,9.46,76,0,28.5,66.6
1493,2493,5,6.23,6.05,31,3,18.7,43.6
1494,2494,4,7.02,7.22,87,2,21.1,49.1
1495,2495,6,6.32,6.18,76,3,19.0,44.2
1496,2496,8,6.31,6.53,42,3,18.9,44.2
1497,2497,4,9.45,9.65,53,0,28.3,66.1
1498,2498,3,7.44,7.4,55,1,22.3,52.1
1499,2499,1,5.64,5.98,119,3,16.9,39.5
1500,2500,7,6.02,6.08,119,3,18.1,42.1
1501,2501,8,8.88,9.26,106,0,26.6,62.2
1502,2502,8,7.62,7.56,113,2,22.9,53.3
1503,2503,6,8.53,8.26,41,0,25.6,59.7
1504,2504,4,7.81,7.73,93,2,23.4,54.7
1505,2505,3,9.22,9.57,64,0,27.7,64.5
1506,2506,1,7.57,7.88,29,1,22.7,53.0
1507,2507,5,6.58,6.64,112,2,19.7,46.1
1508,2508,2,5.66,5.26,52,3,17.0,39.6
1509,2509,1,5.66,5.44,88,3,17.0,39.6
1510,2510,7,7.79,7.58,31,1,23.4,54.5
1511,2511,4,6.76,6.75,67,2,20.3,47.3
1512,2512,6,8.32,8.48,15,1,25.0,58.2
1513,2513,2,7.27,7.08,6,2,21.8,50.9
1514,2514,1,6.24,6.6,105,2,18.7,43.7
1515,2515,7,7.31,7.47,42,2,21.9,51.2
1516,2516,4,5.95,5.7,111,3,17.9,41.6
1517,2517,6,7.24,7.58,60,2,21.7,50.7
1518,2518,7,6.87,6.93,1,2,20.6,48.1
1519,2519,4,9.21,9.09,75,0,27.6,64.5
1520,2520,2,9.4,9.17,59,0,28.2,65.8
1521,2521,2,8.23,8.09,16,1,24.7,57.6
1522,2522,8,6.66,6.29,112,2,20.0,46.6
1523,2523,7,8.46,8.48,98,1,25.4,59.2
1524,2524,1,7.21,7.05,15,2,21.6,50.5
1525,2525,4,8.7,9.07,57,0,26.1,60.9
1526,2526,3,8.14,8.27,98,1,24.4,57.0
1527,2527,3,6.26,6.32,16,3,18.8,43.8
1528,2528,4,8.45,8.73,39,0,25.3,59.1
1529,2529,7,8.06,8.46,112,1,24.2,56.4
1530,2530,6,8.12,8.43,82,1,24.4,56.8
1531,2531,6,6.32,6.57,106,3,19.0,44.2
1532,2532,3,7.34,7.02,64,2,22.0,51.4
1533,2533,5,5.53,5.58,47,4,16.6,38.7
1534,2534,5,9.49,9.15,66,0,28.5,66.4
1535,2535,2,5.61,5.6,15,4,16.8,39.3
1536,2536,4,5.84,5.51,21,3,17.5,40.9
1537,2537,8,9.65,9.29,117,0,29.0,67.5
1538,2538,5,6.73,6.84,6,3,20.2,47.1
1539,2539,7,7.88,8.22,38,1,23.6,55.2
1540,2540,2,5.64,6.04,59,3,16.9,39.5
1541,2541,4,9.21,9.57,84,0,27.6,64.5
1542,2542,5,5.81,5.96,91,3,17.4,40.7
1543,2543,4,7.56,7.43,26,1,22.7,52.9
1544,2544,8,7.24,7.55,115,2,21.7,50.7
1545,2545,4,9.21,8.97,83,0,27.6,64.5
1546,2546,3,7.91,8.2,117,1,23.7,55.4
1547,2547,7,7.78,8.17,85,2,23.3,54.5
1548,2548,1,9.35,9.34,20,0,28.0,65.5
1549,2549,6,8.74,8.44,65,0,26.2,61.2
1550,2550,6,9.0,9.28,114,0,27.0,63.0
1551,2551,6,7.12,7.4,95,1,21.4,49.8
1552,2552,1,6.76,6.66,37,2,20.3,47.3
1553,2553,8,9.56,9.74,70,0,28.7,66.9
1554,2554,3,8.28,7.94,8,0,24.8,58.0
1555,2555,4,7.95,8.02,16,1,23.9,55.6
1556,2556,3,6.28,6.18,71,3,18.8,44.0
1557,2557,6,7.57,7.36,49,2,22.7,53.0
1558,2558,4,6.18,6.18,5,3,18.5,43.3
1559,2559,4,6.44,6.56,98,3,19.3,45.1
1560,2560,4,7.99,8.35,79,1,24.0,55.9
1561,2561,6,6.01,6.22,23,3,18.0,42.1
1562,2562,8,7.68,7.66,109,2,23.0,53.8
1563,2563,1,7.02,6.98,7,2,21.1,49.1
1564,2564,5,8.95,9.13,35,0,26.8,62.6
1565,2565,7,7.39,7.31,108,1,22.2,51.7
1566,2566,6,8.53,8.83,74,1,25.6,59.7
1567,2567,5,5.8,5.92,105,4,17.4,40.6
1568,2568,1,7.06,6.71,81,1,21.2,49.4
1569,2569,8,8.83,8.82,56,0,26.5,61.8
1570,2570,5,7.67,7.89,87,1,23.0,53.7
1571,2571,7,6.71,6.5,41,3,20.1,47.0
1572,2572,2,9.13,9.08,50,0,27.4,63.9
1573,2573,8,7.19,6.83,67,2,21.6,50.3
1574,2574,8,5.53,5.61,39,3,16.6,38.7
1575,2575,7,8.14,8.43,15,1,24.4,57.0
1576,2576,7,8.47,8.7,78,0,25.4,59.3
1577,2577,4,9.75,9.62,79,0,29.2,68.2
1578,2578,7,9.13,9.47,2,0,27.4,63.9
1579,2579,5,7.18,7.13,102,2,21.5,50.3
1580,2580,4,7.99,7.99,44,1,24.0,55.9
1581,2581,7,6.12,6.06,106,3,18.4,42.8
1582,2582,8,8.53,8.42,45,1,25.6,59.7
1583,2583,5,7.92,7.68,119,1,23.8,55.4
1584,2584,7,7.31,7.49,114,2,21.9,51.2
1585,2585,6,6.87,6.5,93,2,20.6,48.1
1586,2586,8,9.01,9.26,101,0,27.0,63.1
1587,2587,8,6.73,6.97,1,2,20.2,47.1
1588,2588,4,5.51,5.36,36,4,16.5,38.6
1589,2589,7,8.95,9.24,33,0,26.8,62.6
1590,2590,5,6.02,5.99,37,3,18.1,42.1
1591,2591,3,8.84,8.44,3,0,26.5,61.9
1592,2592,7,9.33,9.09,101,0,28.0,65.3
1593,2593,4,9.04,9.44,21,0,27.1,63.3
1594,2594,5,6.7,6.73,53,2,20.1,46.9
1595,2595,4,5.87,6.19,8,3,17.6,41.1
1596,2596,2,7.15,6.79,120,2,21.5,50.1
1597,2597,5,6.44,6.71,32,3,19.3,45.1
1598,2598,8,7.82,7.84,87,1,23.5,54.7
1599,2599,3,6.36,6.27,15,3,19.1,44.5
1600,2600,8,7.83,7.57,59,1,23.5,54.8
1601,2601,5,6.0,5.96,28,3,18.0,42.0
1602,2602,6,5.52,5.55,70,3,16.6,38.6
1603,2603,4,5.96,5.91,57,3,17.9,41.7
1604,2604,3,5.93,5.54,83,3,17.8,41.5
1605,2605,5,9.11,9.0,42,0,27.3,63.8
1606,2606,2,6.09,6.29,53,2,18.3,42.6
1607,2607,5,9.04,8.82,113,0,27.1,63.3
1608,2608,6,9.35,9.2,82,0,28.0,65.5
1609,2609,3,9.25,9.48,49,0,27.8,64.8
1610,2610,7,8.52,8.19,33,0,25.6,59.6
1611,2611,5,8.96,9.14,82,0,26.9,62.7
1612,2612,4,6.34,6.15,80,3,19.0,44.4
1613,2613,6,8.36,7.99,35,0,25.1,58.5
1614,2614,2,6.06,5.78,111,3,18.2,42.4
1615,2615,7,7.67,7.84,73,1,23.0,53.7
1616,2616,3,8.38,8.22,73,1,25.1,58.7
1617,2617,8,9.03,8.71,62,0,27.1,63.2
1618,2618,8,5.94,5.99,119,4,17.8,41.6
1619,2619,5,5.76,5.84,70,4,17.3,40.3
1620,2620,7,8.2,8.17,30,1,24.6,57.4
1621,2621,5,9.69,9.61,21,0,29.1,67.8
1622,2622,4,9.6,9.34,98,0,28.8,67.2
1623,2623,5,9.78,9.64,69,0,29.3,68.5
1624,2624,5,8.29,8.35,15,0,24.9,58.0
1625,2625,3,8.9,8.57,23,0,26.7,62.3
1626,2626,3,8.41,8.7,71,1,25.2,58.9
1627,2627,4,6.22,6.13,109,2,18.7,43.5
1628,2628,6,8.18,8.09,92,1,24.5,57.3
1629,2629,4,6.89,6.58,88,2,20.7,48.2
1630,2630,7,8.01,8.35,89,1,24.0,56.1
1631,2631,6,8.38,8.18,9,1,25.1,58.7
1632,2632,8,7.33,7.41,26,2,22.0,51.3
1633,2633,6,7.46,7.17,17,1,22.4,52.2
1634,2634,7,9.16,9.21,18,0,27.5,64.1
1635,2635,3,7.73,7.63,88,2,23.2,54.1
1636,2636,1,6.61,7.01,3,2,19.8,46.3
1637,2637,7,7.15,6.93,13,2,21.5,50.1
1638,2638,5,5.92,6.25,102,3,17.8,41.4
1639,2639,6,8.3,8.58,27,1,24.9,58.1
1640,2640,1,5.76,5.39,93,3,17.3,40.3
1641,2641,8,9.34,9.58,97,0,28.0,65.4
1642,2642,1,9.58,9.79,95,0,28.7,67.1
1643,2643,8,9.51,9.22,26,0,28.5,66.6
1644,2644,8,8.33,8.64,20,0,25.0,58.3
1645,2645,2,8.44,8.72,35,1,25.3,59.1
1646,2646,4,6.46,6.45,24,2,19.4,45.2
1647,2647,2,7.08,6.86,45,2,21.2,49.6
1648,2648,1,7.13,7.46,111,2,21.4,49.9
1649,2649,7,9.76,10.0,20,0,29.3,68.3
1650,2650,4,8.23,8.3,56,0,24.7,57.6
1651,2651,2,8.21,7.95,92,1,24.6,57.5
1652,2652,1,6.37,6.2,13,2,19.1,44.6
1653,2653,6,9.79,9.67,72,0,29.4,68.5
1654,2654,3,7.13,6.87,112,2,21.4,49.9
1655,2655,5,7.55,7.91,30,1,22.6,52.9
1656,2656,4,7.12,7.13,84,2,21.4,49.8
1657,2657,7,8.02,8.03,49,1,24.1,56.1
1658,2658,6,5.66,5.74,109,3,17.0,39.6
1659,2659,1,8.13,8.2,93,1,24.4,56.9
1660,2660,5,5.96,6.19,9,3,17.9,41.7
1661,2661,2,5.98,5.86,69,3,17.9,41.9
1662,2662,1,6.61,6.85,44,3,19.8,46.3
1663,2663,7,6.6,6.8,71,3,19.8,46.2
1664,2664,6,6.32,6.0,18,3,19.0,44.2
1665,2665,8,7.74,8.1,47,2,23.2,54.2
1666,2666,5,7.6,7.53,6,2,22.8,53.2
1667,2667,1,5.64,5.51,18,4,16.9,39.5
1668,2668,7,8.41,8.42,77,1,25.2,58.9
1669,2669,8,5.84,5.99,72,4,17.5,40.9
1670,2670,4,7.98,8.38,98,1,23.9,55.9
1671,2671,5,5.78,5.51,1,3,17.3,40.5
1672,2672,8,5.59,5.91,48,4,16.8,39.1
1673,2673,5,8.83,8.84,106,0,26.5,61.8
1674,2674,8,7.94,7.81,105,1,23.8,55.6
1675,2675,4,8.47,8.53,119,0,25.4,59.3
1676,2676,3,9.21,9.15,106,0,27.6,64.5
1677,2677,4,8.21,8.28,71,0,24.6,57.5
1678,2678,7,9.11,9.14,120,0,27.3,63.8
1679,2679,4,9.13,9.39,21,0,27.4,63.9
1680,2680,2,8.57,8.27,107,1,25.7,60.0
1681,2681,1,6.48,6.61,26,3,19.4,45.4
1682,2682,8,8.47,8.26,95,0,25.4,59.3
1683,2683,2,6.09,5.71,75,3,18.3,42.6
1684,2684,8,9.1,8.71,50,0,27.3,63.7
1685,2685,3,6.84,6.55,40,2,20.5,47.9
1686,2686,1,6.92,7.25,109,2,20.8,48.4
1687,2687,8,7.02,7.25,52,2,21.1,49.1
1688,2688,2,7.95,8.04,20,1,23.9,55.6
1689,2689,3,7.75,7.45,78,1,23.2,54.2
1690,2690,2,9.8,10.0,42,0,29.4,68.6
1691,2691,6,9.39,9.64,104,0,28.2,65.7
1692,2692,2,5.95,5.67,82,3,17.9,41.6
1693,2693,2,9.26,9.23,102,0,27.8,64.8
1694,2694,7,7.9,8.26,8,1,23.7,55.3
1695,2695,5,8.86,9.17,57,0,26.6,62.0
1696,2696,8,7.18,7.48,41,2,21.5,50.3
1697,2697,5,7.32,7.71,38,2,22.0,51.2
1698,2698,2,7.57,7.94,61,2,22.7,53.0
1699,2699,4,6.59,6.54,99,2,19.8,46.1
1700,2700,8,9.17,9.55,49,0,27.5,64.2
1701,2701,8,8.8,8.95,51,0,26.4,61.6
1702,2702,6,9.77,10.0,8,0,29.3,68.4
1703,2703,3,5.88,6.06,88,3,17.6,41.2
1704,2704,5,8.5,8.33,113,1,25.5,59.5
1705,2705,5,8.09,7.71,99,1,24.3,56.6
1706,2706,2,5.54,5.53,60,4,16.6,38.8
1707,2707,2,6.8,7.01,20,2,20.4,47.6
1708,2708,4,7.28,7.21,76,2,21.8,51.0
1709,2709,4,8.48,8.5,85,1,25.4,59.4
1710,2710,8,5.84,5.55,102,3,17.5,40.9
1711,2711,6,6.02,5.94,1,3,18.1,42.1
1712,2712,6,9.13,9.22,36,0,27.4,63.9
1713,2713,5,8.56,8.92,6,1,25.7,59.9
1714,2714,5,6.31,6.33,87,3,18.9,44.2
1715,2715,8,8.24,8.33,120,1,24.7,57.7
1716,2716,3,8.18,8.25,96,1,24.5,57.3
1717,2717,7,6.45,6.79,77,2,19.4,45.1
1718,2718,7,7.45,7.52,38,1,22.4,52.1
1719,2719,5,8.75,8.5,33,0,26.2,61.2
1720,2720,5,7.86,7.57,52,1,23.6,55.0
1721,2721,8,9.2,9.32,11,0,27.6,64.4
1722,2722,8,6.8,7.03,74,2,20.4,47.6
1723,2723,4,6.9,6.66,29,2,20.7,48.3
1724,2724,3,9.27,9.53,16,0,27.8,64.9
1725,2725,7,5.7,5.46,103,3,17.1,39.9
1726,2726,4,9.78,9.73,100,0,29.3,68.5
1727,2727,5,6.9,6.9,77,2,20.7,48.3
1728,2728,8,8.07,7.81,41,1,24.2,56.5
1729,2729,4,8.15,7.95,109,1,24.5,57.1
1730,2730,3,6.8,6.8,65,2,20.4,47.6
1731,2731,4,7.65,7.86,20,1,23.0,53.6
1732,2732,8,9.12,9.07,35,0,27.4,63.8
1733,2733,2,9.74,9.81,91,0,29.2,68.2
1734,2734,8,8.99,9.38,1,0,27.0,62.9
1735,2735,6,7.38,7.65,23,2,22.1,51.7
1736,2736,8,8.07,7.91,22,1,24.2,56.5
1737,2737,1,9.67,9.34,100,0,29.0,67.7
1738,2738,4,5.88,5.82,61,3,17.6,41.2
1739,2739,2,8.16,8.45,51,1,24.5,57.1
1740,2740,6,8.63,8.51,41,1,25.9,60.4
1741,2741,4,8.17,7.96,86,1,24.5,57.2
1742,2742,7,7.01,7.34,119,2,21.0,49.1
1743,2743,6,6.96,7.19,18,2,20.9,48.7
1744,2744,5,7.41,7.43,99,1,22.2,51.9
1745,2745,7,6.32,6.05,81,3,19.0,44.2
1746,2746,8,5.82,5.63,53,3,17.5,40.7
1747,2747,2,6.85,6.46,70,3,20.5,47.9
1748,2748,8,6.26,6.32,91,3,18.8,43.8
1749,2749,7,6.49,6.86,48,3,19.5,45.4
1750,2750,7,8.56,8.93,44,0,25.7,59.9
1751,2751,6,6.72,6.52,74,2,20.2,47.0
1752,2752,4,9.09,9.48,80,0,27.3,63.6
1753,2753,4,6.11,6.12,51,3,18.3,42.8
1754,2754,1,6.57,6.37,119,3,19.7,46.0
1755,2755,7,8.53,8.74,25,0,25.6,59.7
1756,2756,3,8.09,8.32,79,1,24.3,56.6
1757,2757,2,6.6,6.59,8,2,19.8,46.2
1758,2758,4,6.82,6.54,93,2,20.5,47.7
1759,2759,3,8.22,8.02,67,1,24.7,57.5
1760,2760,6,8.1,8.42,2,1,24.3,56.7
1761,2761,5,9.09,9.11,114,0,27.3,63.6
1762,2762,3,9.29,9.21,92,0,27.9,65.0
1763,2763,8,8.96,8.77,8,0,26.9,62.7
1764,2764,7,6.0,6.29,14,3,18.0,42.0
1765,2765,8,8.13,8.52,58,0,24.4,56.9
1766,2766,8,7.77,8.17,36,1,23.3,54.4
1767,2767,1,6.6,6.41,108,3,19.8,46.2
1768,2768,1,6.52,6.5,108,3,19.6,45.6
1769,2769,6,9.75,9.44,103,0,29.2,68.2
1770,2770,7,6.88,6.61,12,3,20.6,48.2
1771,2771,4,5.58,5.22,59,4,16.7,39.1
1772,2772,3,6.6,6.85,111,2,19.8,46.2
1773,2773,1,9.08,9.39,67,0,27.2,63.6
1774,2774,2,8.21,8.42,68,1,24.6,57.5
1775,2775,3,8.76,8.36,50,0,26.3,61.3
1776,2776,5,7.47,7.16,41,2,22.4,52.3
1777,2777,6,9.31,9.04,98,0,27.9,65.2
1778,2778,7,7.46,7.7,17,2,22.4,52.2
1779,2779,6,7.92,7.97,23,2,23.8,55.4
1780,2780,8,6.76,6.57,112,2,20.3,47.3
1781,2781,3,5.56,5.56,108,3,16.7,38.9
1782,2782,6,6.91,6.67,107,2,20.7,48.4
1783,2783,8,6.64,6.75,106,2,19.9,46.5
1784,2784,3,7.23,6.85,20,2,21.7,50.6
1785,2785,1,8.94,8.67,24,0,26.8,62.6
1786,2786,8,9.11,9.2,120,0,27.3,63.8
1787,2787,8,6.8,6.86,54,2,20.4,47.6
1788,2788,4,9.28,8.96,119,0,27.8,65.0
1789,2789,3,8.36,8.6,53,0,25.1,58.5
1790,2790,3,9.64,9.31,120,0,28.9,67.5
1791,2791,2,6.6,6.38,113,2,19.8,46.2
1792,2792,4,7.37,7.65,96,2,22.1,51.6
1793,2793,4,9.3,9.05,44,0,27.9,65.1
1794,2794,5,9.79,9.87,40,0,29.4,68.5
1795,2795,2,6.98,6.93,55,2,20.9,48.9
1796,2796,6,8.49,8.26,20,1,25.5,59.4
1797,2797,3,7.51,7.72,39,1,22.5,52.6
1798,2798,1,8.32,8.68,85,1,25.0,58.2
1799,2799,5,6.09,5.81,31,3,18.3,42.6
1800,2800,4,9.18,9.49,28,0,27.5,64.3
1801,2801,8,8.66,8.36,61,0,26.0,60.6
1802,2802,3,9.18,8.92,102,0,27.5,64.3
1803,2803,4,8.97,8.59,89,0,26.9,62.8
1804,2804,6,7.28,7.52,50,2,21.8,51.0
1805,2805,4,6.78,6.83,34,2,20.3,47.5
1806,2806,3,7.26,7.07,9,2,21.8,50.8
1807,2807,8,5.97,5.67,65,3,17.9,41.8
1808,2808,4,7.39,7.19,107,2,22.2,51.7
1809,2809,3,8.53,8.83,78,0,25.6,59.7
1810,2810,2,6.46,6.82,23,3,19.4,45.2
1811,2811,1,6.05,5.98,27,3,18.1,42.4
1812,2812,2,5.98,5.63,85,3,17.9,41.9
1813,2813,7,8.01,7.78,107,1,24.0,56.1
1814,2814,3,8.65,8.31,26,1,26.0,60.6
1815,2815,5,8.32,8.04,27,1,25.0,58.2
1816,2816,4,7.98,8.28,29,1,23.9,55.9
1817,2817,3,8.59,8.31,14,0,25.8,60.1
1818,2818,4,7.68,7.64,57,1,23.0,53.8
1819,2819,3,7.08,6.96,72,2,21.2,49.6
1820,2820,7,9.06,9.38,51,0,27.2,63.4
1821,2821,7,5.64,5.56,113,3,16.9,39.5
1822,2822,7,6.69,6.54,99,3,20.1,46.8
1823,2823,6,8.21,8.61,82,1,24.6,57.5
1824,2824,2,6.95,6.62,78,2,20.9,48.6
1825,2825,5,6.23,6.24,7,3,18.7,43.6
1826,2826,7,8.2,8.25,23,1,24.6,57.4
1827,2827,4,6.75,7.13,72,2,20.2,47.2
1828,2828,1,6.29,5.9,104,2,18.9,44.0
1829,2829,8,7.4,7.8,102,2,22.2,51.8
1830,2830,4,7.85,7.49,42,1,23.5,54.9
1831,2831,3,8.73,8.95,38,0,26.2,61.1
1832,2832,7,6.7,6.63,106,2,20.1,46.9
1833,2833,8,6.53,6.89,93,2,19.6,45.7
1834,2834,7,6.58,6.24,21,3,19.7,46.1
1835,2835,3,8.11,8.04,92,1,24.3,56.8
1836,2836,7,7.96,7.92,81,1,23.9,55.7
1837,2837,7,8.79,8.69,51,0,26.4,61.5
1838,2838,3,8.45,8.26,32,1,25.3,59.1
1839,2839,8,6.91,6.97,118,2,20.7,48.4
1840,2840,6,5.95,6.07,21,3,17.9,41.6
1841,2841,2,9.54,9.33,69,0,28.6,66.8
1842,2842,8,7.54,7.17,59,2,22.6,52.8
1843,2843,3,7.48,7.17,17,1,22.4,52.4
1844,2844,8,6.52,6.47,84,3,19.6,45.6
1845,2845,2,7.4,7.01,41,2,22.2,51.8
1846,2846,5,7.18,7.56,95,2,21.5,50.3
1847,2847,3,5.68,5.38,21,3,17.0,39.8
1848,2848,2,6.97,6.69,107,2,20.9,48.8
1849,2849,1,6.29,5.9,51,3,18.9,44.0
1850,2850,5,9.51,9.19,105,0,28.5,66.6
1851,2851,3,8.04,7.82,65,1,24.1,56.3
1852,2852,4,7.7,7.41,116,1,23.1,53.9
1853,2853,4,8.6,8.98,71,1,25.8,60.2
1854,2854,1,8.48,8.31,102,0,25.4,59.4
1855,2855,5,8.0,8.0,47,1,24.0,56.0
1856,2856,1,7.11,7.37,72,2,21.3,49.8
1857,2857,7,6.17,6.51,15,3,18.5,43.2
1858,2858,3,7.55,7.56,60,2,22.6,52.9
1859,2859,3,5.77,6.16,4,3,17.3,40.4
1860,2860,8,9.29,9.29,27,0,27.9,65.0
1861,2861,5,5.74,5.72,96,3,17.2,40.2
1862,2862,3,7.23,6.89,6,2,21.7,50.6
1863,2863,5,9.27,9.0,92,0,27.8,64.9
1864,2864,5,7.54,7.27,113,2,22.6,52.8
1865,2865,6,9.05,8.78,95,0,27.2,63.4
1866,2866,3,5.77,5.51,1,3,17.3,40.4
1867,2867,6,8.69,8.43,70,0,26.1,60.8
1868,2868,1,8.01,7.99,33,1,24.0,56.1
1869,2869,5,9.23,8.91,52,0,27.7,64.6
1870,2870,6,6.08,6.1,27,3,18.2,42.6
1871,2871,2,7.45,7.2,35,1,22.4,52.1
1872,2872,3,7.92,7.7,22,1,23.8,55.4
1873,2873,4,8.5,8.59,88,0,25.5,59.5
1874,2874,3,7.49,7.3,95,2,22.5,52.4
1875,2875,6,5.86,6.06,53,3,17.6,41.0
1876,2876,8,8.33,8.68,37,1,25.0,58.3
1877,2877,2,6.24,5.89,104,2,18.7,43.7
1878,2878,1,6.66,6.28,41,3,20.0,46.6
1879,2879,5,8.17,7.92,87,1,24.5,57.2
1880,2880,6,6.48,6.18,64,3,19.4,45.4
1881,2881,8,6.92,7.13,118,2,20.8,48.4
1882,2882,8,6.43,6.59,60,2,19.3,45.0
1883,2883,5,9.54,9.59,54,0,28.6,66.8
1884,2884,3,9.54,9.17,93,0,28.6,66.8
1885,2885,6,8.6,8.7,54,1,25.8,60.2
1886,2886,2,7.25,7.54,65,2,21.8,50.8
1887,2887,2,6.66,6.76,28,2,20.0,46.6
1888,2888,5,6.07,6.07,94,3,18.2,42.5
1889,2889,4,7.48,7.52,85,2,22.4,52.4
1890,2890,5,6.39,6.54,19,3,19.2,44.7
1891,2891,8,7.46,7.56,68,2,22.4,52.2
1892,2892,2,7.85,8.24,46,1,23.5,54.9
1893,2893,4,7.55,7.31,113,1,22.6,52.9
1894,2894,6,8.98,9.02,91,0,26.9,62.9
1895,2895,5,8.15,8.21,109,1,24.5,57.1
1896,2896,5,8.27,8.03,54,1,24.8,57.9
1897,2897,3,8.54,8.62,57,0,25.6,59.8
1898,2898,6,9.16,9.01,21,0,27.5,64.1
1899,2899,8,5.51,5.64,5,3,16.5,38.6
1900,2900,2,7.74,7.49,19,1,23.2,54.2
1901,2901,3,7.08,6.69,6,2,21.2,49.6
1902,2902,5,8.69,8.87,60,0,26.1,60.8
1903,2903,4,5.86,5.87,90,3,17.6,41.0
1904,2904,7,9.01,8.78,115,0,27.0,63.1
1905,2905,4,7.41,7.37,24,2,22.2,51.9
1906,2906,3,7.76,7.73,84,1,23.3,54.3
1907,2907,8,8.79,8.71,89,0,26.4,61.5
1908,2908,7,9.24,9.46,67,0,27.7,64.7
1909,2909,7,9.37,9.44,72,0,28.1,65.6
1910,2910,5,8.11,8.46,72,1,24.3,56.8
1911,2911,2,7.84,7.77,20,1,23.5,54.9
1912,2912,5,9.47,9.61,12,0,28.4,66.3
1913,2913,7,8.46,8.54,60,0,25.4,59.2
1914,2914,3,9.5,9.78,44,0,28.5,66.5
1915,2915,4,8.91,8.54,86,0,26.7,62.4
1916,2916,8,6.05,5.93,63,3,18.1,42.4
1917,2917,6,7.45,7.05,34,1,22.4,52.1
1918,2918,8,9.51,9.86,4,0,28.5,66.6
1919,2919,5,8.79,8.96,89,0,26.4,61.5
1920,2920,5,8.87,8.93,83,0,26.6,62.1
1921,2921,4,6.96,6.86,86,2,20.9,48.7
1922,2922,8,6.73,6.7,7,2,20.2,47.1
1923,2923,1,5.83,5.47,109,3,17.5,40.8
1924,2924,6,7.1,7.38,31,2,21.3,49.7
1925,2925,8,7.39,7.06,76,2,22.2,51.7
1926,2926,3,8.95,9.28,99,0,26.8,62.6
1927,2927,2,6.04,5.64,89,3,18.1,42.3
1928,2928,4,6.15,6.47,41,3,18.5,43.1
1929,2929,8,8.12,8.0,4,1,24.4,56.8
1930,2930,7,6.74,6.61,54,3,20.2,47.2
1931,2931,5,7.37,7.19,91,2,22.1,51.6
1932,2932,8,8.02,7.83,3,1,24.1,56.1
1933,2933,1,6.79,6.94,110,2,20.4,47.5
1934,2934,8,7.99,7.64,33,1,24.0,55.9
1935,2935,7,8.29,8.67,78,1,24.9,58.0
1936,2936,1,7.16,6.79,108,2,21.5,50.1
1937,2937,7,5.62,5.22,65,3,16.9,39.3
1938,2938,3,8.38,8.57,35,0,25.1,58.7
1939,2939,1,7.19,7.32,20,1,21.6,50.3
1940,2940,7,6.65,6.72,9,2,20.0,46.6
1941,2941,4,8.06,7.9,104,1,24.2,56.4
1942,2942,5,6.15,6.52,28,3,18.5,43.1
1943,2943,3,6.62,6.54,94,3,19.9,46.3
1944,2944,5,7.48,7.71,61,2,22.4,52.4
1945,2945,2,7.43,7.62,33,1,22.3,52.0
1946,2946,2,7.13,7.16,71,2,21.4,49.9
1947,2947,1,7.8,7.48,26,2,23.4,54.6
1948,2948,1,6.97,6.91,14,2,20.9,48.8
1949,2949,5,8.86,9.25,54,0,26.6,62.0
1950,2950,7,9.09,9.38,41,0,27.3,63.6
1951,2951,3,7.55,7.46,74,1,22.6,52.9
1952,2952,8,7.76,7.59,18,1,23.3,54.3
1953,2953,7,8.11,8.29,39,1,24.3,56.8
1954,2954,4,6.36,6.04,60,3,19.1,44.5
1955,2955,4,5.55,5.58,113,4,16.6,38.9
1956,2956,5,9.31,9.69,108,0,27.9,65.2
1957,2957,7,8.8,8.81,51,0,26.4,61.6
1958,2958,1,9.78,9.39,34,0,29.3,68.5
1959,2959,2,5.57,5.88,56,3,16.7,39.0
1960,2960,2,9.14,8.83,45,0,27.4,64.0
1961,2961,7,7.52,7.45,4,1,22.6,52.6
1962,2962,6,7.8,7.89,93,2,23.4,54.6
1963,2963,3,8.65,8.47,112,0,26.0,60.6
1964,2964,3,6.55,6.46,14,3,19.6,45.9
1965,2965,4,7.41,7.63,73,1,22.2,51.9
1966,2966,8,9.57,9.72,35,0,28.7,67.0
1967,2967,1,6.61,6.85,42,2,19.8,46.3
1968,2968,5,8.68,9.0,113,1,26.0,60.8
1969,2969,8,7.57,7.61,42,1,22.7,53.0
1970,2970,7,6.74,6.45,1,3,20.2,47.2
1971,2971,3,9.21,9.59,98,0,27.6,64.5
1972,2972,4,9.52,9.82,56,0,28.6,66.6
1973,2973,3,8.87,8.91,105,0,26.6,62.1
1974,2974,4,7.87,7.8,27,1,23.6,55.1
1975,2975,8,7.55,7.28,97,1,22.6,52.9
1976,2976,5,6.2,5.9,107,3,18.6,43.4
1977,2977,4,7.14,6.76,42,1,21.4,50.0
1978,2978,7,6.46,6.7,111,3,19.4,45.2
1979,2979,2,9.13,9.34,111,0,27.4,63.9
1980,2980,2,7.62,7.96,14,2,22.9,53.3
1981,2981,3,7.12,6.8,50,2,21.4,49.8
1982,2982,3,6.37,6.6,84,3,19.1,44.6
1983,2983,5,8.31,8.31,12,1,24.9,58.2
1984,2984,6,5.71,5.72,23,3,17.1,40.0
1985,2985,2,5.89,5.52,39,4,17.7,41.2
1986,2986,4,7.36,7.28,24,2,22.1,51.5
1987,2987,2,5.54,5.43,93,4,16.6,38.8
1988,2988,4,5.88,6.13,97,3,17.6,41.2
1989,2989,2,6.73,6.61,113,2,20.2,47.1
1990,2990,8,9.61,9.91,73,0,28.8,67.3
1991,2991,1,6.01,5.65,71,3,18.0,42.1
1992,2992,5,9.74,9.8,57,0,29.2,68.2
1993,2993,8,8.69,8.36,43,1,26.1,60.8
1994,2994,6,6.95,7.02,42,2,20.9,48.6
1995,2995,3,7.92,7.85,112,1,23.8,55.4
1996,2996,2,6.17,5.88,113,3,18.5,43.2
1997,2997,3,8.11,7.86,110,1,24.3,56.8
1998,2998,3,7.41,7.67,83,1,22.2,51.9
1999,2999,8,7.61,7.59,21,1,22.8,53.3
2000,3000,3,7.14,7.04,22,2,21.4,50.0
2001,3001,5,6.9,6.92,30,3,20.7,48.3
2002,3002,1,5.94,5.8,22,3,17.8,41.6
2003,3003,5,7.79,7.86,102,1,23.4,54.5
2004,3004,5,9.75,10.0,67,0,29.2,68.2
2005,3005,7,6.81,6.62,82,2,20.4,47.7
2006,3006,2,9.77,9.65,109,0,29.3,68.4
2007,3007,8,9.18,9.27,78,0,27.5,64.3
2008,3008,6,6.9,6.66,56,2,20.7,48.3
2009,3009,4,5.72,5.72,118,3,17.2,40.0
2010,3010,4,8.81,8.42,46,0,26.4,61.7
2011,3011,8,7.01,7.09,9,2,21.0,49.1
2012,3012,2,7.22,6.98,62,2,21.7,50.5
2013,3013,1,5.69,6.08,99,3,17.1,39.8
2014,3014,2,7.47,7.45,97,2,22.4,52.3
2015,3015,2,9.01,8.93,8,0,27.0,63.1
2016,3016,1,6.42,6.16,31,3,19.3,44.9
2017,3017,7,5.53,5.15,14,4,16.6,38.7
2018,3018,3,8.01,8.17,98,1,24.0,56.1
2019,3019,2,8.05,8.03,61,1,24.2,56.4
2020,3020,6,8.6,8.27,17,0,25.8,60.2
2021,3021,3,6.49,6.21,60,2,19.5,45.4
2022,3022,5,6.02,5.98,119,3,18.1,42.1
2023,3023,5,6.59,6.62,82,3,19.8,46.1
2024,3024,2,9.24,9.44,97,0,27.7,64.7
2025,3025,1,9.18,8.94,46,0,27.5,64.3
2026,3026,1,5.62,5.55,63,4,16.9,39.3
2027,3027,5,8.81,8.49,63,0,26.4,61.7
2028,3028,8,9.67,9.91,8,0,29.0,67.7
2029,3029,7,8.23,8.59,43,0,24.7,57.6
2030,3030,3,8.29,8.52,7,1,24.9,58.0
2031,3031,1,6.57,6.59,113,3,19.7,46.0
2032,3032,4,8.97,9.05,106,0,26.9,62.8
2033,3033,4,9.01,8.99,68,0,27.0,63.1
2034,3034,3,7.18,7.0,111,2,21.5,50.3
2035,3035,3,7.0,6.78,95,2,21.0,49.0
2036,3036,7,6.37,6.1,38,2,19.1,44.6
2037,3037,7,7.68,8.07,30,1,23.0,53.8
2038,3038,1,6.81,6.75,60,2,20.4,47.7
2039,3039,6,5.96,5.58,102,3,17.9,41.7
2040,3040,3,8.2,8.14,120,1,24.6,57.4
2041,3041,8,5.92,5.89,45,3,17.8,41.4
2042,3042,1,8.6,8.26,118,0,25.8,60.2
2043,3043,8,8.5,8.32,109,1,25.5,59.5
2044,3044,1,9.04,8.72,105,0,27.1,63.3
2045,3045,1,6.71,6.4,14,3,20.1,47.0
2046,3046,2,7.95,7.94,117,1,23.9,55.6
2047,3047,7,8.12,8.12,8,1,24.4,56.8
2048,3048,8,8.13,7.78,94,1,24.4,56.9
2049,3049,6,7.79,7.88,29,1,23.4,54.5
2050,3050,1,7.56,7.79,16,2,22.7,52.9
2051,3051,5,6.69,6.33,79,2,20.1,46.8
2052,3052,5,6.03,5.68,44,3,18.1,42.2
2053,3053,4,6.98,6.97,25,2,20.9,48.9
2054,3054,3,6.71,7.08,70,3,20.1,47.0
2055,3055,8,6.67,6.35,8,2,20.0,46.7
2056,3056,3,8.9,8.72,40,1,26.7,62.3
2057,3057,8,6.16,6.01,85,3,18.5,43.1
2058,3058,8,6.03,5.67,48,3,18.1,42.2
2059,3059,1,8.77,8.73,86,0,26.3,61.4
2060,3060,4,6.18,5.9,100,3,18.5,43.3
2061,3061,2,5.61,5.55,44,3,16.8,39.3
2062,3062,4,6.91,7.22,104,3,20.7,48.4
2063,3063,3,7.74,7.61,65,1,23.2,54.2
2064,3064,3,8.62,8.63,7,0,25.9,60.3
2065,3065,5,6.47,6.54,87,2,19.4,45.3
2066,3066,4,9.53,9.8,9,0,28.6,66.7
2067,3067,7,5.86,5.5,67,3,17.6,41.0
2068,3068,8,6.68,6.79,42,3,20.0,46.8
2069,3069,2,9.21,8.99,14,0,27.6,64.5
2070,3070,5,7.81,7.65,61,1,23.4,54.7
2071,3071,8,5.99,5.77,41,3,18.0,41.9
2072,3072,3,7.8,7.78,47,1,23.4,54.6
2073,3073,4,7.19,6.92,64,1,21.6,50.3
2074,3074,7,6.88,6.66,64,2,20.6,48.2
2075,3075,7,7.14,6.77,46,2,21.4,50.0
2076,3076,7,9.49,9.22,31,0,28.5,66.4
2077,3077,2,6.23,5.94,19,2,18.7,43.6
2078,3078,6,9.28,9.43,74,0,27.8,65.0
2079,3079,5,7.12,7.47,17,2,21.4,49.8
2080,3080,6,6.44,6.64,35,3,19.3,45.1
2081,3081,7,7.36,7.05,85,2,22.1,51.5
2082,3082,5,9.21,9.16,100,0,27.6,64.5
2083,3083,7,5.53,5.84,23,4,16.6,38.7
2084,3084,6,9.41,9.44,20,0,28.2,65.9
2085,3085,3,9.73,9.64,96,0,29.2,68.1
2086,3086,1,7.5,7.85,19,2,22.5,52.5
2087,3087,8,8.68,8.54,34,0,26.0,60.8
2088,3088,3,6.51,6.82,50,2,19.5,45.6
2089,3089,2,6.23,5.96,9,2,18.7,43.6
2090,3090,7,7.03,6.84,40,2,21.1,49.2
2091,3091,6,7.42,7.49,12,1,22.3,51.9
2092,3092,1,8.0,8.22,73,1,24.0,56.0
2093,3093,7,7.6,7.92,35,1,22.8,53.2
2094,3094,7,9.26,9.3,51,0,27.8,64.8
2095,3095,6,7.49,7.84,1,1,22.5,52.4
2096,3096,6,8.17,8.37,63,1,24.5,57.2
2097,3097,2,8.04,8.18,47,1,24.1,56.3
2098,3098,4,9.42,9.78,59,0,28.3,65.9
2099,3099,4,6.14,6.28,84,2,18.4,43.0
2100,3100,3,8.12,7.72,85,0,24.4,56.8
2101,3101,3,6.6,6.64,84,3,19.8,46.2
2102,3102,1,5.66,5.96,67,3,17.0,39.6
2103,3103,2,7.03,7.15,19,1,21.1,49.2
2104,3104,3,8.09,8.06,109,1,24.3,56.6
2105,3105,7,8.56,8.89,64,0,25.7,59.9
2106,3106,4,7.96,7.57,14,1,23.9,55.7
2107,3107,7,8.92,8.88,112,0,26.8,62.4
2108,3108,3,9.24,9.54,11,0,27.7,64.7
2109,3109,5,9.64,9.86,76,0,28.9,67.5
2110,3110,6,6.39,6.05,104,2,19.2,44.7
2111,3111,5,8.12,8.04,120,1,24.4,56.8
2112,3112,6,8.87,9.23,69,0,26.6,62.1
2113,3113,6,7.58,7.96,58,2,22.7,53.1
2114,3114,2,7.48,7.56,42,2,22.4,52.4
2115,3115,6,5.9,5.86,18,4,17.7,41.3
2116,3116,6,8.69,9.06,59,1,26.1,60.8
2117,3117,1,5.8,6.09,44,3,17.4,40.6
2118,3118,5,6.2,6.01,89,2,18.6,43.4
2119,3119,2,9.77,9.85,36,0,29.3,68.4
2120,3120,5,6.25,5.87,3,3,18.8,43.8
2121,3121,1,6.78,7.14,87,3,20.3,47.5
2122,3122,5,7.15,7.44,49,2,21.5,50.1
2123,3123,8,5.74,6.0,101,3,17.2,40.2
2124,3124,2,9.69,9.65,5,0,29.1,67.8
2125,3125,1,8.6,8.41,44,0,25.8,60.2
2126,3126,2,8.39,8.25,30,0,25.2,58.7
2127,3127,1,7.39,7.47,81,2,22.2,51.7
2128,3128,6,7.68,8.08,39,1,23.0,53.8
2129,3129,2,9.42,9.62,100,0,28.3,65.9
2130,3130,3,8.39,8.38,80,0,25.2,58.7
2131,3131,6,5.65,5.82,22,3,17.0,39.6
2132,3132,7,6.97,6.98,119,2,20.9,48.8
2133,3133,4,9.66,9.77,42,0,29.0,67.6
2134,3134,5,7.07,6.73,74,2,21.2,49.5
2135,3135,6,9.05,9.28,22,0,27.2,63.4
2136,3136,4,7.85,7.94,84,2,23.5,54.9
2137,3137,6,6.49,6.84,35,3,19.5,45.4
2138,3138,1,5.78,5.9,86,3,17.3,40.5
2139,3139,1,7.65,7.61,69,1,23.0,53.6
2140,3140,3,6.34,6.7,73,2,19.0,44.4
2141,3141,1,8.87,8.7,66,0,26.6,62.1
2142,3142,5,7.69,7.86,114,1,23.1,53.8
2143,3143,2,6.33,6.16,84,3,19.0,44.3
2144,3144,1,8.96,8.84,82,0,26.9,62.7
2145,3145,2,8.66,8.94,89,0,26.0,60.6
2146,3146,4,8.35,8.66,2,1,25.0,58.4
2147,3147,2,9.04,9.17,68,0,27.1,63.3
2148,3148,5,7.0,7.0,50,2,21.0,49.0
2149,3149,7,8.66,8.86,26,1,26.0,60.6
2150,3150,4,8.04,7.64,1,1,24.1,56.3
2151,3151,7,6.27,5.92,66,3,18.8,43.9
2152,3152,5,8.83,8.56,80,1,26.5,61.8
2153,3153,7,7.82,8.04,117,1,23.5,54.7
2154,3154,3,7.32,7.11,34,1,22.0,51.2
2155,3155,5,9.6,9.36,28,0,28.8,67.2
2156,3156,3,5.72,5.53,19,3,17.2,40.0
2157,3157,5,6.61,6.72,44,2,19.8,46.3
2158,3158,1,8.58,8.38,120,1,25.7,60.1
2159,3159,2,6.41,6.63,66,2,19.2,44.9
2160,3160,1,6.04,6.2,47,3,18.1,42.3
2161,3161,7,7.49,7.89,13,1,22.5,52.4
2162,3162,4,9.25,9.46,108,0,27.8,64.8
2163,3163,8,7.8,7.63,40,2,23.4,54.6
2164,3164,2,8.51,8.59,22,0,25.5,59.6
2165,3165,5,7.53,7.76,70,2,22.6,52.7
2166,3166,6,8.19,7.95,84,1,24.6,57.3
2167,3167,7,7.65,7.7,24,1,23.0,53.6
2168,3168,8,8.15,7.89,105,1,24.5,57.1
2169,3169,6,7.44,7.23,104,1,22.3,52.1
2170,3170,7,8.1,8.14,84,1,24.3,56.7
2171,3171,6,7.87,8.17,42,1,23.6,55.1
2172,3172,6,6.12,5.89,14,3,18.4,42.8
2173,3173,1,5.84,6.11,6,3,17.5,40.9
2174,3174,1,8.41,8.52,91,1,25.2,58.9
2175,3175,3,9.49,9.67,59,0,28.5,66.4
2176,3176,3,9.26,9.52,18,0,27.8,64.8
2177,3177,3,5.55,5.22,92,4,16.6,38.9
2178,3178,2,8.76,8.94,47,0,26.3,61.3
2179,3179,8,9.29,9.0,73,0,27.9,65.0
2180,3180,4,7.09,7.12,114,2,21.3,49.6
2181,3181,2,9.73,9.95,106,0,29.2,68.1
2182,3182,1,7.23,7.55,79,2,21.7,50.6
2183,3183,3,7.26,7.38,44,2,21.8,50.8
2184,3184,4,5.94,6.31,21,4,17.8,41.6
2185,3185,1,5.76,5.71,90,3,17.3,40.3
2186,3186,7,8.77,8.98,42,0,26.3,61.4
2187,3187,3,6.0,6.01,30,3,18.0,42.0
2188,3188,5,8.16,8.21,71,0,24.5,57.1
2189,3189,3,6.05,5.85,66,3,18.1,42.4
2190,3190,7,7.23,7.34,74,2,21.7,50.6
2191,3191,1,7.07,6.77,50,2,21.2,49.5
2192,3192,7,9.64,9.31,11,0,28.9,67.5
2193,3193,2,8.77,8.67,70,1,26.3,61.4
2194,3194,6,7.38,7.1,97,2,22.1,51.7
2195,3195,7,6.54,6.66,54,3,19.6,45.8
2196,3196,3,8.81,9.01,106,0,26.4,61.7
2197,3197,1,9.63,9.69,11,0,28.9,67.4
2198,3198,4,7.52,7.45,32,1,22.6,52.6
2199,3199,5,7.66,7.63,73,1,23.0,53.6
2200,3200,3,9.22,9.43,65,0,27.7,64.5
2201,3201,1,6.23,6.21,84,3,18.7,43.6
2202,3202,6,7.81,7.59,119,1,23.4,54.7
2203,3203,7,9.42,9.08,82,0,28.3,65.9
2204,3204,2,6.8,6.56,34,2,20.4,47.6
2205,3205,2,8.31,8.51,19,1,24.9,58.2
2206,3206,7,8.34,7.96,78,0,25.0,58.4
2207,3207,8,6.13,6.01,91,3,18.4,42.9
2208,3208,3,6.15,6.26,90,2,18.5,43.1
2209,3209,3,6.15,5.94,66,3,18.5,43.1
2210,3210,3,5.78,5.97,93,3,17.3,40.5
2211,3211,2,7.32,7.4,15,1,22.0,51.2
2212,3212,1,9.71,9.47,89,0,29.1,68.0
2213,3213,6,9.59,9.19,12,0,28.8,67.1
2214,3214,2,6.4,6.72,27,2,19.2,44.8
2215,3215,2,9.57,9.89,58,0,28.7,67.0
2216,3216,6,7.87,8.16,51,2,23.6,55.1
2217,3217,2,7.6,7.85,106,2,22.8,53.2
2218,3218,7,7.01,7.03,66,2,21.0,49.1
2219,3219,5,7.63,7.6,115,2,22.9,53.4
2220,3220,1,5.63,5.7,100,3,16.9,39.4
2221,3221,8,8.16,8.19,27,1,24.5,57.1
2222,3222,1,7.14,7.2,95,2,21.4,50.0
2223,3223,3,5.61,5.81,96,3,16.8,39.3
2224,3224,8,7.15,7.24,59,2,21.5,50.1
2225,3225,8,9.54,9.71,47,0,28.6,66.8
2226,3226,1,9.76,9.93,81,0,29.3,68.3
2227,3227,8,7.71,7.97,94,1,23.1,54.0
2228,3228,8,7.0,7.21,93,2,21.0,49.0
2229,3229,4,6.52,6.18,12,2,19.6,45.6
2230,3230,8,5.75,5.86,1,3,17.2,40.2
2231,3231,1,6.31,6.36,18,3,18.9,44.2
2232,3232,3,9.34,9.5,11,0,28.0,65.4
2233,3233,4,6.03,5.92,17,3,18.1,42.2
2234,3234,8,5.67,5.51,37,3,17.0,39.7
2235,3235,4,8.23,8.49,12,1,24.7,57.6
2236,3236,5,7.48,7.43,91,1,22.4,52.4
2237,3237,7,6.92,6.53,45,2,20.8,48.4
2238,3238,7,8.82,8.66,69,0,26.5,61.7
2239,3239,7,6.2,6.0,119,3,18.6,43.4
2240,3240,2,8.69,8.73,117,0,26.1,60.8
2241,3241,3,8.93,9.08,84,0,26.8,62.5
2242,3242,5,7.95,8.14,84,1,23.9,55.6
2243,3243,8,8.91,8.55,94,0,26.7,62.4
2244,3244,7,9.44,9.44,5,0,28.3,66.1
2245,3245,5,8.51,8.44,97,0,25.5,59.6
2246,3246,2,7.99,8.37,1,1,24.0,55.9
2247,3247,6,7.34,7.07,115,2,22.0,51.4
2248,3248,1,9.21,9.25,63,0,27.6,64.5
2249,3249,5,7.28,7.57,114,1,21.8,51.0
2250,3250,4,8.37,8.3,20,0,25.1,58.6
2251,3251,3,7.12,6.77,57,2,21.4,49.8
2252,3252,8,9.78,10.0,61,0,29.3,68.5
2253,3253,7,8.79,8.49,100,0,26.4,61.5
2254,3254,8,7.55,7.37,108,2,22.6,52.9
2255,3255,1,5.86,5.61,39,3,17.6,41.0
2256,3256,4,6.21,5.93,18,3,18.6,43.5
2257,3257,6,6.85,6.47,82,2,20.5,47.9
2258,3258,3,7.45,7.32,39,2,22.4,52.1
2259,3259,7,7.54,7.5,113,2,22.6,52.8
2260,3260,4,9.08,8.91,119,0,27.2,63.6
2261,3261,2,8.83,8.48,105,0,26.5,61.8
2262,3262,1,8.65,8.9,73,0,26.0,60.6
2263,3263,2,8.37,8.73,57,1,25.1,58.6
2264,3264,8,6.57,6.63,84,3,19.7,46.0
2265,3265,1,5.89,5.62,83,3,17.7,41.2
2266,3266,8,9.7,9.54,113,0,29.1,67.9
2267,3267,5,8.63,8.31,10,1,25.9,60.4
2268,3268,3,7.75,8.08,18,2,23.2,54.2
2269,3269,1,8.29,8.41,120,1,24.9,58.0
2270,3270,4,7.68,7.77,39,1,23.0,53.8
2271,3271,2,6.11,5.84,64,3,18.3,42.8
2272,3272,1,7.38,7.77,12,1,22.1,51.7
2273,3273,2,7.16,7.03,31,2,21.5,50.1
2274,3274,4,7.99,8.29,8,1,24.0,55.9
2275,3275,8,9.5,9.31,58,0,28.5,66.5
2276,3276,2,8.98,8.73,73,0,26.9,62.9
2277,3277,7,8.03,8.33,32,1,24.1,56.2
2278,3278,5,6.68,7.06,29,3,20.0,46.8
2279,3279,8,6.93,7.04,75,2,20.8,48.5
2280,3280,8,9.19,9.07,56,0,27.6,64.3
2281,3281,8,5.92,5.88,50,3,17.8,41.4
2282,3282,3,5.85,5.62,120,4,17.5,40.9
2283,3283,6,8.65,8.87,34,0,26.0,60.6
2284,3284,5,8.22,8.29,78,0,24.7,57.5
2285,3285,5,5.73,5.61,90,3,17.2,40.1
2286,3286,6,6.8,6.46,62,2,20.4,47.6
2287,3287,7,7.99,8.08,63,1,24.0,55.9
2288,3288,2,7.76,7.39,14,1,23.3,54.3
2289,3289,1,9.19,9.04,20,0,27.6,64.3
2290,3290,4,7.66,7.29,108,1,23.0,53.6
2291,3291,6,6.31,6.07,88,2,18.9,44.2
2292,3292,2,8.37,8.76,117,1,25.1,58.6
2293,3293,1,7.91,7.85,112,1,23.7,55.4
2294,3294,4,6.1,5.89,24,3,18.3,42.7
2295,3295,3,8.46,8.07,69,1,25.4,59.2
2296,3296,1,5.71,5.39,69,3,17.1,40.0
2297,3297,2,6.39,6.13,75,3,19.2,44.7
2298,3298,5,8.79,8.67,104,0,26.4,61.5
2299,3299,3,5.62,5.57,93,4,16.9,39.3
2300,3300,6,7.33,7.56,68,2,22.0,51.3
2301,3301,4,9.78,10.0,73,0,29.3,68.5
2302,3302,4,7.96,8.02,45,1,23.9,55.7
2303,3303,5,9.46,9.78,63,0,28.4,66.2
2304,3304,3,8.55,8.34,79,0,25.7,59.9
2305,3305,3,6.65,6.81,1,2,20.0,46.6
2306,3306,7,8.36,8.59,32,1,25.1,58.5
2307,3307,2,9.58,9.6,26,0,28.7,67.1
2308,3308,2,6.17,6.5,46,3,18.5,43.2
2309,3309,5,6.79,7.0,105,2,20.4,47.5
2310,3310,2,8.04,8.33,66,0,24.1,56.3
2311,3311,8,6.78,7.0,115,2,20.3,47.5
2312,3312,6,7.87,7.76,111,1,23.6,55.1
2313,3313,4,5.53,5.35,8,4,16.6,38.7
2314,3314,1,8.29,7.95,67,1,24.9,58.0
2315,3315,7,5.68,5.76,88,3,17.0,39.8
2316,3316,8,5.73,5.43,85,3,17.2,40.1
2317,3317,2,7.05,6.69,14,2,21.1,49.4
2318,3318,6,9.47,9.3,25,0,28.4,66.3
2319,3319,2,7.13,7.04,97,2,21.4,49.9
2320,3320,4,5.67,6.0,84,3,17.0,39.7
2321,3321,7,5.95,5.77,42,3,17.9,41.6
2322,3322,1,8.21,8.04,17,0,24.6,57.5
2323,3323,6,7.02,7.16,18,2,21.1,49.1
2324,3324,8,9.09,8.77,84,0,27.3,63.6
2325,3325,4,7.97,8.2,72,1,23.9,55.8
2326,3326,7,7.59,7.33,57,2,22.8,53.1
2327,3327,7,7.4,7.16,37,2,22.2,51.8
2328,3328,6,6.6,6.99,28,2,19.8,46.2
2329,3329,3,7.83,7.66,67,1,23.5,54.8
2330,3330,1,8.17,8.37,40,0,24.5,57.2
2331,3331,2,8.07,7.87,69,1,24.2,56.5
2332,3332,3,7.39,7.78,9,2,22.2,51.7
2333,3333,2,7.95,7.95,68,1,23.9,55.6
2334,3334,2,6.16,6.32,71,3,18.5,43.1
2335,3335,4,6.67,6.88,35,2,20.0,46.7
2336,3336,7,7.87,7.85,20,1,23.6,55.1
2337,3337,6,6.74,6.57,63,2,20.2,47.2
2338,3338,6,7.61,7.24,80,1,22.8,53.3
2339,3339,8,8.56,8.93,63,1,25.7,59.9
2340,3340,8,6.47,6.63,107,2,19.4,45.3
2341,3341,5,5.56,5.45,43,3,16.7,38.9
2342,3342,6,6.16,5.95,17,2,18.5,43.1
2343,3343,8,8.87,9.24,55,0,26.6,62.1
2344,3344,6,7.09,7.08,76,2,21.3,49.6
2345,3345,4,8.44,8.18,13,1,25.3,59.1
2346,3346,3,7.01,6.69,71,2,21.0,49.1
2347,3347,2,8.26,8.15,18,1,24.8,57.8
2348,3348,1,7.04,7.05,49,2,21.1,49.3
2349,3349,2,8.92,9.29,49,0,26.8,62.4
2350,3350,6,9.68,9.46,60,0,29.0,67.8
2351,3351,7,6.35,6.71,57,2,19.0,44.4
2352,3352,6,8.35,8.08,69,1,25.0,58.4
2353,3353,7,6.24,6.53,98,3,18.7,43.7
2354,3354,8,7.91,8.25,116,1,23.7,55.4
2355,3355,3,7.86,8.18,35,1,23.6,55.0
2356,3356,7,9.64,9.7,53,0,28.9,67.5
2357,3357,7,7.07,7.33,42,2,21.2,49.5
2358,3358,7,5.89,6.01,41,3,17.7,41.2
2359,3359,7,8.82,8.92,10,0,26.5,61.7
2360,3360,4,6.52,6.56,83,2,19.6,45.6
2361,3361,3,8.07,7.78,82,1,24.2,56.5
2362,3362,3,9.52,9.24,51,0,28.6,66.6
2363,3363,3,8.9,8.8,65,0,26.7,62.3
2364,3364,1,5.96,6.26,5,3,17.9,41.7
2365,3365,6,7.52,7.52,103,2,22.6,52.6
2366,3366,3,9.75,9.61,91,0,29.2,68.2
2367,3367,2,8.22,8.35,89,1,24.7,57.5
2368,3368,7,6.58,6.72,70,3,19.7,46.1
2369,3369,5,7.46,7.54,67,2,22.4,52.2
2370,3370,6,6.58,6.56,74,2,19.7,46.1
2371,3371,2,5.52,5.9,105,4,16.6,38.6
2372,3372,5,8.98,8.74,35,0,26.9,62.9
2373,3373,1,9.57,9.19,65,0,28.7,67.0
2374,3374,8,7.62,7.68,37,2,22.9,53.3
2375,3375,6,7.25,7.18,63,2,21.8,50.8
2376,3376,8,5.96,6.27,83,3,17.9,41.7
2377,3377,3,7.26,7.32,104,1,21.8,50.8
2378,3378,5,9.57,9.26,104,0,28.7,67.0
2379,3379,8,8.46,8.28,61,0,25.4,59.2
2380,3380,1,7.84,8.04,69,1,23.5,54.9
2381,3381,5,8.2,8.46,78,1,24.6,57.4
2382,3382,5,6.09,6.43,101,3,18.3,42.6
2383,3383,7,8.95,9.27,86,0,26.8,62.6
2384,3384,5,8.17,7.87,3,1,24.5,57.2
2385,3385,3,7.29,7.05,41,2,21.9,51.0
2386,3386,4,7.64,7.72,65,1,22.9,53.5
2387,3387,7,7.66,7.44,27,1,23.0,53.6
2388,3388,6,6.7,6.42,93,2,20.1,46.9
2389,3389,5,9.32,9.51,36,0,28.0,65.2
2390,3390,8,9.14,9.37,34,0,27.4,64.0
2391,3391,8,9.4,9.73,108,0,28.2,65.8
2392,3392,5,7.99,7.81,90,1,24.0,55.9
2393,3393,8,8.26,8.21,48,0,24.8,57.8
2394,3394,8,6.3,6.18,52,3,18.9,44.1
2395,3395,1,8.88,8.8,110,0,26.6,62.2
2396,3396,3,6.16,6.17,22,3,18.5,43.1
2397,3397,7,7.98,7.87,40,1,23.9,55.9
2398,3398,8,7.69,7.56,44,1,23.1,53.8
2399,3399,4,8.22,8.23,70,1,24.7,57.5
2400,3400,2,7.68,7.99,36,2,23.0,53.8
2401,3401,8,9.6,9.38,50,0,28.8,67.2
2402,3402,7,7.63,7.61,66,1,22.9,53.4
2403,3403,7,9.42,9.45,100,0,28.3,65.9
2404,3404,2,5.91,5.99,75,3,17.7,41.4
2405,3405,7,5.94,5.64,97,3,17.8,41.6
2406,3406,2,6.42,6.07,92,3,19.3,44.9
2407,3407,1,9.79,10.0,48,0,29.4,68.5
2408,3408,4,6.14,6.33,49,3,18.4,43.0
2409,3409,4,9.69,9.9,9,0,29.1,67.8
2410,3410,1,6.57,6.78,60,2,19.7,46.0
2411,3411,5,8.16,7.94,10,1,24.5,57.1
2412,3412,8,5.63,5.33,95,3,16.9,39.4
2413,3413,5,6.32,6.48,83,2,19.0,44.2
2414,3414,2,6.46,6.55,17,2,19.4,45.2
2415,3415,7,6.33,6.1,100,3,19.0,44.3
2416,3416,5,9.28,9.05,114,0,27.8,65.0
2417,3417,8,6.41,6.17,9,3,19.2,44.9
2418,3418,8,8.99,9.04,58,0,27.0,62.9
2419,3419,1,7.69,7.42,62,2,23.1,53.8
2420,3420,3,9.09,9.41,25,0,27.3,63.6
2421,3421,7,8.85,8.58,19,0,26.5,61.9
2422,3422,7,7.14,7.23,4,2,21.4,50.0
2423,3423,1,8.35,8.06,39,0,25.0,58.4
2424,3424,5,8.56,8.83,109,0,25.7,59.9
2425,3425,6,8.56,8.77,84,1,25.7,59.9
2426,3426,6,8.33,8.23,49,1,25.0,58.3
2427,3427,7,6.16,5.95,77,3,18.5,43.1
2428,3428,6,7.92,7.56,4,1,23.8,55.4
2429,3429,1,7.29,7.56,43,1,21.9,51.0
2430,3430,1,7.33,7.21,34,1,22.0,51.3
2431,3431,5,8.79,8.85,48,0,26.4,61.5
2432,3432,7,6.72,7.06,91,3,20.2,47.0
2433,3433,7,9.45,9.48,40,0,28.3,66.1
2434,3434,7,7.9,7.69,52,2,23.7,55.3
2435,3435,3,9.32,9.61,58,0,28.0,65.2
2436,3436,5,6.77,6.4,27,2,20.3,47.4
2437,3437,7,7.07,7.13,19,2,21.2,49.5
2438,3438,8,7.74,7.38,1,1,23.2,54.2
2439,3439,7,6.7,6.54,25,2,20.1,46.9
2440,3440,1,8.2,7.81,77,1,24.6,57.4
2441,3441,3,6.38,6.78,60,3,19.1,44.7
2442,3442,6,9.58,9.83,38,0,28.7,67.1
2443,3443,7,5.93,6.19,117,3,17.8,41.5
2444,3444,2,9.34,9.46,119,0,28.0,65.4
2445,3445,5,8.78,8.89,8,0,26.3,61.5
2446,3446,7,7.56,7.61,33,1,22.7,52.9
2447,3447,4,6.54,6.4,44,2,19.6,45.8
2448,3448,8,6.39,6.71,60,3,19.2,44.7
2449,3449,8,7.92,8.13,13,1,23.8,55.4
2450,3450,3,7.53,7.68,33,2,22.6,52.7
2451,3451,6,9.51,9.39,53,0,28.5,66.6
2452,3452,5,9.52,9.31,7,0,28.6,66.6
2453,3453,3,6.35,6.48,73,3,19.0,44.4
2454,3454,3,5.88,5.51,27,4,17.6,41.2
2455,3455,6,7.77,7.55,46,2,23.3,54.4
2456,3456,1,7.14,6.92,23,2,21.4,50.0
2457,3457,1,6.84,6.95,17,2,20.5,47.9
2458,3458,5,6.92,6.81,35,2,20.8,48.4
2459,3459,3,7.08,7.47,3,2,21.2,49.6
2460,3460,2,6.14,6.39,2,3,18.4,43.0
2461,3461,5,5.95,5.79,22,3,17.9,41.6
2462,3462,7,6.41,6.43,61,3,19.2,44.9
2463,3463,6,7.58,7.87,47,1,22.7,53.1
2464,3464,1,5.7,5.94,80,3,17.1,39.9
2465,3465,3,7.09,7.03,114,2,21.3,49.6
2466,3466,5,9.22,8.83,3,0,27.7,64.5
2467,3467,7,6.67,6.73,55,2,20.0,46.7
2468,3468,7,9.26,9.28,6,0,27.8,64.8
2469,3469,4,7.29,7.11,92,1,21.9,51.0
2470,3470,1,9.8,9.5,27,0,29.4,68.6
2471,3471,6,9.79,10.0,57,0,29.4,68.5
2472,3472,1,8.86,8.58,118,0,26.6,62.0
2473,3473,5,5.8,5.6,95,3,17.4,40.6
2474,3474,4,7.45,7.31,114,2,22.4,52.1
2475,3475,8,9.11,9.11,87,0,27.3,63.8
2476,3476,4,8.82,8.8,90,0,26.5,61.7
2477,3477,3,7.49,7.4,36,2,22.5,52.4
2478,3478,1,7.72,7.37,106,1,23.2,54.0
2479,3479,5,9.55,9.44,111,0,28.7,66.9
2480,3480,5,5.66,5.93,90,3,17.0,39.6
2481,3481,2,8.78,9.12,30,1,26.3,61.5
2482,3482,6,8.06,7.89,114,1,24.2,56.4
2483,3483,4,6.14,6.37,58,3,18.4,43.0
2484,3484,3,9.02,9.13,71,0,27.1,63.1
2485,3485,2,6.94,6.61,39,2,20.8,48.6
2486,3486,2,9.2,9.24,52,0,27.6,64.4
2487,3487,4,5.87,6.11,55,3,17.6,41.1
2488,3488,3,6.29,6.17,114,2,18.9,44.0
2489,3489,6,8.16,7.81,53,1,24.5,57.1
2490,3490,3,6.62,6.24,69,2,19.9,46.3
2491,3491,5,6.39,6.17,63,2,19.2,44.7
2492,3492,4,9.26,9.08,68,0,27.8,64.8
2493,3493,7,5.64,5.41,83,4,16.9,39.5
2494,3494,3,7.38,7.35,102,2,22.1,51.7
2495,3495,4,5.66,5.92,39,3,17.0,39.6
2496,3496,8,7.62,7.6,80,1,22.9,53.3
2497,3497,8,5.59,5.79,46,3,16.8,39.1
2498,3498,3,5.63,5.43,96,3,16.9,39.4
2499,3499,5,5.54,5.75,16,3,16.6,38.8
2500,3500,1,8.37,8.52,98,1,25.1,58.6
2501,3501,6,6.53,6.72,109,2,19.6,45.7
2502,3502,6,6.79,7.19,32,2,20.4,47.5
2503,3503,1,7.99,7.9,53,1,24.0,55.9
2504,3504,3,7.06,7.44,5,2,21.2,49.4
2505,3505,3,5.76,5.55,32,3,17.3,40.3
2506,3506,7,6.04,6.37,28,3,18.1,42.3
2507,3507,6,8.0,8.13,46,1,24.0,56.0
2508,3508,5,5.98,6.14,21,3,17.9,41.9
2509,3509,8,8.47,8.49,43,0,25.4,59.3
2510,3510,5,7.23,6.98,95,2,21.7,50.6
2511,3511,6,9.01,9.03,9,0,27.0,63.1
2512,3512,7,7.96,7.83,95,1,23.9,55.7
2513,3513,1,9.04,8.69,3,0,27.1,63.3
2514,3514,8,5.94,6.29,105,3,17.8,41.6
2515,3515,5,8.49,8.68,76,0,25.5,59.4
2516,3516,3,6.44,6.44,82,2,19.3,45.1
2517,3517,6,8.84,9.03,78,0,26.5,61.9
2518,3518,3,6.42,6.25,109,3,19.3,44.9
2519,3519,6,5.52,5.54,116,3,16.6,38.6
2520,3520,6,8.01,8.3,119,1,24.0,56.1
2521,3521,2,5.71,5.52,39,4,17.1,40.0
2522,3522,2,9.2,8.9,10,0,27.6,64.4
2523,3523,5,7.3,7.21,90,2,21.9,51.1
2524,3524,8,8.77,9.15,45,0,26.3,61.4
2525,3525,5,9.15,9.41,89,0,27.5,64.0
2526,3526,7,6.33,6.73,54,2,19.0,44.3
2527,3527,7,7.67,7.54,29,1,23.0,53.7
2528,3528,2,7.2,7.55,81,2,21.6,50.4
2529,3529,3,7.13,7.29,13,2,21.4,49.9
2530,3530,1,7.38,7.43,43,1,22.1,51.7
2531,3531,8,7.88,7.95,103,1,23.6,55.2
2532,3532,1,5.93,5.62,47,3,17.8,41.5
2533,3533,1,8.54,8.5,37,1,25.6,59.8
2534,3534,5,6.89,6.8,93,2,20.7,48.2
2535,3535,1,7.67,7.48,87,1,23.0,53.7
2536,3536,4,8.96,9.34,60,0,26.9,62.7
2537,3537,5,6.76,6.8,118,2,20.3,47.3
2538,3538,7,7.43,7.36,17,2,22.3,52.0
2539,3539,3,7.7,7.63,43,1,23.1,53.9
2540,3540,4,7.61,7.44,65,2,22.8,53.3
2541,3541,2,6.09,6.03,105,3,18.3,42.6
2542,3542,4,5.64,6.02,106,3,16.9,39.5
2543,3543,4,6.73,7.12,8,2,20.2,47.1
2544,3544,2,6.4,6.66,73,3,19.2,44.8
2545,3545,2,7.92,7.73,101,1,23.8,55.4
2546,3546,7,8.55,8.75,26,1,25.7,59.9
2547,3547,4,9.07,8.91,103,0,27.2,63.5
2548,3548,5,9.65,9.98,83,0,29.0,67.5
2549,3549,2,9.43,9.22,93,0,28.3,66.0
2550,3550,3,5.87,5.77,68,3,17.6,41.1
2551,3551,6,8.59,8.73,39,1,25.8,60.1
2552,3552,4,8.02,7.64,107,1,24.1,56.1
2553,3553,3,6.85,6.91,68,2,20.5,47.9
2554,3554,7,9.35,9.01,61,0,28.0,65.5
2555,3555,1,6.7,6.93,44,3,20.1,46.9
2556,3556,6,7.1,6.87,109,2,21.3,49.7
2557,3557,3,6.79,6.99,111,2,20.4,47.5
2558,3558,1,8.06,8.18,61,1,24.2,56.4
2559,3559,6,5.86,5.52,118,3,17.6,41.0
2560,3560,5,6.08,6.16,10,3,18.2,42.6
2561,3561,1,7.26,7.35,34,2,21.8,50.8
2562,3562,2,7.21,7.32,18,2,21.6,50.5
2563,3563,5,9.47,9.52,46,0,28.4,66.3
2564,3564,6,5.87,5.73,9,3,17.6,41.1
2565,3565,4,9.35,9.16,78,0,28.0,65.5
2566,3566,4,8.91,9.28,57,0,26.7,62.4
2567,3567,2,7.11,6.94,6,2,21.3,49.8
2568,3568,4,7.13,6.75,120,2,21.4,49.9
2569,3569,5,6.68,7.07,80,3,20.0,46.8
2570,3570,1,6.16,5.93,28,3,18.5,43.1
2571,3571,7,5.5,5.53,24,4,16.5,38.5
2572,3572,2,8.18,8.12,114,1,24.5,57.3
2573,3573,7,7.33,7.27,52,2,22.0,51.3
2574,3574,7,7.73,7.55,31,1,23.2,54.1
2575,3575,2,9.14,9.5,23,0,27.4,64.0
2576,3576,1,7.4,7.63,47,2,22.2,51.8
2577,3577,5,7.33,7.7,76,2,22.0,51.3
2578,3578,4,9.19,9.34,71,0,27.6,64.3
2579,3579,1,8.03,8.38,37,1,24.1,56.2
2580,3580,8,5.71,5.34,38,4,17.1,40.0
2581,3581,1,8.11,8.01,19,1,24.3,56.8
2582,3582,4,8.57,8.75,9,1,25.7,60.0
2583,3583,3,7.78,8.07,107,1,23.3,54.5
2584,3584,7,7.44,7.41,13,2,22.3,52.1
2585,3585,7,8.95,9.09,25,0,26.8,62.6
2586,3586,4,8.59,8.26,103,0,25.8,60.1
2587,3587,2,6.9,7.27,11,3,20.7,48.3
2588,3588,6,7.27,6.93,4,1,21.8,50.9
2589,3589,8,6.99,7.38,69,2,21.0,48.9
2590,3590,1,9.09,9.0,8,0,27.3,63.6
2591,3591,2,6.39,6.5,3,2,19.2,44.7
2592,3592,8,9.79,10.0,35,0,29.4,68.5
2593,3593,2,6.14,5.78,111,3,18.4,43.0
2594,3594,7,9.08,9.42,88,0,27.2,63.6
2595,3595,3,6.23,6.05,67,2,18.7,43.6
2596,3596,2,7.65,7.44,91,1,23.0,53.6
2597,3597,1,7.1,7.23,73,2,21.3,49.7
2598,3598,1,8.49,8.51,92,1,25.5,59.4
2599,3599,3,6.65,6.62,120,3,20.0,46.6
2600,3600,7,8.07,8.36,32,1,24.2,56.5
2601,3601,1,7.98,7.88,118,1,23.9,55.9
2602,3602,3,8.67,8.4,32,1,26.0,60.7
2603,3603,5,8.16,8.05,113,1,24.5,57.1
2604,3604,3,7.49,7.21,120,2,22.5,52.4
2605,3605,7,7.62,7.53,17,2,22.9,53.3
2606,3606,5,7.44,7.23,99,1,22.3,52.1
2607,3607,2,6.49,6.49,56,2,19.5,45.4
2608,3608,2,9.71,9.87,104,0,29.1,68.0
2609,3609,8,6.66,6.52,34,3,20.0,46.6
2610,3610,2,6.25,5.93,101,3,18.8,43.8
2611,3611,8,8.99,9.29,70,0,27.0,62.9
2612,3612,5,6.16,5.81,86,3,18.5,43.1
2613,3613,3,8.21,8.22,6,1,24.6,57.5
2614,3614,5,8.68,8.3,87,0,26.0,60.8
2615,3615,6,7.35,7.33,74,2,22.0,51.4
2616,3616,7,9.39,9.28,8,0,28.2,65.7
2617,3617,8,9.61,9.69,5,0,28.8,67.3
2618,3618,7,7.03,6.91,119,2,21.1,49.2
2619,3619,7,6.5,6.73,54,2,19.5,45.5
2620,3620,7,6.88,7.1,88,2,20.6,48.2
2621,3621,4,7.43,7.35,29,1,22.3,52.0
2622,3622,7,7.7,7.95,48,1,23.1,53.9
2623,3623,6,9.18,9.32,79,0,27.5,64.3
2624,3624,5,9.5,9.86,104,0,28.5,66.5
2625,3625,4,7.83,7.7,115,1,23.5,54.8
2626,3626,2,9.45,9.66,90,0,28.3,66.1
2627,3627,4,5.96,6.35,25,3,17.9,41.7
2628,3628,5,7.69,7.88,101,1,23.1,53.8
2629,3629,2,8.35,8.16,39,1,25.0,58.4
2630,3630,4,8.73,8.51,3,0,26.2,61.1
2631,3631,5,6.31,6.1,96,3,18.9,44.2
2632,3632,7,6.16,6.51,34,3,18.5,43.1
2633,3633,3,9.09,8.82,40,0,27.3,63.6
2634,3634,8,7.28,7.09,48,2,21.8,51.0
2635,3635,2,8.96,9.35,106,0,26.9,62.7
2636,3636,1,9.11,9.12,100,0,27.3,63.8
2637,3637,5,5.5,5.46,104,3,16.5,38.5
2638,3638,5,9.13,8.81,2,0,27.4,63.9
2639,3639,6,8.78,9.09,37,0,26.3,61.5
2640,3640,1,6.12,6.42,87,3,18.4,42.8
2641,3641,2,7.83,7.83,52,2,23.5,54.8
2642,3642,2,5.76,5.9,120,3,17.3,40.3
2643,3643,6,9.0,8.75,103,0,27.0,63.0
2644,3644,2,7.68,7.72,31,2,23.0,53.8
2645,3645,2,6.67,7.02,114,2,20.0,46.7
2646,3646,1,9.25,9.4,64,0,27.8,64.8
2647,3647,1,9.16,9.14,68,0,27.5,64.1
2648,3648,1,7.93,8.17,1,1,23.8,55.5
2649,3649,1,6.23,6.44,64,3,18.7,43.6
2650,3650,6,5.51,5.35,6,3,16.5,38.6
2651,3651,1,5.51,5.28,71,3,16.5,38.6
2652,3652,8,7.36,7.34,31,2,22.1,51.5
2653,3653,5,6.59,6.24,22,2,19.8,46.1
2654,3654,4,6.98,6.93,81,2,20.9,48.9
2655,3655,5,9.58,9.49,109,0,28.7,67.1
2656,3656,4,7.09,6.86,103,2,21.3,49.6
2657,3657,6,9.8,9.57,69,0,29.4,68.6
2658,3658,5,6.72,6.67,18,2,20.2,47.0
2659,3659,2,5.99,5.96,108,3,18.0,41.9
2660,3660,2,7.4,7.55,119,1,22.2,51.8
2661,3661,5,9.37,9.44,77,0,28.1,65.6
2662,3662,6,6.07,6.25,69,3,18.2,42.5
2663,3663,7,6.52,6.37,92,2,19.6,45.6
2664,3664,5,6.73,6.34,74,2,20.2,47.1
2665,3665,7,7.73,7.46,4,1,23.2,54.1
2666,3666,5,7.17,7.48,26,2,21.5,50.2
2667,3667,3,7.52,7.79,16,2,22.6,52.6
2668,3668,2,8.89,8.67,118,0,26.7,62.2
2669,3669,1,8.8,8.52,35,0,26.4,61.6
2670,3670,3,7.32,7.28,96,2,22.0,51.2
2671,3671,3,9.27,9.35,31,0,27.8,64.9
2672,3672,5,9.73,9.36,58,0,29.2,68.1
2673,3673,1,8.81,8.77,37,0,26.4,61.7
2674,3674,7,5.95,5.57,40,3,17.9,41.6
2675,3675,2,5.83,6.06,76,3,17.5,40.8
2676,3676,5,9.55,9.25,48,0,28.7,66.9
2677,3677,8,9.6,9.43,111,0,28.8,67.2
2678,3678,6,6.88,7.04,58,3,20.6,48.2
2679,3679,8,7.82,8.08,101,2,23.5,54.7
2680,3680,1,7.19,6.97,22,2,21.6,50.3
2681,3681,7,9.02,9.3,86,0,27.1,63.1
2682,3682,7,6.92,7.0,96,2,20.8,48.4
2683,3683,4,9.21,9.1,17,0,27.6,64.5
2684,3684,2,8.98,9.12,26,0,26.9,62.9
2685,3685,5,6.25,6.19,32,3,18.8,43.8
2686,3686,6,9.12,9.45,34,0,27.4,63.8
2687,3687,6,6.63,6.8,103,2,19.9,46.4
2688,3688,2,6.97,7.23,42,2,20.9,48.8
2689,3689,8,7.04,6.82,109,2,21.1,49.3
2690,3690,3,9.51,9.52,63,0,28.5,66.6
2691,3691,8,5.58,5.78,47,4,16.7,39.1
2692,3692,8,7.27,7.02,52,2,21.8,50.9
2693,3693,5,6.17,6.2,73,2,18.5,43.2
2694,3694,1,7.75,7.8,10,1,23.2,54.2
2695,3695,4,7.51,7.26,88,2,22.5,52.6
2696,3696,5,6.3,6.47,71,3,18.9,44.1
2697,3697,5,6.23,6.25,87,2,18.7,43.6
2698,3698,2,9.3,9.02,110,0,27.9,65.1
2699,3699,1,9.47,9.77,11,0,28.4,66.3
2700,3700,2,8.89,8.54,84,0,26.7,62.2
2701,3701,1,8.16,7.93,77,1,24.5,57.1
2702,3702,4,8.06,8.32,27,1,24.2,56.4
2703,3703,4,6.08,6.44,57,3,18.2,42.6
2704,3704,6,6.86,6.84,21,3,20.6,48.0
2705,3705,8,7.37,7.3,86,1,22.1,51.6
2706,3706,7,7.01,6.76,42,2,21.0,49.1
2707,3707,2,7.49,7.44,26,2,22.5,52.4
2708,3708,7,7.03,6.89,114,2,21.1,49.2
2709,3709,2,5.76,5.44,64,3,17.3,40.3
2710,3710,1,5.81,6.2,43,4,17.4,40.7
2711,3711,3,9.72,9.65,91,0,29.2,68.0
2712,3712,4,7.73,7.63,70,2,23.2,54.1
2713,3713,6,6.97,6.75,114,2,20.9,48.8
2714,3714,1,9.77,9.76,19,0,29.3,68.4
2715,3715,4,6.98,6.66,40,2,20.9,48.9
2716,3716,1,8.87,8.73,104,1,26.6,62.1
2717,3717,4,7.78,8.15,31,1,23.3,54.5
2718,3718,8,7.99,8.34,51,1,24.0,55.9
2719,3719,7,7.75,7.61,58,2,23.2,54.2
2720,3720,8,7.48,7.72,86,2,22.4,52.4
2721,3721,6,7.64,7.59,25,1,22.9,53.5
2722,3722,7,7.06,7.24,109,2,21.2,49.4
2723,3723,5,7.91,7.82,68,1,23.7,55.4
2724,3724,1,6.71,6.71,70,2,20.1,47.0
2725,3725,3,6.76,6.62,34,2,20.3,47.3
2726,3726,8,8.14,8.35,107,1,24.4,57.0
2727,3727,3,9.0,9.09,34,0,27.0,63.0
2728,3728,4,5.57,5.89,63,4,16.7,39.0
2729,3729,8,9.02,9.17,85,0,27.1,63.1
2730,3730,4,7.18,6.95,62,2,21.5,50.3
2731,3731,6,8.88,8.48,59,0,26.6,62.2
2732,3732,1,7.88,7.48,43,1,23.6,55.2
2733,3733,5,8.05,8.31,11,1,24.2,56.4
2734,3734,3,7.92,8.25,96,1,23.8,55.4
2735,3735,6,7.55,7.9,92,2,22.6,52.9
2736,3736,7,9.59,9.86,60,0,28.8,67.1
2737,3737,2,7.83,8.11,1,1,23.5,54.8
2738,3738,8,5.65,5.72,63,3,17.0,39.6
2739,3739,8,9.5,9.36,95,0,28.5,66.5
2740,3740,7,9.27,9.53,11,0,27.8,64.9
2741,3741,8,7.54,7.72,91,1,22.6,52.8
2742,3742,7,5.89,5.87,12,3,17.7,41.2
2743,3743,4,5.6,5.28,9,3,16.8,39.2
2744,3744,6,8.6,8.59,71,0,25.8,60.2
2745,3745,1,6.03,6.32,92,3,18.1,42.2
2746,3746,3,7.14,6.8,118,1,21.4,50.0
2747,3747,5,7.03,7.23,92,2,21.1,49.2
2748,3748,3,6.58,6.3,116,3,19.7,46.1
2749,3749,6,8.02,8.08,90,1,24.1,56.1
2750,3750,6,6.52,6.69,46,2,19.6,45.6
2751,3751,5,6.88,7.02,70,2,20.6,48.2
2752,3752,1,8.1,7.95,111,1,24.3,56.7
2753,3753,3,7.78,7.65,95,1,23.3,54.5
2754,3754,8,7.01,6.85,17,2,21.0,49.1
2755,3755,7,8.72,8.94,100,0,26.2,61.0
2756,3756,3,7.6,7.62,50,1,22.8,53.2
2757,3757,5,6.6,6.71,84,2,19.8,46.2
2758,3758,1,8.37,8.5,58,1,25.1,58.6
2759,3759,1,8.56,8.44,54,0,25.7,59.9
2760,3760,5,5.86,5.48,47,3,17.6,41.0
2761,3761,5,7.59,7.75,55,2,22.8,53.1
2762,3762,7,6.26,6.01,61,2,18.8,43.8
2763,3763,2,6.95,6.75,103,2,20.9,48.6
2764,3764,7,6.4,6.73,119,3,19.2,44.8
2765,3765,1,5.87,5.92,28,3,17.6,41.1
2766,3766,7,8.88,9.09,6,0,26.6,62.2
2767,3767,2,5.81,6.19,24,4,17.4,40.7
2768,3768,2,8.41,8.45,94,0,25.2,58.9
2769,3769,4,7.92,8.3,10,1,23.8,55.4
2770,3770,3,9.53,9.92,9,0,28.6,66.7
2771,3771,7,8.29,8.05,75,1,24.9,58.0
2772,3772,4,7.32,7.49,16,2,22.0,51.2
2773,3773,4,8.3,8.18,87,1,24.9,58.1
2774,3774,5,8.99,8.78,65,0,27.0,62.9
2775,3775,2,5.54,5.74,54,4,16.6,38.8
2776,3776,2,6.19,6.31,27,3,18.6,43.3
2777,3777,3,6.55,6.95,68,3,19.6,45.9
2778,3778,4,8.93,9.12,15,0,26.8,62.5
2779,3779,7,8.76,8.88,118,1,26.3,61.3
2780,3780,8,8.52,8.23,47,1,25.6,59.6
2781,3781,2,7.82,7.64,92,2,23.5,54.7
2782,3782,6,8.0,8.35,76,1,24.0,56.0
2783,3783,1,5.98,5.66,60,3,17.9,41.9
2784,3784,2,8.67,8.57,11,0,26.0,60.7
2785,3785,8,7.47,7.2,57,1,22.4,52.3
2786,3786,5,7.03,6.7,44,2,21.1,49.2
2787,3787,2,6.08,6.25,20,3,18.2,42.6
2788,3788,5,8.23,8.46,90,1,24.7,57.6
2789,3789,8,8.11,7.94,70,1,24.3,56.8
2790,3790,8,6.31,6.66,53,3,18.9,44.2
2791,3791,7,9.44,9.77,8,0,28.3,66.1
2792,3792,8,8.54,8.65,13,0,25.6,59.8
2793,3793,2,8.72,8.76,8,1,26.2,61.0
2794,3794,8,9.53,9.73,93,0,28.6,66.7
2795,3795,2,8.17,7.87,23,0,24.5,57.2
2796,3796,7,6.4,6.13,103,2,19.2,44.8
2797,3797,2,7.91,8.02,68,1,23.7,55.4
2798,3798,8,5.68,5.32,34,3,17.0,39.8
2799,3799,1,6.3,6.11,45,3,18.9,44.1
2800,3800,3,7.85,7.57,10,1,23.5,54.9
2801,3801,8,6.67,6.33,58,2,20.0,46.7
2802,3802,4,9.2,9.16,114,0,27.6,64.4
2803,3803,6,7.32,7.57,33,1,22.0,51.2
2804,3804,6,8.95,9.12,44,0,26.8,62.6
2805,3805,8,8.72,8.62,78,1,26.2,61.0
2806,3806,8,7.17,7.06,22,2,21.5,50.2
2807,3807,2,8.53,8.66,9,1,25.6,59.7
2808,3808,5,5.84,5.47,17,3,17.5,40.9
2809,3809,1,9.34,9.42,70,0,28.0,65.4
2810,3810,1,8.47,8.54,112,0,25.4,59.3
2811,3811,2,7.11,7.25,26,2,21.3,49.8
2812,3812,3,7.29,7.3,53,1,21.9,51.0
2813,3813,2,7.07,7.45,36,2,21.2,49.5
2814,3814,7,7.97,7.62,73,1,23.9,55.8
2815,3815,6,7.07,7.41,36,2,21.2,49.5
2816,3816,8,6.07,6.11,98,2,18.2,42.5
2817,3817,2,8.52,8.61,23,1,25.6,59.6
2818,3818,1,5.93,5.72,44,3,17.8,41.5
2819,3819,1,7.64,7.3,117,1,22.9,53.5
2820,3820,5,7.85,7.69,13,1,23.5,54.9
2821,3821,6,5.8,5.64,36,4,17.4,40.6
2822,3822,8,6.25,6.14,86,3,18.8,43.8
2823,3823,5,8.93,8.97,28,0,26.8,62.5
2824,3824,5,6.98,6.97,49,2,20.9,48.9
2825,3825,2,5.9,6.19,62,3,17.7,41.3
2826,3826,4,6.0,6.38,4,3,18.0,42.0
2827,3827,3,6.57,6.53,23,3,19.7,46.0
2828,3828,5,7.43,7.22,37,2,22.3,52.0
2829,3829,6,6.36,6.64,13,3,19.1,44.5
2830,3830,7,9.53,9.44,79,0,28.6,66.7
2831,3831,2,5.65,5.47,82,4,17.0,39.6
2832,3832,3,9.64,9.84,107,0,28.9,67.5
2833,3833,3,7.42,7.25,20,1,22.3,51.9
2834,3834,1,7.91,8.27,45,1,23.7,55.4
2835,3835,4,6.75,6.67,109,2,20.2,47.2
2836,3836,1,9.32,9.06,112,0,28.0,65.2
2837,3837,2,8.4,8.69,117,0,25.2,58.8
2838,3838,2,8.14,8.3,80,0,24.4,57.0
2839,3839,1,7.69,7.71,110,2,23.1,53.8
2840,3840,2,8.37,8.48,45,0,25.1,58.6
2841,3841,5,9.0,9.22,36,0,27.0,63.0
2842,3842,6,9.42,9.19,30,0,28.3,65.9
2843,3843,7,9.69,9.9,29,0,29.1,67.8
2844,3844,5,8.54,8.49,106,0,25.6,59.8
2845,3845,8,7.97,8.35,13,1,23.9,55.8
2846,3846,6,5.91,5.84,75,3,17.7,41.4
2847,3847,2,7.21,7.58,119,2,21.6,50.5
2848,3848,2,5.89,5.95,78,3,17.7,41.2
2849,3849,6,6.74,6.53,27,2,20.2,47.2
2850,3850,7,5.53,5.24,65,3,16.6,38.7
2851,3851,5,7.88,7.73,51,1,23.6,55.2
2852,3852,3,6.86,6.52,103,2,20.6,48.0
2853,3853,5,7.25,7.33,54,2,21.8,50.8
2854,3854,2,7.58,7.92,69,1,22.7,53.1
2855,3855,3,6.14,6.31,82,2,18.4,43.0
2856,3856,4,7.28,7.01,104,2,21.8,51.0
2857,3857,5,5.61,5.86,95,3,16.8,39.3
2858,3858,5,9.48,9.52,4,0,28.4,66.4
2859,3859,4,8.13,8.48,23,1,24.4,56.9
2860,3860,7,9.67,10.0,26,0,29.0,67.7
2861,3861,7,5.92,5.59,39,3,17.8,41.4
2862,3862,3,6.96,7.32,7,2,20.9,48.7
2863,3863,2,8.47,8.61,66,1,25.4,59.3
2864,3864,7,7.18,7.48,27,2,21.5,50.3
2865,3865,4,6.73,6.4,62,2,20.2,47.1
2866,3866,8,7.09,7.35,113,2,21.3,49.6
2867,3867,1,5.71,5.45,11,4,17.1,40.0
2868,3868,2,8.41,8.21,89,1,25.2,58.9
2869,3869,7,6.42,6.33,101,3,19.3,44.9
2870,3870,8,5.86,5.78,77,4,17.6,41.0
2871,3871,6,8.12,8.26,118,1,24.4,56.8
2872,3872,5,7.0,6.93,25,2,21.0,49.0
2873,3873,2,7.66,7.65,57,1,23.0,53.6
2874,3874,1,8.99,9.19,63,0,27.0,62.9
2875,3875,4,8.42,8.28,39,1,25.3,58.9
2876,3876,6,5.6,5.84,55,3,16.8,39.2
2877,3877,4,5.95,6.13,100,3,17.9,41.6
2878,3878,7,6.11,6.0,70,3,18.3,42.8
2879,3879,4,5.64,5.54,86,3,16.9,39.5
2880,3880,4,6.05,6.07,24,3,18.1,42.4
2881,3881,3,9.65,9.7,12,0,29.0,67.5
2882,3882,1,7.31,7.32,41,1,21.9,51.2
2883,3883,7,7.81,8.07,35,2,23.4,54.7
2884,3884,6,7.71,8.03,59,1,23.1,54.0
2885,3885,6,9.14,9.5,105,0,27.4,64.0
2886,3886,3,6.36,6.33,85,3,19.1,44.5
2887,3887,2,9.59,9.75,95,0,28.8,67.1
2888,3888,5,8.17,8.55,49,0,24.5,57.2
2889,3889,6,6.06,6.25,91,3,18.2,42.4
2890,3890,7,9.2,9.06,7,0,27.6,64.4
2891,3891,1,7.53,7.16,34,1,22.6,52.7
2892,3892,3,9.43,9.83,50,0,28.3,66.0
2893,3893,3,8.52,8.64,8,1,25.6,59.6
2894,3894,2,8.2,8.05,54,1,24.6,57.4
2895,3895,2,8.72,8.43,49,0,26.2,61.0
2896,3896,5,7.2,6.82,104,2,21.6,50.4
2897,3897,1,8.16,7.91,64,1,24.5,57.1
2898,3898,8,7.35,7.04,46,2,22.0,51.4
2899,3899,6,5.97,6.05,22,3,17.9,41.8
2900,3900,1,6.46,6.49,116,2,19.4,45.2
2901,3901,4,6.83,6.47,65,2,20.5,47.8
2902,3902,2,9.72,9.81,103,0,29.2,68.0
2903,3903,3,9.46,9.07,102,0,28.4,66.2
2904,3904,5,8.69,8.51,83,1,26.1,60.8
2905,3905,6,5.97,5.77,21,3,17.9,41.8
2906,3906,2,8.63,8.63,58,0,25.9,60.4
2907,3907,6,6.87,7.1,109,2,20.6,48.1
2908,3908,3,6.52,6.15,64,2,19.6,45.6
2909,3909,1,5.77,5.64,8,4,17.3,40.4
2910,3910,2,6.84,6.52,99,2,20.5,47.9
2911,3911,3,9.75,9.46,98,0,29.2,68.2
2912,3912,4,6.98,6.65,27,2,20.9,48.9
2913,3913,3,5.71,5.92,112,3,17.1,40.0
2914,3914,3,7.17,7.36,109,1,21.5,50.2
2915,3915,2,8.68,8.6,95,0,26.0,60.8
2916,3916,3,5.96,5.86,11,4,17.9,41.7
2917,3917,7,8.11,8.49,78,0,24.3,56.8
2918,3918,3,6.2,5.82,66,3,18.6,43.4
2919,3919,7,8.53,8.52,63,1,25.6,59.7
2920,3920,2,6.33,6.08,59,3,19.0,44.3
2921,3921,6,6.35,6.38,37,3,19.0,44.4
2922,3922,3,6.08,6.04,85,3,18.2,42.6
2923,3923,8,5.87,5.49,120,3,17.6,41.1
2924,3924,4,5.77,5.95,15,3,17.3,40.4
2925,3925,6,8.36,8.25,110,1,25.1,58.5
2926,3926,6,6.65,6.53,29,3,20.0,46.6
2927,3927,7,7.04,6.93,107,2,21.1,49.3
2928,3928,8,7.82,8.02,10,1,23.5,54.7
2929,3929,1,7.93,8.09,91,1,23.8,55.5
2930,3930,7,9.69,9.83,52,0,29.1,67.8
2931,3931,4,6.78,6.94,119,3,20.3,47.5
2932,3932,6,6.58,6.68,13,2,19.7,46.1
2933,3933,8,8.32,8.13,73,0,25.0,58.2
2934,3934,2,8.29,8.06,111,0,24.9,58.0
2935,3935,1,6.7,6.61,33,2,20.1,46.9
2936,3936,3,6.47,6.62,21,3,19.4,45.3
2937,3937,8,6.62,6.79,66,3,19.9,46.3
2938,3938,7,9.18,9.12,97,0,27.5,64.3
2939,3939,5,7.3,7.21,10,2,21.9,51.1
2940,3940,8,8.95,8.85,49,0,26.8,62.6
2941,3941,7,8.21,8.07,21,0,24.6,57.5
2942,3942,8,5.51,5.46,40,4,16.5,38.6
2943,3943,6,9.17,9.3,30,0,27.5,64.2
2944,3944,3,5.93,6.2,114,3,17.8,41.5
2945,3945,2,6.56,6.66,49,2,19.7,45.9
2946,3946,1,6.06,6.33,76,2,18.2,42.4
2947,3947,3,7.19,7.04,89,2,21.6,50.3
2948,3948,2,7.7,7.86,5,1,23.1,53.9
2949,3949,4,8.96,8.87,111,0,26.9,62.7
2950,3950,3,5.75,6.1,69,4,17.2,40.2
2951,3951,2,9.78,9.66,19,0,29.3,68.5
2952,3952,7,8.06,8.34,27,1,24.2,56.4
2953,3953,3,5.79,6.16,77,3,17.4,40.5
2954,3954,4,9.68,9.93,112,0,29.0,67.8
2955,3955,8,5.72,5.89,42,4,17.2,40.0
2956,3956,1,9.02,8.8,9,0,27.1,63.1
2957,3957,1,5.88,5.61,84,3,17.6,41.2
2958,3958,4,6.28,5.93,74,3,18.8,44.0
2959,3959,1,6.34,6.59,83,3,19.0,44.4
2960,3960,2,7.55,7.77,107,2,22.6,52.9
2961,3961,6,6.95,6.79,50,2,20.9,48.6
2962,3962,3,7.5,7.6,78,1,22.5,52.5
2963,3963,2,6.11,5.79,45,2,18.3,42.8
2964,3964,5,7.8,7.41,82,2,23.4,54.6
2965,3965,3,8.39,8.3,98,0,25.2,58.7
2966,3966,7,6.01,6.26,63,3,18.0,42.1
2967,3967,5,7.49,7.58,102,2,22.5,52.4
2968,3968,8,9.67,9.54,33,0,29.0,67.7
2969,3969,2,6.44,6.07,19,2,19.3,45.1
2970,3970,8,8.49,8.38,26,1,25.5,59.4
2971,3971,4,6.24,5.99,74,2,18.7,43.7
2972,3972,8,7.94,8.0,112,1,23.8,55.6
2973,3973,4,7.37,7.23,99,2,22.1,51.6
2974,3974,3,7.98,7.84,67,1,23.9,55.9
2975,3975,1,7.75,7.57,97,2,23.2,54.2
2976,3976,5,9.25,9.37,90,0,27.8,64.8
2977,3977,5,6.76,6.42,27,3,20.3,47.3
2978,3978,2,8.26,8.15,51,0,24.8,57.8
2979,3979,2,8.63,8.49,81,1,25.9,60.4
2980,3980,7,5.74,5.5,42,3,17.2,40.2
2981,3981,8,5.67,5.62,13,4,17.0,39.7
2982,3982,8,5.81,6.12,44,3,17.4,40.7
2983,3983,5,7.58,7.27,108,1,22.7,53.1
2984,3984,1,8.11,8.48,28,1,24.3,56.8
2985,3985,7,6.34,6.61,77,3,19.0,44.4
2986,3986,1,6.72,6.33,109,3,20.2,47.0
2987,3987,5,8.79,8.41,100,1,26.4,61.5
2988,3988,1,9.39,9.71,112,0,28.2,65.7
2989,3989,1,7.26,6.91,54,2,21.8,50.8
2990,3990,4,5.94,5.85,75,3,17.8,41.6
2991,3991,7,6.9,7.01,49,2,20.7,48.3
2992,3992,3,7.27,6.9,20,1,21.8,50.9
2993,3993,2,7.16,7.35,19,2,21.5,50.1
2994,3994,6,6.15,6.38,68,2,18.5,43.1
2995,3995,4,9.38,9.3,19,0,28.1,65.7
2996,3996,8,8.22,7.94,11,1,24.7,57.5
2997,3997,1,8.35,8.65,88,1,25.0,58.4
2998,3998,3,8.96,8.99,114,0,26.9,62.7
2999,3999,8,7.39,7.25,74,2,22.2,51.7
3000,4000,8,7.07,7.44,34,2,21.2,49.5
3001,4001,7,6.57,6.44,48,3,19.7,46.0
3002,4002,7,6.26,6.19,94,3,18.8,43.8
3003,4003,5,5.67,5.71,44,3,17.0,39.7
3004,4004,3,5.97,5.98,49,3,17.9,41.8
3005,4005,5,9.08,8.89,46,0,27.2,63.6
3006,4006,1,7.64,7.24,94,1,22.9,53.5
3007,4007,7,6.47,6.14,11,3,19.4,45.3
3008,4008,8,7.65,7.39,61,2,23.0,53.6
3009,4009,2,6.74,6.98,99,2,20.2,47.2
3010,4010,3,6.81,6.76,18,2,20.4,47.7
3011,4011,7,5.79,6.14,94,3,17.4,40.5
3012,4012,1,9.06,8.66,92,0,27.2,63.4
3013,4013,6,8.28,8.35,3,0,24.8,58.0
3014,4014,4,9.46,9.29,25,0,28.4,66.2
3015,4015,2,6.91,6.69,21,2,20.7,48.4
3016,4016,4,7.79,7.59,73,1,23.4,54.5
3017,4017,4,9.68,10.0,114,0,29.0,67.8
3018,4018,4,7.02,7.04,103,2,21.1,49.1
3019,4019,4,9.78,9.51,80,0,29.3,68.5
3020,4020,7,6.42,6.19,52,3,19.3,44.9
3021,4021,5,8.88,9.05,2,0,26.6,62.2
3022,4022,4,9.17,9.11,12,0,27.5,64.2
3023,4023,1,8.44,8.75,32,1,25.3,59.1
3024,4024,3,8.54,8.18,1,0,25.6,59.8
3025,4025,2,7.9,8.21,4,1,23.7,55.3
3026,4026,4,8.13,8.4,15,1,24.4,56.9
3027,4027,8,7.81,7.54,64,1,23.4,54.7
3028,4028,5,9.19,9.49,93,0,27.6,64.3
3029,4029,8,7.45,7.39,17,2,22.4,52.1
3030,4030,5,9.25,9.38,87,0,27.8,64.8
3031,4031,6,8.01,7.66,110,1,24.0,56.1
3032,4032,4,6.05,6.04,68,3,18.1,42.4
3033,4033,6,7.1,7.15,29,1,21.3,49.7
3034,4034,5,8.13,8.13,68,1,24.4,56.9
3035,4035,6,6.44,6.65,12,2,19.3,45.1
3036,4036,1,8.27,8.14,53,0,24.8,57.9
3037,4037,1,9.63,9.92,79,0,28.9,67.4
3038,4038,5,9.79,9.42,111,0,29.4,68.5
3039,4039,7,7.47,7.54,79,1,22.4,52.3
3040,4040,7,8.39,8.1,107,0,25.2,58.7
3041,4041,4,9.58,9.57,99,0,28.7,67.1
3042,4042,7,6.84,7.09,55,2,20.5,47.9
3043,4043,3,8.03,7.7,25,1,24.1,56.2
3044,4044,8,7.25,7.18,64,2,21.8,50.8
3045,4045,7,7.26,7.21,84,2,21.8,50.8
3046,4046,2,8.15,8.16,29,1,24.5,57.1
3047,4047,6,7.7,7.33,21,1,23.1,53.9
3048,4048,6,8.19,8.35,44,1,24.6,57.3
3049,4049,1,5.62,5.56,111,4,16.9,39.3
3050,4050,4,7.61,7.36,3,1,22.8,53.3
3051,4051,8,9.33,9.54,41,0,28.0,65.3
3052,4052,4,9.41,9.12,33,0,28.2,65.9
3053,4053,3,8.42,8.81,76,1,25.3,58.9
3054,4054,3,7.65,7.44,79,2,23.0,53.6
3055,4055,1,7.08,7.34,24,1,21.2,49.6
3056,4056,2,7.55,7.78,107,2,22.6,52.9
3057,4057,6,7.81,8.18,64,2,23.4,54.7
3058,4058,1,9.59,9.61,81,0,28.8,67.1
3059,4059,3,6.14,5.75,116,3,18.4,43.0
3060,4060,5,6.74,7.05,6,2,20.2,47.2
3061,4061,2,6.04,6.06,54,3,18.1,42.3
3062,4062,8,9.29,9.04,109,0,27.9,65.0
3063,4063,4,7.49,7.48,9,1,22.5,52.4
3064,4064,3,9.07,8.77,35,0,27.2,63.5
3065,4065,8,8.72,8.64,53,0,26.2,61.0
3066,4066,7,7.11,6.92,32,2,21.3,49.8
3067,4067,7,9.76,10.0,73,0,29.3,68.3
3068,4068,3,6.06,5.75,2,2,18.2,42.4
3069,4069,5,8.67,8.92,78,1,26.0,60.7
3070,4070,1,5.91,6.24,33,3,17.7,41.4
3071,4071,5,7.7,7.79,36,2,23.1,53.9
3072,4072,2,6.72,6.84,102,2,20.2,47.0
3073,4073,2,8.4,8.57,12,1,25.2,58.8
3074,4074,8,7.48,7.46,67,2,22.4,52.4
3075,4075,5,8.67,9.06,2,0,26.0,60.7
3076,4076,6,7.68,7.8,72,1,23.0,53.8
3077,4077,8,9.6,9.4,104,0,28.8,67.2
3078,4078,3,8.34,8.24,10,1,25.0,58.4
3079,4079,4,7.08,6.77,54,2,21.2,49.6
3080,4080,2,6.24,6.23,79,2,18.7,43.7
3081,4081,7,6.26,6.13,92,3,18.8,43.8
3082,4082,3,9.79,9.72,57,0,29.4,68.5
3083,4083,1,8.84,8.72,72,0,26.5,61.9
3084,4084,8,6.49,6.56,14,2,19.5,45.4
3085,4085,4,5.63,5.32,83,3,16.9,39.4
3086,4086,6,7.47,7.6,117,1,22.4,52.3
3087,4087,8,7.4,7.61,8,2,22.2,51.8
3088,4088,4,8.66,8.36,80,0,26.0,60.6
3089,4089,8,6.08,6.3,86,3,18.2,42.6
3090,4090,3,6.54,6.25,55,3,19.6,45.8
3091,4091,7,8.04,7.87,95,1,24.1,56.3
3092,4092,1,7.97,7.83,97,1,23.9,55.8
3093,4093,6,5.97,6.12,72,3,17.9,41.8
3094,4094,3,6.15,5.83,58,3,18.5,43.1
3095,4095,4,6.12,6.17,43,2,18.4,42.8
3096,4096,7,7.86,8.02,55,1,23.6,55.0
3097,4097,8,9.57,9.25,34,0,28.7,67.0
3098,4098,6,6.13,6.04,120,3,18.4,42.9
3099,4099,4,9.74,9.81,47,0,29.2,68.2
3100,4100,1,8.86,8.69,38,0,26.6,62.0
3101,4101,5,7.67,7.96,12,1,23.0,53.7
3102,4102,7,6.23,5.91,110,2,18.7,43.6
3103,4103,3,7.3,7.16,21,2,21.9,51.1
3104,4104,8,8.47,8.12,71,0,25.4,59.3
3105,4105,7,8.93,8.61,43,0,26.8,62.5
3106,4106,5,8.78,8.91,99,0,26.3,61.5
3107,4107,8,5.78,5.98,63,3,17.3,40.5
3108,4108,5,7.18,7.41,19,2,21.5,50.3
3109,4109,1,7.35,7.34,6,1,22.0,51.4
3110,4110,6,9.37,9.76,115,0,28.1,65.6
3111,4111,4,7.45,7.16,111,1,22.4,52.1
3112,4112,6,7.22,7.03,33,1,21.7,50.5
3113,4113,2,7.48,7.73,94,2,22.4,52.4
3114,4114,3,7.21,6.96,32,1,21.6,50.5
3115,4115,1,7.23,7.54,48,1,21.7,50.6
3116,4116,4,8.25,7.95,46,0,24.8,57.8
3117,4117,3,9.41,9.3,89,0,28.2,65.9
3118,4118,6,6.06,6.16,44,3,18.2,42.4
3119,4119,7,7.94,8.32,92,1,23.8,55.6
3120,4120,5,9.77,10.0,59,0,29.3,68.4
3121,4121,5,6.21,6.09,78,3,18.6,43.5
3122,4122,2,6.42,6.1,104,3,19.3,44.9
3123,4123,2,7.14,7.36,85,2,21.4,50.0
3124,4124,3,6.28,6.53,42,3,18.8,44.0
3125,4125,7,6.54,6.26,60,2,19.6,45.8
3126,4126,4,6.59,6.41,86,2,19.8,46.1
3127,4127,8,7.98,8.19,74,1,23.9,55.9
3128,4128,6,6.55,6.88,47,3,19.6,45.9
3129,4129,5,5.96,6.07,67,3,17.9,41.7
3130,4130,5,7.8,7.87,48,1,23.4,54.6
3131,4131,3,9.16,9.08,26,0,27.5,64.1
3132,4132,8,5.54,5.54,80,4,16.6,38.8
3133,4133,2,5.96,6.17,45,3,17.9,41.7
3134,4134,5,8.29,8.0,57,1,24.9,58.0
3135,4135,3,6.25,6.56,63,3,18.8,43.8
3136,4136,2,6.34,6.37,112,3,19.0,44.4
3137,4137,5,8.25,8.41,30,1,24.8,57.8
3138,4138,1,6.44,6.08,120,2,19.3,45.1
3139,4139,3,7.62,7.87,25,1,22.9,53.3
3140,4140,6,6.74,6.38,33,2,20.2,47.2
3141,4141,5,5.82,5.44,88,3,17.5,40.7
3142,4142,4,8.27,8.54,82,0,24.8,57.9
3143,4143,7,7.41,7.48,57,2,22.2,51.9
3144,4144,7,8.41,8.78,72,1,25.2,58.9
3145,4145,3,6.79,7.13,41,2,20.4,47.5
3146,4146,3,6.77,6.4,8,2,20.3,47.4
3147,4147,1,7.41,7.5,45,1,22.2,51.9
3148,4148,4,6.93,6.65,101,2,20.8,48.5
3149,4149,5,7.25,7.12,14,2,21.8,50.8
3150,4150,4,8.78,8.54,52,0,26.3,61.5
3151,4151,2,6.21,5.83,5,2,18.6,43.5
3152,4152,3,8.92,8.87,41,0,26.8,62.4
3153,4153,2,9.34,9.24,14,0,28.0,65.4
3154,4154,1,8.0,8.19,8,1,24.0,56.0
3155,4155,8,9.27,9.51,28,0,27.8,64.9
3156,4156,7,8.34,8.13,35,1,25.0,58.4
3157,4157,5,9.34,9.41,23,0,28.0,65.4
3158,4158,3,9.65,9.58,109,0,29.0,67.5
3159,4159,3,7.04,6.65,9,2,21.1,49.3
3160,4160,3,8.91,9.01,109,1,26.7,62.4
3161,4161,4,7.68,7.95,103,1,23.0,53.8
3162,4162,3,7.41,7.32,96,2,22.2,51.9
3163,4163,6,9.68,9.66,45,0,29.0,67.8
3164,4164,6,9.07,9.05,70,0,27.2,63.5
3165,4165,1,7.6,7.27,106,1,22.8,53.2
3166,4166,4,9.4,9.43,118,0,28.2,65.8
3167,4167,2,8.16,7.96,99,1,24.5,57.1
3168,4168,4,8.8,9.0,2,0,26.4,61.6
3169,4169,5,9.55,9.87,103,0,28.7,66.9
3170,4170,3,7.94,8.16,111,2,23.8,55.6
3171,4171,6,6.44,6.48,66,2,19.3,45.1
3172,4172,7,6.28,6.63,111,2,18.8,44.0
3173,4173,2,7.69,7.37,101,2,23.1,53.8
3174,4174,2,6.27,6.37,34,2,18.8,43.9
3175,4175,3,8.81,8.69,87,0,26.4,61.7
3176,4176,7,9.42,9.79,105,0,28.3,65.9
3177,4177,3,7.8,7.71,40,1,23.4,54.6
3178,4178,4,8.01,7.83,12,1,24.0,56.1
3179,4179,4,7.65,7.49,77,1,23.0,53.6
3180,4180,7,9.6,9.37,73,0,28.8,67.2
3181,4181,3,8.83,8.45,68,0,26.5,61.8
3182,4182,2,9.19,9.43,92,0,27.6,64.3
3183,4183,5,7.38,7.41,40,2,22.1,51.7
3184,4184,3,7.99,8.18,91,1,24.0,55.9
3185,4185,7,6.09,6.05,60,3,18.3,42.6
3186,4186,2,7.42,7.74,54,2,22.3,51.9
3187,4187,5,9.31,9.34,107,0,27.9,65.2
3188,4188,2,7.68,7.97,67,2,23.0,53.8
3189,4189,4,8.99,8.61,105,0,27.0,62.9
3190,4190,4,5.96,5.7,82,3,17.9,41.7
3191,4191,1,9.52,9.53,63,0,28.6,66.6
3192,4192,2,6.56,6.74,48,3,19.7,45.9
3193,4193,6,7.79,7.41,37,1,23.4,54.5
3194,4194,6,9.1,9.48,23,0,27.3,63.7
3195,4195,7,8.3,8.11,63,0,24.9,58.1
3196,4196,2,9.53,9.19,110,0,28.6,66.7
3197,4197,3,6.45,6.47,60,3,19.4,45.1
3198,4198,3,5.75,5.95,41,3,17.2,40.2
3199,4199,2,7.91,7.86,36,1,23.7,55.4
3200,4200,4,6.3,5.93,41,2,18.9,44.1
3201,4201,1,7.19,7.47,28,2,21.6,50.3
3202,4202,5,8.12,8.13,117,1,24.4,56.8
3203,4203,2,9.32,9.52,35,0,28.0,65.2
3204,4204,3,5.64,5.66,79,4,16.9,39.5
3205,4205,1,9.15,8.9,7,0,27.5,64.0
3206,4206,2,8.14,8.09,76,1,24.4,57.0
3207,4207,6,8.44,8.24,15,1,25.3,59.1
3208,4208,7,7.3,6.96,58,2,21.9,51.1
3209,4209,5,5.99,6.09,64,3,18.0,41.9
3210,4210,8,7.37,7.11,76,2,22.1,51.6
3211,4211,2,9.48,9.85,96,0,28.4,66.4
3212,4212,4,8.98,8.91,1,0,26.9,62.9
3213,4213,1,6.07,6.3,114,3,18.2,42.5
3214,4214,5,8.75,8.97,92,0,26.2,61.2
3215,4215,7,9.36,9.74,103,0,28.1,65.5
3216,4216,4,8.84,9.0,94,0,26.5,61.9
3217,4217,1,7.79,8.16,110,2,23.4,54.5
3218,4218,5,5.94,5.63,81,3,17.8,41.6
3219,4219,6,6.68,6.5,1,3,20.0,46.8
3220,4220,8,6.64,6.68,2,2,19.9,46.5
3221,4221,6,9.46,9.31,96,0,28.4,66.2
3222,4222,1,7.66,7.69,99,1,23.0,53.6
3223,4223,1,5.53,5.68,12,4,16.6,38.7
3224,4224,7,7.19,7.01,112,2,21.6,50.3
3225,4225,6,7.76,8.13,11,1,23.3,54.3
3226,4226,4,6.84,7.08,16,2,20.5,47.9
3227,4227,1,9.74,9.46,103,0,29.2,68.2
3228,4228,7,8.78,8.69,28,0,26.3,61.5
3229,4229,8,6.69,6.93,63,2,20.1,46.8
3230,4230,5,5.92,5.69,67,3,17.8,41.4
3231,4231,6,7.8,7.92,98,2,23.4,54.6
3232,4232,8,7.52,7.55,26,1,22.6,52.6
3233,4233,1,9.18,8.95,37,0,27.5,64.3
3234,4234,7,7.96,8.23,40,1,23.9,55.7
3235,4235,5,9.59,9.4,3,0,28.8,67.1
3236,4236,8,7.97,7.99,34,1,23.9,55.8
3237,4237,3,9.67,9.84,38,0,29.0,67.7
3238,4238,8,6.91,6.67,41,2,20.7,48.4
3239,4239,8,9.46,9.19,60,0,28.4,66.2
3240,4240,6,6.61,6.63,48,3,19.8,46.3
3241,4241,3,7.32,7.21,98,2,22.0,51.2
3242,4242,7,7.95,7.61,63,1,23.9,55.6
3243,4243,5,6.2,6.11,52,2,18.6,43.4
3244,4244,5,6.93,7.33,27,2,20.8,48.5
3245,4245,6,8.39,8.78,62,1,25.2,58.7
3246,4246,4,9.08,9.27,9,0,27.2,63.6
3247,4247,6,9.71,9.54,8,0,29.1,68.0
3248,4248,1,7.69,7.92,82,1,23.1,53.8
3249,4249,3,9.04,9.25,59,0,27.1,63.3
3250,4250,8,8.85,8.83,14,0,26.5,61.9
3251,4251,6,8.23,8.6,87,1,24.7,57.6
3252,4252,3,6.24,6.42,62,2,18.7,43.7
3253,4253,3,7.58,7.79,75,1,22.7,53.1
3254,4254,5,8.88,8.64,5,0,26.6,62.2
3255,4255,5,5.59,5.62,117,4,16.8,39.1
3256,4256,4,7.29,7.44,5,2,21.9,51.0
3257,4257,7,7.9,7.6,29,1,23.7,55.3
3258,4258,4,8.55,8.17,17,0,25.7,59.9
3259,4259,8,9.0,8.96,11,0,27.0,63.0
3260,4260,5,6.27,6.36,83,3,18.8,43.9
3261,4261,1,6.94,6.75,61,2,20.8,48.6
3262,4262,6,9.77,10.0,93,0,29.3,68.4
3263,4263,6,8.39,8.27,59,1,25.2,58.7
3264,4264,6,7.51,7.64,9,2,22.5,52.6
3265,4265,3,9.43,9.78,101,0,28.3,66.0
3266,4266,1,6.06,5.91,76,3,18.2,42.4
3267,4267,8,7.9,8.16,42,1,23.7,55.3
3268,4268,3,6.02,5.78,73,3,18.1,42.1
3269,4269,2,6.19,6.16,42,3,18.6,43.3
3270,4270,8,7.62,7.66,41,1,22.9,53.3
3271,4271,4,7.82,8.14,29,1,23.5,54.7
3272,4272,5,5.56,5.71,22,3,16.7,38.9
3273,4273,6,9.54,9.37,78,0,28.6,66.8
3274,4274,1,6.86,6.83,14,2,20.6,48.0
3275,4275,2,8.68,8.84,93,0,26.0,60.8
3276,4276,4,8.45,8.47,65,0,25.3,59.1
3277,4277,1,9.03,9.02,106,0,27.1,63.2
3278,4278,7,6.58,6.94,63,3,19.7,46.1
3279,4279,6,8.21,7.96,53,1,24.6,57.5
3280,4280,5,8.59,8.6,96,0,25.8,60.1
3281,4281,3,8.87,8.59,4,0,26.6,62.1
3282,4282,7,6.11,6.47,104,3,18.3,42.8
3283,4283,4,8.53,8.66,90,0,25.6,59.7
3284,4284,7,6.59,6.6,41,2,19.8,46.1
3285,4285,4,8.34,8.45,107,1,25.0,58.4
3286,4286,5,8.5,8.47,12,1,25.5,59.5
3287,4287,2,9.04,8.86,38,0,27.1,63.3
3288,4288,4,8.46,8.79,47,0,25.4,59.2
3289,4289,1,8.36,8.38,111,1,25.1,58.5
3290,4290,7,8.75,8.53,3,0,26.2,61.2
3291,4291,7,6.37,6.3,65,3,19.1,44.6
3292,4292,6,7.22,7.03,50,2,21.7,50.5
3293,4293,7,7.2,7.39,85,1,21.6,50.4
3294,4294,7,7.87,7.51,75,2,23.6,55.1
3295,4295,2,8.41,8.69,114,1,25.2,58.9
3296,4296,2,6.17,5.84,48,3,18.5,43.2
3297,4297,1,6.19,6.22,3,3,18.6,43.3
3298,4298,7,9.48,9.81,50,0,28.4,66.4
3299,4299,4,9.24,9.56,70,0,27.7,64.7
3300,4300,1,5.86,5.64,37,3,17.6,41.0
3301,4301,3,5.86,5.82,110,4,17.6,41.0
3302,4302,7,9.51,9.58,58,0,28.5,66.6
3303,4303,1,8.73,8.85,41,0,26.2,61.1
3304,4304,2,7.37,7.59,120,2,22.1,51.6
3305,4305,2,6.88,7.09,13,2,20.6,48.2
3306,4306,6,9.18,9.06,113,0,27.5,64.3
3307,4307,6,6.84,6.71,78,2,20.5,47.9
3308,4308,1,9.19,8.98,22,0,27.6,64.3
3309,4309,3,6.34,6.73,34,2,19.0,44.4
3310,4310,2,8.86,8.55,27,1,26.6,62.0
3311,4311,6,8.62,8.82,99,1,25.9,60.3
3312,4312,8,6.32,6.41,58,3,19.0,44.2
3313,4313,7,6.09,5.89,29,3,18.3,42.6
3314,4314,8,7.51,7.8,88,2,22.5,52.6
3315,4315,7,7.59,7.6,54,1,22.8,53.1
3316,4316,3,5.77,5.41,45,3,17.3,40.4
3317,4317,5,8.87,8.51,47,0,26.6,62.1
3318,4318,6,6.4,6.5,29,2,19.2,44.8
3319,4319,2,8.59,8.27,36,0,25.8,60.1
3320,4320,5,6.37,6.49,61,2,19.1,44.6
3321,4321,2,6.02,6.15,59,3,18.1,42.1
3322,4322,7,9.56,9.43,93,0,28.7,66.9
3323,4323,3,9.66,9.46,79,0,29.0,67.6
3324,4324,5,7.79,7.54,49,1,23.4,54.5
3325,4325,6,6.73,6.55,17,3,20.2,47.1
3326,4326,8,5.86,5.89,64,3,17.6,41.0
3327,4327,6,7.05,7.35,17,2,21.1,49.4
3328,4328,8,9.79,9.47,93,0,29.4,68.5
3329,4329,6,7.7,7.66,76,1,23.1,53.9
3330,4330,4,7.36,7.32,74,1,22.1,51.5
3331,4331,4,6.83,6.65,25,2,20.5,47.8
3332,4332,1,8.86,8.75,91,0,26.6,62.0
3333,4333,2,7.5,7.59,35,1,22.5,52.5
3334,4334,1,8.34,7.99,90,1,25.0,58.4
3335,4335,3,9.55,9.33,72,0,28.7,66.9
3336,4336,7,6.14,6.28,51,2,18.4,43.0
3337,4337,2,8.81,8.49,32,0,26.4,61.7
3338,4338,3,9.08,8.93,52,0,27.2,63.6
3339,4339,3,6.13,6.16,34,3,18.4,42.9
3340,4340,2,7.51,7.34,80,2,22.5,52.6
3341,4341,6,8.38,8.32,38,1,25.1,58.7
3342,4342,5,8.44,8.64,74,1,25.3,59.1
3343,4343,2,6.51,6.49,78,3,19.5,45.6
3344,4344,6,5.97,5.66,113,3,17.9,41.8
3345,4345,2,6.46,6.68,13,2,19.4,45.2
3346,4346,1,8.95,8.69,1,0,26.8,62.6
3347,4347,7,8.71,8.97,60,0,26.1,61.0
3348,4348,6,9.11,9.28,32,0,27.3,63.8
3349,4349,4,6.73,6.73,18,2,20.2,47.1
3350,4350,3,7.72,7.89,66,1,23.2,54.0
3351,4351,3,7.1,6.96,65,2,21.3,49.7
3352,4352,1,7.72,8.11,41,1,23.2,54.0
3353,4353,4,8.98,9.33,105,0,26.9,62.9
3354,4354,4,7.12,7.25,61,2,21.4,49.8
3355,4355,2,6.16,6.38,70,3,18.5,43.1
3356,4356,1,6.79,7.0,33,2,20.4,47.5
3357,4357,2,9.38,9.45,95,0,28.1,65.7
3358,4358,4,8.63,8.39,101,0,25.9,60.4
3359,4359,3,6.67,7.0,112,3,20.0,46.7
3360,4360,7,7.29,7.06,39,1,21.9,51.0
3361,4361,7,9.05,8.76,102,0,27.2,63.4
3362,4362,4,8.31,8.25,8,1,24.9,58.2
3363,4363,5,6.26,6.15,45,3,18.8,43.8
3364,4364,5,7.84,8.03,49,1,23.5,54.9
3365,4365,2,7.62,7.83,15,1,22.9,53.3
3366,4366,8,5.58,5.51,29,3,16.7,39.1
3367,4367,3,7.46,7.43,89,1,22.4,52.2
3368,4368,2,5.96,5.83,72,3,17.9,41.7
3369,4369,1,6.87,7.03,90,2,20.6,48.1
3370,4370,2,8.51,8.4,73,0,25.5,59.6
3371,4371,7,6.76,6.83,22,2,20.3,47.3
3372,4372,8,7.57,7.7,32,1,22.7,53.0
3373,4373,8,6.86,6.7,72,3,20.6,48.0
3374,4374,2,6.75,6.57,16,2,20.2,47.2
3375,4375,4,9.23,8.98,38,0,27.7,64.6
3376,4376,7,7.61,7.37,89,1,22.8,53.3
3377,4377,5,6.4,6.16,78,3,19.2,44.8
3378,4378,5,8.33,8.0,20,0,25.0,58.3
3379,4379,1,8.65,9.0,35,0,26.0,60.6
3380,4380,6,9.49,9.53,3,0,28.5,66.4
3381,4381,2,5.79,5.76,46,3,17.4,40.5
3382,4382,7,6.98,6.86,43,2,20.9,48.9
3383,4383,7,7.02,6.87,103,2,21.1,49.1
3384,4384,1,6.4,6.39,80,3,19.2,44.8
3385,4385,2,6.82,6.45,74,2,20.5,47.7
3386,4386,1,8.16,7.91,29,1,24.5,57.1
3387,4387,8,7.35,7.29,31,1,22.0,51.4
3388,4388,7,8.09,8.14,60,1,24.3,56.6
3389,4389,8,9.66,10.0,70,0,29.0,67.6
3390,4390,4,8.64,8.86,28,0,25.9,60.5
3391,4391,8,6.77,6.71,27,2,20.3,47.4
3392,4392,4,9.15,9.53,29,0,27.5,64.0
3393,4393,1,6.22,6.21,7,2,18.7,43.5
3394,4394,4,7.99,7.88,65,1,24.0,55.9
3395,4395,6,6.82,6.78,19,2,20.5,47.7
3396,4396,4,7.33,7.43,35,2,22.0,51.3
3397,4397,4,7.04,7.35,72,2,21.1,49.3
3398,4398,2,9.5,9.4,43,0,28.5,66.5
3399,4399,7,7.68,7.46,11,1,23.0,53.8
3400,4400,7,9.7,9.99,89,0,29.1,67.9
3401,4401,5,8.24,8.46,91,1,24.7,57.7
3402,4402,1,7.25,7.47,56,2,21.8,50.8
3403,4403,8,7.26,7.23,83,2,21.8,50.8
3404,4404,2,7.84,8.16,108,1,23.5,54.9
3405,4405,8,9.44,9.36,92,0,28.3,66.1
3406,4406,1,8.1,8.05,86,0,24.3,56.7
3407,4407,4,8.48,8.45,34,1,25.4,59.4
3408,4408,1,6.12,6.41,58,3,18.4,42.8
3409,4409,2,5.53,5.69,114,4,16.6,38.7
3410,4410,4,5.62,5.5,1,4,16.9,39.3
3411,4411,5,8.94,8.88,106,0,26.8,62.6
3412,4412,5,6.96,7.33,69,2,20.9,48.7
3413,4413,2,6.96,6.67,100,2,20.9,48.7
3414,4414,7,8.31,7.94,60,1,24.9,58.2
3415,4415,8,7.29,7.65,51,1,21.9,51.0
3416,4416,1,8.89,9.15,115,0,26.7,62.2
3417,4417,5,6.78,6.64,69,3,20.3,47.5
3418,4418,5,6.17,5.77,45,3,18.5,43.2
3419,4419,8,5.8,5.74,48,3,17.4,40.6
3420,4420,3,8.68,8.94,69,0,26.0,60.8
3421,4421,3,7.12,6.96,56,2,21.4,49.8
3422,4422,6,5.69,5.56,54,4,17.1,39.8
3423,4423,2,9.42,9.73,79,0,28.3,65.9
3424,4424,2,9.08,9.03,116,0,27.2,63.6
3425,4425,8,6.03,6.03,71,3,18.1,42.2
3426,4426,6,7.22,7.32,35,1,21.7,50.5
3427,4427,8,7.39,7.6,48,2,22.2,51.7
3428,4428,6,6.84,6.62,104,2,20.5,47.9
3429,4429,6,6.9,7.15,53,2,20.7,48.3
3430,4430,8,5.57,5.6,74,3,16.7,39.0
3431,4431,4,7.78,8.04,47,1,23.3,54.5
3432,4432,3,7.96,8.31,71,1,23.9,55.7
3433,4433,7,7.74,7.7,64,1,23.2,54.2
3434,4434,6,9.58,9.65,106,0,28.7,67.1
3435,4435,6,6.36,6.06,29,3,19.1,44.5
3436,4436,3,6.26,6.13,104,2,18.8,43.8
3437,4437,5,7.48,7.57,113,1,22.4,52.4
3438,4438,8,9.65,9.34,53,0,29.0,67.5
3439,4439,6,9.36,9.17,80,0,28.1,65.5
3440,4440,4,9.73,9.85,34,0,29.2,68.1
3441,4441,5,6.72,6.33,104,2,20.2,47.0
3442,4442,4,6.33,5.99,17,3,19.0,44.3
3443,4443,3,6.8,6.42,116,2,20.4,47.6
3444,4444,7,6.63,6.88,96,3,19.9,46.4
3445,4445,7,7.73,7.97,78,1,23.2,54.1
3446,4446,8,6.44,6.83,98,2,19.3,45.1
3447,4447,1,7.98,7.65,35,1,23.9,55.9
3448,4448,4,6.58,6.85,11,3,19.7,46.1
3449,4449,1,6.52,6.68,106,3,19.6,45.6
3450,4450,1,6.34,6.6,67,3,19.0,44.4
3451,4451,1,6.26,6.27,105,2,18.8,43.8
3452,4452,2,8.6,8.89,23,0,25.8,60.2
3453,4453,7,5.86,5.47,53,3,17.6,41.0
3454,4454,4,7.93,8.32,77,1,23.8,55.5
3455,4455,5,7.67,7.95,4,2,23.0,53.7
3456,4456,3,9.38,9.58,88,0,28.1,65.7
3457,4457,7,5.67,5.67,17,3,17.0,39.7
3458,4458,1,7.86,8.05,75,1,23.6,55.0
3459,4459,3,5.89,5.96,69,4,17.7,41.2
3460,4460,2,7.59,7.48,71,2,22.8,53.1
3461,4461,5,7.79,7.41,115,1,23.4,54.5
3462,4462,4,8.8,8.44,51,0,26.4,61.6
3463,4463,4,6.58,6.72,44,2,19.7,46.1
3464,4464,6,8.58,8.59,36,0,25.7,60.1
3465,4465,4,6.42,6.49,11,3,19.3,44.9
3466,4466,2,8.45,8.13,44,0,25.3,59.1
3467,4467,1,8.62,8.71,85,0,25.9,60.3
3468,4468,1,5.55,5.79,35,3,16.6,38.9
3469,4469,2,9.12,9.02,43,0,27.4,63.8
3470,4470,5,7.73,7.77,45,1,23.2,54.1
3471,4471,1,8.23,8.53,64,1,24.7,57.6
3472,4472,6,8.17,8.44,75,1,24.5,57.2
3473,4473,1,7.08,7.05,71,2,21.2,49.6
3474,4474,1,6.96,7.15,89,3,20.9,48.7
3475,4475,3,6.76,6.42,59,2,20.3,47.3
3476,4476,2,8.22,8.05,14,0,24.7,57.5
3477,4477,2,8.77,8.64,67,1,26.3,61.4
3478,4478,3,8.42,8.67,106,0,25.3,58.9
3479,4479,5,7.3,7.67,19,2,21.9,51.1
3480,4480,2,8.99,8.71,108,0,27.0,62.9
3481,4481,5,5.98,6.33,117,3,17.9,41.9
3482,4482,7,8.59,8.96,84,1,25.8,60.1
3483,4483,4,6.01,5.96,2,3,18.0,42.1
3484,4484,5,7.24,7.45,115,2,21.7,50.7
3485,4485,5,9.77,9.83,12,0,29.3,68.4
3486,4486,2,8.85,9.05,78,0,26.5,61.9
3487,4487,4,8.35,7.97,63,0,25.0,58.4
3488,4488,8,7.21,7.17,91,2,21.6,50.5
3489,4489,7,7.82,7.68,82,2,23.5,54.7
3490,4490,3,7.93,7.76,93,1,23.8,55.5
3491,4491,5,7.13,7.32,3,2,21.4,49.9
3492,4492,7,8.2,8.47,20,1,24.6,57.4
3493,4493,4,9.1,9.49,48,0,27.3,63.7
3494,4494,2,6.92,6.77,37,2,20.8,48.4
3495,4495,1,6.5,6.57,20,2,19.5,45.5
3496,4496,5,5.81,5.59,51,3,17.4,40.7
3497,4497,7,9.2,9.59,80,0,27.6,64.4
3498,4498,4,8.61,8.74,110,0,25.8,60.3
3499,4499,3,9.33,9.11,108,0,28.0,65.3
3500,4500,3,8.34,8.64,82,1,25.0,58.4
3501,4501,8,6.84,7.17,6,2,20.5,47.9
3502,4502,2,7.73,7.42,31,1,23.2,54.1
3503,4503,5,9.57,9.92,70,0,28.7,67.0
3504,4504,7,9.44,9.55,105,0,28.3,66.1
3505,4505,3,6.7,6.32,111,2,20.1,46.9
3506,4506,8,6.5,6.27,32,3,19.5,45.5
3507,4507,4,6.47,6.51,32,2,19.4,45.3
3508,4508,4,6.04,5.85,15,3,18.1,42.3
3509,4509,3,7.97,7.83,104,1,23.9,55.8
3510,4510,3,7.64,7.64,103,1,22.9,53.5
3511,4511,6,7.24,7.32,11,2,21.7,50.7
3512,4512,3,8.61,8.71,49,1,25.8,60.3
3513,4513,8,8.34,8.67,107,1,25.0,58.4
3514,4514,2,9.6,9.42,86,0,28.8,67.2
3515,4515,1,7.99,8.36,65,1,24.0,55.9
3516,4516,6,6.93,7.16,103,2,20.8,48.5
3517,4517,7,5.69,5.89,114,3,17.1,39.8
3518,4518,7,7.58,7.73,47,1,22.7,53.1
3519,4519,8,7.63,7.77,74,2,22.9,53.4
3520,4520,5,6.35,6.31,55,3,19.0,44.4
3521,4521,3,7.5,7.18,101,2,22.5,52.5
3522,4522,7,6.47,6.08,56,2,19.4,45.3
3523,4523,5,9.21,9.05,43,0,27.6,64.5
3524,4524,2,8.56,8.82,113,1,25.7,59.9
3525,4525,8,7.57,7.4,113,2,22.7,53.0
3526,4526,7,6.77,6.81,6,3,20.3,47.4
3527,4527,2,7.86,7.69,81,1,23.6,55.0
3528,4528,3,5.55,5.58,61,4,16.6,38.9
3529,4529,6,7.52,7.84,36,1,22.6,52.6
3530,4530,4,7.48,7.46,60,2,22.4,52.4
3531,4531,6,6.36,6.5,98,2,19.1,44.5
3532,4532,6,6.01,5.99,62,3,18.0,42.1
3533,4533,2,9.76,9.51,100,0,29.3,68.3
3534,4534,6,8.4,8.06,15,1,25.2,58.8
3535,4535,3,5.8,6.07,108,3,17.4,40.6
3536,4536,6,7.64,8.03,112,1,22.9,53.5
3537,4537,6,7.77,7.5,55,1,23.3,54.4
3538,4538,4,5.76,5.92,111,3,17.3,40.3
3539,4539,4,8.42,8.19,43,1,25.3,58.9
3540,4540,3,8.04,8.42,61,1,24.1,56.3
3541,4541,7,8.98,9.14,1,0,26.9,62.9
3542,4542,6,7.06,6.99,54,2,21.2,49.4
3543,4543,4,5.96,5.76,118,3,17.9,41.7
3544,4544,2,9.05,9.41,8,0,27.2,63.4
3545,4545,4,8.17,8.51,6,1,24.5,57.2
3546,4546,3,6.3,6.29,6,3,18.9,44.1
3547,4547,2,5.85,6.12,74,3,17.5,40.9
3548,4548,8,8.72,8.91,91,0,26.2,61.0
3549,4549,1,6.06,6.18,78,3,18.2,42.4
3550,4550,2,6.41,6.36,93,3,19.2,44.9
3551,4551,2,9.77,9.79,84,0,29.3,68.4
3552,4552,5,9.5,9.74,12,0,28.5,66.5
3553,4553,5,9.11,9.33,90,0,27.3,63.8
3554,4554,8,9.55,9.93,83,0,28.7,66.9
3555,4555,6,7.48,7.39,10,2,22.4,52.4
3556,4556,8,9.01,9.1,114,0,27.0,63.1
3557,4557,7,9.11,9.36,53,0,27.3,63.8
3558,4558,7,7.33,7.3,109,1,22.0,51.3
3559,4559,1,7.43,7.4,77,1,22.3,52.0
3560,4560,4,6.81,6.58,10,2,20.4,47.7
3561,4561,7,8.33,7.95,93,1,25.0,58.3
3562,4562,6,9.49,9.67,84,0,28.5,66.4
3563,4563,6,6.2,5.97,101,3,18.6,43.4
3564,4564,1,7.49,7.72,90,1,22.5,52.4
3565,4565,2,9.49,9.83,63,0,28.5,66.4
3566,4566,4,7.39,7.75,44,2,22.2,51.7
3567,4567,1,7.43,7.12,109,2,22.3,52.0
3568,4568,4,8.88,9.24,110,0,26.6,62.2
3569,4569,5,6.72,6.87,20,2,20.2,47.0
3570,4570,1,8.29,8.65,76,1,24.9,58.0
3571,4571,1,7.63,7.25,90,1,22.9,53.4
3572,4572,6,6.83,6.85,21,3,20.5,47.8
3573,4573,7,9.44,9.19,69,0,28.3,66.1
3574,4574,1,7.94,8.04,99,1,23.8,55.6
3575,4575,1,6.89,6.66,112,2,20.7,48.2
3576,4576,5,8.76,9.04,118,0,26.3,61.3
3577,4577,8,9.71,10.0,39,0,29.1,68.0
3578,4578,8,8.89,9.05,75,0,26.7,62.2
3579,4579,5,6.42,6.07,6,3,19.3,44.9
3580,4580,6,6.52,6.85,90,2,19.6,45.6
3581,4581,1,5.92,5.59,75,4,17.8,41.4
3582,4582,3,9.67,9.45,47,0,29.0,67.7
3583,4583,8,6.36,6.38,43,2,19.1,44.5
3584,4584,1,8.48,8.7,91,0,25.4,59.4
3585,4585,8,8.27,8.62,30,1,24.8,57.9
3586,4586,2,8.73,8.83,103,0,26.2,61.1
3587,4587,8,7.89,8.09,30,2,23.7,55.2
3588,4588,2,5.61,5.54,117,3,16.8,39.3
3589,4589,3,9.72,9.82,53,0,29.2,68.0
3590,4590,2,7.38,7.57,64,2,22.1,51.7
3591,4591,2,5.57,5.39,114,4,16.7,39.0
3592,4592,5,5.54,5.69,95,4,16.6,38.8
3593,4593,1,9.4,9.71,110,0,28.2,65.8
3594,4594,8,9.46,9.63,39,0,28.4,66.2
3595,4595,1,9.34,9.34,99,0,28.0,65.4
3596,4596,4,7.43,7.1,92,2,22.3,52.0
3597,4597,5,9.31,9.26,92,0,27.9,65.2
3598,4598,7,9.28,9.63,55,0,27.8,65.0
3599,4599,6,6.16,6.24,23,2,18.5,43.1
3600,4600,1,7.27,7.3,119,1,21.8,50.9
3601,4601,2,7.78,8.12,11,1,23.3,54.5
3602,4602,7,8.81,8.84,27,0,26.4,61.7
3603,4603,8,6.46,6.44,64,2,19.4,45.2
3604,4604,5,7.24,7.63,87,2,21.7,50.7
3605,4605,5,8.59,8.69,65,0,25.8,60.1
3606,4606,7,8.43,8.49,100,0,25.3,59.0
3607,4607,2,6.87,6.62,8,2,20.6,48.1
3608,4608,2,8.3,7.97,50,0,24.9,58.1
3609,4609,7,8.92,8.82,95,0,26.8,62.4
3610,4610,6,6.33,6.64,66,2,19.0,44.3
3611,4611,6,6.78,7.11,115,2,20.3,47.5
3612,4612,5,8.52,8.44,23,0,25.6,59.6
3613,4613,1,7.1,6.93,108,2,21.3,49.7
3614,4614,1,5.75,5.86,86,3,17.2,40.2
3615,4615,1,8.47,8.86,11,1,25.4,59.3
3616,4616,6,8.91,9.02,80,0,26.7,62.4
3617,4617,3,6.0,6.39,104,3,18.0,42.0
3618,4618,7,9.2,9.12,1,0,27.6,64.4
3619,4619,7,8.08,8.17,115,1,24.2,56.6
3620,4620,1,8.87,8.92,51,0,26.6,62.1
3621,4621,2,5.94,6.08,60,3,17.8,41.6
3622,4622,8,7.42,7.08,15,2,22.3,51.9
3623,4623,8,8.15,8.51,30,0,24.5,57.1
3624,4624,3,6.94,6.91,77,2,20.8,48.6
3625,4625,2,9.14,9.43,110,0,27.4,64.0
3626,4626,8,7.12,7.06,2,2,21.4,49.8
3627,4627,7,8.95,9.18,71,0,26.8,62.6
3628,4628,8,9.58,9.62,100,0,28.7,67.1
3629,4629,7,9.19,9.47,14,0,27.6,64.3
3630,4630,7,7.19,7.47,89,1,21.6,50.3
3631,4631,5,8.77,8.5,77,0,26.3,61.4
3632,4632,6,9.69,9.37,9,0,29.1,67.8
3633,4633,2,8.74,8.96,79,0,26.2,61.2
3634,4634,7,7.28,7.3,37,2,21.8,51.0
3635,4635,8,7.48,7.51,39,1,22.4,52.4
3636,4636,6,9.62,9.67,91,0,28.9,67.3
3637,4637,8,6.81,6.57,113,2,20.4,47.7
3638,4638,5,8.93,9.27,65,0,26.8,62.5
3639,4639,6,8.44,8.46,65,0,25.3,59.1
3640,4640,7,6.75,6.36,119,3,20.2,47.2
3641,4641,6,8.58,8.93,47,0,25.7,60.1
3642,4642,7,7.95,7.73,16,1,23.9,55.6
3643,4643,5,6.56,6.63,22,2,19.7,45.9
3644,4644,3,5.98,5.9,94,3,17.9,41.9
3645,4645,5,5.85,5.64,52,3,17.5,40.9
3646,4646,6,9.8,9.67,104,0,29.4,68.6
3647,4647,1,8.16,7.84,116,1,24.5,57.1
3648,4648,2,6.98,6.82,107,2,20.9,48.9
3649,4649,4,9.11,9.37,29,0,27.3,63.8
3650,4650,2,6.55,6.89,29,3,19.6,45.9
3651,4651,4,8.18,8.5,44,1,24.5,57.3
3652,4652,5,7.88,8.08,11,1,23.6,55.2
3653,4653,1,6.22,6.38,94,3,18.7,43.5
3654,4654,2,5.64,5.63,55,3,16.9,39.5
3655,4655,5,6.45,6.19,43,3,19.4,45.1
3656,4656,3,7.35,7.7,15,2,22.0,51.4
3657,4657,1,6.26,6.24,15,3,18.8,43.8
3658,4658,6,6.32,6.68,27,3,19.0,44.2
3659,4659,1,8.32,8.03,31,1,25.0,58.2
3660,4660,2,7.35,7.52,113,2,22.0,51.4
3661,4661,1,7.27,7.65,96,2,21.8,50.9
3662,4662,1,6.99,6.64,30,2,21.0,48.9
3663,4663,2,8.92,8.78,34,0,26.8,62.4
3664,4664,5,8.85,8.97,6,0,26.5,61.9
3665,4665,7,7.58,7.74,3,1,22.7,53.1
3666,4666,1,9.37,9.28,77,0,28.1,65.6
3667,4667,5,8.26,8.31,16,1,24.8,57.8
3668,4668,4,5.9,5.86,26,3,17.7,41.3
3669,4669,7,6.0,6.13,24,3,18.0,42.0
3670,4670,1,9.11,9.07,56,0,27.3,63.8
3671,4671,5,6.85,6.72,83,2,20.5,47.9
3672,4672,5,9.43,9.2,69,0,28.3,66.0
3673,4673,5,9.01,8.72,119,0,27.0,63.1
3674,4674,2,6.41,6.15,43,2,19.2,44.9
3675,4675,6,9.64,9.7,88,0,28.9,67.5
3676,4676,3,5.88,6.18,33,3,17.6,41.2
3677,4677,8,9.49,9.34,97,0,28.5,66.4
3678,4678,7,8.49,8.32,89,0,25.5,59.4
3679,4679,8,8.68,8.54,62,0,26.0,60.8
3680,4680,7,6.38,6.46,60,3,19.1,44.7
3681,4681,5,8.22,8.2,78,0,24.7,57.5
3682,4682,4,5.92,5.76,5,3,17.8,41.4
3683,4683,8,7.06,6.71,19,2,21.2,49.4
3684,4684,1,7.74,7.9,79,1,23.2,54.2
3685,4685,4,7.16,7.53,70,1,21.5,50.1
3686,4686,5,8.31,8.68,31,0,24.9,58.2
3687,4687,6,7.81,7.53,9,1,23.4,54.7
3688,4688,1,8.68,9.03,11,0,26.0,60.8
3689,4689,6,8.8,8.88,66,0,26.4,61.6
3690,4690,6,8.62,8.97,87,0,25.9,60.3
3691,4691,7,9.16,9.48,37,0,27.5,64.1
3692,4692,7,6.87,6.67,39,2,20.6,48.1
3693,4693,8,8.86,9.25,54,0,26.6,62.0
3694,4694,8,9.77,9.38,86,0,29.3,68.4
3695,4695,3,7.18,6.93,46,1,21.5,50.3
3696,4696,4,7.64,7.32,78,2,22.9,53.5
3697,4697,3,7.65,7.35,37,1,23.0,53.6
3698,4698,2,8.17,8.24,70,1,24.5,57.2
3699,4699,1,7.86,8.11,16,1,23.6,55.0
3700,4700,8,7.33,7.64,42,2,22.0,51.3
3701,4701,1,9.17,9.4,46,0,27.5,64.2
3702,4702,4,8.99,9.26,58,0,27.0,62.9
3703,4703,7,6.17,6.57,74,3,18.5,43.2
3704,4704,8,6.69,6.67,111,3,20.1,46.8
3705,4705,1,9.5,9.34,11,0,28.5,66.5
3706,4706,6,6.03,6.21,116,2,18.1,42.2
3707,4707,5,6.46,6.22,62,3,19.4,45.2
3708,4708,5,9.28,9.39,72,0,27.8,65.0
3709,4709,7,6.13,6.5,111,3,18.4,42.9
3710,4710,8,6.64,6.83,108,3,19.9,46.5
3711,4711,1,6.2,6.37,13,3,18.6,43.4
3712,4712,1,5.8,6.14,64,3,17.4,40.6
3713,4713,3,9.39,9.12,61,0,28.2,65.7
3714,4714,5,8.68,8.95,64,0,26.0,60.8
3715,4715,4,6.2,6.3,34,3,18.6,43.4
3716,4716,3,7.85,8.08,2,1,23.5,54.9
3717,4717,4,9.24,8.96,65,0,27.7,64.7
3718,4718,6,7.8,7.9,25,1,23.4,54.6
3719,4719,5,6.51,6.25,80,2,19.5,45.6
3720,4720,4,6.51,6.89,19,2,19.5,45.6
3721,4721,5,8.26,8.14,24,1,24.8,57.8
3722,4722,3,7.26,7.05,83,2,21.8,50.8
3723,4723,8,6.15,6.29,63,3,18.5,43.1
3724,4724,8,5.77,5.99,73,3,17.3,40.4
3725,4725,7,7.88,8.23,79,1,23.6,55.2
3726,4726,3,8.16,8.04,25,1,24.5,57.1
3727,4727,4,6.17,6.14,21,3,18.5,43.2
3728,4728,7,8.13,8.38,34,1,24.4,56.9
3729,4729,1,8.21,8.02,36,1,24.6,57.5
3730,4730,1,6.99,6.72,86,2,21.0,48.9
3731,4731,7,7.34,7.06,62,2,22.0,51.4
3732,4732,4,7.52,7.27,90,1,22.6,52.6
3733,4733,2,8.87,8.89,90,0,26.6,62.1
3734,4734,2,9.52,9.18,25,0,28.6,66.6
3735,4735,2,8.35,8.0,101,1,25.0,58.4
3736,4736,4,7.17,7.12,63,2,21.5,50.2
3737,4737,1,7.64,7.93,114,2,22.9,53.5
3738,4738,7,9.55,9.2,63,0,28.7,66.9
3739,4739,5,7.18,7.23,38,2,21.5,50.3
3740,4740,1,9.32,9.21,52,0,28.0,65.2
3741,4741,4,6.9,6.6,56,2,20.7,48.3
3742,4742,2,7.37,7.31,1,1,22.1,51.6
3743,4743,5,8.64,8.89,34,1,25.9,60.5
3744,4744,6,7.59,7.86,96,2,22.8,53.1
3745,4745,8,7.69,7.43,14,1,23.1,53.8
3746,4746,7,6.66,6.36,73,3,20.0,46.6
3747,4747,3,5.71,5.92,48,3,17.1,40.0
3748,4748,4,9.69,9.3,10,0,29.1,67.8
3749,4749,5,5.75,5.67,18,4,17.2,40.2
3750,4750,2,6.35,6.09,100,3,19.0,44.4
3751,4751,7,6.62,6.5,27,3,19.9,46.3
3752,4752,8,7.79,7.86,119,1,23.4,54.5
3753,4753,4,7.9,8.11,81,1,23.7,55.3
3754,4754,7,7.38,7.04,29,2,22.1,51.7
3755,4755,7,6.07,5.82,73,3,18.2,42.5
3756,4756,3,7.32,6.99,55,2,22.0,51.2
3757,4757,4,5.69,5.72,18,4,17.1,39.8
3758,4758,2,8.85,9.14,3,1,26.5,61.9
3759,4759,5,8.66,8.85,34,1,26.0,60.6
3760,4760,5,6.92,6.75,16,2,20.8,48.4
3761,4761,2,8.26,8.09,88,1,24.8,57.8
3762,4762,5,8.82,9.18,104,0,26.5,61.7
3763,4763,8,6.06,6.15,82,3,18.2,42.4
3764,4764,5,5.79,5.85,50,3,17.4,40.5
3765,4765,6,6.21,6.08,46,3,18.6,43.5
3766,4766,5,5.6,5.53,55,3,16.8,39.2
3767,4767,6,6.91,6.73,90,2,20.7,48.4
3768,4768,6,9.28,9.5,27,0,27.8,65.0
3769,4769,3,8.12,8.43,3,1,24.4,56.8
3770,4770,2,7.51,7.64,88,2,22.5,52.6
3771,4771,4,8.54,8.66,113,1,25.6,59.8
3772,4772,2,8.25,8.5,7,1,24.8,57.8
3773,4773,4,7.2,7.18,7,2,21.6,50.4
3774,4774,7,6.01,5.68,104,3,18.0,42.1
3775,4775,1,7.81,7.82,96,1,23.4,54.7
3776,4776,1,6.59,6.22,14,3,19.8,46.1
3777,4777,7,9.73,9.98,49,0,29.2,68.1
3778,4778,3,6.52,6.32,33,3,19.6,45.6
3779,4779,4,6.48,6.85,47,2,19.4,45.4
3780,4780,1,5.79,5.99,114,3,17.4,40.5
3781,4781,4,6.86,7.06,91,2,20.6,48.0
3782,4782,2,7.82,8.17,60,1,23.5,54.7
3783,4783,5,5.8,5.6,103,3,17.4,40.6
3784,4784,1,7.45,7.09,103,1,22.4,52.1
3785,4785,3,6.69,7.04,113,2,20.1,46.8
3786,4786,8,7.97,7.73,104,1,23.9,55.8
3787,4787,5,8.37,8.73,27,1,25.1,58.6
3788,4788,5,9.14,9.39,7,0,27.4,64.0
3789,4789,2,7.99,8.34,46,1,24.0,55.9
3790,4790,6,9.53,9.46,67,0,28.6,66.7
3791,4791,5,8.0,8.07,92,1,24.0,56.0
3792,4792,5,5.8,6.09,75,3,17.4,40.6
3793,4793,2,7.16,6.99,2,2,21.5,50.1
3794,4794,6,8.32,8.32,64,1,25.0,58.2
3795,4795,6,6.13,5.81,105,3,18.4,42.9
3796,4796,1,6.86,7.03,87,3,20.6,48.0
3797,4797,5,6.79,6.96,104,3,20.4,47.5
3798,4798,5,7.98,8.37,89,1,23.9,55.9
3799,4799,5,6.45,6.08,45,2,19.4,45.1
3800,4800,6,5.63,5.52,112,3,16.9,39.4
3801,4801,6,6.72,6.99,93,2,20.2,47.0
3802,4802,7,6.95,6.76,76,2,20.9,48.6
3803,4803,7,5.75,5.4,21,4,17.2,40.2
3804,4804,7,8.05,8.13,85,1,24.2,56.4
3805,4805,3,8.32,8.44,26,0,25.0,58.2
3806,4806,5,7.06,7.07,59,2,21.2,49.4
3807,4807,8,8.21,8.01,19,1,24.6,57.5
3808,4808,3,8.73,8.79,55,0,26.2,61.1
3809,4809,7,7.06,7.06,2,2,21.2,49.4
3810,4810,4,5.65,5.73,18,3,17.0,39.6
3811,4811,5,7.3,7.44,45,2,21.9,51.1
3812,4812,4,6.09,6.43,9,3,18.3,42.6
3813,4813,3,5.96,5.86,30,3,17.9,41.7
3814,4814,7,8.79,8.68,84,0,26.4,61.5
3815,4815,3,8.7,8.83,14,0,26.1,60.9
3816,4816,6,8.75,8.65,67,0,26.2,61.2
3817,4817,4,9.65,9.28,88,0,29.0,67.5
3818,4818,3,7.47,7.07,55,1,22.4,52.3
3819,4819,4,8.2,8.06,50,1,24.6,57.4
3820,4820,8,9.79,9.96,33,0,29.4,68.5
3821,4821,4,7.51,7.44,84,2,22.5,52.6
3822,4822,6,6.82,7.22,65,3,20.5,47.7
3823,4823,5,8.77,8.51,60,0,26.3,61.4
3824,4824,7,9.76,9.66,79,0,29.3,68.3
3825,4825,4,6.21,6.54,100,3,18.6,43.5
3826,4826,5,8.47,8.32,88,0,25.4,59.3
3827,4827,2,6.79,7.09,55,2,20.4,47.5
3828,4828,1,5.64,5.81,96,4,16.9,39.5
3829,4829,4,9.78,9.81,73,0,29.3,68.5
3830,4830,2,8.87,8.58,38,0,26.6,62.1
3831,4831,6,9.29,9.05,105,0,27.9,65.0
3832,4832,8,9.65,9.66,79,0,29.0,67.5
3833,4833,5,6.83,6.8,112,2,20.5,47.8
3834,4834,5,8.06,8.23,109,1,24.2,56.4
3835,4835,8,9.79,9.79,53,0,29.4,68.5
3836,4836,3,6.2,6.5,115,2,18.6,43.4
3837,4837,5,7.44,7.37,102,2,22.3,52.1
3838,4838,4,6.21,6.09,19,2,18.6,43.5
3839,4839,5,6.06,6.13,61,3,18.2,42.4
3840,4840,1,6.08,5.96,72,3,18.2,42.6
3841,4841,3,8.57,8.18,20,1,25.7,60.0
3842,4842,2,7.14,7.38,29,1,21.4,50.0
3843,4843,4,7.93,7.95,38,1,23.8,55.5
3844,4844,5,8.95,9.31,76,0,26.8,62.6
3845,4845,3,6.22,6.45,82,3,18.7,43.5
3846,4846,2,6.61,6.94,23,3,19.8,46.3
3847,4847,7,8.28,8.43,100,1,24.8,58.0
3848,4848,6,8.38,8.45,40,1,25.1,58.7
3849,4849,2,8.14,7.88,41,1,24.4,57.0
3850,4850,4,8.86,9.12,37,1,26.6,62.0
3851,4851,5,7.1,7.17,37,2,21.3,49.7
3852,4852,3,9.17,8.96,40,0,27.5,64.2
3853,4853,3,8.9,9.15,27,1,26.7,62.3
3854,4854,7,7.89,7.72,10,1,23.7,55.2
3855,4855,2,7.36,7.58,30,1,22.1,51.5
3856,4856,5,7.7,7.45,94,1,23.1,53.9
3857,4857,1,7.56,7.34,98,1,22.7,52.9
3858,4858,5,5.83,6.01,41,3,17.5,40.8
3859,4859,8,7.5,7.42,41,1,22.5,52.5
3860,4860,4,9.18,9.24,15,0,27.5,64.3
3861,4861,6,8.64,8.58,110,0,25.9,60.5
3862,4862,8,6.09,6.27,106,2,18.3,42.6
3863,4863,5,7.08,6.74,111,2,21.2,49.6
3864,4864,6,7.78,7.81,109,1,23.3,54.5
3865,4865,2,8.7,8.98,68,0,26.1,60.9
3866,4866,1,9.13,9.48,33,0,27.4,63.9
3867,4867,8,7.46,7.44,27,2,22.4,52.2
3868,4868,2,9.04,9.02,62,0,27.1,63.3
3869,4869,4,6.7,6.42,9,2,20.1,46.9
3870,4870,5,6.62,6.38,120,3,19.9,46.3
3871,4871,1,9.78,10.0,101,0,29.3,68.5
3872,4872,6,5.79,5.77,58,3,17.4,40.5
3873,4873,2,9.68,9.48,51,0,29.0,67.8
3874,4874,2,9.12,9.12,115,0,27.4,63.8
3875,4875,5,8.36,8.12,9,1,25.1,58.5
3876,4876,1,7.28,7.37,90,2,21.8,51.0
3877,4877,7,7.05,7.07,82,2,21.1,49.4
3878,4878,2,7.43,7.83,24,1,22.3,52.0
3879,4879,8,6.12,5.99,45,3,18.4,42.8
3880,4880,8,7.18,7.52,116,2,21.5,50.3
3881,4881,2,7.71,7.71,120,1,23.1,54.0
3882,4882,6,8.61,8.7,26,0,25.8,60.3
3883,4883,7,6.84,6.73,115,2,20.5,47.9
3884,4884,7,7.43,7.27,86,2,22.3,52.0
3885,4885,1,6.3,6.53,37,3,18.9,44.1
3886,4886,6,7.94,7.84,39,1,23.8,55.6
3887,4887,1,7.25,7.4,71,2,21.8,50.8
3888,4888,7,8.58,8.5,91,0,25.7,60.1
3889,4889,7,7.3,7.29,37,2,21.9,51.1
3890,4890,4,8.19,8.48,95,1,24.6,57.3
3891,4891,8,7.16,7.38,46,2,21.5,50.1
3892,4892,6,9.76,10.0,85,0,29.3,68.3
3893,4893,4,9.01,8.65,100,0,27.0,63.1
3894,4894,6,6.75,6.65,51,3,20.2,47.2
3895,4895,4,6.72,7.01,112,2,20.2,47.0
3896,4896,3,8.17,7.83,38,1,24.5,57.2
3897,4897,3,9.79,9.55,4,0,29.4,68.5
3898,4898,4,6.58,6.77,81,3,19.7,46.1
3899,4899,4,8.47,8.32,35,1,25.4,59.3
3900,4900,8,7.0,6.78,94,2,21.0,49.0
3901,4901,1,8.72,8.5,94,0,26.2,61.0
3902,4902,5,8.67,8.5,77,0,26.0,60.7
3903,4903,3,7.56,7.56,55,2,22.7,52.9
3904,4904,8,7.36,6.99,116,1,22.1,51.5
3905,4905,3,5.77,5.99,20,3,17.3,40.4
3906,4906,6,9.35,9.59,85,0,28.0,65.5
3907,4907,5,7.67,7.55,47,2,23.0,53.7
3908,4908,5,8.19,8.29,110,1,24.6,57.3
3909,4909,6,9.29,9.27,9,0,27.9,65.0
3910,4910,4,6.5,6.3,115,3,19.5,45.5
3911,4911,4,5.68,5.69,116,3,17.0,39.8
3912,4912,3,9.19,9.06,103,0,27.6,64.3
3913,4913,2,9.35,9.0,37,0,28.0,65.5
3914,4914,7,5.58,5.77,13,3,16.7,39.1
3915,4915,3,7.89,7.6,17,1,23.7,55.2
3916,4916,3,6.55,6.69,60,2,19.6,45.9
3917,4917,3,7.54,7.68,69,2,22.6,52.8
3918,4918,4,8.43,8.76,53,1,25.3,59.0
3919,4919,6,8.0,7.97,68,1,24.0,56.0
3920,4920,8,6.07,6.33,103,3,18.2,42.5
3921,4921,6,9.36,9.27,50,0,28.1,65.5
3922,4922,5,8.07,8.26,111,1,24.2,56.5
3923,4923,3,9.43,9.05,100,0,28.3,66.0
3924,4924,2,8.03,8.3,34,1,24.1,56.2
3925,4925,6,9.2,9.47,63,0,27.6,64.4
3926,4926,4,5.6,5.98,74,3,16.8,39.2
3927,4927,1,8.18,8.22,87,0,24.5,57.3
3928,4928,1,9.28,9.34,102,0,27.8,65.0
3929,4929,6,7.89,7.51,71,1,23.7,55.2
3930,4930,2,6.56,6.87,90,2,19.7,45.9
3931,4931,4,5.62,5.43,16,3,16.9,39.3
3932,4932,3,8.02,7.8,41,1,24.1,56.1
3933,4933,3,6.13,6.25,1,3,18.4,42.9
3934,4934,2,9.65,9.34,117,0,29.0,67.5
3935,4935,8,7.71,7.69,93,1,23.1,54.0
3936,4936,8,8.59,8.64,70,1,25.8,60.1
3937,4937,1,5.9,6.21,98,4,17.7,41.3
3938,4938,7,8.22,8.29,114,1,24.7,57.5
3939,4939,5,5.72,5.57,112,3,17.2,40.0
3940,4940,1,8.76,8.99,77,0,26.3,61.3
3941,4941,3,7.88,7.98,36,2,23.6,55.2
3942,4942,4,9.59,9.52,83,0,28.8,67.1
3943,4943,8,9.52,9.77,14,0,28.6,66.6
3944,4944,5,7.2,7.25,48,2,21.6,50.4
3945,4945,2,5.79,5.65,96,3,17.4,40.5
3946,4946,6,7.87,8.03,3,1,23.6,55.1
3947,4947,3,7.81,7.57,10,1,23.4,54.7
3948,4948,2,6.96,7.06,108,2,20.9,48.7
3949,4949,7,6.66,6.26,59,2,20.0,46.6
3950,4950,4,8.8,8.53,49,0,26.4,61.6
3951,4951,3,6.45,6.58,30,3,19.4,45.1
3952,4952,5,9.52,9.76,88,0,28.6,66.6
3953,4953,2,9.59,9.57,40,0,28.8,67.1
3954,4954,2,8.59,8.6,57,1,25.8,60.1
3955,4955,3,6.6,6.91,80,2,19.8,46.2
3956,4956,4,8.6,8.89,22,0,25.8,60.2
3957,4957,7,6.7,6.85,34,3,20.1,46.9
3958,4958,4,5.78,5.8,47,3,17.3,40.5
3959,4959,2,7.93,8.15,38,1,23.8,55.5
3960,4960,5,5.94,5.86,1,3,17.8,41.6
3961,4961,1,6.78,7.13,48,3,20.3,47.5
3962,4962,3,6.57,6.7,102,2,19.7,46.0
3963,4963,3,7.3,6.97,92,2,21.9,51.1
3964,4964,8,7.53,7.22,45,2,22.6,52.7
3965,4965,4,8.36,8.69,28,1,25.1,58.5
3966,4966,6,6.43,6.8,80,2,19.3,45.0
3967,4967,7,7.32,7.66,11,2,22.0,51.2
3968,4968,4,6.27,6.24,94,2,18.8,43.9
3969,4969,8,6.44,6.49,96,3,19.3,45.1
3970,4970,5,9.07,9.18,28,0,27.2,63.5
3971,4971,8,7.56,7.28,111,2,22.7,52.9
3972,4972,4,8.98,9.06,97,0,26.9,62.9
3973,4973,3,9.41,9.44,60,0,28.2,65.9
3974,4974,2,7.77,7.99,9,2,23.3,54.4
3975,4975,1,8.82,8.68,77,0,26.5,61.7
3976,4976,2,9.13,8.79,16,0,27.4,63.9
3977,4977,7,7.79,7.98,30,1,23.4,54.5
3978,4978,3,8.17,7.94,118,1,24.5,57.2
3979,4979,5,8.96,9.28,41,0,26.9,62.7
3980,4980,1,6.37,6.61,55,3,19.1,44.6
3981,4981,3,8.02,8.18,118,1,24.1,56.1
3982,4982,8,5.54,5.38,117,3,16.6,38.8
3983,4983,1,5.63,5.67,53,3,16.9,39.4
3984,4984,3,5.9,5.92,26,3,17.7,41.3
3985,4985,3,5.59,5.8,54,3,16.8,39.1
3986,4986,1,9.19,9.55,114,0,27.6,64.3
3987,4987,8,6.95,6.6,120,2,20.9,48.6
3988,4988,6,9.71,9.98,47,0,29.1,68.0
3989,4989,4,9.25,9.31,89,0,27.8,64.8
3990,4990,4,5.92,5.57,66,3,17.8,41.4
3991,4991,1,7.23,7.2,71,2,21.7,50.6
3992,4992,2,5.92,6.03,82,3,17.8,41.4
3993,4993,8,6.16,6.08,94,3,18.5,43.1
3994,4994,7,5.5,5.58,44,4,16.5,38.5
3995,4995,2,8.12,8.51,109,1,24.4,56.8
3996,4996,4,9.59,9.19,38,0,28.8,67.1
3997,4997,8,6.96,7.2,31,2,20.9,48.7
3998,4998,3,9.77,10.0,41,0,29.3,68.4
3999,4999,5,8.06,8.01,70,1,24.2,56.4
4000,5000,8,8.28,8.06,77,1,24.8,58.0
4001,5001,5,9.69,9.83,5,0,29.1,67.8
4002,5002,4,8.12,8.04,10,1,24.4,56.8
4003,5003,1,7.12,7.48,114,1,21.4,49.8
4004,5004,4,7.41,7.42,77,1,22.2,51.9
4005,5005,5,9.79,9.95,41,0,29.4,68.5
4006,5006,6,6.63,6.41,23,2,19.9,46.4
4007,5007,3,7.18,7.24,54,2,21.5,50.3
4008,5008,3,6.88,6.72,85,2,20.6,48.2
4009,5009,4,8.77,8.96,17,0,26.3,61.4
4010,5010,1,9.2,9.01,62,0,27.6,64.4
4011,5011,3,6.34,6.59,54,3,19.0,44.4
4012,5012,3,5.79,5.43,34,3,17.4,40.5
4013,5013,4,6.7,6.47,75,2,20.1,46.9
4014,5014,4,7.45,7.36,29,2,22.4,52.1
4015,5015,3,5.75,5.87,18,3,17.2,40.2
4016,5016,1,9.74,10.0,74,0,29.2,68.2
4017,5017,5,9.41,9.06,31,0,28.2,65.9
4018,5018,1,7.58,7.34,74,2,22.7,53.1
4019,5019,3,7.42,7.53,85,2,22.3,51.9
4020,5020,7,8.21,8.32,113,0,24.6,57.5
4021,5021,4,9.51,9.29,31,0,28.5,66.6
4022,5022,6,6.34,6.04,20,3,19.0,44.4
4023,5023,2,5.99,6.16,34,3,18.0,41.9
4024,5024,7,8.17,8.22,111,1,24.5,57.2
4025,5025,3,6.28,6.06,24,3,18.8,44.0
4026,5026,6,5.9,6.27,31,3,17.7,41.3
4027,5027,4,8.28,8.22,9,0,24.8,58.0
4028,5028,8,9.6,9.73,8,0,28.8,67.2
4029,5029,3,6.68,6.76,43,2,20.0,46.8
4030,5030,2,9.03,9.26,107,0,27.1,63.2
4031,5031,7,7.9,7.67,27,1,23.7,55.3
4032,5032,8,7.94,7.79,57,1,23.8,55.6
4033,5033,6,6.16,5.81,12,2,18.5,43.1
4034,5034,4,6.75,6.47,111,2,20.2,47.2
4035,5035,4,6.18,6.55,114,3,18.5,43.3
4036,5036,7,7.07,7.37,25,2,21.2,49.5
4037,5037,8,7.56,7.24,96,2,22.7,52.9
4038,5038,8,9.19,9.03,94,0,27.6,64.3
4039,5039,4,7.9,8.08,62,1,23.7,55.3
4040,5040,2,5.63,5.46,79,3,16.9,39.4
4041,5041,8,7.5,7.75,120,2,22.5,52.5
4042,5042,8,5.65,5.56,21,3,17.0,39.6
4043,5043,1,8.99,9.05,49,0,27.0,62.9
4044,5044,6,7.52,7.91,21,2,22.6,52.6
4045,5045,6,6.1,5.95,45,3,18.3,42.7
4046,5046,1,6.19,6.17,94,3,18.6,43.3
4047,5047,5,7.39,7.64,115,2,22.2,51.7
4048,5048,6,9.57,9.49,37,0,28.7,67.0
4049,5049,8,9.16,8.93,30,0,27.5,64.1
4050,5050,3,8.18,8.41,47,1,24.5,57.3
4051,5051,8,9.59,9.41,72,0,28.8,67.1
4052,5052,7,6.43,6.27,89,2,19.3,45.0
4053,5053,2,6.75,7.1,47,2,20.2,47.2
4054,5054,8,6.94,7.19,32,2,20.8,48.6
4055,5055,5,8.8,9.05,66,0,26.4,61.6
4056,5056,6,8.04,8.14,46,1,24.1,56.3
4057,5057,4,8.97,8.86,24,0,26.9,62.8
4058,5058,3,8.39,8.18,35,1,25.2,58.7
4059,5059,4,7.61,7.62,14,2,22.8,53.3
4060,5060,4,8.67,8.97,23,0,26.0,60.7
4061,5061,6,5.6,5.42,101,3,16.8,39.2
4062,5062,5,8.46,8.25,72,1,25.4,59.2
4063,5063,1,7.06,7.01,74,2,21.2,49.4
4064,5064,8,7.31,7.28,36,1,21.9,51.2
4065,5065,8,7.73,7.98,62,2,23.2,54.1
4066,5066,8,9.36,9.75,4,0,28.1,65.5
4067,5067,6,6.97,6.62,67,2,20.9,48.8
4068,5068,2,6.53,6.15,19,3,19.6,45.7
4069,5069,4,6.55,6.23,40,2,19.6,45.9
4070,5070,6,6.45,6.56,114,3,19.4,45.1
4071,5071,8,7.27,7.6,19,2,21.8,50.9
4072,5072,4,7.04,6.84,115,2,21.1,49.3
4073,5073,6,8.04,7.8,94,1,24.1,56.3
4074,5074,5,8.89,9.07,63,0,26.7,62.2
4075,5075,7,9.68,9.45,13,0,29.0,67.8
4076,5076,5,5.53,5.68,102,4,16.6,38.7
4077,5077,2,9.12,9.16,53,0,27.4,63.8
4078,5078,3,6.02,6.37,39,3,18.1,42.1
4079,5079,8,8.25,7.86,74,0,24.8,57.8
4080,5080,2,9.74,9.59,78,0,29.2,68.2
4081,5081,1,7.3,6.99,60,2,21.9,51.1
4082,5082,7,6.67,6.76,109,2,20.0,46.7
4083,5083,5,6.66,6.98,96,3,20.0,46.6
4084,5084,2,7.83,8.08,14,2,23.5,54.8
4085,5085,8,9.67,9.91,115,0,29.0,67.7
4086,5086,2,9.48,9.72,118,0,28.4,66.4
4087,5087,6,6.58,6.91,6,2,19.7,46.1
4088,5088,2,9.72,9.75,118,0,29.2,68.0
4089,5089,5,9.79,10.0,107,0,29.4,68.5
4090,5090,6,6.23,6.43,97,3,18.7,43.6
4091,5091,4,9.48,9.84,10,0,28.4,66.4
4092,5092,2,7.22,7.0,25,2,21.7,50.5
4093,5093,4,5.65,5.39,9,3,17.0,39.6
4094,5094,1,9.03,9.43,87,0,27.1,63.2
4095,5095,2,9.18,8.95,107,0,27.5,64.3
4096,5096,6,6.92,6.85,104,2,20.8,48.4
4097,5097,1,8.25,8.03,79,1,24.8,57.8
4098,5098,5,6.75,6.63,2,2,20.2,47.2
4099,5099,6,8.33,8.4,23,1,25.0,58.3
4100,5100,1,5.56,5.38,50,3,16.7,38.9
4101,5101,8,7.7,7.56,83,1,23.1,53.9
4102,5102,1,6.98,7.36,104,2,20.9,48.9
4103,5103,4,8.92,8.65,107,0,26.8,62.4
4104,5104,5,8.97,8.58,90,0,26.9,62.8
4105,5105,2,6.65,6.84,59,3,20.0,46.6
4106,5106,4,6.7,6.49,37,3,20.1,46.9
4107,5107,2,8.38,8.74,77,0,25.1,58.7
4108,5108,7,6.72,6.71,61,3,20.2,47.0
4109,5109,1,8.3,8.22,28,0,24.9,58.1
4110,5110,6,7.49,7.1,91,1,22.5,52.4
4111,5111,3,7.52,7.13,80,1,22.6,52.6
4112,5112,4,8.13,7.87,85,1,24.4,56.9
4113,5113,5,9.63,9.7,66,0,28.9,67.4
4114,5114,2,7.04,6.92,46,2,21.1,49.3
4115,5115,7,8.78,8.73,6,1,26.3,61.5
4116,5116,7,8.64,8.8,45,0,25.9,60.5
4117,5117,7,7.25,7.51,110,2,21.8,50.8
4118,5118,3,8.12,8.01,81,1,24.4,56.8
4119,5119,6,6.14,6.11,36,3,18.4,43.0
4120,5120,7,7.05,6.85,80,2,21.1,49.4
4121,5121,2,7.9,7.65,65,1,23.7,55.3
4122,5122,2,9.31,9.53,96,0,27.9,65.2
4123,5123,2,9.24,9.3,42,0,27.7,64.7
4124,5124,5,6.54,6.37,36,3,19.6,45.8
4125,5125,3,9.66,9.62,57,0,29.0,67.6
4126,5126,7,9.4,9.59,2,0,28.2,65.8
4127,5127,7,9.65,9.83,18,0,29.0,67.5
4128,5128,3,6.05,6.26,62,3,18.1,42.4
4129,5129,6,7.87,8.14,85,1,23.6,55.1
4130,5130,4,5.91,6.12,92,3,17.7,41.4
4131,5131,2,6.72,6.84,90,2,20.2,47.0
4132,5132,7,7.4,7.32,11,2,22.2,51.8
4133,5133,2,9.25,9.49,66,0,27.8,64.8
4134,5134,6,9.55,9.49,62,0,28.7,66.9
4135,5135,2,5.59,5.97,29,4,16.8,39.1
4136,5136,4,8.37,8.18,53,1,25.1,58.6
4137,5137,3,6.05,5.68,70,3,18.1,42.4
4138,5138,8,6.09,6.4,37,3,18.3,42.6
4139,5139,1,9.66,9.92,86,0,29.0,67.6
4140,5140,7,9.74,9.88,99,0,29.2,68.2
4141,5141,2,6.38,6.74,100,3,19.1,44.7
4142,5142,5,8.48,8.49,60,0,25.4,59.4
4143,5143,7,5.95,5.67,17,4,17.9,41.6
4144,5144,7,9.18,9.55,25,0,27.5,64.3
4145,5145,7,5.74,5.7,112,4,17.2,40.2
4146,5146,4,8.73,8.94,38,1,26.2,61.1
4147,5147,3,8.56,8.96,69,1,25.7,59.9
4148,5148,4,6.96,7.33,89,2,20.9,48.7
4149,5149,6,6.96,6.61,35,2,20.9,48.7
4150,5150,1,9.25,9.58,98,0,27.8,64.8
4151,5151,8,7.01,7.4,59,2,21.0,49.1
4152,5152,6,9.43,9.42,75,0,28.3,66.0
4153,5153,5,8.34,8.27,17,1,25.0,58.4
4154,5154,1,7.79,8.17,22,2,23.4,54.5
4155,5155,8,6.07,5.78,68,3,18.2,42.5
4156,5156,2,7.41,7.19,51,2,22.2,51.9
4157,5157,7,8.93,9.13,71,1,26.8,62.5
4158,5158,1,5.53,5.66,57,3,16.6,38.7
4159,5159,6,9.65,9.44,24,0,29.0,67.5
4160,5160,8,6.98,6.9,109,2,20.9,48.9
4161,5161,6,8.4,8.07,21,1,25.2,58.8
4162,5162,1,5.95,6.33,107,3,17.9,41.6
4163,5163,4,9.67,9.5,10,0,29.0,67.7
4164,5164,5,8.63,8.3,119,0,25.9,60.4
4165,5165,8,9.59,9.29,87,0,28.8,67.1
4166,5166,1,5.56,5.69,52,3,16.7,38.9
4167,5167,3,9.65,9.61,29,0,29.0,67.5
4168,5168,5,7.57,7.67,85,2,22.7,53.0
4169,5169,3,8.54,8.56,27,1,25.6,59.8
4170,5170,3,7.3,7.17,3,2,21.9,51.1
4171,5171,1,6.1,5.99,74,3,18.3,42.7
4172,5172,8,8.89,9.29,42,0,26.7,62.2
4173,5173,8,6.24,5.86,43,2,18.7,43.7
4174,5174,5,5.86,6.16,23,3,17.6,41.0
4175,5175,1,8.87,8.65,106,0,26.6,62.1
4176,5176,5,9.24,9.58,68,0,27.7,64.7
4177,5177,2,9.15,9.52,77,0,27.5,64.0
4178,5178,6,9.05,9.29,87,0,27.2,63.4
4179,5179,4,9.4,9.12,120,0,28.2,65.8
4180,5180,2,8.61,8.27,111,1,25.8,60.3
4181,5181,3,8.47,8.28,66,0,25.4,59.3
4182,5182,4,6.19,6.35,64,3,18.6,43.3
4183,5183,4,8.23,8.49,55,0,24.7,57.6
4184,5184,7,9.26,9.4,18,0,27.8,64.8
4185,5185,2,7.8,8.1,114,2,23.4,54.6
4186,5186,3,8.78,8.93,38,0,26.3,61.5
4187,5187,2,8.67,8.69,53,0,26.0,60.7
4188,5188,8,7.05,7.3,17,2,21.1,49.4
4189,5189,7,5.54,5.21,61,4,16.6,38.8
4190,5190,5,8.72,8.93,88,1,26.2,61.0
4191,5191,7,7.59,7.9,74,2,22.8,53.1
4192,5192,4,7.17,7.56,95,2,21.5,50.2
4193,5193,2,9.61,9.32,4,0,28.8,67.3
4194,5194,3,6.66,6.46,32,2,20.0,46.6
4195,5195,7,8.58,8.84,28,1,25.7,60.1
4196,5196,4,5.91,6.0,113,4,17.7,41.4
4197,5197,8,6.77,6.62,87,2,20.3,47.4
4198,5198,1,5.83,6.23,62,3,17.5,40.8
4199,5199,8,9.72,10.0,67,0,29.2,68.0
4200,5200,3,7.48,7.71,77,1,22.4,52.4
4201,5201,2,7.34,7.7,19,2,22.0,51.4
4202,5202,8,7.58,7.97,90,1,22.7,53.1
4203,5203,8,9.01,8.78,14,0,27.0,63.1
4204,5204,4,9.26,9.08,67,0,27.8,64.8
4205,5205,2,9.27,9.3,100,0,27.8,64.9
4206,5206,1,7.83,7.74,101,1,23.5,54.8
4207,5207,1,5.88,5.93,86,3,17.6,41.2
4208,5208,1,6.54,6.9,34,2,19.6,45.8
4209,5209,8,7.9,7.67,69,1,23.7,55.3
4210,5210,8,8.55,8.19,63,0,25.7,59.9
4211,5211,4,9.2,9.25,13,0,27.6,64.4
4212,5212,2,9.68,9.67,94,0,29.0,67.8
4213,5213,5,6.1,6.45,70,3,18.3,42.7
4214,5214,2,9.44,9.35,12,0,28.3,66.1
4215,5215,3,7.98,8.04,25,1,23.9,55.9
4216,5216,7,7.17,7.55,61,2,21.5,50.2
4217,5217,4,8.41,8.33,76,0,25.2,58.9
4218,5218,3,6.1,5.86,100,3,18.3,42.7
4219,5219,2,6.68,6.97,71,2,20.0,46.8
4220,5220,3,9.62,9.66,46,0,28.9,67.3
4221,5221,4,9.43,9.61,102,0,28.3,66.0
4222,5222,6,8.23,8.04,5,1,24.7,57.6
4223,5223,6,6.9,6.56,26,2,20.7,48.3
4224,5224,5,6.82,6.52,93,3,20.5,47.7
4225,5225,2,9.28,9.0,69,0,27.8,65.0
4226,5226,7,9.56,9.52,23,0,28.7,66.9
4227,5227,3,8.38,8.78,33,1,25.1,58.7
4228,5228,1,7.87,7.57,91,1,23.6,55.1
4229,5229,4,8.46,8.73,69,1,25.4,59.2
4230,5230,8,6.76,6.72,75,3,20.3,47.3
4231,5231,2,7.52,7.17,93,2,22.6,52.6
4232,5232,6,9.14,9.12,108,0,27.4,64.0
4233,5233,7,8.66,8.36,76,0,26.0,60.6
4234,5234,3,8.93,9.14,8,0,26.8,62.5
4235,5235,4,8.09,7.79,106,1,24.3,56.6
4236,5236,8,6.5,6.32,100,3,19.5,45.5
4237,5237,7,7.23,7.43,1,2,21.7,50.6
4238,5238,7,5.94,6.21,105,3,17.8,41.6
4239,5239,1,6.33,6.36,106,2,19.0,44.3
4240,5240,5,7.71,7.39,48,1,23.1,54.0
4241,5241,3,7.92,7.94,34,1,23.8,55.4
4242,5242,3,9.03,8.65,112,0,27.1,63.2
4243,5243,5,5.79,6.12,37,4,17.4,40.5
4244,5244,2,9.75,9.81,9,0,29.2,68.2
4245,5245,1,6.28,6.32,83,2,18.8,44.0
4246,5246,3,9.53,9.54,105,0,28.6,66.7
4247,5247,8,8.83,9.17,70,0,26.5,61.8
4248,5248,5,7.76,7.37,71,1,23.3,54.3
4249,5249,1,7.67,7.54,50,2,23.0,53.7
4250,5250,3,7.84,7.76,115,1,23.5,54.9
4251,5251,8,8.71,9.0,37,0,26.1,61.0
4252,5252,7,5.84,5.54,59,3,17.5,40.9
4253,5253,8,7.73,7.79,47,1,23.2,54.1
4254,5254,1,8.75,8.59,81,1,26.2,61.2
4255,5255,4,8.49,8.17,86,1,25.5,59.4
4256,5256,5,7.31,7.56,101,1,21.9,51.2
4257,5257,4,8.42,8.42,36,1,25.3,58.9
4258,5258,1,6.47,6.84,104,2,19.4,45.3
4259,5259,6,7.28,7.16,44,1,21.8,51.0
4260,5260,1,9.23,9.43,110,0,27.7,64.6
4261,5261,7,8.2,7.84,44,1,24.6,57.4
4262,5262,6,8.74,8.99,79,0,26.2,61.2
4263,5263,3,9.22,9.62,36,0,27.7,64.5
4264,5264,4,7.14,7.44,99,2,21.4,50.0
4265,5265,3,7.04,6.88,110,2,21.1,49.3
4266,5266,7,7.56,7.32,81,2,22.7,52.9
4267,5267,4,8.98,8.78,109,0,26.9,62.9
4268,5268,1,7.97,8.26,33,1,23.9,55.8
4269,5269,2,8.78,8.59,85,0,26.3,61.5
4270,5270,2,7.58,7.84,56,2,22.7,53.1
4271,5271,5,6.75,6.6,7,2,20.2,47.2
4272,5272,8,7.89,7.61,58,1,23.7,55.2
4273,5273,2,8.85,8.56,87,0,26.5,61.9
4274,5274,3,7.89,7.99,4,2,23.7,55.2
4275,5275,4,9.0,9.16,118,0,27.0,63.0
4276,5276,6,6.94,6.76,89,2,20.8,48.6
4277,5277,8,7.04,7.23,61,2,21.1,49.3
4278,5278,8,6.98,7.28,7,2,20.9,48.9
4279,5279,1,5.81,5.96,47,4,17.4,40.7
4280,5280,4,5.84,5.64,68,3,17.5,40.9
4281,5281,5,6.21,5.87,45,3,18.6,43.5
4282,5282,2,5.74,6.05,53,3,17.2,40.2
4283,5283,7,6.13,6.25,18,3,18.4,42.9
4284,5284,3,7.42,7.32,14,2,22.3,51.9
4285,5285,7,7.07,6.7,78,2,21.2,49.5
4286,5286,6,5.95,6.01,76,3,17.9,41.6
4287,5287,4,9.56,9.51,91,0,28.7,66.9
4288,5288,5,8.97,8.96,52,0,26.9,62.8
4289,5289,8,8.53,8.21,108,0,25.6,59.7
4290,5290,5,9.66,9.46,102,0,29.0,67.6
4291,5291,6,9.09,8.91,82,0,27.3,63.6
4292,5292,4,9.17,9.0,120,0,27.5,64.2
4293,5293,2,6.8,6.49,95,2,20.4,47.6
4294,5294,8,6.91,6.89,4,2,20.7,48.4
4295,5295,1,8.89,8.88,85,1,26.7,62.2
4296,5296,4,8.24,8.04,69,1,24.7,57.7
4297,5297,5,8.0,8.2,45,1,24.0,56.0
4298,5298,4,6.74,6.52,12,2,20.2,47.2
4299,5299,4,7.44,7.64,30,2,22.3,52.1
4300,5300,8,9.23,8.85,95,0,27.7,64.6
4301,5301,6,9.51,9.5,91,0,28.5,66.6
4302,5302,4,6.82,6.7,84,3,20.5,47.7
4303,5303,8,5.85,6.12,74,3,17.5,40.9
4304,5304,5,6.42,6.35,15,2,19.3,44.9
4305,5305,3,6.32,5.96,48,3,19.0,44.2
4306,5306,6,6.05,5.75,88,3,18.1,42.4
4307,5307,6,6.22,6.43,92,3,18.7,43.5
4308,5308,3,9.72,9.63,36,0,29.2,68.0
4309,5309,5,8.99,8.71,76,0,27.0,62.9
4310,5310,3,6.91,6.86,2,2,20.7,48.4
4311,5311,6,5.97,6.36,18,3,17.9,41.8
4312,5312,8,9.39,9.06,114,0,28.2,65.7
4313,5313,1,6.38,6.33,57,3,19.1,44.7
4314,5314,3,6.32,6.3,87,3,19.0,44.2
4315,5315,7,6.22,6.56,8,3,18.7,43.5
4316,5316,7,5.8,6.0,85,3,17.4,40.6
4317,5317,2,6.87,6.71,93,2,20.6,48.1
4318,5318,5,9.07,8.75,77,0,27.2,63.5
4319,5319,1,9.05,9.15,25,0,27.2,63.4
4320,5320,1,9.28,9.18,49,0,27.8,65.0
4321,5321,7,6.82,6.84,113,2,20.5,47.7
4322,5322,4,8.65,8.72,101,1,26.0,60.6
4323,5323,5,8.1,7.85,90,0,24.3,56.7
4324,5324,3,8.09,8.02,86,1,24.3,56.6
4325,5325,1,9.49,9.51,108,0,28.5,66.4
4326,5326,1,7.68,7.84,25,1,23.0,53.8
4327,5327,6,5.75,5.57,86,3,17.2,40.2
4328,5328,6,8.61,8.93,23,0,25.8,60.3
4329,5329,6,6.55,6.82,116,3,19.6,45.9
4330,5330,3,6.59,6.58,82,2,19.8,46.1
4331,5331,1,6.72,6.37,86,2,20.2,47.0
4332,5332,6,6.03,6.36,57,3,18.1,42.2
4333,5333,7,6.09,6.38,65,3,18.3,42.6
4334,5334,2,6.0,6.11,105,3,18.0,42.0
4335,5335,6,6.5,6.13,17,2,19.5,45.5
4336,5336,4,6.76,6.84,36,2,20.3,47.3
4337,5337,2,7.62,7.54,80,1,22.9,53.3
4338,5338,1,8.69,8.66,82,1,26.1,60.8
4339,5339,4,6.03,6.1,26,3,18.1,42.2
4340,5340,5,8.94,8.75,29,0,26.8,62.6
4341,5341,3,8.33,8.06,54,1,25.0,58.3
4342,5342,7,8.86,8.72,6,1,26.6,62.0
4343,5343,1,6.84,7.22,85,2,20.5,47.9
4344,5344,6,7.56,7.7,40,2,22.7,52.9
4345,5345,8,7.75,8.15,40,1,23.2,54.2
4346,5346,3,6.52,6.79,61,3,19.6,45.6
4347,5347,7,9.62,9.5,106,0,28.9,67.3
4348,5348,8,9.58,9.62,116,0,28.7,67.1
4349,5349,7,8.2,8.35,83,0,24.6,57.4
4350,5350,8,6.97,6.65,103,2,20.9,48.8
4351,5351,1,6.31,6.06,68,3,18.9,44.2
4352,5352,2,7.4,7.56,15,1,22.2,51.8
4353,5353,2,6.03,5.97,88,3,18.1,42.2
4354,5354,7,5.51,5.16,88,3,16.5,38.6
4355,5355,3,7.77,7.95,93,1,23.3,54.4
4356,5356,7,9.75,9.37,13,0,29.2,68.2
4357,5357,6,9.61,9.87,74,0,28.8,67.3
4358,5358,2,9.34,9.31,42,0,28.0,65.4
4359,5359,3,6.47,6.23,81,2,19.4,45.3
4360,5360,7,8.49,8.75,27,1,25.5,59.4
4361,5361,4,8.81,9.02,73,1,26.4,61.7
4362,5362,2,6.52,6.39,31,2,19.6,45.6
4363,5363,3,8.94,8.91,42,0,26.8,62.6
4364,5364,3,8.32,8.5,79,1,25.0,58.2
4365,5365,7,9.62,9.6,21,0,28.9,67.3
4366,5366,7,9.36,9.45,3,0,28.1,65.5
4367,5367,2,9.13,9.2,23,0,27.4,63.9
4368,5368,7,9.27,9.11,18,0,27.8,64.9
4369,5369,5,8.64,8.39,69,0,25.9,60.5
4370,5370,8,6.52,6.49,71,3,19.6,45.6
4371,5371,2,9.22,8.86,72,0,27.7,64.5
4372,5372,3,5.79,5.48,69,3,17.4,40.5
4373,5373,1,8.63,9.02,113,0,25.9,60.4
4374,5374,3,8.0,7.66,12,1,24.0,56.0
4375,5375,7,9.4,9.18,94,0,28.2,65.8
4376,5376,3,7.85,7.91,49,2,23.5,54.9
4377,5377,1,7.67,7.27,63,1,23.0,53.7
4378,5378,8,8.51,8.9,6,1,25.5,59.6
4379,5379,5,6.85,7.04,115,2,20.5,47.9
4380,5380,4,6.15,6.06,26,3,18.5,43.1
4381,5381,4,7.92,7.98,64,1,23.8,55.4
4382,5382,3,9.03,9.1,105,0,27.1,63.2
4383,5383,3,8.13,8.5,30,1,24.4,56.9
4384,5384,8,6.22,6.03,24,2,18.7,43.5
4385,5385,6,7.65,7.89,56,1,23.0,53.6
4386,5386,1,9.59,9.61,110,0,28.8,67.1
4387,5387,7,6.91,7.11,7,2,20.7,48.4
4388,5388,5,7.97,8.06,114,1,23.9,55.8
4389,5389,5,5.95,5.92,48,3,17.9,41.6
4390,5390,2,8.2,8.15,109,1,24.6,57.4
4391,5391,7,8.41,8.08,114,1,25.2,58.9
4392,5392,8,6.75,6.53,60,2,20.2,47.2
4393,5393,3,6.79,7.01,81,2,20.4,47.5
4394,5394,1,8.47,8.08,111,0,25.4,59.3
4395,5395,5,9.44,9.5,9,0,28.3,66.1
4396,5396,1,9.08,8.87,70,0,27.2,63.6
4397,5397,5,6.37,6.09,77,3,19.1,44.6
4398,5398,6,6.53,6.88,77,2,19.6,45.7
4399,5399,5,9.16,9.17,112,0,27.5,64.1
4400,5400,7,7.0,7.33,91,2,21.0,49.0
4401,5401,6,7.83,7.87,85,1,23.5,54.8
4402,5402,2,9.28,9.18,64,0,27.8,65.0
4403,5403,2,7.9,7.73,30,2,23.7,55.3
4404,5404,4,7.87,7.47,9,1,23.6,55.1
4405,5405,8,8.36,8.48,9,1,25.1,58.5
4406,5406,4,6.97,7.13,116,2,20.9,48.8
4407,5407,4,9.36,9.19,67,0,28.1,65.5
4408,5408,3,5.88,6.22,20,3,17.6,41.2
4409,5409,3,8.56,8.51,84,1,25.7,59.9
4410,5410,8,8.46,8.27,1,1,25.4,59.2
4411,5411,2,5.75,5.37,66,3,17.2,40.2
4412,5412,4,9.6,9.6,49,0,28.8,67.2
4413,5413,2,6.43,6.7,21,2,19.3,45.0
4414,5414,4,6.08,6.17,11,3,18.2,42.6
4415,5415,6,7.98,7.65,69,1,23.9,55.9
4416,5416,8,8.94,8.61,7,0,26.8,62.6
4417,5417,2,7.49,7.53,29,1,22.5,52.4
4418,5418,4,6.7,6.87,86,3,20.1,46.9
4419,5419,1,8.81,8.71,85,1,26.4,61.7
4420,5420,4,8.41,8.46,98,1,25.2,58.9
4421,5421,5,8.1,7.84,97,1,24.3,56.7
4422,5422,3,7.41,7.51,63,2,22.2,51.9
4423,5423,5,6.17,6.02,66,3,18.5,43.2
4424,5424,1,7.67,7.62,38,1,23.0,53.7
4425,5425,2,9.61,9.47,43,0,28.8,67.3
4426,5426,1,8.64,8.33,77,1,25.9,60.5
4427,5427,6,5.54,5.92,36,3,16.6,38.8
4428,5428,6,8.84,8.74,36,0,26.5,61.9
4429,5429,3,6.04,5.72,33,3,18.1,42.3
4430,5430,8,8.16,8.35,115,1,24.5,57.1
4431,5431,1,8.16,8.44,92,1,24.5,57.1
4432,5432,8,9.2,9.25,70,0,27.6,64.4
4433,5433,8,6.79,6.43,55,2,20.4,47.5
4434,5434,2,6.24,6.22,13,3,18.7,43.7
4435,5435,5,9.68,9.71,92,0,29.0,67.8
4436,5436,8,7.83,8.03,32,1,23.5,54.8
4437,5437,1,8.48,8.36,32,1,25.4,59.4
4438,5438,2,6.29,6.03,22,3,18.9,44.0
4439,5439,3,8.06,7.72,114,1,24.2,56.4
4440,5440,3,9.22,9.19,2,0,27.7,64.5
4441,5441,8,5.73,5.38,32,3,17.2,40.1
4442,5442,5,7.43,7.56,49,1,22.3,52.0
4443,5443,7,5.66,5.39,59,3,17.0,39.6
4444,5444,3,6.23,6.17,100,3,18.7,43.6
4445,5445,4,6.38,6.47,109,3,19.1,44.7
4446,5446,5,7.57,7.18,52,1,22.7,53.0
4447,5447,4,8.78,8.83,23,0,26.3,61.5
4448,5448,5,6.2,6.52,92,2,18.6,43.4
4449,5449,5,6.57,6.61,3,3,19.7,46.0
4450,5450,1,8.23,8.43,20,1,24.7,57.6
4451,5451,7,8.59,8.2,7,1,25.8,60.1
4452,5452,6,7.86,8.21,82,1,23.6,55.0
4453,5453,3,7.02,6.93,117,2,21.1,49.1
4454,5454,7,6.88,6.9,65,2,20.6,48.2
4455,5455,1,8.45,8.46,63,0,25.3,59.1
4456,5456,2,8.94,8.74,23,0,26.8,62.6
4457,5457,7,5.61,5.99,100,3,16.8,39.3
4458,5458,5,7.5,7.45,109,2,22.5,52.5
4459,5459,2,5.7,6.02,82,3,17.1,39.9
4460,5460,2,9.17,9.2,78,0,27.5,64.2
4461,5461,1,6.42,6.65,84,2,19.3,44.9
4462,5462,7,7.59,7.21,66,2,22.8,53.1
4463,5463,8,9.05,9.09,116,0,27.2,63.4
4464,5464,6,8.86,8.57,89,1,26.6,62.0
4465,5465,8,7.79,8.18,52,1,23.4,54.5
4466,5466,1,9.79,10.0,75,0,29.4,68.5
4467,5467,8,6.26,5.87,28,3,18.8,43.8
4468,5468,6,5.61,5.95,92,3,16.8,39.3
4469,5469,6,7.35,7.28,117,2,22.0,51.4
4470,5470,3,9.52,9.68,66,0,28.6,66.6
4471,5471,4,6.17,5.92,49,3,18.5,43.2
4472,5472,3,6.4,6.32,85,3,19.2,44.8
4473,5473,7,8.27,8.52,87,1,24.8,57.9
4474,5474,1,8.47,8.21,6,1,25.4,59.3
4475,5475,5,7.51,7.85,47,2,22.5,52.6
4476,5476,2,8.9,8.68,57,0,26.7,62.3
4477,5477,6,6.03,5.84,34,3,18.1,42.2
4478,5478,7,6.78,6.62,107,2,20.3,47.5
4479,5479,6,8.65,8.38,4,0,26.0,60.6
4480,5480,2,8.52,8.62,95,1,25.6,59.6
4481,5481,3,5.97,6.16,64,3,17.9,41.8
4482,5482,3,6.2,6.5,64,3,18.6,43.4
4483,5483,5,7.38,7.36,4,1,22.1,51.7
4484,5484,1,8.1,8.0,103,1,24.3,56.7
4485,5485,5,7.4,7.34,26,2,22.2,51.8
4486,5486,5,7.36,7.45,79,1,22.1,51.5
4487,5487,5,5.96,5.69,72,3,17.9,41.7
4488,5488,3,8.91,8.92,116,0,26.7,62.4
4489,5489,7,7.84,8.23,36,1,23.5,54.9
4490,5490,6,9.19,9.05,113,0,27.6,64.3
4491,5491,1,8.26,8.63,20,0,24.8,57.8
4492,5492,8,7.45,7.38,111,1,22.4,52.1
4493,5493,7,9.78,10.0,90,0,29.3,68.5
4494,5494,7,9.15,9.48,52,0,27.5,64.0
4495,5495,2,7.98,7.75,97,1,23.9,55.9
4496,5496,2,6.23,6.19,25,3,18.7,43.6
4497,5497,7,7.66,7.92,53,2,23.0,53.6
4498,5498,3,8.67,9.0,98,1,26.0,60.7
4499,5499,3,6.21,5.85,75,2,18.6,43.5
4500,5500,6,6.87,6.62,48,2,20.6,48.1
4501,5501,2,7.32,7.13,86,2,22.0,51.2
4502,5502,2,6.58,6.43,67,3,19.7,46.1
4503,5503,4,5.91,5.7,94,3,17.7,41.4
4504,5504,8,6.29,6.11,46,3,18.9,44.0
4505,5505,1,8.55,8.44,104,0,25.7,59.9
4506,5506,8,8.68,8.85,10,0,26.0,60.8
4507,5507,2,9.54,9.72,60,0,28.6,66.8
4508,5508,7,7.36,7.25,79,2,22.1,51.5
4509,5509,6,5.6,5.94,71,3,16.8,39.2
4510,5510,6,9.31,9.15,2,0,27.9,65.2
4511,5511,2,7.19,7.08,69,2,21.6,50.3
4512,5512,1,7.53,7.14,8,2,22.6,52.7
4513,5513,6,6.36,6.36,1,3,19.1,44.5
4514,5514,7,6.21,5.86,94,2,18.6,43.5
4515,5515,7,5.65,5.76,63,4,17.0,39.6
4516,5516,3,9.77,9.96,97,0,29.3,68.4
4517,5517,7,6.46,6.18,72,2,19.4,45.2
4518,5518,2,5.77,5.38,41,3,17.3,40.4
4519,5519,1,5.9,6.07,108,3,17.7,41.3
4520,5520,1,6.06,6.35,40,3,18.2,42.4
4521,5521,8,8.54,8.79,32,1,25.6,59.8
4522,5522,5,5.56,5.79,116,3,16.7,38.9
4523,5523,3,5.92,5.65,92,4,17.8,41.4
4524,5524,3,6.25,6.48,4,3,18.8,43.8
4525,5525,7,7.44,7.26,112,2,22.3,52.1
4526,5526,5,8.53,8.64,61,1,25.6,59.7
4527,5527,2,7.18,7.43,37,1,21.5,50.3
4528,5528,2,6.31,6.07,105,3,18.9,44.2
4529,5529,7,8.39,8.45,6,1,25.2,58.7
4530,5530,4,5.8,6.01,24,3,17.4,40.6
4531,5531,8,8.2,8.04,27,1,24.6,57.4
4532,5532,3,8.26,8.57,110,1,24.8,57.8
4533,5533,7,6.64,6.69,50,2,19.9,46.5
4534,5534,4,6.17,5.84,102,3,18.5,43.2
4535,5535,2,8.9,9.2,90,0,26.7,62.3
4536,5536,8,5.77,5.8,8,3,17.3,40.4
4537,5537,3,7.15,7.0,111,2,21.5,50.1
4538,5538,2,7.55,7.47,115,1,22.6,52.9
4539,5539,5,7.65,7.39,95,1,23.0,53.6
4540,5540,5,6.59,6.68,75,3,19.8,46.1
4541,5541,5,6.27,6.43,49,2,18.8,43.9
4542,5542,7,5.97,5.69,112,3,17.9,41.8
4543,5543,1,8.34,8.36,102,1,25.0,58.4
4544,5544,1,8.87,8.65,52,1,26.6,62.1
4545,5545,3,9.4,9.3,69,0,28.2,65.8
4546,5546,7,9.39,9.4,60,0,28.2,65.7
4547,5547,7,9.33,9.48,103,0,28.0,65.3
4548,5548,6,7.3,7.42,1,2,21.9,51.1
4549,5549,2,6.97,6.69,32,2,20.9,48.8
4550,5550,3,6.24,6.51,67,2,18.7,43.7
4551,5551,7,6.43,6.79,3,2,19.3,45.0
4552,5552,3,7.82,7.59,87,1,23.5,54.7
4553,5553,2,9.07,9.01,92,0,27.2,63.5
4554,5554,7,7.92,7.72,119,1,23.8,55.4
4555,5555,7,9.52,9.32,114,0,28.6,66.6
4556,5556,7,9.45,9.82,21,0,28.3,66.1
4557,5557,2,7.71,8.02,120,2,23.1,54.0
4558,5558,4,9.49,9.86,51,0,28.5,66.4
4559,5559,7,6.46,6.62,21,3,19.4,45.2
4560,5560,8,6.71,6.86,30,2,20.1,47.0
4561,5561,6,8.91,8.54,41,0,26.7,62.4
4562,5562,4,7.63,7.66,16,1,22.9,53.4
4563,5563,1,9.37,9.0,5,0,28.1,65.6
4564,5564,6,9.45,9.06,21,0,28.3,66.1
4565,5565,2,7.67,7.51,63,1,23.0,53.7
4566,5566,6,6.62,6.9,57,3,19.9,46.3
4567,5567,7,5.97,6.35,109,3,17.9,41.8
4568,5568,6,6.94,6.69,85,3,20.8,48.6
4569,5569,1,6.12,6.21,92,3,18.4,42.8
4570,5570,4,6.94,7.21,68,2,20.8,48.6
4571,5571,3,7.26,7.35,1,2,21.8,50.8
4572,5572,3,8.77,8.49,42,0,26.3,61.4
4573,5573,1,6.22,6.22,105,3,18.7,43.5
4574,5574,3,8.49,8.11,39,0,25.5,59.4
4575,5575,1,6.49,6.17,23,3,19.5,45.4
4576,5576,6,7.49,7.19,68,2,22.5,52.4
4577,5577,8,6.16,6.31,12,3,18.5,43.1
4578,5578,5,6.75,7.1,28,3,20.2,47.2
4579,5579,8,7.25,7.31,32,2,21.8,50.8
4580,5580,3,9.19,8.86,90,0,27.6,64.3
4581,5581,8,8.72,8.55,2,0,26.2,61.0
4582,5582,2,7.7,7.47,114,2,23.1,53.9
4583,5583,5,7.28,7.21,11,2,21.8,51.0
4584,5584,2,9.49,9.27,26,0,28.5,66.4
4585,5585,7,8.44,8.24,30,1,25.3,59.1
4586,5586,3,8.53,8.52,37,1,25.6,59.7
4587,5587,8,8.98,9.16,106,0,26.9,62.9
4588,5588,6,6.91,7.2,29,3,20.7,48.4
4589,5589,7,7.4,7.18,120,2,22.2,51.8
4590,5590,6,5.95,5.64,9,3,17.9,41.6
4591,5591,3,7.18,7.43,36,1,21.5,50.3
4592,5592,5,7.36,7.16,34,2,22.1,51.5
4593,5593,3,6.78,6.43,87,2,20.3,47.5
4594,5594,1,6.57,6.7,70,3,19.7,46.0
4595,5595,2,6.23,5.93,72,3,18.7,43.6
4596,5596,8,8.51,8.64,21,1,25.5,59.6
4597,5597,8,6.28,6.39,74,3,18.8,44.0
4598,5598,6,9.06,9.0,31,0,27.2,63.4
4599,5599,2,7.42,7.03,60,2,22.3,51.9
4600,5600,1,8.15,7.76,33,0,24.5,57.1
4601,5601,8,6.3,6.59,24,3,18.9,44.1
4602,5602,5,9.1,9.23,86,0,27.3,63.7
4603,5603,4,7.05,7.4,111,2,21.1,49.4
4604,5604,4,6.0,5.94,93,3,18.0,42.0
4605,5605,2,8.65,8.92,33,0,26.0,60.6
4606,5606,8,7.7,7.73,32,1,23.1,53.9
4607,5607,1,7.42,7.24,64,1,22.3,51.9
4608,5608,7,8.81,9.2,105,0,26.4,61.7
4609,5609,1,7.29,7.14,42,2,21.9,51.0
4610,5610,7,9.29,9.34,1,0,27.9,65.0
4611,5611,1,5.6,5.79,7,3,16.8,39.2
4612,5612,1,7.91,7.71,35,1,23.7,55.4
4613,5613,3,6.45,6.34,98,2,19.4,45.1
4614,5614,4,7.15,7.16,86,1,21.5,50.1
4615,5615,8,6.11,6.47,112,3,18.3,42.8
4616,5616,4,5.64,5.82,107,3,16.9,39.5
4617,5617,3,9.7,9.84,7,0,29.1,67.9
4618,5618,4,7.13,7.02,75,2,21.4,49.9
4619,5619,5,8.04,8.14,102,1,24.1,56.3
4620,5620,3,7.85,8.06,99,1,23.5,54.9
4621,5621,5,8.37,8.04,25,1,25.1,58.6
4622,5622,6,7.64,7.49,63,2,22.9,53.5
4623,5623,8,5.95,5.68,68,3,17.9,41.6
4624,5624,6,8.61,8.52,43,0,25.8,60.3
4625,5625,8,8.38,8.08,38,1,25.1,58.7
4626,5626,4,8.72,9.07,63,0,26.2,61.0
4627,5627,4,9.45,9.6,18,0,28.3,66.1
4628,5628,8,6.84,7.19,89,2,20.5,47.9
4629,5629,3,9.54,9.8,62,0,28.6,66.8
4630,5630,2,7.9,7.81,58,2,23.7,55.3
4631,5631,4,8.56,8.23,50,0,25.7,59.9
4632,5632,5,9.56,9.24,82,0,28.7,66.9
4633,5633,6,9.09,9.04,36,0,27.3,63.6
4634,5634,5,9.52,9.86,11,0,28.6,66.6
4635,5635,8,6.03,5.77,105,3,18.1,42.2
4636,5636,4,7.13,6.78,12,1,21.4,49.9
4637,5637,7,8.14,8.52,105,1,24.4,57.0
4638,5638,7,8.81,8.63,24,0,26.4,61.7
4639,5639,7,9.35,9.32,54,0,28.0,65.5
4640,5640,2,5.77,5.9,51,3,17.3,40.4
4641,5641,4,6.63,7.02,31,2,19.9,46.4
4642,5642,4,8.14,7.99,60,1,24.4,57.0
4643,5643,2,5.55,5.19,41,3,16.6,38.9
4644,5644,4,9.75,9.49,97,0,29.2,68.2
4645,5645,1,8.9,8.79,30,0,26.7,62.3
4646,5646,1,6.14,6.19,32,2,18.4,43.0
4647,5647,1,8.38,8.43,80,0,25.1,58.7
4648,5648,8,7.21,7.58,43,2,21.6,50.5
4649,5649,8,8.9,9.23,43,0,26.7,62.3
4650,5650,7,8.03,8.23,110,1,24.1,56.2
4651,5651,8,5.8,5.4,84,3,17.4,40.6
4652,5652,5,7.79,8.14,28,1,23.4,54.5
4653,5653,8,7.01,7.15,116,2,21.0,49.1
4654,5654,8,6.11,6.23,84,2,18.3,42.8
4655,5655,4,6.25,6.41,88,3,18.8,43.8
4656,5656,2,8.92,8.69,42,0,26.8,62.4
4657,5657,3,9.06,8.75,98,0,27.2,63.4
4658,5658,7,7.3,7.11,23,1,21.9,51.1
4659,5659,7,9.1,9.27,36,0,27.3,63.7
4660,5660,3,5.96,6.3,57,3,17.9,41.7
4661,5661,3,9.29,9.14,26,0,27.9,65.0
4662,5662,3,6.16,6.31,80,3,18.5,43.1
4663,5663,3,6.03,5.71,61,3,18.1,42.2
4664,5664,3,8.61,8.47,107,1,25.8,60.3
4665,5665,7,8.99,9.31,98,0,27.0,62.9
4666,5666,6,5.94,5.69,34,3,17.8,41.6
4667,5667,3,9.03,9.15,67,0,27.1,63.2
4668,5668,4,8.33,8.45,9,1,25.0,58.3
4669,5669,8,9.55,9.63,32,0,28.7,66.9
4670,5670,6,8.87,9.18,69,0,26.6,62.1
4671,5671,1,8.03,8.42,82,1,24.1,56.2
4672,5672,6,6.57,6.32,1,3,19.7,46.0
4673,5673,1,7.01,6.79,34,2,21.0,49.1
4674,5674,3,8.19,8.32,40,1,24.6,57.3
4675,5675,2,9.3,9.5,7,0,27.9,65.1
4676,5676,8,6.29,5.97,60,3,18.9,44.0
4677,5677,6,9.72,9.98,85,0,29.2,68.0
4678,5678,4,6.31,6.01,74,3,18.9,44.2
4679,5679,5,7.29,7.67,71,2,21.9,51.0
4680,5680,3,6.15,6.41,106,3,18.5,43.1
4681,5681,2,7.71,8.05,76,1,23.1,54.0
4682,5682,5,9.34,9.52,10,0,28.0,65.4
4683,5683,8,5.72,5.71,46,3,17.2,40.0
4684,5684,4,7.19,7.38,78,2,21.6,50.3
4685,5685,5,8.91,9.02,78,0,26.7,62.4
4686,5686,4,7.53,7.84,97,2,22.6,52.7
4687,5687,1,7.4,7.38,86,1,22.2,51.8
4688,5688,1,6.91,6.52,14,2,20.7,48.4
4689,5689,3,8.56,8.23,115,0,25.7,59.9
4690,5690,1,5.86,5.84,111,3,17.6,41.0
4691,5691,8,5.89,5.92,92,3,17.7,41.2
4692,5692,2,6.73,6.58,119,2,20.2,47.1
4693,5693,2,9.62,9.91,119,0,28.9,67.3
4694,5694,2,6.65,6.99,13,2,20.0,46.6
4695,5695,7,6.57,6.56,78,2,19.7,46.0
4696,5696,7,5.91,5.61,112,3,17.7,41.4
4697,5697,4,7.2,7.57,39,2,21.6,50.4
4698,5698,1,9.24,9.4,10,0,27.7,64.7
4699,5699,1,7.57,7.48,56,2,22.7,53.0
4700,5700,4,6.87,6.86,8,2,20.6,48.1
4701,5701,1,7.44,7.18,38,1,22.3,52.1
4702,5702,3,5.62,5.3,67,4,16.9,39.3
4703,5703,6,7.55,7.16,71,2,22.6,52.9
4704,5704,7,7.39,7.41,27,1,22.2,51.7
4705,5705,5,8.51,8.9,45,1,25.5,59.6
4706,5706,4,6.96,7.17,110,2,20.9,48.7
4707,5707,3,6.47,6.17,66,3,19.4,45.3
4708,5708,6,9.25,8.93,47,0,27.8,64.8
4709,5709,7,6.15,5.75,78,3,18.5,43.1
4710,5710,6,9.05,8.94,118,0,27.2,63.4
4711,5711,4,7.57,7.44,88,1,22.7,53.0
4712,5712,7,6.82,6.43,48,2,20.5,47.7
4713,5713,2,9.67,10.0,107,0,29.0,67.7
4714,5714,7,5.81,5.49,116,3,17.4,40.7
4715,5715,6,9.43,9.31,115,0,28.3,66.0
4716,5716,6,9.62,9.25,116,0,28.9,67.3
4717,5717,1,5.9,5.64,106,3,17.7,41.3
4718,5718,1,9.15,8.88,31,0,27.5,64.0
4719,5719,1,6.01,6.2,90,3,18.0,42.1
4720,5720,3,5.66,5.75,82,4,17.0,39.6
4721,5721,3,9.41,9.75,109,0,28.2,65.9
4722,5722,4,7.49,7.49,60,1,22.5,52.4
4723,5723,8,9.65,9.49,71,0,29.0,67.5
4724,5724,7,7.5,7.53,50,1,22.5,52.5
4725,5725,3,9.31,8.98,24,0,27.9,65.2
4726,5726,5,9.01,8.74,24,0,27.0,63.1
4727,5727,6,9.67,9.46,3,0,29.0,67.7
4728,5728,8,7.29,7.36,23,2,21.9,51.0
4729,5729,7,6.02,6.08,36,3,18.1,42.1
4730,5730,1,9.33,9.22,73,0,28.0,65.3
4731,5731,1,7.41,7.2,92,2,22.2,51.9
4732,5732,8,7.82,8.12,29,1,23.5,54.7
4733,5733,5,6.82,7.16,71,2,20.5,47.7
4734,5734,7,7.48,7.13,65,2,22.4,52.4
4735,5735,6,6.45,6.61,5,3,19.4,45.1
4736,5736,4,9.65,9.6,4,0,29.0,67.5
4737,5737,2,6.49,6.14,105,2,19.5,45.4
4738,5738,7,7.46,7.4,110,1,22.4,52.2
4739,5739,8,9.53,9.32,45,0,28.6,66.7
4740,5740,1,8.45,8.64,51,0,25.3,59.1
4741,5741,4,5.9,5.79,72,3,17.7,41.3
4742,5742,2,5.87,5.78,112,4,17.6,41.1
4743,5743,1,9.42,9.76,65,0,28.3,65.9
4744,5744,3,8.43,8.32,26,0,25.3,59.0
4745,5745,4,5.65,5.53,32,4,17.0,39.6
4746,5746,7,8.55,8.2,75,0,25.7,59.9
4747,5747,7,6.61,6.44,30,2,19.8,46.3
4748,5748,6,5.51,5.28,2,4,16.5,38.6
4749,5749,7,7.39,7.06,2,2,22.2,51.7
4750,5750,4,6.95,7.02,10,3,20.9,48.6
4751,5751,1,8.84,8.67,26,0,26.5,61.9
4752,5752,4,7.0,7.01,20,2,21.0,49.0
4753,5753,3,6.58,6.65,74,3,19.7,46.1
4754,5754,1,7.46,7.73,36,2,22.4,52.2
4755,5755,3,7.95,7.58,21,1,23.9,55.6
4756,5756,7,9.53,9.66,30,0,28.6,66.7
4757,5757,7,9.05,8.76,5,0,27.2,63.4
4758,5758,7,9.31,9.0,23,0,27.9,65.2
4759,5759,7,6.79,7.16,3,3,20.4,47.5
4760,5760,4,6.48,6.18,49,2,19.4,45.4
4761,5761,4,6.34,6.09,50,3,19.0,44.4
4762,5762,2,8.95,8.9,52,0,26.8,62.6
4763,5763,5,6.87,6.8,42,2,20.6,48.1
4764,5764,3,7.17,7.18,60,2,21.5,50.2
4765,5765,8,6.88,6.63,42,2,20.6,48.2
4766,5766,6,6.51,6.53,57,3,19.5,45.6
4767,5767,1,6.88,6.7,32,2,20.6,48.2
4768,5768,7,6.23,6.52,86,2,18.7,43.6
4769,5769,3,6.4,6.12,68,2,19.2,44.8
4770,5770,7,8.44,8.15,119,1,25.3,59.1
4771,5771,7,9.35,9.18,91,0,28.0,65.5
4772,5772,3,5.9,6.25,116,3,17.7,41.3
4773,5773,1,7.03,6.73,107,2,21.1,49.2
4774,5774,4,8.2,8.58,38,1,24.6,57.4
4775,5775,2,7.99,8.37,44,1,24.0,55.9
4776,5776,5,6.82,7.22,8,2,20.5,47.7
4777,5777,1,9.34,9.41,57,0,28.0,65.4
4778,5778,8,6.89,6.64,26,2,20.7,48.2
4779,5779,3,7.46,7.75,74,2,22.4,52.2
4780,5780,3,8.23,8.52,29,0,24.7,57.6
4781,5781,3,7.97,8.03,87,1,23.9,55.8
4782,5782,8,7.54,7.84,48,2,22.6,52.8
4783,5783,6,7.94,7.93,118,1,23.8,55.6
4784,5784,2,8.4,8.67,26,0,25.2,58.8
4785,5785,6,6.98,6.68,68,2,20.9,48.9
4786,5786,7,5.55,5.7,32,4,16.6,38.9
4787,5787,7,6.09,6.32,119,3,18.3,42.6
4788,5788,6,7.96,7.91,13,1,23.9,55.7
4789,5789,6,5.52,5.25,32,4,16.6,38.6
4790,5790,1,8.5,8.83,56,0,25.5,59.5
4791,5791,2,5.66,5.48,25,3,17.0,39.6
4792,5792,6,6.89,7.23,49,2,20.7,48.2
4793,5793,5,6.42,6.22,98,3,19.3,44.9
4794,5794,8,9.75,9.68,29,0,29.2,68.2
4795,5795,7,8.97,9.02,109,0,26.9,62.8
4796,5796,8,6.39,6.35,114,3,19.2,44.7
4797,5797,6,8.39,8.52,72,1,25.2,58.7
4798,5798,3,6.98,6.83,106,2,20.9,48.9
4799,5799,3,8.57,8.63,32,1,25.7,60.0
4800,5800,6,6.76,6.42,68,2,20.3,47.3
4801,5801,8,7.9,7.97,31,2,23.7,55.3
4802,5802,7,8.22,7.99,8,1,24.7,57.5
4803,5803,1,6.69,6.35,73,3,20.1,46.8
4804,5804,4,6.4,6.14,100,2,19.2,44.8
4805,5805,3,9.42,9.76,72,0,28.3,65.9
4806,5806,7,7.23,7.34,73,2,21.7,50.6
4807,5807,6,9.38,9.68,57,0,28.1,65.7
4808,5808,1,9.74,9.36,12,0,29.2,68.2
4809,5809,4,5.65,5.37,90,4,17.0,39.6
4810,5810,6,6.74,6.82,58,2,20.2,47.2
4811,5811,7,9.4,9.01,106,0,28.2,65.8
4812,5812,3,9.3,9.01,116,0,27.9,65.1
4813,5813,2,7.74,7.99,85,1,23.2,54.2
4814,5814,4,5.65,5.32,110,3,17.0,39.6
4815,5815,6,6.83,6.57,29,2,20.5,47.8
4816,5816,2,9.05,9.23,54,0,27.2,63.4
4817,5817,4,9.25,9.11,45,0,27.8,64.8
4818,5818,6,7.74,8.03,92,1,23.2,54.2
4819,5819,1,8.74,9.05,57,0,26.2,61.2
4820,5820,1,8.58,8.21,55,0,25.7,60.1
4821,5821,1,6.01,5.9,20,3,18.0,42.1
4822,5822,8,8.98,8.77,49,0,26.9,62.9
4823,5823,6,6.73,6.81,46,2,20.2,47.1
4824,5824,7,6.22,6.52,114,2,18.7,43.5
4825,5825,8,7.12,6.82,40,2,21.4,49.8
4826,5826,2,6.98,6.92,101,2,20.9,48.9
4827,5827,5,8.05,8.3,32,1,24.2,56.4
4828,5828,7,6.61,6.39,100,3,19.8,46.3
4829,5829,7,6.64,6.92,60,2,19.9,46.5
4830,5830,7,5.61,5.92,24,3,16.8,39.3
4831,5831,2,5.74,5.68,31,3,17.2,40.2
4832,5832,8,7.88,8.08,92,2,23.6,55.2
4833,5833,8,5.94,6.22,99,4,17.8,41.6
4834,5834,8,9.34,9.1,99,0,28.0,65.4
4835,5835,3,7.24,7.41,30,2,21.7,50.7
4836,5836,5,8.77,8.59,11,0,26.3,61.4
4837,5837,3,9.11,9.15,21,0,27.3,63.8
4838,5838,6,9.27,9.55,66,0,27.8,64.9
4839,5839,8,9.25,9.27,38,0,27.8,64.8
4840,5840,7,6.22,6.19,48,2,18.7,43.5
4841,5841,6,8.33,8.59,40,0,25.0,58.3
4842,5842,4,5.79,5.6,67,3,17.4,40.5
4843,5843,5,7.22,7.25,61,1,21.7,50.5
4844,5844,1,9.16,8.86,85,0,27.5,64.1
4845,5845,3,8.03,7.98,17,1,24.1,56.2
4846,5846,3,6.84,6.96,104,2,20.5,47.9
4847,5847,1,7.17,6.81,18,1,21.5,50.2
4848,5848,2,6.5,6.83,39,2,19.5,45.5
4849,5849,3,9.58,9.45,118,0,28.7,67.1
4850,5850,7,9.04,8.75,79,0,27.1,63.3
4851,5851,6,8.6,8.76,80,0,25.8,60.2
4852,5852,6,8.35,8.69,91,1,25.0,58.4
4853,5853,8,7.06,6.74,82,1,21.2,49.4
4854,5854,4,5.58,5.23,66,3,16.7,39.1
4855,5855,1,8.73,8.57,1,1,26.2,61.1
4856,5856,2,5.86,6.06,96,3,17.6,41.0
4857,5857,8,6.82,6.56,109,3,20.5,47.7
4858,5858,4,7.66,7.77,51,1,23.0,53.6
4859,5859,5,7.61,7.46,97,1,22.8,53.3
4860,5860,3,8.61,8.56,109,0,25.8,60.3
4861,5861,2,6.15,6.32,100,3,18.5,43.1
4862,5862,3,6.93,6.68,79,2,20.8,48.5
4863,5863,3,9.3,9.58,12,0,27.9,65.1
4864,5864,7,6.18,6.23,15,3,18.5,43.3
4865,5865,7,7.7,7.89,73,1,23.1,53.9
4866,5866,1,8.01,8.26,56,1,24.0,56.1
4867,5867,7,8.71,8.69,90,1,26.1,61.0
4868,5868,1,9.21,9.58,14,0,27.6,64.5
4869,5869,7,9.64,10.0,119,0,28.9,67.5
4870,5870,1,5.96,5.95,117,3,17.9,41.7
4871,5871,7,6.07,6.42,92,3,18.2,42.5
4872,5872,6,5.75,5.42,96,3,17.2,40.2
4873,5873,8,7.6,7.53,27,1,22.8,53.2
4874,5874,7,8.41,8.33,97,0,25.2,58.9
4875,5875,2,7.77,7.91,114,1,23.3,54.4
4876,5876,8,9.67,9.95,65,0,29.0,67.7
4877,5877,3,9.49,9.89,39,0,28.5,66.4
4878,5878,7,8.83,8.55,102,1,26.5,61.8
4879,5879,6,9.6,9.8,86,0,28.8,67.2
4880,5880,4,9.43,9.7,51,0,28.3,66.0
4881,5881,4,8.72,8.46,3,0,26.2,61.0
4882,5882,2,7.9,7.91,99,1,23.7,55.3
4883,5883,6,8.64,8.9,92,1,25.9,60.5
4884,5884,7,6.99,6.91,102,2,21.0,48.9
4885,5885,4,9.76,10.0,26,0,29.3,68.3
4886,5886,3,7.24,7.16,41,2,21.7,50.7
4887,5887,5,5.64,5.42,90,4,16.9,39.5
4888,5888,5,6.24,6.03,9,3,18.7,43.7
4889,5889,3,7.83,8.18,92,1,23.5,54.8
4890,5890,8,7.85,7.69,72,2,23.5,54.9
4891,5891,4,9.33,8.98,72,0,28.0,65.3
4892,5892,6,7.99,7.62,101,1,24.0,55.9
4893,5893,5,7.97,7.61,17,2,23.9,55.8
4894,5894,6,6.07,6.02,75,3,18.2,42.5
4895,5895,5,9.73,9.78,53,0,29.2,68.1
4896,5896,8,8.25,8.41,65,1,24.8,57.8
4897,5897,1,7.06,7.35,23,2,21.2,49.4
4898,5898,5,8.74,8.53,75,0,26.2,61.2
4899,5899,3,8.14,8.48,75,1,24.4,57.0
4900,5900,8,7.47,7.76,38,1,22.4,52.3
4901,5901,2,9.68,9.37,68,0,29.0,67.8
4902,5902,6,5.7,5.7,16,3,17.1,39.9
4903,5903,5,7.61,7.25,30,1,22.8,53.3
4904,5904,7,8.69,8.58,104,0,26.1,60.8
4905,5905,5,6.92,7.15,25,2,20.8,48.4
4906,5906,7,7.56,7.57,62,1,22.7,52.9
4907,5907,2,6.25,6.38,107,2,18.8,43.8
4908,5908,7,7.14,7.15,104,2,21.4,50.0
4909,5909,5,7.73,7.81,67,1,23.2,54.1
4910,5910,5,6.28,6.13,54,2,18.8,44.0
4911,5911,8,6.79,7.18,90,3,20.4,47.5
4912,5912,2,9.06,8.76,6,0,27.2,63.4
4913,5913,8,6.28,5.98,64,3,18.8,44.0
4914,5914,4,9.14,9.54,65,0,27.4,64.0
4915,5915,3,8.58,8.42,33,1,25.7,60.1
4916,5916,7,9.44,9.62,24,0,28.3,66.1
4917,5917,4,8.65,8.58,41,0,26.0,60.6
4918,5918,4,7.8,8.07,20,1,23.4,54.6
4919,5919,6,8.98,9.31,34,0,26.9,62.9
4920,5920,1,9.43,9.8,52,0,28.3,66.0
4921,5921,3,5.78,6.12,10,3,17.3,40.5
4922,5922,4,7.4,7.32,99,1,22.2,51.8
4923,5923,3,8.9,9.07,90,0,26.7,62.3
4924,5924,1,6.79,6.58,42,2,20.4,47.5
4925,5925,6,6.12,6.07,34,3,18.4,42.8
4926,5926,5,6.83,6.55,57,2,20.5,47.8
4927,5927,6,6.22,6.02,26,3,18.7,43.5
4928,5928,7,8.47,8.52,54,1,25.4,59.3
4929,5929,5,8.94,9.07,27,0,26.8,62.6
4930,5930,4,9.1,8.88,29,0,27.3,63.7
4931,5931,5,5.62,5.29,102,4,16.9,39.3
4932,5932,2,6.09,6.19,65,3,18.3,42.6
4933,5933,5,7.97,8.12,78,1,23.9,55.8
4934,5934,5,8.72,8.32,86,1,26.2,61.0
4935,5935,4,8.54,8.52,90,0,25.6,59.8
4936,5936,6,8.32,8.05,49,1,25.0,58.2
4937,5937,8,7.78,8.08,2,1,23.3,54.5
4938,5938,6,8.29,8.17,114,1,24.9,58.0
4939,5939,4,6.12,5.87,35,3,18.4,42.8
4940,5940,6,8.55,8.29,36,0,25.7,59.9
4941,5941,1,8.06,8.31,94,1,24.2,56.4
4942,5942,1,6.68,6.59,27,2,20.0,46.8
4943,5943,3,8.49,8.86,1,0,25.5,59.4
4944,5944,1,6.02,5.65,102,3,18.1,42.1
4945,5945,6,7.74,7.44,35,1,23.2,54.2
4946,5946,1,7.44,7.1,56,2,22.3,52.1
4947,5947,7,6.37,6.56,46,3,19.1,44.6
4948,5948,6,8.48,8.14,34,1,25.4,59.4
4949,5949,8,8.83,8.85,36,0,26.5,61.8
4950,5950,6,6.01,6.15,41,3,18.0,42.1
4951,5951,5,9.2,9.55,28,0,27.6,64.4
4952,5952,1,8.51,8.48,78,0,25.5,59.6
4953,5953,4,6.54,6.57,29,3,19.6,45.8
4954,5954,7,5.79,5.66,71,3,17.4,40.5
4955,5955,3,7.27,7.43,43,1,21.8,50.9
4956,5956,6,5.98,5.69,74,3,17.9,41.9
4957,5957,5,6.32,6.52,98,3,19.0,44.2
4958,5958,3,6.72,6.97,109,2,20.2,47.0
4959,5959,4,6.51,6.18,98,3,19.5,45.6
4960,5960,8,7.76,7.7,55,2,23.3,54.3
4961,5961,2,9.13,8.83,18,0,27.4,63.9
4962,5962,8,7.58,7.45,116,1,22.7,53.1
4963,5963,1,6.74,6.43,91,2,20.2,47.2
4964,5964,4,8.15,7.78,111,1,24.5,57.1
4965,5965,3,9.09,8.84,14,0,27.3,63.6
4966,5966,8,9.17,8.97,112,0,27.5,64.2
4967,5967,6,8.94,8.69,78,0,26.8,62.6
4968,5968,6,5.67,5.32,118,3,17.0,39.7
4969,5969,3,9.29,8.9,40,0,27.9,65.0
4970,5970,5,7.24,7.27,17,2,21.7,50.7
4971,5971,4,6.67,7.07,44,2,20.0,46.7
4972,5972,1,8.5,8.71,10,0,25.5,59.5
4973,5973,2,8.17,8.12,31,0,24.5,57.2
4974,5974,4,5.89,6.18,80,4,17.7,41.2
4975,5975,1,7.18,7.47,68,2,21.5,50.3
4976,5976,3,6.08,5.68,76,3,18.2,42.6
4977,5977,6,8.63,8.91,83,0,25.9,60.4
4978,5978,6,7.89,7.74,92,2,23.7,55.2
4979,5979,3,7.6,7.54,47,2,22.8,53.2
4980,5980,2,9.14,8.86,38,0,27.4,64.0
4981,5981,6,9.73,9.49,37,0,29.2,68.1
4982,5982,5,6.68,7.05,76,2,20.0,46.8
4983,5983,8,8.5,8.76,82,0,25.5,59.5
4984,5984,7,9.67,9.65,8,0,29.0,67.7
4985,5985,8,7.54,7.33,53,2,22.6,52.8
4986,5986,8,8.24,8.55,77,1,24.7,57.7
4987,5987,4,8.2,8.38,31,1,24.6,57.4
4988,5988,7,8.38,8.72,97,1,25.1,58.7
4989,5989,6,7.2,7.53,100,2,21.6,50.4
4990,5990,1,5.77,5.95,48,3,17.3,40.4
4991,5991,2,5.56,5.49,4,4,16.7,38.9
4992,5992,3,8.99,9.3,49,0,27.0,62.9
4993,5993,6,9.31,9.46,58,0,27.9,65.2
4994,5994,4,6.19,5.87,24,2,18.6,43.3
4995,5995,5,6.71,7.0,102,2,20.1,47.0
4996,5996,8,9.32,9.64,66,0,28.0,65.2
4997,5997,1,9.32,9.36,5,0,28.0,65.2
4998,5998,7,8.02,8.17,98,1,24.1,56.1
4999,5999,8,5.79,6.0,105,3,17.4,40.5
5000,6000,5,5.55,5.82,47,3,16.6,38.9
