placement_id,student_id,aptitude_score,resume_score,communication_score,interview_readiness,employability_score,placement_probability,placed,package_lpa
1,1001,83,49,81,82,52.4,Low,0,0.0
2,1002,54,42,56,55,50.2,Low,0,0.0
3,1003,61,33,53,57,41.2,Low,0,0.0
4,1004,77,43,59,68,54.3,Low,0,0.0
5,1005,75,53,75,75,59.4,Low,0,0.0
6,1006,80,46,75,77,52.6,Low,0,0.0
7,1007,80,44,61,70,43.8,Low,0,0.0
8,1008,59,42,57,58,48.9,Low,0,0.0
9,1009,70,41,59,64,44.6,Low,0,0.0
10,1010,63,43,65,64,48.3,Low,0,0.0
11,1011,58,39,51,54,48.1,Low,0,0.0
12,1012,80,56,70,75,66.2,Medium,0,0.0
13,1013,88,69,79,83,74.4,Medium,1,17.15
14,1014,89,83,100,94,81.2,High,1,4.25
15,1015,79,44,60,69,49.3,Low,0,0.0
16,1016,88,52,77,82,60.2,Medium,0,0.0
17,1017,49,35,46,47,40.0,Low,0,0.0
18,1018,86,37,61,73,43.8,Low,0,0.0
19,1019,80,57,86,83,58.1,Low,1,6.17
20,1020,59,39,55,57,45.9,Low,0,0.0
21,1021,92,74,85,88,78.0,Medium,1,12.86
22,1022,88,59,83,85,60.0,Medium,1,17.11
23,1023,100,85,100,100,82.7,High,1,4.05
24,1024,76,42,52,64,50.2,Low,0,0.0
25,1025,93,81,98,95,78.5,Medium,1,13.02
26,1026,76,48,78,77,50.8,Low,0,0.0
27,1027,79,55,79,79,55.9,Low,0,0.0
28,1028,100,86,98,99,83.2,High,1,5.53
29,1029,90,63,84,87,64.0,Medium,1,10.45
30,1030,57,42,56,56,48.7,Low,0,0.0
31,1031,79,54,71,75,60.5,Medium,0,0.0
32,1032,100,70,94,97,78.3,Medium,1,16.39
33,1033,80,50,83,81,54.2,Low,0,0.0
34,1034,64,46,55,59,49.6,Low,0,0.0
35,1035,73,36,54,63,43.3,Low,0,0.0
36,1036,53,35,47,50,42.5,Low,0,0.0
37,1037,98,53,79,88,58.5,Low,0,0.0
38,1038,83,66,90,86,66.3,Medium,1,6.59
39,1039,77,65,81,79,70.1,Medium,1,15.23
40,1040,66,39,60,63,41.5,Low,0,0.0
41,1041,44,39,56,50,48.7,Low,0,0.0
42,1042,82,45,73,77,47.1,Low,0,0.0
43,1043,73,41,72,72,42.0,Low,0,0.0
44,1044,95,77,88,91,79.0,Medium,1,15.42
45,1045,62,55,73,67,55.1,Low,0,0.0
46,1046,46,36,40,43,44.3,Low,0,0.0
47,1047,68,42,56,62,44.9,Low,0,0.0
48,1048,80,73,81,80,77.0,Medium,1,7.33
49,1049,70,47,66,68,47.6,Low,0,0.0
50,1050,83,67,82,82,67.8,Medium,1,12.83
51,1051,60,44,70,65,52.2,Low,0,0.0
52,1052,80,49,76,78,51.9,Low,0,0.0
53,1053,100,78,100,100,76.1,Medium,1,6.39
54,1054,76,55,68,72,58.1,Low,0,0.0
55,1055,79,65,92,85,60.8,Medium,0,0.0
56,1056,85,69,87,86,67.8,Medium,1,8.57
57,1057,97,82,100,98,83.5,High,1,7.11
58,1058,90,63,81,85,69.7,Medium,1,9.6
59,1059,78,65,71,74,67.3,Medium,1,6.87
60,1060,100,75,94,97,80.4,High,1,13.45
61,1061,66,54,77,71,57.7,Low,0,0.0
62,1062,85,64,78,81,68.0,Medium,1,9.39
63,1063,72,42,56,64,42.2,Low,0,0.0
64,1064,84,76,97,90,78.3,Medium,1,6.25
65,1065,46,30,43,44,38.2,Low,0,0.0
66,1066,46,32,50,48,35.7,Low,0,0.0
67,1067,54,30,38,46,32.6,Low,0,0.0
68,1068,71,59,76,73,59.8,Low,0,0.0
69,1069,77,67,83,80,67.9,Medium,1,13.99
70,1070,66,33,53,59,39.4,Low,0,0.0
71,1071,53,55,73,63,53.8,Low,0,0.0
72,1072,92,67,78,85,72.3,Medium,1,17.9
73,1073,71,45,73,72,48.5,Low,0,0.0
74,1074,46,36,48,47,41.0,Low,0,0.0
75,1075,96,83,96,96,81.4,High,1,4.71
76,1076,92,48,73,82,51.0,Low,0,0.0
77,1077,60,40,52,56,47.8,Low,0,0.0
78,1078,87,72,88,87,73.2,Medium,1,13.99
79,1079,71,55,79,75,55.0,Low,0,0.0
80,1080,71,49,76,73,54.5,Low,0,0.0
81,1081,87,76,92,89,76.3,Medium,1,9.71
82,1082,98,81,98,98,79.1,Medium,1,8.99
83,1083,71,61,75,73,64.1,Medium,0,0.0
84,1084,41,33,49,45,37.7,Low,0,0.0
85,1085,52,49,60,56,53.6,Low,0,0.0
86,1086,90,67,75,82,76.1,Medium,1,7.51
87,1087,52,44,61,56,44.7,Low,0,0.0
88,1088,65,59,76,70,60.8,Medium,0,0.0
89,1089,88,66,87,87,75.3,Medium,1,15.99
90,1090,61,48,69,65,53.9,Low,0,0.0
91,1091,92,60,83,87,57.1,Low,0,0.0
92,1092,82,66,91,86,67.9,Medium,1,14.74
93,1093,56,42,48,52,53.3,Low,0,0.0
94,1094,100,75,100,100,75.8,Medium,1,11.13
95,1095,60,51,66,63,54.8,Low,0,0.0
96,1096,59,49,65,62,49.4,Low,0,0.0
97,1097,67,33,53,60,41.9,Low,0,0.0
98,1098,62,33,62,62,36.2,Low,0,0.0
99,1099,75,66,76,75,65.5,Medium,0,0.0
100,1100,90,56,80,85,61.5,Medium,0,0.0
101,1101,84,73,90,87,70.5,Medium,1,8.24
102,1102,66,39,65,65,45.7,Low,0,0.0
103,1103,72,77,80,76,78.3,Medium,1,15.55
104,1104,68,47,72,70,53.5,Low,0,0.0
105,1105,86,52,73,79,62.5,Medium,0,0.0
106,1106,86,38,72,79,38.9,Low,0,0.0
107,1107,100,75,95,97,76.8,Medium,1,7.35
108,1108,99,80,100,99,83.2,High,1,15.77
109,1109,68,43,73,70,42.7,Low,0,0.0
110,1110,78,57,69,73,62.6,Medium,1,11.77
111,1111,93,76,93,93,80.1,High,1,11.94
112,1112,93,76,97,95,77.7,Medium,1,8.2
113,1113,57,45,59,58,52.3,Low,0,0.0
114,1114,88,77,94,91,79.4,Medium,1,17.96
115,1115,76,60,65,70,70.2,Medium,1,4.61
116,1116,72,37,65,68,39.1,Low,0,0.0
117,1117,100,75,94,97,79.1,Medium,1,9.14
118,1118,73,56,77,75,56.5,Low,0,0.0
119,1119,55,43,65,60,49.3,Low,0,0.0
120,1120,51,30,37,44,40.2,Low,0,0.0
121,1121,56,42,65,60,42.0,Low,0,0.0
122,1122,88,70,95,91,74.2,Medium,0,0.0
123,1123,65,45,66,65,46.1,Low,0,0.0
124,1124,88,70,90,89,72.5,Medium,1,8.56
125,1125,83,73,96,89,73.9,Medium,1,10.15
126,1126,100,80,100,100,80.0,High,1,6.82
127,1127,71,41,74,72,44.4,Low,0,0.0
128,1128,53,42,57,55,47.0,Low,0,0.0
129,1129,83,68,76,79,68.7,Medium,1,9.68
130,1130,82,47,63,72,54.5,Low,0,0.0
131,1131,55,41,59,57,44.9,Low,0,0.0
132,1132,53,31,48,50,38.3,Low,0,0.0
133,1133,84,54,77,80,56.9,Low,0,0.0
134,1134,67,62,64,65,68.4,Medium,1,6.84
135,1135,76,60,69,72,63.6,Medium,0,0.0
136,1136,55,59,77,66,62.9,Medium,0,0.0
137,1137,60,42,52,56,49.1,Low,0,0.0
138,1138,92,78,100,96,75.3,Medium,1,17.09
139,1139,53,34,54,53,39.8,Low,0,0.0
140,1140,75,69,83,79,71.1,Medium,1,16.77
141,1141,62,41,65,63,50.9,Low,0,0.0
142,1142,76,54,71,73,56.8,Low,0,0.0
143,1143,60,41,59,59,47.5,Low,0,0.0
144,1144,100,76,93,96,81.3,High,1,6.3
145,1145,74,73,100,87,78.6,Medium,1,5.53
146,1146,66,54,62,64,60.8,Medium,0,0.0
147,1147,78,73,95,86,70.2,Medium,1,14.04
148,1148,100,75,86,93,78.8,Medium,1,15.02
149,1149,70,67,88,79,66.4,Medium,0,0.0
150,1150,50,41,59,54,43.4,Low,0,0.0
151,1151,49,41,50,49,42.5,Low,0,0.0
152,1152,100,87,100,100,84.0,High,1,13.16
153,1153,68,50,78,73,49.3,Low,0,0.0
154,1154,61,63,84,72,64.6,Medium,0,0.0
155,1155,67,42,47,57,46.9,Low,0,0.0
156,1156,47,48,58,52,49.9,Low,0,0.0
157,1157,44,30,46,45,41.1,Low,0,0.0
158,1158,66,46,65,65,54.9,Low,0,0.0
159,1159,76,64,76,76,65.0,Medium,1,4.83
160,1160,51,46,59,55,49.2,Low,0,0.0
161,1161,82,71,82,82,71.2,Medium,1,6.32
162,1162,63,57,58,60,63.2,Medium,0,0.0
163,1163,69,62,82,75,57.5,Low,0,0.0
164,1164,98,71,86,92,79.0,Medium,0,0.0
165,1165,81,69,79,80,67.6,Medium,1,16.8
166,1166,84,63,88,86,62.5,Medium,0,0.0
167,1167,95,82,98,96,82.5,High,1,6.28
168,1168,49,47,63,56,56.1,Low,0,0.0
169,1169,54,36,55,54,39.9,Low,0,0.0
170,1170,74,62,69,71,72.3,Medium,1,8.54
171,1171,92,78,100,96,76.2,Medium,1,11.52
172,1172,84,69,92,88,69.9,Medium,0,0.0
173,1173,69,47,70,69,47.6,Low,0,0.0
174,1174,67,54,76,71,58.2,Low,0,0.0
175,1175,85,66,77,81,64.9,Medium,1,14.32
176,1176,68,43,63,65,47.1,Low,0,0.0
177,1177,96,73,96,96,78.8,Medium,0,0.0
178,1178,100,80,100,100,76.9,Medium,1,10.65
179,1179,87,66,81,84,67.9,Medium,0,0.0
180,1180,69,56,75,72,57.6,Low,0,0.0
181,1181,100,67,88,94,70.4,Medium,1,16.75
182,1182,83,56,81,82,65.7,Medium,1,17.54
183,1183,80,62,79,79,64.1,Medium,0,0.0
184,1184,74,51,67,70,58.1,Low,0,0.0
185,1185,36,34,44,40,39.2,Low,0,0.0
186,1186,96,81,99,97,81.4,High,1,4.07
187,1187,53,32,50,51,37.9,Low,0,0.0
188,1188,100,78,100,100,80.3,High,1,10.33
189,1189,96,76,96,96,79.1,Medium,1,6.69
190,1190,100,74,96,98,75.1,Medium,1,6.12
191,1191,88,66,86,87,70.9,Medium,1,10.26
192,1192,72,41,68,70,41.6,Low,0,0.0
193,1193,62,48,72,67,46.6,Low,0,0.0
194,1194,73,74,78,75,76.7,Medium,1,15.88
195,1195,60,37,57,58,40.5,Low,0,0.0
196,1196,59,50,59,59,56.0,Low,0,0.0
197,1197,49,36,51,50,47.0,Low,0,0.0
198,1198,66,59,72,69,60.4,Medium,0,0.0
199,1199,72,70,99,85,63.0,Medium,0,0.0
200,1200,100,78,92,96,82.0,High,1,13.98
201,1201,59,51,61,60,54.5,Low,0,0.0
202,1202,82,59,77,79,66.7,Medium,0,0.0
203,1203,100,71,96,98,73.9,Medium,1,10.16
204,1204,74,48,68,71,48.6,Low,0,0.0
205,1205,32,30,39,35,37.1,Low,0,0.0
206,1206,88,73,80,84,78.5,Medium,1,10.93
207,1207,96,62,86,91,58.9,Low,0,0.0
208,1208,68,34,68,68,36.2,Low,0,0.0
209,1209,55,41,61,58,43.6,Low,0,0.0
210,1210,100,85,100,100,81.3,High,1,8.43
211,1211,87,55,75,81,65.2,Medium,0,0.0
212,1212,94,75,100,97,75.3,Medium,1,16.88
213,1213,72,45,76,74,41.8,Low,0,0.0
214,1214,77,70,71,74,74.5,Medium,1,16.78
215,1215,52,41,64,58,39.2,Low,0,0.0
216,1216,72,48,68,70,52.0,Low,0,0.0
217,1217,86,72,95,90,79.5,Medium,1,8.01
218,1218,96,81,96,96,78.8,Medium,1,16.33
219,1219,57,35,52,54,40.7,Low,0,0.0
220,1220,96,78,100,98,76.7,Medium,1,17.66
221,1221,44,32,51,47,38.0,Low,0,0.0
222,1222,64,43,67,65,41.7,Low,0,0.0
223,1223,62,51,51,56,62.0,Medium,1,10.94
224,1224,45,30,35,40,37.3,Low,0,0.0
225,1225,76,55,75,75,60.2,Medium,0,0.0
226,1226,72,55,78,75,54.0,Low,1,13.85
227,1227,50,50,69,59,54.6,Low,0,0.0
228,1228,36,30,35,35,37.3,Low,0,0.0
229,1229,78,50,79,78,52.0,Low,0,0.0
230,1230,99,67,89,94,69.7,Medium,0,0.0
231,1231,72,58,79,75,59.3,Low,1,15.35
232,1232,59,51,61,60,52.4,Low,1,13.7
233,1233,95,62,87,91,61.5,Medium,0,0.0
234,1234,50,44,60,55,47.4,Low,0,0.0
235,1235,49,53,65,57,53.7,Low,0,0.0
236,1236,100,79,89,94,81.1,High,1,4.46
237,1237,62,44,68,65,44.0,Low,0,0.0
238,1238,98,68,90,94,70.0,Medium,1,14.43
239,1239,90,78,87,88,82.4,High,1,11.1
240,1240,73,58,74,73,51.8,Low,0,0.0
241,1241,87,62,92,89,62.3,Medium,0,0.0
242,1242,75,62,64,69,70.0,Medium,1,14.26
243,1243,99,70,94,96,74.3,Medium,1,6.93
244,1244,56,38,53,54,39.4,Low,0,0.0
245,1245,46,30,47,46,34.9,Low,0,0.0
246,1246,84,58,85,84,55.7,Low,0,0.0
247,1247,97,83,97,97,82.1,High,1,11.27
248,1248,91,57,83,87,63.8,Medium,1,4.22
249,1249,60,40,62,61,46.8,Low,0,0.0
250,1250,88,61,91,89,62.1,Medium,1,11.18
251,1251,66,37,64,65,39.0,Low,0,0.0
252,1252,75,66,81,78,67.4,Medium,1,9.03
253,1253,82,73,87,84,71.4,Medium,1,16.87
254,1254,62,41,69,65,42.7,Low,0,0.0
255,1255,94,80,100,97,79.2,Medium,1,13.89
256,1256,64,65,71,67,69.1,Medium,1,12.84
257,1257,87,77,95,91,79.8,Medium,1,17.95
258,1258,86,80,91,88,78.5,Medium,1,5.37
259,1259,80,61,76,78,64.8,Medium,1,9.59
260,1260,93,77,95,94,81.0,High,1,12.48
261,1261,60,39,60,60,43.2,Low,0,0.0
262,1262,99,64,78,88,69.3,Medium,1,7.62
263,1263,61,41,54,57,42.1,Low,0,0.0
264,1264,95,79,88,91,78.8,Medium,1,6.82
265,1265,75,42,70,72,50.1,Low,0,0.0
266,1266,73,77,95,84,76.7,Medium,1,16.68
267,1267,83,66,82,82,71.4,Medium,1,13.27
268,1268,63,41,65,64,45.4,Low,0,0.0
269,1269,57,35,63,60,40.7,Low,0,0.0
270,1270,77,38,58,67,42.9,Low,0,0.0
271,1271,70,48,68,69,49.2,Low,0,0.0
272,1272,99,80,90,94,78.1,Medium,1,7.05
273,1273,85,67,82,83,66.6,Medium,1,12.25
274,1274,100,71,93,96,73.8,Medium,1,8.33
275,1275,45,37,56,50,39.3,Low,0,0.0
276,1276,61,39,50,55,44.5,Low,0,0.0
277,1277,56,41,58,57,44.3,Low,0,0.0
278,1278,83,63,81,82,67.2,Medium,0,0.0
279,1279,100,87,100,100,85.4,High,1,4.58
280,1280,56,50,68,62,55.5,Low,0,0.0
281,1281,63,38,58,60,43.8,Low,0,0.0
282,1282,68,33,48,58,45.0,Low,0,0.0
283,1283,81,52,77,79,55.3,Low,0,0.0
284,1284,96,71,93,94,76.1,Medium,1,8.89
285,1285,82,58,75,78,63.9,Medium,0,0.0
286,1286,55,36,49,52,43.1,Low,0,0.0
287,1287,68,46,74,71,48.2,Low,0,0.0
288,1288,73,54,81,77,58.3,Low,1,12.38
289,1289,57,39,65,61,41.3,Low,0,0.0
290,1290,78,40,63,70,46.8,Low,0,0.0
291,1291,92,55,79,85,60.3,Medium,1,11.09
292,1292,91,57,83,87,56.8,Low,0,0.0
293,1293,48,47,63,55,54.7,Low,0,0.0
294,1294,68,54,67,67,57.3,Low,0,0.0
295,1295,83,77,89,86,77.4,Medium,1,16.61
296,1296,60,52,63,61,52.9,Low,0,0.0
297,1297,71,44,75,73,43.1,Low,0,0.0
298,1298,72,52,76,74,56.2,Low,0,0.0
299,1299,70,44,69,69,45.8,Low,0,0.0
300,1300,97,80,97,97,78.2,Medium,1,17.25
301,1301,61,52,67,64,54.0,Low,0,0.0
302,1302,61,56,63,62,62.2,Medium,0,0.0
303,1303,53,32,51,52,37.9,Low,0,0.0
304,1304,74,54,67,70,58.6,Low,0,0.0
305,1305,100,78,96,98,75.3,Medium,1,11.05
306,1306,42,30,41,41,33.0,Low,0,0.0
307,1307,94,81,100,97,78.1,Medium,1,8.99
308,1308,83,53,74,78,59.9,Low,1,15.33
309,1309,100,75,100,100,75.6,Medium,0,0.0
310,1310,64,39,65,64,40.0,Low,0,0.0
311,1311,50,30,47,48,37.5,Low,0,0.0
312,1312,80,75,100,90,75.2,Medium,1,13.6
313,1313,74,53,70,72,55.8,Low,0,0.0
314,1314,92,78,100,96,79.1,Medium,1,11.42
315,1315,71,65,82,76,64.0,Medium,1,5.47
316,1316,75,55,69,72,61.2,Medium,0,0.0
317,1317,98,76,97,97,74.4,Medium,1,10.22
318,1318,74,65,79,76,65.4,Medium,1,11.9
319,1319,100,82,95,97,84.6,High,1,6.95
320,1320,78,60,79,78,60.1,Medium,1,4.09
321,1321,100,83,100,100,81.4,High,1,10.49
322,1322,54,43,64,59,47.9,Low,0,0.0
323,1323,30,36,45,37,41.6,Low,0,0.0
324,1324,71,58,81,76,65.4,Medium,0,0.0
325,1325,85,67,89,87,70.6,Medium,1,15.15
326,1326,80,56,81,80,57.7,Low,1,10.98
327,1327,92,75,95,93,79.3,Medium,1,8.17
328,1328,51,40,48,49,44.7,Low,0,0.0
329,1329,56,30,37,46,35.6,Low,0,0.0
330,1330,59,40,52,55,45.3,Low,0,0.0
331,1331,93,62,79,86,71.4,Medium,1,14.68
332,1332,89,62,78,83,72.8,Medium,1,11.16
333,1333,39,34,45,42,37.3,Low,0,0.0
334,1334,67,52,77,72,56.4,Low,0,0.0
335,1335,76,59,86,81,63.1,Medium,0,0.0
336,1336,52,37,46,49,43.8,Low,0,0.0
337,1337,58,34,54,56,41.1,Low,0,0.0
338,1338,100,85,100,100,84.3,High,1,4.86
339,1339,77,61,76,76,71.4,Medium,1,5.2
340,1340,93,79,99,96,79.1,Medium,1,9.1
341,1341,79,53,89,84,53.6,Low,0,0.0
342,1342,68,40,53,60,48.5,Low,0,0.0
343,1343,65,42,57,61,43.6,Low,0,0.0
344,1344,100,73,100,100,67.8,Medium,1,10.66
345,1345,48,32,36,42,39.9,Low,0,0.0
346,1346,89,69,88,88,74.5,Medium,1,14.55
347,1347,41,34,51,46,41.9,Low,0,0.0
348,1348,71,59,80,75,60.6,Medium,1,8.04
349,1349,63,48,72,67,47.1,Low,0,0.0
350,1350,70,55,68,69,60.2,Medium,0,0.0
351,1351,68,44,71,69,44.3,Low,0,0.0
352,1352,51,50,69,60,48.9,Low,0,0.0
353,1353,54,40,62,58,46.9,Low,1,7.73
354,1354,74,46,64,69,46.4,Low,0,0.0
355,1355,83,63,84,83,61.8,Medium,0,0.0
356,1356,100,83,96,98,83.0,High,1,8.45
357,1357,100,75,100,100,77.8,Medium,1,12.06
358,1358,100,87,100,100,83.7,High,1,7.76
359,1359,96,73,100,98,76.6,Medium,1,13.54
360,1360,45,30,46,45,36.6,Low,0,0.0
361,1361,98,67,79,88,73.5,Medium,1,13.29
362,1362,41,30,46,43,35.6,Low,0,0.0
363,1363,90,58,88,89,60.6,Medium,0,0.0
364,1364,80,64,73,76,74.4,Medium,1,17.73
365,1365,71,40,77,74,43.1,Low,0,0.0
366,1366,73,44,60,66,48.5,Low,0,0.0
367,1367,96,72,85,90,72.8,Medium,1,5.2
368,1368,94,77,89,91,78.3,Medium,1,12.39
369,1369,100,71,96,98,78.0,Medium,1,17.34
370,1370,59,42,56,57,44.4,Low,0,0.0
371,1371,91,76,96,93,73.2,Medium,1,9.34
372,1372,94,78,97,95,80.2,High,1,4.14
373,1373,83,73,80,81,75.3,Medium,1,16.76
374,1374,59,48,54,56,57.8,Low,0,0.0
375,1375,49,36,59,54,41.1,Low,0,0.0
376,1376,83,71,87,85,69.7,Medium,0,0.0
377,1377,88,63,99,93,63.0,Medium,0,0.0
378,1378,58,46,56,57,59.6,Low,0,0.0
379,1379,52,41,64,58,42.8,Low,0,0.0
380,1380,58,49,70,64,54.2,Low,0,0.0
381,1381,69,56,75,72,55.7,Low,0,0.0
382,1382,58,40,58,58,44.6,Low,0,0.0
383,1383,68,42,67,67,42.9,Low,0,0.0
384,1384,78,58,85,81,60.2,Medium,1,6.44
385,1385,86,60,84,85,65.2,Medium,0,0.0
386,1386,33,52,66,49,48.7,Low,0,0.0
387,1387,85,42,62,73,46.6,Low,0,0.0
388,1388,91,80,100,95,81.8,High,0,0.0
389,1389,95,57,74,84,66.0,Medium,1,14.97
390,1390,83,50,62,72,58.9,Low,0,0.0
391,1391,80,71,87,83,70.1,Medium,1,7.34
392,1392,89,74,99,94,73.4,Medium,1,15.65
393,1393,54,30,56,55,34.3,Low,0,0.0
394,1394,73,67,78,75,68.8,Medium,1,12.03
395,1395,80,67,89,84,73.7,Medium,1,10.97
396,1396,75,72,88,81,70.8,Medium,1,8.21
397,1397,56,38,48,52,41.1,Low,0,0.0
398,1398,79,67,75,77,71.0,Medium,1,12.37
399,1399,100,85,97,98,83.6,High,1,13.39
400,1400,79,51,67,73,59.9,Low,0,0.0
401,1401,52,48,79,65,44.7,Low,0,0.0
402,1402,36,30,36,36,30.6,Low,0,0.0
403,1403,46,33,57,51,37.9,Low,0,0.0
404,1404,56,44,60,58,48.2,Low,0,0.0
405,1405,97,60,88,92,62.4,Medium,0,0.0
406,1406,80,64,83,81,69.7,Medium,0,0.0
407,1407,65,52,68,66,56.0,Low,0,0.0
408,1408,59,52,72,65,57.8,Low,0,0.0
409,1409,56,36,44,50,40.6,Low,0,0.0
410,1410,64,49,60,62,52.2,Low,0,0.0
411,1411,83,80,100,91,79.4,Medium,0,0.0
412,1412,68,54,67,67,58.5,Low,1,5.52
413,1413,69,48,72,70,47.6,Low,0,0.0
414,1414,80,52,66,73,59.7,Low,1,6.18
415,1415,50,47,62,56,50.9,Low,0,0.0
416,1416,77,68,84,80,68.0,Medium,1,17.98
417,1417,43,30,43,43,36.5,Low,0,0.0
418,1418,79,53,71,75,56.2,Low,0,0.0
419,1419,61,46,51,56,52.5,Low,0,0.0
420,1420,81,60,75,78,64.8,Medium,0,0.0
421,1421,60,50,72,66,51.5,Low,0,0.0
422,1422,77,51,71,74,55.4,Low,0,0.0
423,1423,63,58,74,68,65.7,Medium,1,9.67
424,1424,90,69,79,84,74.0,Medium,1,10.54
425,1425,55,36,58,56,41.2,Low,0,0.0
426,1426,49,38,48,48,40.8,Low,0,0.0
427,1427,51,46,50,50,50.8,Low,0,0.0
428,1428,74,49,66,70,53.5,Low,0,0.0
429,1429,85,64,92,88,65.0,Medium,0,0.0
430,1430,100,79,99,99,78.2,Medium,1,11.32
431,1431,78,62,92,85,64.6,Medium,1,7.22
432,1432,76,57,86,81,54.3,Low,0,0.0
433,1433,100,80,100,100,81.5,High,1,9.84
434,1434,79,62,83,81,65.6,Medium,0,0.0
435,1435,81,68,91,86,69.9,Medium,1,7.02
436,1436,53,36,63,58,38.9,Low,0,0.0
437,1437,75,60,79,77,56.7,Low,0,0.0
438,1438,92,59,77,84,61.1,Medium,0,0.0
439,1439,85,62,78,81,59.0,Low,0,0.0
440,1440,66,55,79,72,63.4,Medium,1,8.33
441,1441,73,38,59,66,50.2,Low,0,0.0
442,1442,96,73,100,98,74.3,Medium,1,6.69
443,1443,72,69,83,77,68.6,Medium,0,0.0
444,1444,51,46,51,51,50.6,Low,0,0.0
445,1445,83,67,83,83,64.0,Medium,0,0.0
446,1446,64,42,74,69,39.8,Low,0,0.0
447,1447,100,80,100,100,81.5,High,1,15.26
448,1448,80,68,91,85,67.9,Medium,1,13.32
449,1449,96,79,89,92,81.0,High,1,13.45
450,1450,65,48,54,59,54.5,Low,0,0.0
451,1451,89,81,92,90,79.9,Medium,1,7.28
452,1452,100,62,82,91,64.8,Medium,0,0.0
453,1453,61,42,57,59,44.2,Low,0,0.0
454,1454,68,41,59,63,45.2,Low,0,0.0
455,1455,76,67,88,82,69.4,Medium,0,0.0
456,1456,87,70,88,87,64.9,Medium,0,0.0
457,1457,73,54,57,65,56.4,Low,0,0.0
458,1458,84,59,72,78,67.1,Medium,1,9.65
459,1459,74,50,68,71,55.5,Low,0,0.0
460,1460,53,48,64,58,50.8,Low,0,0.0
461,1461,58,52,72,65,53.7,Low,0,0.0
462,1462,87,81,97,92,81.8,High,1,8.26
463,1463,100,70,89,94,74.1,Medium,0,0.0
464,1464,83,72,84,83,74.9,Medium,1,15.95
465,1465,95,72,92,93,66.0,Medium,1,7.23
466,1466,75,56,71,73,57.6,Low,0,0.0
467,1467,71,44,74,72,48.1,Low,0,0.0
468,1468,85,64,87,86,65.3,Medium,0,0.0
469,1469,82,47,77,79,48.1,Low,0,0.0
470,1470,88,67,95,91,69.2,Medium,1,5.85
471,1471,66,51,78,72,49.2,Low,0,0.0
472,1472,92,78,100,96,82.5,High,1,11.01
473,1473,92,60,84,88,64.5,Medium,1,12.16
474,1474,76,41,54,65,44.0,Low,0,0.0
475,1475,88,80,100,94,74.8,Medium,1,12.88
476,1476,100,75,100,100,73.7,Medium,1,9.3
477,1477,80,59,69,74,67.9,Medium,0,0.0
478,1478,100,82,100,100,81.5,High,1,10.02
479,1479,79,57,65,72,68.2,Medium,1,8.93
480,1480,73,52,73,73,52.9,Low,1,12.97
481,1481,100,74,98,99,75.2,Medium,1,7.58
482,1482,75,70,84,79,72.9,Medium,1,7.1
483,1483,93,72,89,91,74.2,Medium,1,12.88
484,1484,79,68,84,81,67.5,Medium,1,4.55
485,1485,49,30,35,42,34.5,Low,0,0.0
486,1486,70,44,70,70,48.3,Low,0,0.0
487,1487,85,78,96,90,80.0,High,1,6.39
488,1488,100,83,100,100,81.9,High,1,7.79
489,1489,84,46,69,76,44.1,Low,0,0.0
490,1490,59,30,47,53,35.0,Low,0,0.0
491,1491,82,49,71,76,56.4,Low,0,0.0
492,1492,52,37,56,54,41.1,Low,0,0.0
493,1493,69,40,62,65,39.8,Low,0,0.0
494,1494,100,74,99,99,79.8,Medium,1,10.03
495,1495,70,54,67,68,62.8,Medium,0,0.0
496,1496,59,46,69,64,48.8,Low,0,0.0
497,1497,83,68,86,84,71.5,Medium,0,0.0
498,1498,91,73,87,89,70.9,Medium,1,13.47
499,1499,46,30,37,41,32.8,Low,0,0.0
500,1500,40,32,37,38,40.2,Low,0,0.0
501,1501,61,51,74,67,50.1,Low,0,0.0
502,1502,81,44,70,75,41.9,Low,0,0.0
503,1503,47,35,56,51,34.6,Low,0,0.0
504,1504,81,64,87,84,67.5,Medium,1,8.64
505,1505,69,45,73,71,48.1,Low,0,0.0
506,1506,41,30,35,38,36.3,Low,0,0.0
507,1507,91,68,73,82,77.8,Medium,1,11.88
508,1508,55,43,68,61,46.6,Low,0,0.0
509,1509,81,66,83,82,69.4,Medium,1,7.46
510,1510,77,71,83,80,75.5,Medium,1,6.21
511,1511,50,30,47,48,37.4,Low,0,0.0
512,1512,57,40,56,56,45.8,Low,0,0.0
513,1513,71,63,75,73,65.8,Medium,0,0.0
514,1514,72,54,71,71,48.6,Low,0,0.0
515,1515,58,49,60,59,54.2,Low,0,0.0
516,1516,86,67,88,87,67.9,Medium,0,0.0
517,1517,77,53,68,72,59.6,Low,0,0.0
518,1518,58,37,46,52,44.5,Low,0,0.0
519,1519,72,56,76,74,58.4,Low,0,0.0
520,1520,94,84,98,96,80.9,High,1,10.67
521,1521,47,32,40,43,36.9,Low,0,0.0
522,1522,88,83,100,94,80.2,High,1,4.75
523,1523,84,74,89,86,75.4,Medium,1,13.17
524,1524,52,35,47,49,42.0,Low,0,0.0
525,1525,73,63,85,79,63.3,Medium,1,6.74
526,1526,56,48,54,55,53.8,Low,0,0.0
527,1527,99,78,100,99,75.3,Medium,1,10.58
528,1528,60,58,80,70,57.9,Low,0,0.0
529,1529,98,85,100,99,82.5,High,1,16.85
530,1530,76,44,70,73,50.5,Low,0,0.0
531,1531,72,50,67,69,50.6,Low,0,0.0
532,1532,81,67,78,79,67.8,Medium,1,4.74
533,1533,36,35,43,39,41.5,Low,0,0.0
534,1534,77,67,79,78,68.1,Medium,1,10.94
535,1535,45,30,49,47,34.3,Low,0,0.0
536,1536,63,35,47,55,44.3,Low,0,0.0
537,1537,92,53,78,85,54.8,Low,0,0.0
538,1538,89,55,69,79,62.0,Medium,0,0.0
539,1539,64,47,67,65,45.7,Low,0,0.0
540,1540,80,66,87,83,65.9,Medium,0,0.0
541,1541,65,54,63,64,62.9,Medium,1,15.14
542,1542,91,64,83,87,69.2,Medium,0,0.0
543,1543,91,82,99,95,82.2,High,1,4.28
544,1544,93,60,83,88,56.9,Low,0,0.0
545,1545,74,44,78,76,41.9,Low,0,0.0
546,1546,100,73,91,95,69.6,Medium,0,0.0
547,1547,77,58,81,79,61.9,Medium,0,0.0
548,1548,45,45,53,49,45.9,Low,0,0.0
549,1549,64,67,79,71,70.8,Medium,0,0.0
550,1550,77,58,67,72,69.1,Medium,1,13.31
551,1551,76,55,79,77,55.4,Low,0,0.0
552,1552,58,51,65,61,55.5,Low,1,17.59
553,1553,100,46,84,92,46.1,Low,0,0.0
554,1554,93,63,88,90,55.8,Low,0,0.0
555,1555,89,69,89,89,76.3,Medium,1,14.24
556,1556,93,77,94,93,81.2,High,1,11.34
557,1557,60,36,55,57,44.1,Low,0,0.0
558,1558,94,83,100,97,82.9,High,1,13.95
559,1559,81,77,95,88,78.2,Medium,1,6.32
560,1560,62,39,65,63,41.7,Low,0,0.0
561,1561,57,36,45,51,45.8,Low,0,0.0
562,1562,77,70,81,79,74.3,Medium,1,5.12
563,1563,66,50,76,71,48.7,Low,0,0.0
564,1564,65,35,57,61,41.1,Low,0,0.0
565,1565,75,42,62,68,49.5,Low,0,0.0
566,1566,65,47,63,64,59.9,Low,1,4.46
567,1567,75,50,83,79,51.9,Low,0,0.0
568,1568,85,58,88,86,55.8,Low,0,0.0
569,1569,57,53,68,62,54.6,Low,0,0.0
570,1570,85,57,87,86,56.1,Low,0,0.0
571,1571,91,75,100,95,78.2,Medium,1,7.18
572,1572,45,39,50,47,40.2,Low,0,0.0
573,1573,74,39,61,67,45.4,Low,0,0.0
574,1574,79,63,90,84,63.5,Medium,0,0.0
575,1575,77,59,66,71,64.3,Medium,0,0.0
576,1576,82,65,85,83,71.6,Medium,1,7.54
577,1577,78,70,94,86,74.9,Medium,1,8.64
578,1578,96,78,100,98,81.3,High,1,12.14
579,1579,96,79,94,95,78.6,Medium,1,15.59
580,1580,65,36,63,64,39.7,Low,0,0.0
581,1581,53,36,45,49,46.5,Low,0,0.0
582,1582,89,61,84,86,63.0,Medium,1,12.04
583,1583,86,64,82,84,70.9,Medium,1,10.26
584,1584,100,80,100,100,79.1,Medium,1,4.57
585,1585,68,58,74,71,57.4,Low,0,0.0
586,1586,81,75,77,79,80.8,High,1,15.46
587,1587,100,77,95,97,79.0,Medium,1,5.78
588,1588,46,37,38,42,51.4,Low,0,0.0
589,1589,73,51,65,69,55.6,Low,0,0.0
590,1590,100,80,100,100,82.1,High,1,8.56
591,1591,64,44,61,62,47.3,Low,0,0.0
592,1592,71,54,73,72,55.4,Low,0,0.0
593,1593,77,59,72,74,65.9,Medium,0,0.0
594,1594,61,44,61,61,49.8,Low,0,0.0
595,1595,79,73,76,77,79.6,Medium,1,7.5
596,1596,94,72,88,91,76.3,Medium,1,15.59
597,1597,99,68,95,97,70.8,Medium,1,7.03
598,1598,46,30,44,45,35.6,Low,0,0.0
599,1599,63,44,71,67,45.7,Low,0,0.0
600,1600,80,65,85,82,65.3,Medium,0,0.0
601,1601,80,52,73,76,54.4,Low,1,14.26
602,1602,100,66,90,95,66.8,Medium,0,0.0
603,1603,89,80,100,94,76.5,Medium,0,0.0
604,1604,71,46,56,63,56.8,Low,0,0.0
605,1605,43,30,49,46,36.9,Low,0,0.0
606,1606,63,58,65,64,63.7,Medium,0,0.0
607,1607,79,66,90,84,66.2,Medium,0,0.0
608,1608,62,42,57,59,53.8,Low,0,0.0
609,1609,78,70,80,79,72.8,Medium,1,5.23
610,1610,94,62,78,86,65.0,Medium,0,0.0
611,1611,56,42,50,53,48.1,Low,0,0.0
612,1612,96,70,94,95,71.4,Medium,1,17.62
613,1613,100,75,90,95,73.3,Medium,1,15.33
614,1614,89,80,100,94,78.4,Medium,1,5.18
615,1615,65,61,77,71,60.1,Medium,0,0.0
616,1616,87,83,100,93,80.5,High,1,13.37
617,1617,82,74,83,82,72.1,Medium,1,8.13
618,1618,97,78,96,96,80.8,High,1,7.75
619,1619,62,47,71,66,46.1,Low,0,0.0
620,1620,79,66,77,78,67.0,Medium,0,0.0
621,1621,83,53,75,79,62.2,Medium,0,0.0
622,1622,73,72,88,80,68.7,Medium,1,8.78
623,1623,71,40,67,69,44.4,Low,0,0.0
624,1624,82,62,83,82,64.1,Medium,1,11.87
625,1625,87,70,93,90,65.6,Medium,1,8.95
626,1626,75,50,73,74,54.1,Low,0,0.0
627,1627,80,64,87,83,60.1,Medium,0,0.0
628,1628,87,69,84,85,74.7,Medium,1,15.52
629,1629,67,58,74,70,56.6,Low,1,5.97
630,1630,65,56,60,62,62.6,Medium,1,9.58
631,1631,66,54,67,66,57.0,Low,0,0.0
632,1632,99,79,99,99,79.4,Medium,1,16.15
633,1633,100,79,92,96,78.7,Medium,1,14.06
634,1634,83,66,87,85,68.0,Medium,1,8.38
635,1635,69,65,75,72,66.2,Medium,1,10.76
636,1636,94,75,100,97,75.6,Medium,0,0.0
637,1637,77,50,69,73,53.7,Low,0,0.0
638,1638,91,73,100,95,71.1,Medium,1,14.7
639,1639,97,59,86,91,59.8,Low,1,15.41
640,1640,86,73,91,88,75.3,Medium,1,15.08
641,1641,93,83,96,94,85.3,High,1,16.51
642,1642,80,39,60,70,43.8,Low,0,0.0
643,1643,73,57,72,72,60.5,Medium,0,0.0
644,1644,91,66,86,88,70.5,Medium,0,0.0
645,1645,74,75,81,77,77.4,Medium,1,7.79
646,1646,85,74,89,87,77.7,Medium,1,5.78
647,1647,72,61,71,71,62.7,Medium,0,0.0
648,1648,84,66,83,83,72.4,Medium,1,9.96
649,1649,90,63,85,87,60.7,Medium,0,0.0
650,1650,49,45,58,53,47.2,Low,0,0.0
651,1651,78,61,86,82,64.3,Medium,0,0.0
652,1652,64,48,64,64,54.1,Low,0,0.0
653,1653,84,48,69,76,55.9,Low,0,0.0
654,1654,100,75,100,100,75.5,Medium,1,17.88
655,1655,58,47,57,57,52.1,Low,0,0.0
656,1656,100,78,96,98,78.6,Medium,1,14.81
657,1657,95,68,87,91,74.3,Medium,1,15.83
658,1658,93,60,88,90,62.4,Medium,1,10.09
659,1659,60,41,59,59,47.3,Low,0,0.0
660,1660,67,43,63,65,45.0,Low,0,0.0
661,1661,67,51,71,69,55.3,Low,0,0.0
662,1662,53,49,56,54,56.8,Low,0,0.0
663,1663,45,45,59,52,48.3,Low,0,0.0
664,1664,66,53,74,70,56.1,Low,0,0.0
665,1665,95,77,95,95,75.9,Medium,1,11.11
666,1666,100,81,92,96,82.1,High,1,6.74
667,1667,85,59,72,78,66.8,Medium,0,0.0
668,1668,100,85,100,100,85.9,High,1,15.88
669,1669,83,71,87,85,73.6,Medium,1,14.54
670,1670,72,62,78,75,65.0,Medium,1,12.25
671,1671,69,32,50,59,43.2,Low,0,0.0
672,1672,67,52,72,69,52.8,Low,0,0.0
673,1673,87,78,100,93,77.4,Medium,1,9.62
674,1674,84,67,75,79,75.0,Medium,1,8.18
675,1675,60,47,67,63,44.6,Low,0,0.0
676,1676,71,65,75,73,71.5,Medium,1,12.56
677,1677,71,60,88,79,63.9,Medium,0,0.0
678,1678,85,60,74,79,68.0,Medium,1,8.47
679,1679,64,36,59,61,38.6,Low,0,0.0
680,1680,77,60,85,81,60.3,Medium,0,0.0
681,1681,100,80,100,100,81.3,High,1,13.64
682,1682,78,52,72,75,60.9,Medium,0,0.0
683,1683,81,59,81,81,64.3,Medium,0,0.0
684,1684,45,31,35,40,35.4,Low,0,0.0
685,1685,30,30,37,33,31.2,Low,0,0.0
686,1686,83,61,67,75,67.5,Medium,0,0.0
687,1687,64,44,61,62,48.7,Low,0,0.0
688,1688,80,44,61,70,50.7,Low,0,0.0
689,1689,78,63,70,74,67.6,Medium,1,5.32
690,1690,100,76,93,96,79.1,Medium,1,15.32
691,1691,87,63,84,85,67.7,Medium,0,0.0
692,1692,39,48,55,47,51.4,Low,0,0.0
693,1693,100,73,97,98,73.9,Medium,1,8.94
694,1694,86,64,82,84,66.1,Medium,0,0.0
695,1695,55,40,49,52,49.8,Low,0,0.0
696,1696,63,30,45,54,39.2,Low,0,0.0
697,1697,88,78,100,94,73.9,Medium,1,13.43
698,1698,98,65,98,98,65.7,Medium,1,16.39
699,1699,92,80,100,96,81.6,High,1,17.03
700,1700,83,61,87,85,61.6,Medium,1,9.1
701,1701,46,33,53,49,35.8,Low,0,0.0
702,1702,67,43,64,65,48.9,Low,0,0.0
703,1703,76,49,70,73,55.4,Low,0,0.0
704,1704,39,30,37,38,31.8,Low,0,0.0
705,1705,83,69,82,82,64.4,Medium,0,0.0
706,1706,68,40,63,65,45.7,Low,0,0.0
707,1707,59,41,54,56,49.4,Low,0,0.0
708,1708,67,57,69,68,66.7,Medium,1,16.48
709,1709,95,72,92,93,68.9,Medium,1,7.08
710,1710,49,32,51,50,40.1,Low,0,0.0
711,1711,59,49,60,59,51.6,Low,0,0.0
712,1712,48,33,38,43,41.5,Low,0,0.0
713,1713,75,53,69,72,56.9,Low,0,0.0
714,1714,79,46,75,77,45.4,Low,0,0.0
715,1715,91,71,86,88,73.4,Medium,1,13.39
716,1716,86,63,81,83,72.3,Medium,1,13.61
717,1717,62,60,70,66,67.8,Medium,0,0.0
718,1718,73,54,66,69,55.6,Low,0,0.0
719,1719,66,34,64,65,37.2,Low,0,0.0
720,1720,100,78,100,100,76.7,Medium,1,4.24
721,1721,79,50,72,75,51.6,Low,0,0.0
722,1722,72,56,81,76,60.3,Medium,0,0.0
723,1723,48,31,39,43,38.0,Low,0,0.0
724,1724,52,46,50,51,52.5,Low,0,0.0
725,1725,94,79,89,91,79.5,Medium,1,8.08
726,1726,76,66,87,81,66.7,Medium,1,9.11
727,1727,81,82,94,87,82.6,High,1,6.71
728,1728,59,43,58,58,45.2,Low,0,0.0
729,1729,54,63,81,67,63.5,Medium,1,7.97
730,1730,68,49,71,69,51.1,Low,0,0.0
731,1731,91,73,96,93,78.8,Medium,1,7.7
732,1732,98,69,83,90,70.8,Medium,1,17.12
733,1733,41,30,35,38,37.9,Low,0,0.0
734,1734,52,45,58,55,45.1,Low,0,0.0
735,1735,100,82,100,100,82.1,High,1,16.44
736,1736,66,51,60,63,51.2,Low,0,0.0
737,1737,77,61,73,75,69.4,Medium,1,15.8
738,1738,86,74,93,89,74.4,Medium,1,9.45
739,1739,74,78,83,78,79.7,Medium,1,7.93
740,1740,79,66,77,78,68.6,Medium,1,10.92
741,1741,86,65,84,85,69.6,Medium,0,0.0
742,1742,70,53,71,70,58.0,Low,0,0.0
743,1743,89,51,85,87,50.3,Low,0,0.0
744,1744,81,52,73,77,56.5,Low,0,0.0
745,1745,55,32,51,53,38.9,Low,0,0.0
746,1746,80,75,81,80,82.9,High,1,9.72
747,1747,35,38,58,46,35.5,Low,0,0.0
748,1748,63,65,74,68,72.1,Medium,1,16.08
749,1749,76,63,87,81,66.9,Medium,1,16.17
750,1750,87,68,94,90,63.7,Medium,1,11.77
751,1751,55,55,64,59,61.7,Medium,0,0.0
752,1752,54,45,49,51,52.1,Low,0,0.0
753,1753,57,48,58,57,48.3,Low,0,0.0
754,1754,95,73,86,90,79.6,Medium,1,7.41
755,1755,54,64,69,61,72.6,Medium,1,15.92
756,1756,40,45,52,46,52.5,Low,0,0.0
757,1757,82,70,84,83,72.0,Medium,1,5.93
758,1758,45,43,59,52,44.6,Low,0,0.0
759,1759,96,78,100,98,73.8,Medium,0,0.0
760,1760,58,48,65,61,58.2,Low,0,0.0
761,1761,88,74,79,83,77.6,Medium,1,6.29
762,1762,69,40,66,67,41.5,Low,0,0.0
763,1763,77,69,79,78,68.2,Medium,1,6.43
764,1764,84,69,89,86,70.1,Medium,1,6.22
765,1765,48,54,66,57,56.8,Low,0,0.0
766,1766,83,75,81,82,82.4,High,1,8.92
767,1767,100,78,100,100,75.6,Medium,1,8.84
768,1768,91,75,100,95,76.5,Medium,1,5.7
769,1769,79,65,70,74,74.8,Medium,1,12.22
770,1770,80,72,85,82,69.1,Medium,1,13.61
771,1771,63,45,66,64,46.2,Low,0,0.0
772,1772,70,49,60,65,55.9,Low,0,0.0
773,1773,100,78,96,98,77.9,Medium,1,13.2
774,1774,100,83,100,100,83.4,High,1,7.03
775,1775,83,71,82,82,73.3,Medium,1,4.92
776,1776,88,54,77,82,60.8,Medium,0,0.0
777,1777,91,80,100,95,79.9,Medium,1,12.33
778,1778,68,58,65,66,64.9,Medium,1,5.55
779,1779,60,43,59,59,44.9,Low,0,0.0
780,1780,100,83,100,100,78.7,Medium,1,13.14
781,1781,75,47,67,71,45.1,Low,0,0.0
782,1782,100,82,100,100,81.3,High,1,16.09
783,1783,67,57,62,64,58.8,Low,0,0.0
784,1784,60,31,52,56,35.2,Low,0,0.0
785,1785,76,67,78,77,71.5,Medium,1,5.17
786,1786,62,38,49,55,46.6,Low,0,0.0
787,1787,67,53,75,71,54.6,Low,0,0.0
788,1788,76,63,67,71,72.3,Medium,1,4.34
789,1789,88,66,68,78,77.1,Medium,1,10.64
790,1790,98,80,100,99,79.1,Medium,1,17.07
791,1791,77,47,66,71,51.4,Low,0,0.0
792,1792,100,71,83,91,77.8,Medium,1,10.83
793,1793,81,73,76,78,79.7,Medium,1,7.46
794,1794,41,39,60,50,41.9,Low,0,0.0
795,1795,93,82,100,96,82.2,High,1,9.86
796,1796,88,63,85,86,64.5,Medium,0,0.0
797,1797,67,47,53,60,51.4,Low,0,0.0
798,1798,64,52,63,63,48.1,Low,0,0.0
799,1799,90,78,97,93,73.0,Medium,1,12.84
800,1800,56,40,57,56,43.7,Low,0,0.0
801,1801,72,43,59,65,48.0,Low,0,0.0
802,1802,48,30,46,47,38.9,Low,0,0.0
803,1803,71,48,64,67,55.3,Low,1,17.95
804,1804,95,69,86,90,69.4,Medium,1,11.61
805,1805,82,64,72,77,68.5,Medium,1,8.94
806,1806,87,59,83,85,58.3,Low,0,0.0
807,1807,72,61,81,76,56.6,Low,0,0.0
808,1808,84,68,85,84,67.4,Medium,1,12.57
809,1809,64,39,64,64,42.2,Low,0,0.0
810,1810,57,52,72,64,52.4,Low,0,0.0
811,1811,67,38,49,58,47.7,Low,0,0.0
812,1812,45,35,52,48,38.6,Low,0,0.0
813,1813,92,79,89,90,80.8,High,1,16.97
814,1814,75,42,67,71,52.1,Low,0,0.0
815,1815,63,44,74,68,50.4,Low,0,0.0
816,1816,64,39,71,67,41.1,Low,0,0.0
817,1817,79,53,75,77,56.9,Low,0,0.0
818,1818,84,74,88,86,78.7,Medium,1,5.42
819,1819,100,85,96,98,84.1,High,1,9.69
820,1820,63,45,62,62,46.9,Low,0,0.0
821,1821,84,74,88,86,77.0,Medium,1,4.98
822,1822,62,38,58,60,45.8,Low,0,0.0
823,1823,73,54,71,72,55.1,Low,0,0.0
824,1824,71,60,78,74,64.8,Medium,1,13.69
825,1825,72,43,72,72,42.3,Low,0,0.0
826,1826,89,76,93,91,78.8,Medium,1,16.66
827,1827,60,55,78,69,57.7,Low,0,0.0
828,1828,78,48,79,78,49.3,Low,0,0.0
829,1829,88,62,78,83,61.6,Medium,1,6.83
830,1830,78,57,83,80,56.8,Low,0,0.0
831,1831,44,38,49,46,41.0,Low,0,0.0
832,1832,81,65,75,78,70.5,Medium,1,12.79
833,1833,87,73,93,90,79.4,Medium,1,16.23
834,1834,82,58,74,78,59.4,Low,0,0.0
835,1835,79,66,77,78,68.6,Medium,1,14.29
836,1836,92,83,96,94,79.6,Medium,1,6.81
837,1837,77,42,67,72,45.2,Low,0,0.0
838,1838,90,77,94,92,77.8,Medium,1,11.9
839,1839,53,45,58,55,51.3,Low,0,0.0
840,1840,65,46,61,63,55.9,Low,0,0.0
841,1841,71,47,53,62,49.9,Low,0,0.0
842,1842,80,57,86,83,59.6,Low,0,0.0
843,1843,62,32,47,54,43.5,Low,0,0.0
844,1844,73,52,59,66,62.7,Medium,1,14.1
845,1845,88,66,77,82,68.9,Medium,0,0.0
846,1846,82,65,88,85,66.7,Medium,1,16.51
847,1847,40,30,43,41,33.2,Low,0,0.0
848,1848,65,41,69,67,39.0,Low,0,0.0
849,1849,87,51,75,81,55.0,Low,0,0.0
850,1850,74,69,75,74,77.2,Medium,1,12.44
851,1851,68,44,68,68,43.0,Low,0,0.0
852,1852,88,82,95,91,80.7,High,1,12.85
853,1853,65,42,66,65,44.6,Low,0,0.0
854,1854,70,55,68,69,59.7,Low,0,0.0
855,1855,62,47,57,59,51.2,Low,0,0.0
856,1856,89,75,95,92,75.5,Medium,1,15.47
857,1857,64,47,66,65,52.0,Low,0,0.0
858,1858,49,34,60,54,37.6,Low,0,0.0
859,1859,90,72,89,89,75.3,Medium,1,14.0
860,1860,78,75,91,84,79.4,Medium,1,12.59
861,1861,66,54,80,73,57.3,Low,0,0.0
862,1862,84,57,76,80,54.1,Low,0,0.0
863,1863,87,65,85,86,70.4,Medium,0,0.0
864,1864,67,54,66,66,52.4,Low,0,0.0
865,1865,66,44,60,63,50.5,Low,0,0.0
866,1866,87,74,93,90,70.3,Medium,1,5.17
867,1867,88,85,100,94,85.2,High,1,10.08
868,1868,90,75,100,95,79.9,Medium,1,8.24
869,1869,100,73,100,100,74.7,Medium,1,4.8
870,1870,50,32,47,48,43.5,Low,0,0.0
871,1871,95,63,98,96,57.9,Low,0,0.0
872,1872,80,47,72,76,50.4,Low,0,0.0
873,1873,73,57,72,72,60.0,Medium,0,0.0
874,1874,75,46,64,69,42.5,Low,0,0.0
875,1875,69,50,73,71,46.5,Low,0,0.0
876,1876,78,45,62,70,49.3,Low,0,0.0
877,1877,62,46,69,65,45.3,Low,0,0.0
878,1878,79,67,88,83,68.9,Medium,1,6.21
879,1879,75,54,77,76,58.5,Low,0,0.0
880,1880,76,59,83,79,64.7,Medium,1,12.15
881,1881,61,50,69,65,47.9,Low,0,0.0
882,1882,63,37,61,62,41.1,Low,0,0.0
883,1883,88,54,77,82,55.3,Low,0,0.0
884,1884,48,49,61,54,51.0,Low,0,0.0
885,1885,63,57,72,67,59.5,Low,0,0.0
886,1886,78,63,76,77,72.1,Medium,1,8.04
887,1887,48,52,63,55,56.5,Low,0,0.0
888,1888,55,49,61,58,48.1,Low,0,0.0
889,1889,77,55,72,74,60.3,Medium,0,0.0
890,1890,39,40,59,49,44.7,Low,0,0.0
891,1891,77,52,73,75,50.3,Low,0,0.0
892,1892,78,51,80,79,53.8,Low,0,0.0
893,1893,85,69,79,82,68.1,Medium,1,7.61
894,1894,80,58,88,84,54.1,Low,0,0.0
895,1895,47,38,58,52,45.6,Low,0,0.0
896,1896,92,67,89,90,72.1,Medium,1,13.96
897,1897,76,71,83,79,74.0,Medium,0,0.0
898,1898,100,70,88,94,66.9,Medium,1,14.42
899,1899,88,62,87,87,59.6,Low,0,0.0
900,1900,75,55,79,77,57.4,Low,0,0.0
901,1901,63,35,67,65,41.6,Low,0,0.0
902,1902,55,39,61,58,41.7,Low,0,0.0
903,1903,66,53,75,70,55.3,Low,0,0.0
904,1904,86,76,92,89,79.3,Medium,1,4.81
905,1905,62,32,54,58,39.1,Low,0,0.0
906,1906,66,53,65,65,58.9,Low,0,0.0
907,1907,78,46,78,78,46.3,Low,0,0.0
908,1908,78,65,92,85,62.2,Medium,0,0.0
909,1909,94,78,100,97,80.0,High,1,17.16
910,1910,61,59,77,69,64.1,Medium,0,0.0
911,1911,89,66,83,86,76.0,Medium,1,13.41
912,1912,84,73,90,87,75.5,Medium,1,14.97
913,1913,68,58,75,71,60.0,Medium,1,10.4
914,1914,84,79,92,88,78.8,Medium,1,4.41
915,1915,74,60,64,69,61.5,Medium,1,11.31
916,1916,43,43,49,46,46.5,Low,0,0.0
917,1917,65,47,66,65,53.4,Low,0,0.0
918,1918,62,45,58,60,50.5,Low,0,0.0
919,1919,91,80,100,95,74.8,Medium,1,8.35
920,1920,66,39,64,65,41.1,Low,0,0.0
921,1921,80,76,87,83,74.1,Medium,1,13.31
922,1922,88,74,92,90,73.8,Medium,1,14.72
923,1923,65,43,65,65,48.9,Low,0,0.0
924,1924,66,54,81,73,55.4,Low,0,0.0
925,1925,85,41,65,75,46.5,Low,0,0.0
926,1926,82,66,73,77,68.1,Medium,1,12.26
927,1927,79,63,85,82,64.6,Medium,1,14.27
928,1928,62,37,52,57,42.2,Low,0,0.0
929,1929,85,57,73,79,57.7,Low,0,0.0
930,1930,74,61,84,79,60.2,Medium,0,0.0
931,1931,46,51,61,53,58.8,Low,0,0.0
932,1932,74,71,87,80,75.3,Medium,1,4.94
933,1933,72,53,74,73,55.5,Low,0,0.0
934,1934,78,74,96,87,73.1,Medium,1,10.82
935,1935,63,48,69,66,51.1,Low,0,0.0
936,1936,83,63,77,80,72.0,Medium,0,0.0
937,1937,81,58,75,78,60.7,Medium,0,0.0
938,1938,49,42,61,55,46.7,Low,0,0.0
939,1939,52,50,65,58,57.5,Low,0,0.0
940,1940,49,38,58,53,43.1,Low,0,0.0
941,1941,68,49,71,69,50.9,Low,0,0.0
942,1942,93,78,92,92,80.9,High,1,5.34
943,1943,73,49,71,72,53.1,Low,0,0.0
944,1944,80,53,75,77,60.6,Medium,0,0.0
945,1945,68,54,63,65,66.2,Medium,0,0.0
946,1946,79,55,78,78,54.4,Low,0,0.0
947,1947,76,53,79,77,55.6,Low,1,15.2
948,1948,99,71,96,97,72.5,Medium,0,0.0
949,1949,93,59,83,88,63.7,Medium,0,0.0
950,1950,94,85,97,95,80.7,High,1,6.3
951,1951,100,70,91,95,72.5,Medium,1,10.84
952,1952,75,52,87,81,48.2,Low,0,0.0
953,1953,82,65,89,85,62.8,Medium,1,12.59
954,1954,65,43,54,59,49.6,Low,0,0.0
955,1955,73,62,82,77,64.3,Medium,1,9.41
956,1956,62,47,72,67,49.0,Low,0,0.0
957,1957,98,71,97,97,72.7,Medium,1,5.89
958,1958,71,58,89,80,55.7,Low,0,0.0
959,1959,80,65,84,82,67.0,Medium,1,15.56
960,1960,69,52,73,71,58.1,Low,0,0.0
961,1961,84,72,85,84,77.8,Medium,1,9.26
962,1962,83,56,71,77,60.2,Medium,1,10.54
963,1963,100,78,100,100,74.3,Medium,1,17.14
964,1964,93,77,98,95,75.6,Medium,1,10.86
965,1965,78,57,77,77,55.5,Low,0,0.0
966,1966,88,68,95,91,68.4,Medium,1,15.2
967,1967,93,79,94,93,82.7,High,1,14.97
968,1968,75,48,68,71,46.2,Low,0,0.0
969,1969,60,55,79,69,54.4,Low,1,5.43
970,1970,85,68,91,88,68.4,Medium,1,7.52
971,1971,56,54,67,61,58.5,Low,0,0.0
972,1972,57,33,52,54,41.6,Low,0,0.0
973,1973,44,30,37,40,36.4,Low,0,0.0
974,1974,62,54,67,64,50.1,Low,0,0.0
975,1975,71,43,54,62,50.8,Low,0,0.0
976,1976,95,67,89,92,70.8,Medium,1,10.45
977,1977,69,65,71,70,64.4,Medium,0,0.0
978,1978,63,61,67,65,68.5,Medium,1,12.66
979,1979,88,72,88,88,75.9,Medium,1,6.86
980,1980,64,38,54,59,42.4,Low,0,0.0
981,1981,92,68,87,89,71.4,Medium,1,5.45
982,1982,95,77,95,95,79.0,Medium,1,10.34
983,1983,80,52,76,78,50.2,Low,0,0.0
984,1984,54,34,41,47,42.4,Low,0,0.0
985,1985,42,30,45,43,33.3,Low,0,0.0
986,1986,64,46,68,66,42.4,Low,0,0.0
987,1987,87,64,82,84,68.7,Medium,0,0.0
988,1988,75,60,74,74,61.6,Medium,0,0.0
989,1989,86,62,89,87,58.9,Low,0,0.0
990,1990,65,47,66,65,49.8,Low,0,0.0
991,1991,96,65,91,93,66.6,Medium,1,16.37
992,1992,59,42,57,58,48.4,Low,1,15.69
993,1993,56,42,66,61,39.8,Low,0,0.0
994,1994,66,36,58,62,39.0,Low,0,0.0
995,1995,90,65,84,87,67.3,Medium,1,8.73
996,1996,49,38,52,50,43.0,Low,0,0.0
997,1997,73,56,74,73,57.2,Low,1,9.74
998,1998,57,66,86,71,70.0,Medium,1,4.06
999,1999,61,42,60,60,44.6,Low,0,0.0
1000,2000,72,61,76,74,62.8,Medium,0,0.0
1001,2001,100,75,100,100,76.3,Medium,1,13.01
1002,2002,77,80,86,81,81.7,High,1,5.37
1003,2003,67,53,75,71,55.4,Low,0,0.0
1004,2004,91,66,87,89,69.8,Medium,0,0.0
1005,2005,92,70,89,90,70.2,Medium,1,5.76
1006,2006,70,63,74,72,63.2,Medium,1,4.27
1007,2007,67,57,69,68,61.1,Medium,1,7.67
1008,2008,55,40,49,52,47.9,Low,0,0.0
1009,2009,81,65,85,83,71.0,Medium,1,16.54
1010,2010,90,71,87,88,76.6,Medium,1,5.52
1011,2011,88,61,72,80,67.4,Medium,1,6.02
1012,2012,63,37,53,58,45.7,Low,0,0.0
1013,2013,68,44,64,66,43.3,Low,0,0.0
1014,2014,81,49,71,76,46.8,Low,0,0.0
1015,2015,100,64,92,96,68.6,Medium,1,15.65
1016,2016,100,72,98,99,71.6,Medium,1,16.14
1017,2017,86,73,96,91,76.2,Medium,1,8.32
1018,2018,37,30,36,36,34.7,Low,0,0.0
1019,2019,81,54,77,79,54.3,Low,0,0.0
1020,2020,65,49,66,65,56.1,Low,0,0.0
1021,2021,90,69,92,91,70.4,Medium,1,15.38
1022,2022,78,43,66,72,41.1,Low,0,0.0
1023,2023,89,63,80,84,62.6,Medium,1,7.05
1024,2024,62,51,67,64,58.3,Low,0,0.0
1025,2025,77,54,76,76,52.5,Low,0,0.0
1026,2026,67,46,65,66,51.7,Low,0,0.0
1027,2027,73,46,75,74,45.4,Low,0,0.0
1028,2028,73,61,80,76,64.4,Medium,1,7.45
1029,2029,58,43,59,58,46.2,Low,0,0.0
1030,2030,62,49,67,64,52.4,Low,0,0.0
1031,2031,93,75,95,94,76.0,Medium,1,9.58
1032,2032,87,61,80,83,65.1,Medium,1,10.49
1033,2033,89,63,85,87,69.9,Medium,1,8.36
1034,2034,70,56,70,70,61.5,Medium,0,0.0
1035,2035,74,47,76,75,48.9,Low,0,0.0
1036,2036,65,39,60,62,49.5,Low,0,0.0
1037,2037,65,45,68,66,50.7,Low,0,0.0
1038,2038,63,49,56,59,56.2,Low,0,0.0
1039,2039,98,63,85,91,64.3,Medium,1,4.53
1040,2040,71,74,78,74,76.1,Medium,1,16.09
1041,2041,54,55,59,56,63.1,Medium,0,0.0
1042,2042,86,69,79,82,75.6,Medium,1,4.65
1043,2043,50,30,54,52,32.6,Low,0,0.0
1044,2044,80,50,72,76,53.4,Low,0,0.0
1045,2045,73,54,77,75,57.6,Low,0,0.0
1046,2046,68,59,71,69,61.6,Medium,1,8.4
1047,2047,53,32,47,50,39.3,Low,0,0.0
1048,2048,73,73,86,79,71.5,Medium,1,13.19
1049,2049,73,65,70,71,66.5,Medium,1,12.97
1050,2050,93,71,100,96,67.0,Medium,0,0.0
1051,2051,76,61,80,78,62.6,Medium,0,0.0
1052,2052,89,63,85,87,60.7,Medium,0,0.0
1053,2053,98,78,96,97,83.5,High,1,6.22
1054,2054,54,48,58,56,52.3,Low,0,0.0
1055,2055,48,30,44,46,34.5,Low,0,0.0
1056,2056,77,58,88,82,54.3,Low,0,0.0
1057,2057,94,78,100,97,79.9,Medium,1,4.04
1058,2058,68,45,63,65,50.3,Low,0,0.0
1059,2059,46,47,43,44,55.1,Low,0,0.0
1060,2060,51,58,70,60,59.6,Low,1,6.67
1061,2061,93,83,100,96,83.8,High,1,12.62
1062,2062,95,76,92,93,74.3,Medium,1,13.95
1063,2063,54,30,40,47,33.9,Low,0,0.0
1064,2064,73,43,58,65,49.7,Low,0,0.0
1065,2065,100,78,100,100,81.2,High,1,5.44
1066,2066,76,45,76,76,46.7,Low,0,0.0
1067,2067,71,60,64,67,67.0,Medium,0,0.0
1068,2068,61,49,66,63,48.5,Low,0,0.0
1069,2069,94,84,99,96,82.0,High,1,5.92
1070,2070,95,87,100,97,85.1,High,1,6.58
1071,2071,94,74,99,96,76.3,Medium,1,6.28
1072,2072,55,51,57,56,57.1,Low,0,0.0
1073,2073,83,61,81,82,64.4,Medium,1,15.83
1074,2074,59,48,69,64,52.2,Low,0,0.0
1075,2075,98,86,99,98,84.2,High,1,13.45
1076,2076,87,76,93,90,78.2,Medium,1,13.02
1077,2077,89,77,95,92,76.3,Medium,1,8.27
1078,2078,73,69,82,77,73.4,Medium,1,6.95
1079,2079,65,44,61,63,49.0,Low,0,0.0
1080,2080,100,61,94,97,61.4,Medium,1,17.41
1081,2081,43,32,47,45,34.7,Low,0,0.0
1082,2082,81,79,84,82,79.7,Medium,1,4.81
1083,2083,66,67,82,74,69.2,Medium,1,15.3
1084,2084,70,52,76,73,56.2,Low,0,0.0
1085,2085,72,47,71,71,47.8,Low,0,0.0
1086,2086,57,43,59,58,45.8,Low,0,0.0
1087,2087,84,70,90,87,74.3,Medium,1,4.4
1088,2088,67,52,67,67,52.5,Low,0,0.0
1089,2089,67,51,57,62,57.3,Low,0,0.0
1090,2090,71,60,89,80,53.2,Low,0,0.0
1091,2091,55,50,58,56,53.5,Low,0,0.0
1092,2092,61,44,65,63,47.9,Low,0,0.0
1093,2093,51,32,61,56,39.8,Low,0,0.0
1094,2094,100,69,96,98,68.5,Medium,1,4.38
1095,2095,87,68,86,86,73.9,Medium,1,9.37
1096,2096,96,64,86,91,63.9,Medium,1,5.75
1097,2097,100,80,100,100,82.5,High,1,16.39
1098,2098,57,31,44,50,42.8,Low,0,0.0
1099,2099,81,53,74,77,64.0,Medium,0,0.0
1100,2100,74,42,70,72,47.8,Low,0,0.0
1101,2101,71,54,71,71,55.1,Low,0,0.0
1102,2102,79,45,62,70,48.9,Low,0,0.0
1103,2103,89,71,87,88,72.8,Medium,1,4.11
1104,2104,99,73,100,99,73.4,Medium,1,17.77
1105,2105,52,56,71,61,56.9,Low,0,0.0
1106,2106,92,78,96,94,79.8,Medium,1,9.35
1107,2107,65,30,50,57,35.5,Low,0,0.0
1108,2108,75,63,70,72,64.0,Medium,0,0.0
1109,2109,62,44,61,61,45.8,Low,0,0.0
1110,2110,75,62,83,79,61.3,Medium,1,17.22
1111,2111,81,62,83,82,63.5,Medium,0,0.0
1112,2112,31,32,47,39,45.1,Low,0,0.0
1113,2113,66,47,66,66,46.0,Low,0,0.0
1114,2114,100,72,79,89,73.5,Medium,1,8.66
1115,2115,72,37,46,59,41.0,Low,0,0.0
1116,2116,50,30,42,46,36.7,Low,0,0.0
1117,2117,67,54,67,67,51.7,Low,0,0.0
1118,2118,59,33,52,55,40.8,Low,0,0.0
1119,2119,59,41,69,64,43.0,Low,0,0.0
1120,2120,100,85,100,100,84.8,High,1,15.7
1121,2121,81,50,62,71,51.1,Low,0,0.0
1122,2122,41,43,51,46,53.6,Low,1,11.43
1123,2123,83,66,87,85,68.8,Medium,1,12.87
1124,2124,80,49,81,80,48.0,Low,0,0.0
1125,2125,74,49,70,72,47.8,Low,0,0.0
1126,2126,90,73,91,90,77.1,Medium,1,14.81
1127,2127,80,57,82,81,62.1,Medium,1,13.07
1128,2128,99,85,100,99,82.9,High,1,13.2
1129,2129,81,58,71,76,62.9,Medium,0,0.0
1130,2130,53,35,46,49,40.2,Low,0,0.0
1131,2131,40,32,37,38,35.5,Low,0,0.0
1132,2132,68,54,71,69,54.7,Low,0,0.0
1133,2133,50,39,64,57,38.6,Low,0,0.0
1134,2134,97,85,96,96,84.6,High,1,4.55
1135,2135,85,73,86,85,77.8,Medium,1,14.94
1136,2136,73,45,73,73,47.6,Low,0,0.0
1137,2137,70,53,70,70,59.2,Low,1,16.72
1138,2138,84,67,79,81,76.8,Medium,1,15.95
1139,2139,56,38,59,57,42.0,Low,0,0.0
1140,2140,49,34,50,49,39.6,Low,0,0.0
1141,2141,69,44,57,63,56.6,Low,0,0.0
1142,2142,97,66,86,91,74.6,Medium,1,9.99
1143,2143,72,46,69,70,49.6,Low,0,0.0
1144,2144,83,64,77,80,64.1,Medium,1,12.77
1145,2145,73,57,86,79,57.7,Low,1,11.05
1146,2146,90,66,95,92,58.0,Low,1,7.5
1147,2147,77,48,68,72,51.8,Low,0,0.0
1148,2148,78,59,91,84,58.5,Low,0,0.0
1149,2149,56,30,41,48,36.4,Low,0,0.0
1150,2150,44,34,50,47,41.4,Low,0,0.0
1151,2151,65,65,74,69,69.4,Medium,0,0.0
1152,2152,73,51,85,79,47.5,Low,0,0.0
1153,2153,94,83,100,97,80.6,High,1,14.35
1154,2154,43,39,60,51,44.5,Low,0,0.0
1155,2155,63,37,56,59,44.2,Low,0,0.0
1156,2156,55,42,62,58,49.6,Low,0,0.0
1157,2157,61,43,64,62,50.5,Low,0,0.0
1158,2158,77,57,82,79,55.3,Low,0,0.0
1159,2159,91,73,90,90,71.1,Medium,1,4.51
1160,2160,87,75,100,93,75.1,Medium,1,5.54
1161,2161,94,77,94,94,79.5,Medium,1,14.17
1162,2162,70,59,77,73,62.9,Medium,0,0.0
1163,2163,68,44,61,64,48.7,Low,0,0.0
1164,2164,68,67,89,78,69.7,Medium,1,11.82
1165,2165,61,38,63,62,40.1,Low,0,0.0
1166,2166,67,40,59,63,45.7,Low,0,0.0
1167,2167,73,44,70,71,50.7,Low,0,0.0
1168,2168,80,50,77,78,52.3,Low,0,0.0
1169,2169,65,63,81,73,67.8,Medium,1,16.69
1170,2170,98,78,100,99,81.3,High,1,9.5
1171,2171,52,45,63,57,48.7,Low,0,0.0
1172,2172,61,74,82,71,72.9,Medium,1,14.71
1173,2173,88,54,81,84,52.2,Low,0,0.0
1174,2174,59,46,60,59,53.6,Low,0,0.0
1175,2175,98,78,100,99,77.5,Medium,1,7.5
1176,2176,85,47,76,80,46.9,Low,0,0.0
1177,2177,79,51,84,81,49.1,Low,0,0.0
1178,2178,81,68,84,82,69.7,Medium,0,0.0
1179,2179,58,42,61,59,44.0,Low,0,0.0
1180,2180,74,78,100,87,73.4,Medium,1,17.8
1181,2181,68,61,70,69,63.7,Medium,1,8.74
1182,2182,59,38,58,58,43.2,Low,0,0.0
1183,2183,87,74,84,85,79.8,Medium,1,5.72
1184,2184,84,75,94,89,73.5,Medium,1,5.67
1185,2185,73,50,73,73,51.3,Low,0,0.0
1186,2186,77,45,73,75,52.4,Low,0,0.0
1187,2187,100,80,100,100,73.9,Medium,0,0.0
1188,2188,91,83,100,95,81.8,High,1,10.16
1189,2189,99,73,87,93,78.6,Medium,1,12.53
1190,2190,39,41,58,48,38.0,Low,0,0.0
1191,2191,61,63,71,66,68.9,Medium,1,8.49
1192,2192,51,39,61,56,40.3,Low,0,0.0
1193,2193,53,42,53,53,48.9,Low,0,0.0
1194,2194,57,36,59,58,38.5,Low,0,0.0
1195,2195,85,64,87,86,64.3,Medium,0,0.0
1196,2196,65,46,68,66,48.9,Low,0,0.0
1197,2197,82,64,86,84,59.2,Low,0,0.0
1198,2198,80,50,69,74,49.7,Low,0,0.0
1199,2199,63,38,52,57,44.0,Low,0,0.0
1200,2200,63,55,75,69,56.6,Low,0,0.0
1201,2201,67,45,72,69,49.2,Low,0,0.0
1202,2202,89,72,99,94,78.8,Medium,1,15.28
1203,2203,58,52,62,60,56.4,Low,0,0.0
1204,2204,80,56,75,77,54.7,Low,0,0.0
1205,2205,47,37,54,50,38.9,Low,0,0.0
1206,2206,87,85,100,93,82.9,High,1,15.81
1207,2207,88,72,89,88,70.0,Medium,1,15.33
1208,2208,67,42,61,64,51.0,Low,0,0.0
1209,2209,46,50,68,57,52.9,Low,0,0.0
1210,2210,99,78,100,99,82.2,High,1,17.53
1211,2211,89,66,77,83,71.2,Medium,1,17.69
1212,2212,49,36,41,45,43.2,Low,0,0.0
1213,2213,82,78,96,89,78.9,Medium,1,16.52
1214,2214,50,36,58,54,42.2,Low,0,0.0
1215,2215,50,32,46,48,40.9,Low,0,0.0
1216,2216,52,30,35,43,33.4,Low,0,0.0
1217,2217,61,39,60,60,42.4,Low,0,0.0
1218,2218,49,48,65,57,48.4,Low,0,0.0
1219,2219,77,63,76,76,67.7,Medium,1,15.79
1220,2220,92,69,93,92,67.6,Medium,0,0.0
1221,2221,84,74,93,88,74.9,Medium,1,15.17
1222,2222,96,87,100,98,80.0,High,1,9.66
1223,2223,80,57,82,81,55.6,Low,0,0.0
1224,2224,57,41,46,51,49.0,Low,0,0.0
1225,2225,84,78,87,85,75.9,Medium,1,14.32
1226,2226,69,53,74,71,55.4,Low,0,0.0
1227,2227,85,74,79,82,79.9,Medium,1,15.22
1228,2228,87,60,75,81,66.8,Medium,1,17.56
1229,2229,94,72,85,89,77.3,Medium,1,10.12
1230,2230,87,73,100,93,70.9,Medium,1,13.9
1231,2231,87,75,100,93,71.2,Medium,1,8.35
1232,2232,74,53,70,72,61.3,Medium,0,0.0
1233,2233,84,59,73,78,59.1,Low,0,0.0
1234,2234,43,30,35,39,41.3,Low,0,0.0
1235,2235,61,38,62,61,41.3,Low,0,0.0
1236,2236,74,52,63,68,55.6,Low,0,0.0
1237,2237,51,30,43,47,37.7,Low,0,0.0
1238,2238,97,74,89,93,72.3,Medium,1,5.71
1239,2239,86,76,88,87,77.9,Medium,1,10.78
1240,2240,86,71,93,89,67.7,Medium,1,6.28
1241,2241,84,77,94,89,75.5,Medium,1,6.29
1242,2242,57,35,63,60,40.1,Low,0,0.0
1243,2243,100,75,100,100,72.7,Medium,1,10.83
1244,2244,55,38,58,56,44.5,Low,0,0.0
1245,2245,63,50,54,58,56.5,Low,0,0.0
1246,2246,68,46,65,66,51.2,Low,0,0.0
1247,2247,59,45,67,63,43.7,Low,0,0.0
1248,2248,77,66,76,76,67.0,Medium,1,14.07
1249,2249,83,63,90,86,61.1,Medium,0,0.0
1250,2250,50,57,63,56,59.5,Low,0,0.0
1251,2251,58,54,67,62,59.0,Low,0,0.0
1252,2252,79,70,90,84,69.8,Medium,1,9.65
1253,2253,81,53,79,80,55.2,Low,1,9.15
1254,2254,99,72,94,96,76.8,Medium,1,17.08
1255,2255,67,40,49,58,46.9,Low,1,15.57
1256,2256,91,66,87,89,68.0,Medium,0,0.0
1257,2257,65,61,71,68,63.4,Medium,1,7.82
1258,2258,90,79,95,92,82.3,High,1,10.61
1259,2259,76,62,73,74,64.3,Medium,0,0.0
1260,2260,79,58,74,76,57.5,Low,0,0.0
1261,2261,41,30,35,38,34.5,Low,0,0.0
1262,2262,82,47,81,81,48.0,Low,0,0.0
1263,2263,67,51,75,71,54.3,Low,0,0.0
1264,2264,76,58,70,73,63.6,Medium,0,0.0
1265,2265,65,42,61,63,47.8,Low,0,0.0
1266,2266,67,58,70,68,60.7,Medium,0,0.0
1267,2267,83,67,88,85,71.0,Medium,0,0.0
1268,2268,69,48,78,73,48.4,Low,0,0.0
1269,2269,74,75,90,82,73.5,Medium,1,10.53
1270,2270,49,34,55,52,37.6,Low,0,0.0
1271,2271,97,70,89,93,71.2,Medium,1,6.27
1272,2272,65,52,49,57,59.3,Low,0,0.0
1273,2273,75,58,84,79,57.3,Low,0,0.0
1274,2274,98,66,100,99,66.5,Medium,0,0.0
1275,2275,85,71,86,85,67.6,Medium,1,8.62
1276,2276,100,80,100,100,78.1,Medium,1,16.12
1277,2277,80,63,80,80,66.4,Medium,0,0.0
1278,2278,96,65,88,92,62.6,Medium,1,4.22
1279,2279,80,58,70,75,68.0,Medium,1,10.77
1280,2280,67,40,80,73,43.0,Low,0,0.0
1281,2281,67,47,66,66,47.6,Low,0,0.0
1282,2282,64,48,65,64,50.7,Low,0,0.0
1283,2283,65,46,61,63,55.3,Low,0,0.0
1284,2284,97,73,100,98,77.1,Medium,1,6.39
1285,2285,74,47,72,73,51.1,Low,0,0.0
1286,2286,100,79,92,96,75.9,Medium,1,7.32
1287,2287,60,42,56,58,44.0,Low,0,0.0
1288,2288,97,74,92,94,74.8,Medium,1,4.29
1289,2289,92,79,95,93,82.6,High,1,7.64
1290,2290,61,31,55,58,40.1,Low,0,0.0
1291,2291,76,50,73,74,50.6,Low,0,0.0
1292,2292,92,64,96,94,65.4,Medium,0,0.0
1293,2293,92,71,86,89,79.1,Medium,1,17.34
1294,2294,57,30,41,49,38.6,Low,0,0.0
1295,2295,66,47,71,68,48.2,Low,0,0.0
1296,2296,85,63,85,85,61.2,Medium,0,0.0
1297,2297,77,60,85,81,61.8,Medium,1,17.91
1298,2298,75,71,92,83,67.4,Medium,1,15.38
1299,2299,58,40,56,57,45.0,Low,0,0.0
1300,2300,70,33,52,61,41.0,Low,0,0.0
1301,2301,77,60,79,78,63.4,Medium,1,5.23
1302,2302,96,57,82,89,61.2,Medium,1,15.52
1303,2303,69,52,76,72,50.8,Low,0,0.0
1304,2304,96,70,90,93,79.3,Medium,1,9.54
1305,2305,73,36,58,65,46.2,Low,0,0.0
1306,2306,52,39,50,51,42.6,Low,0,0.0
1307,2307,53,38,58,55,42.0,Low,0,0.0
1308,2308,91,67,83,87,68.1,Medium,1,16.09
1309,2309,58,54,67,62,63.7,Medium,1,8.16
1310,2310,52,38,63,57,41.8,Low,0,0.0
1311,2311,64,52,69,66,56.2,Low,0,0.0
1312,2312,89,68,81,85,68.9,Medium,1,9.48
1313,2313,30,30,42,36,41.6,Low,0,0.0
1314,2314,45,41,50,47,49.9,Low,0,0.0
1315,2315,73,65,80,76,73.7,Medium,1,16.53
1316,2316,74,63,95,84,58.9,Low,0,0.0
1317,2317,76,58,75,75,58.0,Low,0,0.0
1318,2318,70,39,51,60,46.0,Low,0,0.0
1319,2319,68,40,62,65,41.1,Low,0,0.0
1320,2320,67,49,60,63,53.5,Low,0,0.0
1321,2321,72,48,55,63,57.1,Low,1,4.49
1322,2322,65,43,54,59,50.6,Low,0,0.0
1323,2323,60,58,66,63,63.9,Medium,0,0.0
1324,2324,88,62,89,88,65.3,Medium,0,0.0
1325,2325,77,63,94,85,62.0,Medium,1,14.77
1326,2326,89,68,90,89,64.6,Medium,1,16.03
1327,2327,83,63,74,78,64.8,Medium,0,0.0
1328,2328,65,40,53,59,42.6,Low,0,0.0
1329,2329,59,42,66,62,50.0,Low,0,0.0
1330,2330,79,70,80,79,72.8,Medium,1,8.78
1331,2331,76,45,73,74,46.5,Low,0,0.0
1332,2332,75,66,87,81,64.0,Medium,0,0.0
1333,2333,72,49,61,66,53.1,Low,0,0.0
1334,2334,95,73,87,91,78.8,Medium,1,12.28
1335,2335,70,41,60,65,45.9,Low,0,0.0
1336,2336,97,76,93,95,80.7,High,1,7.32
1337,2337,60,39,56,58,45.1,Low,0,0.0
1338,2338,58,53,61,59,65.2,Medium,1,13.74
1339,2339,47,30,35,41,38.5,Low,0,0.0
1340,2340,80,67,84,82,70.1,Medium,1,13.02
1341,2341,73,43,68,70,50.7,Low,0,0.0
1342,2342,55,39,54,54,43.0,Low,0,0.0
1343,2343,49,30,60,54,36.1,Low,0,0.0
1344,2344,82,74,93,87,71.7,Medium,1,7.48
1345,2345,61,40,76,68,41.1,Low,0,0.0
1346,2346,80,66,82,81,68.7,Medium,0,0.0
1347,2347,65,53,61,63,58.6,Low,0,0.0
1348,2348,58,47,67,62,47.6,Low,0,0.0
1349,2349,42,30,50,46,34.7,Low,0,0.0
1350,2350,86,61,91,88,64.4,Medium,0,0.0
1351,2351,44,40,59,51,40.1,Low,0,0.0
1352,2352,59,54,67,63,57.0,Low,0,0.0
1353,2353,65,59,77,71,56.4,Low,0,0.0
1354,2354,30,30,42,36,40.8,Low,0,0.0
1355,2355,77,66,72,74,71.9,Medium,1,14.84
1356,2356,90,73,86,88,75.5,Medium,1,11.36
1357,2357,78,55,83,80,55.8,Low,0,0.0
1358,2358,69,42,66,67,46.5,Low,0,0.0
1359,2359,84,64,80,82,64.6,Medium,1,11.13
1360,2360,62,36,45,53,46.0,Low,0,0.0
1361,2361,93,54,80,86,57.9,Low,0,0.0
1362,2362,76,56,71,73,58.8,Low,0,0.0
1363,2363,74,46,71,72,48.9,Low,0,0.0
1364,2364,65,39,61,63,46.1,Low,0,0.0
1365,2365,100,69,79,89,72.6,Medium,1,12.76
1366,2366,74,58,80,77,60.1,Medium,0,0.0
1367,2367,63,49,70,66,55.2,Low,0,0.0
1368,2368,58,36,49,53,43.2,Low,0,0.0
1369,2369,56,49,75,65,46.3,Low,0,0.0
1370,2370,89,67,89,89,77.1,Medium,1,6.1
1371,2371,80,58,74,77,56.3,Low,0,0.0
1372,2372,100,68,90,95,66.4,Medium,1,10.24
1373,2373,39,38,49,44,39.3,Low,0,0.0
1374,2374,83,69,83,83,66.7,Medium,0,0.0
1375,2375,76,74,88,82,74.2,Medium,1,16.54
1376,2376,90,82,94,92,81.4,High,1,5.47
1377,2377,92,73,93,92,80.6,High,1,13.21
1378,2378,54,48,65,59,51.0,Low,0,0.0
1379,2379,54,46,65,59,51.2,Low,0,0.0
1380,2380,77,61,73,75,68.5,Medium,1,4.88
1381,2381,96,65,80,88,73.7,Medium,1,9.3
1382,2382,54,47,66,60,50.3,Low,0,0.0
1383,2383,36,30,35,35,36.5,Low,0,0.0
1384,2384,90,72,98,94,70.2,Medium,1,7.48
1385,2385,79,58,80,79,61.3,Medium,0,0.0
1386,2386,100,55,86,93,51.7,Low,0,0.0
1387,2387,65,50,59,62,61.1,Medium,0,0.0
1388,2388,61,52,73,67,54.1,Low,0,0.0
1389,2389,78,47,71,74,47.9,Low,0,0.0
1390,2390,53,36,48,50,40.1,Low,0,0.0
1391,2391,69,52,73,71,52.7,Low,1,8.2
1392,2392,91,64,74,82,77.5,Medium,1,7.24
1393,2393,65,51,74,69,49.2,Low,0,0.0
1394,2394,99,71,100,99,71.7,Medium,1,5.22
1395,2395,71,41,78,74,42.5,Low,0,0.0
1396,2396,69,53,78,73,57.5,Low,0,0.0
1397,2397,89,75,90,89,77.5,Medium,1,17.12
1398,2398,50,35,56,53,40.7,Low,0,0.0
1399,2399,74,46,65,69,52.6,Low,0,0.0
1400,2400,66,48,50,58,56.0,Low,1,7.32
1401,2401,48,36,48,48,41.0,Low,0,0.0
1402,2402,63,50,73,68,49.5,Low,0,0.0
1403,2403,49,40,56,52,40.4,Low,0,0.0
1404,2404,70,48,69,69,53.3,Low,0,0.0
1405,2405,41,30,38,39,38.0,Low,0,0.0
1406,2406,68,51,84,76,46.1,Low,0,0.0
1407,2407,51,33,63,57,35.2,Low,0,0.0
1408,2408,42,32,44,43,36.7,Low,0,0.0
1409,2409,73,56,66,69,64.7,Medium,0,0.0
1410,2410,41,35,46,43,39.7,Low,0,0.0
1411,2411,71,36,72,71,38.6,Low,0,0.0
1412,2412,100,73,100,100,76.7,Medium,1,7.28
1413,2413,77,61,91,84,58.5,Low,0,0.0
1414,2414,84,54,81,82,53.5,Low,1,15.41
1415,2415,62,46,61,61,49.3,Low,0,0.0
1416,2416,53,35,52,52,43.6,Low,0,0.0
1417,2417,41,30,36,38,39.0,Low,0,0.0
1418,2418,60,45,48,54,55.4,Low,0,0.0
1419,2419,82,68,90,86,66.5,Medium,0,0.0
1420,2420,41,33,48,44,39.2,Low,0,0.0
1421,2421,74,45,73,73,49.8,Low,0,0.0
1422,2422,94,62,83,88,63.1,Medium,1,16.39
1423,2423,90,64,86,88,65.6,Medium,1,5.91
1424,2424,96,76,97,96,77.7,Medium,1,16.49
1425,2425,79,75,84,81,77.2,Medium,1,8.24
1426,2426,94,63,80,87,73.1,Medium,0,0.0
1427,2427,71,47,61,66,50.3,Low,0,0.0
1428,2428,59,45,58,58,46.6,Low,0,0.0
1429,2429,93,59,82,87,60.6,Medium,1,13.87
1430,2430,68,44,61,64,57.5,Low,0,0.0
1431,2431,85,77,99,92,70.5,Medium,1,12.14
1432,2432,71,45,77,74,45.3,Low,0,0.0
1433,2433,75,61,80,77,58.6,Low,1,8.84
1434,2434,67,37,53,60,48.8,Low,0,0.0
1435,2435,90,64,79,84,71.3,Medium,1,7.8
1436,2436,56,47,70,63,45.8,Low,0,0.0
1437,2437,75,67,70,72,75.8,Medium,1,10.09
1438,2438,57,56,71,64,58.9,Low,0,0.0
1439,2439,64,49,70,67,47.0,Low,0,0.0
1440,2440,63,45,62,62,52.6,Low,0,0.0
1441,2441,92,78,100,96,75.3,Medium,1,12.62
1442,2442,86,52,76,81,58.9,Low,1,17.79
1443,2443,53,38,67,60,43.1,Low,0,0.0
1444,2444,71,63,77,74,66.0,Medium,1,12.98
1445,2445,100,69,97,98,70.3,Medium,1,15.6
1446,2446,34,31,44,39,36.9,Low,0,0.0
1447,2447,88,53,75,81,60.0,Medium,0,0.0
1448,2448,74,57,86,80,57.5,Low,0,0.0
1449,2449,78,72,92,85,67.1,Medium,1,9.2
1450,2450,36,30,35,35,34.4,Low,0,0.0
1451,2451,51,32,61,56,37.7,Low,0,0.0
1452,2452,89,63,81,85,71.5,Medium,1,17.97
1453,2453,64,37,43,53,46.3,Low,0,0.0
1454,2454,44,30,41,42,36.6,Low,0,0.0
1455,2455,43,38,48,45,46.6,Low,0,0.0
1456,2456,66,45,62,64,51.5,Low,0,0.0
1457,2457,77,51,74,75,52.0,Low,0,0.0
1458,2458,81,72,89,85,71.6,Medium,1,15.22
1459,2459,74,48,74,74,51.7,Low,0,0.0
1460,2460,88,63,76,82,68.5,Medium,1,12.05
1461,2461,80,46,79,79,48.0,Low,0,0.0
1462,2462,38,36,45,41,41.8,Low,0,0.0
1463,2463,76,78,100,88,76.8,Medium,1,13.52
1464,2464,74,60,79,76,60.0,Medium,0,0.0
1465,2465,68,57,72,70,55.4,Low,0,0.0
1466,2466,81,60,78,79,56.0,Low,0,0.0
1467,2467,95,63,88,91,59.7,Low,0,0.0
1468,2468,67,42,60,63,42.4,Low,0,0.0
1469,2469,82,59,76,79,62.7,Medium,0,0.0
1470,2470,79,60,75,77,67.7,Medium,1,5.57
1471,2471,59,46,64,61,46.9,Low,0,0.0
1472,2472,82,73,100,91,73.2,Medium,1,6.4
1473,2473,77,49,75,76,46.2,Low,0,0.0
1474,2474,68,49,70,69,48.6,Low,0,0.0
1475,2475,100,77,98,99,77.0,Medium,1,13.98
1476,2476,96,74,88,92,76.2,Medium,1,12.33
1477,2477,61,42,67,64,46.5,Low,0,0.0
1478,2478,78,52,76,77,49.9,Low,0,0.0
1479,2479,100,80,100,100,81.5,High,1,8.81
1480,2480,57,49,75,66,48.6,Low,0,0.0
1481,2481,71,64,78,74,69.0,Medium,1,10.45
1482,2482,95,56,95,95,56.0,Low,0,0.0
1483,2483,76,51,70,73,52.5,Low,0,0.0
1484,2484,83,69,87,85,66.5,Medium,1,13.84
1485,2485,65,63,80,72,64.8,Medium,0,0.0
1486,2486,84,44,74,79,47.4,Low,0,0.0
1487,2487,100,78,100,100,73.9,Medium,1,5.46
1488,2488,75,49,74,74,48.6,Low,0,0.0
1489,2489,78,63,85,81,65.4,Medium,0,0.0
1490,2490,58,52,58,58,61.0,Medium,0,0.0
1491,2491,73,53,74,73,56.1,Low,1,17.61
1492,2492,81,77,84,82,82.2,High,1,16.22
1493,2493,76,42,67,71,44.1,Low,0,0.0
1494,2494,62,49,67,64,51.5,Low,0,0.0
1495,2495,53,46,60,56,45.1,Low,0,0.0
1496,2496,62,46,64,63,47.8,Low,0,0.0
1497,2497,100,80,100,100,80.5,High,1,11.72
1498,2498,74,59,77,75,58.1,Low,0,0.0
1499,2499,66,44,70,68,42.5,Low,0,0.0
1500,2500,58,45,72,65,41.6,Low,0,0.0
1501,2501,83,73,100,91,75.3,Medium,1,17.3
1502,2502,77,58,81,79,63.3,Medium,1,5.74
1503,2503,75,61,76,75,70.5,Medium,1,13.88
1504,2504,74,54,73,73,60.0,Medium,1,12.09
1505,2505,83,70,86,84,75.3,Medium,1,7.18
1506,2506,64,57,73,68,57.5,Low,0,0.0
1507,2507,75,46,79,77,51.5,Low,0,0.0
1508,2508,38,30,37,37,34.5,Low,0,0.0
1509,2509,52,40,52,52,40.2,Low,0,0.0
1510,2510,70,58,64,67,62.7,Medium,1,4.23
1511,2511,85,54,76,80,54.9,Low,0,0.0
1512,2512,78,60,74,76,66.6,Medium,1,5.54
1513,2513,77,45,62,69,53.2,Low,0,0.0
1514,2514,56,32,43,49,39.2,Low,0,0.0
1515,2515,75,62,83,79,61.2,Medium,0,0.0
1516,2516,70,46,79,74,45.4,Low,0,0.0
1517,2517,64,54,71,67,55.5,Low,0,0.0
1518,2518,86,52,73,79,51.9,Low,0,0.0
1519,2519,84,66,77,80,72.2,Medium,1,16.13
1520,2520,76,65,76,76,73.6,Medium,1,15.22
1521,2521,76,66,82,79,65.8,Medium,0,0.0
1522,2522,53,39,50,51,45.3,Low,0,0.0
1523,2523,57,59,72,64,64.5,Medium,1,12.64
1524,2524,79,54,66,72,59.0,Low,1,13.5
1525,2525,100,70,95,97,71.6,Medium,1,17.88
1526,2526,100,57,79,89,63.5,Medium,0,0.0
1527,2527,34,30,46,40,42.3,Low,0,0.0
1528,2528,85,68,80,82,71.6,Medium,1,12.28
1529,2529,68,60,78,73,62.5,Medium,1,16.95
1530,2530,59,57,64,61,60.0,Medium,0,0.0
1531,2531,82,53,93,87,49.4,Low,0,0.0
1532,2532,73,46,65,69,52.5,Low,0,0.0
1533,2533,30,30,50,40,31.8,Low,0,0.0
1534,2534,66,60,57,61,70.9,Medium,1,17.48
1535,2535,49,30,49,49,38.1,Low,0,0.0
1536,2536,41,30,39,40,34.4,Low,0,0.0
1537,2537,81,78,92,86,82.5,High,1,8.93
1538,2538,61,53,74,67,53.8,Low,0,0.0
1539,2539,99,68,95,97,67.7,Medium,0,0.0
1540,2540,47,30,46,46,34.3,Low,0,0.0
1541,2541,78,73,77,77,75.2,Medium,1,11.78
1542,2542,60,41,62,61,41.3,Low,0,0.0
1543,2543,77,51,67,72,59.2,Low,1,11.9
1544,2544,82,57,73,77,58.0,Low,0,0.0
1545,2545,81,73,87,84,75.1,Medium,1,17.58
1546,2546,73,65,78,75,65.5,Medium,1,10.23
1547,2547,51,54,70,60,60.0,Medium,1,13.95
1548,2548,100,80,100,100,80.3,High,1,5.64
1549,2549,99,64,78,88,72.6,Medium,1,13.71
1550,2550,91,71,82,86,75.6,Medium,1,17.74
1551,2551,71,55,83,77,55.6,Low,0,0.0
1552,2552,78,49,71,74,54.2,Low,0,0.0
1553,2553,98,69,89,93,75.8,Medium,0,0.0
1554,2554,86,64,87,86,63.2,Medium,0,0.0
1555,2555,75,54,72,73,59.4,Low,0,0.0
1556,2556,47,38,63,55,41.9,Low,0,0.0
1557,2557,91,64,97,94,63.2,Medium,1,16.87
1558,2558,71,43,72,71,43.6,Low,0,0.0
1559,2559,55,36,58,56,45.3,Low,0,0.0
1560,2560,74,58,74,74,62.0,Medium,0,0.0
1561,2561,39,33,53,46,39.0,Low,0,0.0
1562,2562,67,37,43,55,50.0,Low,0,0.0
1563,2563,58,47,62,60,53.0,Low,0,0.0
1564,2564,100,71,92,96,73.4,Medium,1,9.7
1565,2565,60,52,69,64,56.9,Low,1,11.81
1566,2566,98,71,82,90,71.9,Medium,1,5.49
1567,2567,63,42,61,62,45.7,Low,0,0.0
1568,2568,55,38,58,56,48.0,Low,0,0.0
1569,2569,100,75,91,95,74.4,Medium,1,10.3
1570,2570,76,48,64,70,56.5,Low,0,0.0
1571,2571,70,46,64,67,49.7,Low,0,0.0
1572,2572,86,62,74,80,72.5,Medium,1,14.07
1573,2573,98,61,94,96,58.7,Low,0,0.0
1574,2574,38,30,35,36,32.2,Low,0,0.0
1575,2575,93,68,90,91,68.5,Medium,1,8.26
1576,2576,80,66,83,81,69.5,Medium,1,11.4
1577,2577,85,83,96,90,83.2,High,1,15.11
1578,2578,97,82,99,98,78.6,Medium,1,17.49
1579,2579,60,46,74,67,49.9,Low,0,0.0
1580,2580,78,59,77,77,64.1,Medium,1,15.03
1581,2581,65,41,55,60,44.6,Low,0,0.0
1582,2582,74,73,86,80,69.8,Medium,0,0.0
1583,2583,78,53,74,76,60.4,Medium,0,0.0
1584,2584,72,56,84,78,56.0,Low,0,0.0
1585,2585,50,38,54,52,45.9,Low,0,0.0
1586,2586,65,59,59,62,70.3,Medium,1,11.93
1587,2587,53,35,46,49,44.6,Low,0,0.0
1588,2588,35,30,35,35,30.1,Low,0,0.0
1589,2589,91,71,97,94,72.0,Medium,1,6.46
1590,2590,56,36,54,55,42.6,Low,0,0.0
1591,2591,90,68,87,88,69.7,Medium,0,0.0
1592,2592,77,66,86,81,72.0,Medium,1,10.97
1593,2593,80,74,93,86,75.2,Medium,1,11.5
1594,2594,60,40,67,63,46.5,Low,0,0.0
1595,2595,65,35,57,61,41.0,Low,0,0.0
1596,2596,57,50,59,58,55.2,Low,0,0.0
1597,2597,58,48,64,61,49.0,Low,0,0.0
1598,2598,64,50,68,66,57.5,Low,1,9.79
1599,2599,61,43,55,58,44.5,Low,0,0.0
1600,2600,77,58,70,73,59.6,Low,1,17.79
1601,2601,56,32,50,53,41.3,Low,0,0.0
1602,2602,65,32,65,65,36.3,Low,0,0.0
1603,2603,61,30,50,55,36.2,Low,0,0.0
1604,2604,53,35,42,47,40.0,Low,0,0.0
1605,2605,78,64,72,75,72.1,Medium,1,13.22
1606,2606,67,44,64,65,44.1,Low,0,0.0
1607,2607,93,81,96,94,78.5,Medium,1,4.82
1608,2608,91,84,98,94,81.1,High,1,5.65
1609,2609,100,75,100,100,77.8,Medium,1,16.09
1610,2610,70,70,81,75,70.5,Medium,1,14.12
1611,2611,92,80,100,96,76.2,Medium,1,13.58
1612,2612,41,45,59,50,49.7,Low,0,0.0
1613,2613,88,72,84,86,69.6,Medium,0,0.0
1614,2614,76,43,73,74,44.5,Low,0,0.0
1615,2615,58,39,43,50,54.3,Low,0,0.0
1616,2616,80,60,79,79,64.4,Medium,0,0.0
1617,2617,86,62,79,82,68.9,Medium,1,6.95
1618,2618,80,49,75,77,48.6,Low,0,0.0
1619,2619,58,42,57,57,42.7,Low,0,0.0
1620,2620,76,67,79,77,67.9,Medium,0,0.0
1621,2621,99,77,84,91,82.4,High,1,10.83
1622,2622,89,71,83,86,75.5,Medium,1,8.37
1623,2623,100,83,100,100,84.1,High,1,17.14
1624,2624,82,62,83,82,63.9,Medium,0,0.0
1625,2625,80,64,82,81,69.9,Medium,1,4.65
1626,2626,84,70,91,87,70.0,Medium,1,17.23
1627,2627,45,36,48,46,42.3,Low,0,0.0
1628,2628,79,63,85,82,66.4,Medium,1,15.46
1629,2629,84,51,85,84,56.2,Low,1,10.37
1630,2630,83,57,78,80,62.9,Medium,1,4.7
1631,2631,90,56,71,80,64.7,Medium,1,4.09
1632,2632,90,64,100,95,59.5,Low,1,5.72
1633,2633,78,58,80,79,57.6,Low,1,17.22
1634,2634,80,71,83,81,75.1,Medium,1,14.86
1635,2635,81,57,68,74,57.1,Low,0,0.0
1636,2636,74,42,70,72,46.5,Low,0,0.0
1637,2637,76,53,78,77,55.9,Low,0,0.0
1638,2638,53,37,57,55,42.7,Low,0,0.0
1639,2639,57,58,71,64,63.3,Medium,1,10.06
1640,2640,52,34,60,56,38.7,Low,0,0.0
1641,2641,89,68,77,83,73.7,Medium,1,14.86
1642,2642,95,76,86,90,81.2,High,1,8.23
1643,2643,85,72,88,86,77.5,Medium,1,7.57
1644,2644,86,61,81,83,67.0,Medium,1,15.87
1645,2645,88,64,82,85,67.3,Medium,1,17.12
1646,2646,67,46,64,65,49.0,Low,0,0.0
1647,2647,69,49,77,73,52.8,Low,0,0.0
1648,2648,71,56,71,71,55.9,Low,1,4.81
1649,2649,81,75,81,81,78.9,Medium,1,4.71
1650,2650,49,46,41,45,59.7,Low,0,0.0
1651,2651,100,69,97,98,68.9,Medium,0,0.0
1652,2652,74,44,75,74,48.0,Low,0,0.0
1653,2653,100,87,100,100,85.1,High,1,17.41
1654,2654,92,57,83,87,56.8,Low,0,0.0
1655,2655,84,63,85,84,62.0,Medium,0,0.0
1656,2656,46,40,53,49,50.7,Low,0,0.0
1657,2657,67,57,83,75,62.0,Medium,0,0.0
1658,2658,48,37,51,49,45.1,Low,0,0.0
1659,2659,76,61,76,76,62.9,Medium,1,7.35
1660,2660,47,32,47,47,40.6,Low,0,0.0
1661,2661,67,44,61,64,47.5,Low,0,0.0
1662,2662,51,35,53,52,44.9,Low,0,0.0
1663,2663,76,46,71,73,49.0,Low,0,0.0
1664,2664,66,43,68,67,42.4,Low,0,0.0
1665,2665,77,62,83,80,59.2,Low,0,0.0
1666,2666,76,61,71,73,62.6,Medium,0,0.0
1667,2667,55,30,44,49,34.5,Low,0,0.0
1668,2668,82,63,81,81,67.0,Medium,0,0.0
1669,2669,44,30,37,40,32.9,Low,0,0.0
1670,2670,69,67,82,75,64.0,Medium,0,0.0
1671,2671,64,44,70,67,41.4,Low,0,0.0
1672,2672,66,37,60,63,42.4,Low,0,0.0
1673,2673,100,73,91,95,78.1,Medium,1,17.51
1674,2674,95,66,80,87,65.6,Medium,1,12.44
1675,2675,87,58,75,81,66.2,Medium,0,0.0
1676,2676,78,73,82,80,74.5,Medium,1,12.43
1677,2677,87,65,70,78,70.1,Medium,0,0.0
1678,2678,88,76,87,87,76.8,Medium,1,15.95
1679,2679,75,60,74,74,68.4,Medium,1,6.83
1680,2680,97,75,100,98,73.8,Medium,1,9.84
1681,2681,48,43,59,53,46.8,Low,0,0.0
1682,2682,64,67,89,76,66.8,Medium,0,0.0
1683,2683,44,32,60,52,38.7,Low,0,0.0
1684,2684,84,66,86,85,72.4,Medium,1,16.75
1685,2685,68,49,71,69,50.4,Low,0,0.0
1686,2686,51,40,52,51,48.3,Low,0,0.0
1687,2687,76,51,75,75,51.0,Low,1,8.39
1688,2688,80,61,80,80,64.9,Medium,1,12.8
1689,2689,78,63,80,79,65.5,Medium,0,0.0
1690,2690,100,84,99,99,84.3,High,1,7.16
1691,2691,61,66,58,59,73.2,Medium,1,5.33
1692,2692,52,30,46,49,37.9,Low,0,0.0
1693,2693,94,70,80,87,71.6,Medium,1,9.88
1694,2694,72,54,76,74,60.3,Medium,0,0.0
1695,2695,83,73,91,87,74.9,Medium,1,8.74
1696,2696,79,64,82,80,60.7,Medium,0,0.0
1697,2697,72,45,59,65,54.7,Low,0,0.0
1698,2698,93,70,98,95,67.4,Medium,1,13.91
1699,2699,74,48,68,71,48.9,Low,0,0.0
1700,2700,74,65,75,74,75.5,Medium,1,5.49
1701,2701,85,75,90,87,77.3,Medium,1,16.16
1702,2702,100,84,99,99,84.5,High,1,16.15
1703,2703,58,35,57,57,40.4,Low,0,0.0
1704,2704,89,64,86,87,69.4,Medium,1,5.9
1705,2705,77,60,79,78,63.6,Medium,0,0.0
1706,2706,66,37,67,66,39.6,Low,0,0.0
1707,2707,56,46,59,57,49.2,Low,0,0.0
1708,2708,78,50,78,78,54.6,Low,0,0.0
1709,2709,94,76,97,95,72.0,Medium,1,10.61
1710,2710,57,35,67,62,39.0,Low,0,0.0
1711,2711,78,53,82,80,47.5,Low,0,0.0
1712,2712,90,77,99,94,77.2,Medium,1,9.43
1713,2713,92,70,85,88,70.4,Medium,0,0.0
1714,2714,72,48,73,72,46.0,Low,0,0.0
1715,2715,84,58,74,79,64.6,Medium,1,9.31
1716,2716,83,58,77,80,63.2,Medium,1,8.45
1717,2717,75,54,81,78,50.8,Low,0,0.0
1718,2718,83,57,76,79,61.6,Medium,1,10.75
1719,2719,90,73,90,90,72.8,Medium,1,9.88
1720,2720,75,59,73,74,61.3,Medium,0,0.0
1721,2721,100,79,99,99,77.2,Medium,1,4.76
1722,2722,66,54,80,73,55.1,Low,0,0.0
1723,2723,63,49,81,72,53.2,Low,0,0.0
1724,2724,100,85,100,100,82.1,High,1,8.18
1725,2725,32,32,46,39,36.9,Low,0,0.0
1726,2726,95,85,100,97,83.7,High,1,5.96
1727,2727,62,50,62,62,52.8,Low,0,0.0
1728,2728,84,62,89,86,66.9,Medium,1,12.33
1729,2729,81,64,73,77,67.2,Medium,1,8.17
1730,2730,37,38,58,47,45.8,Low,0,0.0
1731,2731,68,55,75,71,57.7,Low,0,0.0
1732,2732,90,80,100,95,78.3,Medium,1,4.45
1733,2733,83,77,95,89,79.9,Medium,1,4.73
1734,2734,93,72,85,89,74.8,Medium,1,15.42
1735,2735,78,57,77,77,59.1,Low,0,0.0
1736,2736,73,59,72,72,61.9,Medium,0,0.0
1737,2737,95,82,94,94,80.6,High,1,7.55
1738,2738,57,30,46,51,38.6,Low,0,0.0
1739,2739,81,62,93,87,65.7,Medium,1,7.22
1740,2740,79,74,89,84,74.0,Medium,1,7.12
1741,2741,72,60,70,71,65.5,Medium,1,4.75
1742,2742,94,58,88,91,56.6,Low,0,0.0
1743,2743,85,54,80,82,57.1,Low,0,0.0
1744,2744,73,61,81,77,61.6,Medium,1,8.15
1745,2745,67,41,68,67,46.2,Low,0,0.0
1746,2746,54,31,44,49,36.0,Low,0,0.0
1747,2747,66,53,78,72,53.9,Low,0,0.0
1748,2748,47,46,60,53,46.8,Low,0,0.0
1749,2749,46,39,51,48,45.9,Low,0,0.0
1750,2750,90,76,97,93,72.7,Medium,1,14.55
1751,2751,64,43,59,61,48.3,Low,0,0.0
1752,2752,100,85,100,100,80.2,High,1,8.6
1753,2753,64,35,52,58,39.8,Low,0,0.0
1754,2754,57,43,58,57,47.8,Low,0,0.0
1755,2755,76,64,87,81,68.9,Medium,1,8.63
1756,2756,56,62,69,62,62.8,Medium,0,0.0
1757,2757,81,49,67,74,50.9,Low,0,0.0
1758,2758,43,39,46,44,48.6,Low,0,0.0
1759,2759,84,59,82,83,61.2,Medium,0,0.0
1760,2760,63,57,62,62,62.4,Medium,0,0.0
1761,2761,83,58,71,77,66.2,Medium,0,0.0
1762,2762,81,68,81,81,77.3,Medium,1,8.92
1763,2763,76,69,72,74,72.9,Medium,1,13.7
1764,2764,53,33,48,50,40.6,Low,0,0.0
1765,2765,74,54,72,73,62.1,Medium,0,0.0
1766,2766,99,69,97,98,68.6,Medium,0,0.0
1767,2767,64,41,65,64,44.7,Low,0,0.0
1768,2768,64,60,83,73,53.0,Low,0,0.0
1769,2769,83,80,96,89,81.3,High,1,11.52
1770,2770,64,42,67,65,47.5,Low,0,0.0
1771,2771,74,46,74,74,42.0,Low,0,0.0
1772,2772,48,39,64,56,45.6,Low,0,0.0
1773,2773,92,74,93,92,76.3,Medium,1,8.22
1774,2774,85,61,80,82,64.7,Medium,1,11.0
1775,2775,100,80,100,100,78.4,Medium,1,7.59
1776,2776,89,58,89,89,59.1,Low,0,0.0
1777,2777,100,76,97,98,77.4,Medium,1,11.49
1778,2778,45,44,57,51,51.7,Low,0,0.0
1779,2779,74,61,80,77,61.7,Medium,1,9.98
1780,2780,66,51,64,65,54.0,Low,1,13.32
1781,2781,53,39,60,56,40.3,Low,0,0.0
1782,2782,68,54,71,69,54.1,Low,0,0.0
1783,2783,83,61,91,87,56.4,Low,0,0.0
1784,2784,67,46,55,61,54.1,Low,0,0.0
1785,2785,87,77,95,91,75.6,Medium,1,10.82
1786,2786,75,80,100,87,77.3,Medium,0,0.0
1787,2787,41,38,45,43,47.5,Low,0,0.0
1788,2788,90,75,91,90,80.1,High,1,10.72
1789,2789,88,68,94,91,68.2,Medium,1,9.18
1790,2790,97,67,81,89,78.3,Medium,1,15.8
1791,2791,74,47,72,73,50.6,Low,0,0.0
1792,2792,80,62,87,83,58.5,Low,0,0.0
1793,2793,91,78,86,88,80.0,High,1,6.64
1794,2794,85,80,91,88,81.7,High,1,11.09
1795,2795,50,49,57,53,52.1,Low,0,0.0
1796,2796,90,74,92,91,69.6,Medium,0,0.0
1797,2797,77,53,75,76,60.2,Medium,1,6.55
1798,2798,81,62,78,79,66.2,Medium,0,0.0
1799,2799,49,30,44,46,36.4,Low,0,0.0
1800,2800,81,76,82,81,78.9,Medium,1,15.13
1801,2801,98,78,100,99,75.3,Medium,1,15.1
1802,2802,96,79,88,92,80.0,High,1,9.03
1803,2803,84,69,83,83,72.9,Medium,1,16.42
1804,2804,68,47,66,67,53.7,Low,0,0.0
1805,2805,56,43,59,57,49.8,Low,0,0.0
1806,2806,75,47,73,74,53.0,Low,0,0.0
1807,2807,70,43,69,69,42.9,Low,0,0.0
1808,2808,69,51,74,71,53.5,Low,0,0.0
1809,2809,93,75,100,96,73.2,Medium,1,10.39
1810,2810,89,51,84,86,50.4,Low,0,0.0
1811,2811,53,30,46,49,38.8,Low,0,0.0
1812,2812,71,41,75,73,42.6,Low,0,0.0
1813,2813,93,57,73,83,61.4,Medium,1,12.9
1814,2814,90,68,87,88,72.4,Medium,1,16.18
1815,2815,71,66,87,79,68.9,Medium,1,11.76
1816,2816,97,66,100,98,66.8,Medium,0,0.0
1817,2817,86,74,92,89,70.6,Medium,1,12.41
1818,2818,65,55,74,69,58.8,Low,0,0.0
1819,2819,78,51,75,76,52.5,Low,0,0.0
1820,2820,87,70,81,84,70.4,Medium,1,15.18
1821,2821,36,35,42,39,36.1,Low,0,0.0
1822,2822,86,56,70,78,53.2,Low,0,0.0
1823,2823,91,60,89,90,65.6,Medium,1,11.26
1824,2824,81,46,74,77,52.0,Low,0,0.0
1825,2825,65,46,65,65,46.3,Low,0,0.0
1826,2826,72,57,73,72,64.8,Medium,0,0.0
1827,2827,54,42,60,57,46.0,Low,0,0.0
1828,2828,54,38,58,56,45.4,Low,0,0.0
1829,2829,65,53,68,66,57.2,Low,0,0.0
1830,2830,85,54,77,81,59.9,Low,0,0.0
1831,2831,70,56,53,61,67.7,Medium,0,0.0
1832,2832,69,51,65,67,49.1,Low,0,0.0
1833,2833,62,44,54,58,48.4,Low,0,0.0
1834,2834,60,57,72,66,53.8,Low,0,0.0
1835,2835,84,64,76,80,64.3,Medium,0,0.0
1836,2836,81,58,70,75,61.3,Medium,0,0.0
1837,2837,88,76,96,92,74.1,Medium,1,9.53
1838,2838,93,72,94,93,71.0,Medium,1,8.96
1839,2839,84,50,83,83,49.4,Low,0,0.0
1840,2840,53,39,51,52,43.0,Low,0,0.0
1841,2841,98,78,97,97,80.5,High,0,0.0
1842,2842,65,53,61,63,55.9,Low,0,0.0
1843,2843,75,63,80,77,62.5,Medium,0,0.0
1844,2844,64,51,84,74,49.5,Low,0,0.0
1845,2845,85,60,78,81,59.8,Low,0,0.0
1846,2846,66,50,58,62,56.4,Low,0,0.0
1847,2847,45,35,52,48,36.7,Low,0,0.0
1848,2848,71,51,70,70,55.1,Low,0,0.0
1849,2849,46,48,68,57,46.5,Low,0,0.0
1850,2850,91,82,95,93,81.9,High,1,16.96
1851,2851,88,65,74,81,64.5,Medium,0,0.0
1852,2852,57,53,61,59,57.9,Low,0,0.0
1853,2853,93,69,79,86,69.2,Medium,1,8.7
1854,2854,66,59,66,66,65.2,Medium,0,0.0
1855,2855,65,45,54,59,58.0,Low,0,0.0
1856,2856,52,41,55,53,47.2,Low,0,0.0
1857,2857,63,51,74,68,50.2,Low,0,0.0
1858,2858,89,59,87,88,58.5,Low,1,17.4
1859,2859,53,33,57,55,37.6,Low,0,0.0
1860,2860,100,85,100,100,83.0,High,1,7.0
1861,2861,63,42,60,61,41.5,Low,0,0.0
1862,2862,67,43,68,67,52.1,Low,0,0.0
1863,2863,96,80,90,93,79.9,Medium,1,9.19
1864,2864,60,39,50,55,50.1,Low,0,0.0
1865,2865,73,65,81,77,73.9,Medium,1,16.18
1866,2866,44,37,60,52,40.0,Low,0,0.0
1867,2867,100,73,100,100,74.0,Medium,1,9.22
1868,2868,95,68,91,93,66.6,Medium,1,7.06
1869,2869,100,67,84,92,72.6,Medium,1,15.94
1870,2870,63,45,62,62,46.4,Low,0,0.0
1871,2871,57,45,54,55,52.5,Low,0,0.0
1872,2872,80,65,85,82,63.4,Medium,0,0.0
1873,2873,72,72,93,82,74.2,Medium,1,14.0
1874,2874,78,59,77,77,60.2,Medium,0,0.0
1875,2875,68,45,63,65,45.9,Low,0,0.0
1876,2876,100,70,95,97,67.4,Medium,0,0.0
1877,2877,63,37,56,59,43.1,Low,0,0.0
1878,2878,82,59,87,84,58.4,Low,1,11.98
1879,2879,79,65,78,78,67.1,Medium,1,16.98
1880,2880,52,40,53,52,45.0,Low,0,0.0
1881,2881,59,50,72,65,51.7,Low,0,0.0
1882,2882,47,37,57,52,43.8,Low,0,0.0
1883,2883,100,79,99,99,79.6,Medium,1,10.56
1884,2884,80,76,82,81,76.0,Medium,1,13.72
1885,2885,67,60,65,66,67.5,Medium,1,5.29
1886,2886,73,60,74,73,58.5,Low,0,0.0
1887,2887,67,50,68,67,51.1,Low,0,0.0
1888,2888,54,37,60,57,42.1,Low,0,0.0
1889,2889,82,60,79,80,61.9,Medium,1,6.27
1890,2890,75,51,75,75,51.8,Low,0,0.0
1891,2891,68,44,57,62,52.6,Low,0,0.0
1892,2892,60,52,63,61,58.1,Low,0,0.0
1893,2893,47,41,45,46,52.1,Low,0,0.0
1894,2894,75,63,70,72,68.0,Medium,1,8.09
1895,2895,74,52,72,73,61.5,Medium,0,0.0
1896,2896,85,64,68,76,66.7,Medium,1,4.79
1897,2897,84,67,92,88,69.9,Medium,1,17.08
1898,2898,92,76,97,94,76.1,Medium,1,4.24
1899,2899,49,30,49,49,35.1,Low,0,0.0
1900,2900,82,67,83,82,66.8,Medium,0,0.0
1901,2901,69,54,72,70,56.0,Low,0,0.0
1902,2902,85,74,89,87,75.4,Medium,1,16.98
1903,2903,49,30,44,46,39.4,Low,0,0.0
1904,2904,77,67,84,80,72.1,Medium,1,8.58
1905,2905,92,64,100,96,63.5,Medium,0,0.0
1906,2906,94,53,74,84,59.7,Low,0,0.0
1907,2907,87,71,96,91,74.4,Medium,1,4.98
1908,2908,94,67,84,89,72.6,Medium,1,11.75
1909,2909,92,76,83,87,79.3,Medium,1,7.81
1910,2910,84,61,81,82,64.0,Medium,0,0.0
1911,2911,82,55,73,77,60.1,Medium,0,0.0
1912,2912,60,69,73,66,75.2,Medium,1,10.42
1913,2913,90,73,91,90,73.0,Medium,1,12.1
1914,2914,94,75,91,92,80.2,High,1,5.32
1915,2915,82,71,86,84,71.7,Medium,1,8.55
1916,2916,66,41,64,65,44.5,Low,0,0.0
1917,2917,67,49,67,67,52.8,Low,0,0.0
1918,2918,88,85,100,94,79.9,Medium,1,10.45
1919,2919,82,71,96,89,75.6,Medium,1,15.67
1920,2920,99,74,92,95,71.5,Medium,1,11.81
1921,2921,67,41,50,58,51.2,Low,0,0.0
1922,2922,78,43,69,73,51.7,Low,0,0.0
1923,2923,67,47,81,74,44.2,Low,0,0.0
1924,2924,79,64,86,82,60.4,Medium,0,0.0
1925,2925,61,43,59,60,52.2,Low,0,0.0
1926,2926,92,64,83,87,71.2,Medium,1,9.14
1927,2927,56,33,43,49,41.9,Low,0,0.0
1928,2928,85,57,82,83,50.2,Low,0,0.0
1929,2929,89,70,95,92,67.4,Medium,1,9.76
1930,2930,78,44,75,76,48.2,Low,0,0.0
1931,2931,85,56,71,78,58.7,Low,1,4.35
1932,2932,80,53,65,72,58.3,Low,0,0.0
1933,2933,61,55,72,66,52.9,Low,0,0.0
1934,2934,89,73,100,94,65.7,Medium,0,0.0
1935,2935,82,48,65,73,61.6,Medium,0,0.0
1936,2936,76,49,67,71,53.8,Low,0,0.0
1937,2937,43,30,47,45,35.1,Low,0,0.0
1938,2938,71,59,68,69,67.0,Medium,1,11.54
1939,2939,90,60,93,91,59.1,Low,1,11.19
1940,2940,78,55,73,75,55.0,Low,0,0.0
1941,2941,79,73,96,87,68.5,Medium,1,11.87
1942,2942,67,38,63,65,41.5,Low,0,0.0
1943,2943,66,53,64,65,53.1,Low,0,0.0
1944,2944,77,60,78,77,61.4,Medium,0,0.0
1945,2945,91,58,80,85,60.1,Medium,1,4.55
1946,2946,81,53,64,72,55.5,Low,1,7.21
1947,2947,87,62,79,83,63.3,Medium,0,0.0
1948,2948,72,44,70,71,49.3,Low,0,0.0
1949,2949,90,76,93,91,74.0,Medium,1,17.41
1950,2950,83,72,84,83,74.1,Medium,1,8.81
1951,2951,78,59,80,79,63.5,Medium,1,10.59
1952,2952,41,45,52,46,55.2,Low,1,14.42
1953,2953,76,60,79,77,64.8,Medium,1,12.1
1954,2954,68,49,71,69,49.5,Low,0,0.0
1955,2955,56,30,35,45,33.0,Low,0,0.0
1956,2956,89,75,81,85,76.7,Medium,1,8.81
1957,2957,100,72,85,92,74.1,Medium,1,14.54
1958,2958,73,71,72,72,77.8,Medium,1,12.28
1959,2959,83,45,82,82,44.6,Low,0,0.0
1960,2960,94,65,74,84,72.9,Medium,1,11.23
1961,2961,71,50,69,70,58.2,Low,0,0.0
1962,2962,78,62,82,80,63.3,Medium,0,0.0
1963,2963,73,65,85,79,70.7,Medium,1,14.7
1964,2964,69,50,69,69,47.2,Low,0,0.0
1965,2965,88,51,75,81,56.9,Low,0,0.0
1966,2966,61,65,71,66,72.5,Medium,0,0.0
1967,2967,57,42,67,62,44.7,Low,0,0.0
1968,2968,84,75,100,92,73.6,Medium,1,7.8
1969,2969,65,55,65,65,58.8,Low,0,0.0
1970,2970,68,36,54,61,43.3,Low,0,0.0
1971,2971,77,60,71,74,70.1,Medium,1,9.91
1972,2972,97,79,98,97,79.1,Medium,1,17.62
1973,2973,100,75,95,97,77.4,Medium,1,15.48
1974,2974,59,53,54,56,58.1,Low,0,0.0
1975,2975,88,49,71,79,59.2,Low,0,0.0
1976,2976,70,50,72,71,48.5,Low,0,0.0
1977,2977,62,49,61,61,51.8,Low,0,0.0
1978,2978,74,52,76,75,48.8,Low,0,0.0
1979,2979,92,69,89,90,74.6,Medium,1,5.04
1980,2980,63,48,69,66,56.1,Low,1,11.15
1981,2981,73,54,81,77,55.5,Low,0,0.0
1982,2982,48,34,45,46,40.5,Low,0,0.0
1983,2983,86,69,83,84,70.3,Medium,1,10.76
1984,2984,31,30,36,33,33.9,Low,0,0.0
1985,2985,71,45,66,68,45.2,Low,0,0.0
1986,2986,76,62,87,81,60.0,Medium,1,17.01
1987,2987,68,35,62,65,39.6,Low,0,0.0
1988,2988,68,36,58,63,41.8,Low,0,0.0
1989,2989,51,56,71,61,53.4,Low,0,0.0
1990,2990,84,77,80,82,80.9,High,1,13.43
1991,2991,61,40,72,66,40.9,Low,0,0.0
1992,2992,98,75,81,89,79.7,Medium,1,12.41
1993,2993,71,62,75,73,63.9,Medium,1,10.62
1994,2994,90,58,84,87,59.4,Low,0,0.0
1995,2995,79,58,81,80,61.1,Medium,0,0.0
1996,2996,69,43,72,70,41.5,Low,0,0.0
1997,2997,72,57,69,70,65.4,Medium,0,0.0
1998,2998,58,47,63,60,57.1,Low,0,0.0
1999,2999,73,54,76,74,58.1,Low,0,0.0
2000,3000,49,53,65,57,54.2,Low,0,0.0
2001,3001,40,43,54,47,47.4,Low,0,0.0
2002,3002,51,40,63,57,43.0,Low,0,0.0
2003,3003,80,66,90,85,65.4,Medium,0,0.0
2004,3004,100,80,100,100,83.3,High,1,17.12
2005,3005,66,53,78,72,50.8,Low,0,0.0
2006,3006,79,76,86,82,81.3,High,1,13.79
2007,3007,77,61,67,72,72.1,Medium,1,5.22
2008,3008,63,49,70,66,52.3,Low,0,0.0
2009,3009,56,37,56,56,38.8,Low,0,0.0
2010,3010,100,70,94,97,72.8,Medium,1,16.04
2011,3011,92,57,86,89,60.4,Medium,0,0.0
2012,3012,59,42,56,57,51.2,Low,0,0.0
2013,3013,56,31,59,57,33.6,Low,0,0.0
2014,3014,79,51,71,75,56.8,Low,0,0.0
2015,3015,100,74,85,92,73.5,Medium,0,0.0
2016,3016,66,36,59,62,45.0,Low,0,0.0
2017,3017,63,38,73,68,38.6,Low,0,0.0
2018,3018,97,66,81,89,68.2,Medium,0,0.0
2019,3019,93,62,89,91,65.5,Medium,0,0.0
2020,3020,99,64,83,91,66.9,Medium,1,7.99
2021,3021,54,39,65,59,44.8,Low,0,0.0
2022,3022,57,38,59,58,42.4,Low,0,0.0
2023,3023,48,36,49,48,44.9,Low,0,0.0
2024,3024,90,67,85,87,74.1,Medium,1,4.43
2025,3025,91,79,93,92,79.7,Medium,1,14.63
2026,3026,56,36,64,60,37.3,Low,0,0.0
2027,3027,77,70,90,83,72.8,Medium,1,13.44
2028,3028,95,80,100,97,82.9,High,1,5.32
2029,3029,54,55,75,64,61.1,Medium,1,6.71
2030,3030,70,59,76,73,60.0,Medium,0,0.0
2031,3031,43,44,70,56,47.1,Low,0,0.0
2032,3032,80,68,86,83,72.0,Medium,1,9.84
2033,3033,100,77,98,99,78.0,Medium,1,17.47
2034,3034,75,53,75,75,56.5,Low,0,0.0
2035,3035,59,43,48,53,49.8,Low,0,0.0
2036,3036,57,42,42,49,44.2,Low,0,0.0
2037,3037,78,58,85,81,59.5,Low,0,0.0
2038,3038,64,44,50,57,48.7,Low,0,0.0
2039,3039,69,46,68,68,45.4,Low,0,0.0
2040,3040,67,63,84,75,65.2,Medium,0,0.0
2041,3041,37,30,35,36,36.7,Low,0,0.0
2042,3042,87,76,97,92,73.2,Medium,0,0.0
2043,3043,87,69,92,89,71.7,Medium,0,0.0
2044,3044,84,67,74,79,72.0,Medium,1,15.06
2045,3045,66,39,57,61,46.8,Low,0,0.0
2046,3046,81,65,84,82,63.8,Medium,0,0.0
2047,3047,100,68,85,92,67.4,Medium,0,0.0
2048,3048,70,61,81,75,64.0,Medium,1,5.56
2049,3049,63,58,71,67,60.6,Medium,0,0.0
2050,3050,56,54,63,59,55.6,Low,0,0.0
2051,3051,71,45,68,69,50.5,Low,0,0.0
2052,3052,58,34,41,49,40.0,Low,0,0.0
2053,3053,83,51,75,79,54.7,Low,1,9.12
2054,3054,70,45,63,66,49.5,Low,0,0.0
2055,3055,67,42,67,67,47.5,Low,0,0.0
2056,3056,69,61,77,73,67.0,Medium,0,0.0
2057,3057,76,47,77,76,43.3,Low,0,0.0
2058,3058,46,34,45,45,38.4,Low,0,0.0
2059,3059,82,69,79,80,70.4,Medium,1,15.3
2060,3060,69,44,66,67,45.5,Low,0,0.0
2061,3061,38,30,40,39,35.1,Low,0,0.0
2062,3062,45,32,47,46,44.6,Low,0,0.0
2063,3063,100,69,93,96,66.9,Medium,1,13.48
2064,3064,58,66,72,65,69.3,Medium,0,0.0
2065,3065,67,48,64,65,49.3,Low,0,0.0
2066,3066,95,74,89,92,76.6,Medium,1,16.72
2067,3067,62,39,55,58,40.9,Low,0,0.0
2068,3068,87,54,86,86,54.4,Low,0,0.0
2069,3069,76,85,100,88,82.2,High,1,4.21
2070,3070,57,55,68,62,59.0,Low,0,0.0
2071,3071,51,33,52,51,40.5,Low,0,0.0
2072,3072,87,54,81,84,56.4,Low,0,0.0
2073,3073,72,51,71,71,53.3,Low,0,0.0
2074,3074,70,57,83,76,54.8,Low,0,0.0
2075,3075,72,57,76,74,55.8,Low,0,0.0
2076,3076,93,78,96,94,80.3,High,1,15.11
2077,3077,69,40,66,67,45.1,Low,0,0.0
2078,3078,84,83,97,90,80.8,High,1,6.03
2079,3079,71,49,66,68,52.0,Low,0,0.0
2080,3080,49,37,37,43,44.7,Low,0,0.0
2081,3081,73,59,76,74,57.7,Low,0,0.0
2082,3082,100,75,91,95,75.7,Medium,1,6.78
2083,3083,49,30,42,45,35.9,Low,0,0.0
2084,3084,100,78,96,98,79.9,Medium,1,6.87
2085,3085,89,78,87,88,79.6,Medium,1,15.19
2086,3086,60,53,65,62,55.4,Low,1,11.94
2087,3087,90,70,85,87,69.2,Medium,1,7.33
2088,3088,70,55,82,76,52.2,Low,0,0.0
2089,3089,64,42,57,60,46.6,Low,0,0.0
2090,3090,69,42,56,62,49.8,Low,0,0.0
2091,3091,74,63,89,81,60.9,Medium,0,0.0
2092,3092,69,51,70,69,61.6,Medium,1,6.35
2093,3093,87,60,85,86,63.9,Medium,1,4.51
2094,3094,75,70,90,82,72.4,Medium,1,15.1
2095,3095,78,65,83,80,64.6,Medium,1,7.15
2096,3096,76,68,85,80,64.0,Medium,1,4.07
2097,3097,76,66,80,78,69.2,Medium,1,5.87
2098,3098,100,80,100,100,80.9,High,1,5.29
2099,3099,49,39,50,49,43.7,Low,0,0.0
2100,3100,90,63,86,88,64.1,Medium,1,10.79
2101,3101,68,58,75,71,53.8,Low,0,0.0
2102,3102,60,32,60,60,40.4,Low,0,0.0
2103,3103,64,48,64,64,52.5,Low,0,0.0
2104,3104,83,63,91,87,67.8,Medium,0,0.0
2105,3105,86,67,82,84,70.6,Medium,1,9.85
2106,3106,75,64,86,80,64.5,Medium,1,12.24
2107,3107,76,68,80,78,69.5,Medium,1,14.06
2108,3108,86,70,86,86,74.9,Medium,1,16.94
2109,3109,93,78,86,89,80.7,High,1,17.6
2110,3110,67,38,53,60,44.0,Low,0,0.0
2111,3111,78,73,90,84,69.6,Medium,1,4.15
2112,3112,63,53,61,62,65.3,Medium,1,6.48
2113,3113,77,61,76,76,61.7,Medium,1,12.19
2114,3114,93,60,89,91,60.8,Medium,0,0.0
2115,3115,78,52,80,79,47.4,Low,0,0.0
2116,3116,89,65,85,87,69.3,Medium,1,16.1
2117,3117,57,37,56,56,41.6,Low,0,0.0
2118,3118,44,39,54,49,42.7,Low,0,0.0
2119,3119,100,82,100,100,84.7,High,1,15.36
2120,3120,58,38,54,56,42.3,Low,0,0.0
2121,3121,72,58,75,73,55.3,Low,0,0.0
2122,3122,82,63,100,91,57.9,Low,0,0.0
2123,3123,62,42,60,61,43.0,Low,0,0.0
2124,3124,96,82,100,98,84.2,High,1,8.4
2125,3125,88,63,85,86,70.2,Medium,1,12.08
2126,3126,79,56,70,74,63.7,Medium,1,17.96
2127,3127,55,48,58,56,51.2,Low,0,0.0
2128,3128,68,56,71,69,59.2,Low,0,0.0
2129,3129,95,86,99,97,82.4,High,1,16.72
2130,3130,86,76,96,91,72.5,Medium,0,0.0
2131,3131,47,41,55,51,41.1,Low,0,0.0
2132,3132,70,52,72,71,53.7,Low,0,0.0
2133,3133,100,75,100,100,80.2,High,1,8.11
2134,3134,81,53,79,80,56.5,Low,0,0.0
2135,3135,87,76,78,82,77.2,Medium,1,16.61
2136,3136,78,62,78,78,64.1,Medium,1,17.47
2137,3137,72,51,71,71,54.6,Low,0,0.0
2138,3138,57,30,50,53,37.2,Low,0,0.0
2139,3139,80,68,84,82,62.0,Medium,1,14.63
2140,3140,77,49,71,74,48.9,Low,0,0.0
2141,3141,92,78,97,94,75.8,Medium,1,17.59
2142,3142,73,59,70,71,58.4,Low,0,0.0
2143,3143,64,46,74,69,46.8,Low,0,0.0
2144,3144,89,73,87,88,75.7,Medium,1,12.65
2145,3145,97,70,94,95,71.1,Medium,0,0.0
2146,3146,68,53,51,59,62.9,Medium,1,14.37
2147,3147,90,78,100,95,77.0,Medium,1,11.46
2148,3148,77,51,80,78,55.2,Low,0,0.0
2149,3149,94,63,81,87,70.1,Medium,1,16.39
2150,3150,80,67,88,84,67.4,Medium,1,10.95
2151,3151,47,35,47,47,42.9,Low,0,0.0
2152,3152,98,69,79,88,74.7,Medium,0,0.0
2153,3153,67,58,70,68,62.0,Medium,0,0.0
2154,3154,57,58,74,65,59.0,Low,1,7.69
2155,3155,96,69,88,92,78.6,Medium,1,4.66
2156,3156,43,31,48,45,35.8,Low,0,0.0
2157,3157,67,46,60,63,49.6,Low,0,0.0
2158,3158,87,72,84,85,72.9,Medium,1,13.24
2159,3159,68,53,74,71,51.3,Low,0,0.0
2160,3160,55,32,51,53,37.8,Low,0,0.0
2161,3161,80,60,78,79,57.6,Low,1,15.28
2162,3162,77,73,87,82,77.3,Medium,1,13.89
2163,3163,74,68,91,82,62.3,Medium,1,6.07
2164,3164,78,70,89,83,70.3,Medium,1,9.08
2165,3165,74,50,63,68,56.6,Low,0,0.0
2166,3166,100,76,93,96,72.2,Medium,1,17.65
2167,3167,68,51,71,69,55.6,Low,0,0.0
2168,3168,94,71,87,90,72.1,Medium,1,17.88
2169,3169,56,40,49,52,53.2,Low,0,0.0
2170,3170,74,55,68,71,62.7,Medium,1,7.89
2171,3171,64,56,80,72,61.4,Medium,0,0.0
2172,3172,54,40,57,55,41.8,Low,0,0.0
2173,3173,60,30,46,53,38.2,Low,0,0.0
2174,3174,71,65,75,73,68.3,Medium,0,0.0
2175,3175,72,72,85,78,78.1,Medium,1,9.2
2176,3176,70,62,74,72,71.8,Medium,1,14.5
2177,3177,60,38,59,59,40.1,Low,0,0.0
2178,3178,90,63,80,85,68.9,Medium,1,9.46
2179,3179,77,78,86,81,78.2,Medium,1,17.23
2180,3180,86,61,80,83,56.9,Low,0,0.0
2181,3181,98,81,93,95,84.0,High,1,11.0
2182,3182,73,52,73,73,55.9,Low,0,0.0
2183,3183,84,56,74,79,56.2,Low,0,0.0
2184,3184,38,32,46,42,40.3,Low,0,0.0
2185,3185,54,41,65,59,43.4,Low,0,0.0
2186,3186,67,68,76,71,73.5,Medium,1,12.6
2187,3187,83,51,75,79,47.8,Low,0,0.0
2188,3188,81,67,82,81,67.2,Medium,1,17.47
2189,3189,48,46,65,56,45.5,Low,0,0.0
2190,3190,63,54,71,67,54.4,Low,0,0.0
2191,3191,70,52,67,68,55.2,Low,0,0.0
2192,3192,93,71,73,83,76.0,Medium,1,5.44
2193,3193,86,59,77,81,66.8,Medium,1,10.75
2194,3194,89,59,81,85,57.2,Low,0,0.0
2195,3195,79,47,81,80,49.7,Low,0,0.0
2196,3196,93,65,84,88,69.6,Medium,1,9.1
2197,3197,73,72,95,84,77.1,Medium,1,15.12
2198,3198,71,48,69,70,54.8,Low,0,0.0
2199,3199,79,65,88,83,61.6,Medium,0,0.0
2200,3200,100,78,100,100,79.0,Medium,1,12.93
2201,3201,52,39,60,56,43.4,Low,0,0.0
2202,3202,75,50,68,71,56.3,Low,0,0.0
2203,3203,93,80,100,96,80.3,High,1,17.4
2204,3204,49,48,54,51,49.8,Low,0,0.0
2205,3205,92,78,100,96,73.4,Medium,1,11.64
2206,3206,93,69,83,88,74.1,Medium,1,11.16
2207,3207,55,34,41,48,39.9,Low,0,0.0
2208,3208,54,44,56,55,47.8,Low,0,0.0
2209,3209,48,30,47,47,38.9,Low,0,0.0
2210,3210,53,38,56,54,40.2,Low,0,0.0
2211,3211,90,57,87,88,61.1,Medium,0,0.0
2212,3212,87,70,84,85,79.5,Medium,1,17.66
2213,3213,87,75,90,88,79.4,Medium,1,16.76
2214,3214,48,38,49,48,44.7,Low,0,0.0
2215,3215,100,81,96,98,81.8,High,1,16.89
2216,3216,77,60,84,80,60.2,Medium,0,0.0
2217,3217,78,59,76,77,61.8,Medium,0,0.0
2218,3218,94,49,70,82,52.8,Low,0,0.0
2219,3219,82,62,83,82,62.6,Medium,0,0.0
2220,3220,68,36,63,65,37.6,Low,0,0.0
2221,3221,81,53,71,76,61.0,Medium,1,4.6
2222,3222,92,60,78,85,60.1,Medium,0,0.0
2223,3223,43,35,46,44,36.7,Low,0,0.0
2224,3224,52,47,63,57,50.9,Low,0,0.0
2225,3225,85,85,100,92,82.7,High,1,14.4
2226,3226,95,83,97,96,83.1,High,1,11.73
2227,3227,68,54,77,72,58.8,Low,0,0.0
2228,3228,71,51,74,72,53.5,Low,0,0.0
2229,3229,73,34,51,62,42.7,Low,0,0.0
2230,3230,53,31,52,52,37.9,Low,0,0.0
2231,3231,74,48,69,71,47.6,Low,0,0.0
2232,3232,98,69,83,90,76.1,Medium,1,5.68
2233,3233,67,30,53,60,41.3,Low,0,0.0
2234,3234,57,35,52,54,36.0,Low,0,0.0
2235,3235,98,64,83,90,66.5,Medium,0,0.0
2236,3236,79,58,88,83,57.0,Low,0,0.0
2237,3237,67,51,70,68,51.9,Low,0,0.0
2238,3238,64,66,76,70,69.0,Medium,1,5.23
2239,3239,57,45,62,59,44.9,Low,0,0.0
2240,3240,86,72,93,89,73.0,Medium,1,17.74
2241,3241,67,56,57,62,69.7,Medium,0,0.0
2242,3242,88,60,75,81,63.3,Medium,0,0.0
2243,3243,97,73,100,98,74.4,Medium,0,0.0
2244,3244,86,74,78,82,78.1,Medium,1,17.6
2245,3245,70,63,81,75,65.2,Medium,1,5.89
2246,3246,92,64,93,92,65.3,Medium,1,14.08
2247,3247,71,55,73,72,58.3,Low,0,0.0
2248,3248,76,71,79,77,76.9,Medium,1,13.07
2249,3249,77,66,90,83,63.3,Medium,0,0.0
2250,3250,64,56,57,60,61.2,Medium,1,13.3
2251,3251,84,56,75,79,58.6,Low,1,17.94
2252,3252,93,80,100,96,82.5,High,1,6.87
2253,3253,91,73,100,95,76.5,Medium,1,8.77
2254,3254,67,55,65,66,61.1,Medium,0,0.0
2255,3255,52,36,55,53,39.7,Low,0,0.0
2256,3256,49,47,67,58,47.6,Low,0,0.0
2257,3257,67,48,72,69,48.4,Low,0,0.0
2258,3258,72,55,79,75,58.3,Low,0,0.0
2259,3259,73,49,70,71,59.2,Low,0,0.0
2260,3260,97,73,100,98,77.1,Medium,1,14.64
2261,3261,85,69,69,77,69.8,Medium,0,0.0
2262,3262,76,75,90,83,74.2,Medium,0,0.0
2263,3263,100,78,100,100,73.8,Medium,1,11.5
2264,3264,74,44,71,72,46.1,Low,0,0.0
2265,3265,41,34,44,42,41.1,Low,0,0.0
2266,3266,100,78,96,98,79.8,Medium,1,12.57
2267,3267,93,70,94,93,71.5,Medium,1,17.0
2268,3268,84,63,78,81,65.0,Medium,1,13.15
2269,3269,77,57,64,70,62.8,Medium,1,11.81
2270,3270,96,58,74,85,60.5,Medium,1,7.83
2271,3271,65,41,65,65,43.9,Low,0,0.0
2272,3272,58,42,56,57,52.7,Low,0,0.0
2273,3273,75,55,69,72,56.0,Low,0,0.0
2274,3274,87,64,93,90,65.1,Medium,1,4.43
2275,3275,100,75,94,97,79.5,Medium,1,4.77
2276,3276,96,71,92,94,75.9,Medium,1,4.48
2277,3277,76,62,79,77,64.6,Medium,1,4.73
2278,3278,78,40,62,70,46.9,Low,0,0.0
2279,3279,85,57,87,86,55.7,Low,0,0.0
2280,3280,78,66,77,77,75.7,Medium,1,11.8
2281,3281,62,30,50,56,37.9,Low,0,0.0
2282,3282,44,34,54,49,41.5,Low,0,0.0
2283,3283,70,58,66,68,64.7,Medium,1,6.94
2284,3284,69,52,58,63,61.1,Medium,0,0.0
2285,3285,60,35,61,60,41.8,Low,0,0.0
2286,3286,74,52,76,75,53.3,Low,0,0.0
2287,3287,75,56,80,77,59.5,Low,0,0.0
2288,3288,74,50,63,68,55.1,Low,0,0.0
2289,3289,100,81,99,99,79.4,Medium,1,10.68
2290,3290,64,52,63,63,57.5,Low,0,0.0
2291,3291,75,51,71,73,49.7,Low,0,0.0
2292,3292,100,73,100,100,72.5,Medium,1,11.81
2293,3293,100,69,96,98,67.8,Medium,1,17.79
2294,3294,69,45,69,69,46.4,Low,0,0.0
2295,3295,89,65,74,81,69.4,Medium,1,6.86
2296,3296,67,30,46,56,35.9,Low,0,0.0
2297,3297,86,56,84,85,51.3,Low,0,0.0
2298,3298,86,75,90,88,73.5,Medium,1,8.5
2299,3299,85,39,75,80,42.0,Low,0,0.0
2300,3300,61,53,75,68,53.3,Low,0,0.0
2301,3301,79,80,100,89,81.2,High,1,6.58
2302,3302,74,51,70,72,60.5,Medium,0,0.0
2303,3303,91,87,100,95,83.5,High,1,11.1
2304,3304,86,64,82,84,70.2,Medium,1,12.37
2305,3305,71,47,77,74,51.0,Low,0,0.0
2306,3306,87,75,100,93,74.8,Medium,1,5.15
2307,3307,65,63,71,68,74.0,Medium,1,15.69
2308,3308,72,40,66,69,43.1,Low,0,0.0
2309,3309,84,47,72,78,52.2,Low,0,0.0
2310,3310,84,67,82,83,67.2,Medium,1,5.82
2311,3311,73,52,83,78,53.1,Low,0,0.0
2312,3312,94,76,100,97,71.3,Medium,1,15.67
2313,3313,43,36,44,43,39.9,Low,0,0.0
2314,3314,84,62,74,79,65.1,Medium,1,9.66
2315,3315,63,39,65,64,42.1,Low,0,0.0
2316,3316,68,36,59,63,37.6,Low,0,0.0
2317,3317,73,52,62,67,56.6,Low,0,0.0
2318,3318,84,71,96,90,77.4,Medium,1,5.94
2319,3319,68,50,58,63,56.1,Low,0,0.0
2320,3320,82,45,76,79,43.5,Low,0,0.0
2321,3321,40,35,53,46,38.8,Low,0,0.0
2322,3322,87,70,88,87,67.5,Medium,0,0.0
2323,3323,51,57,73,62,54.1,Low,0,0.0
2324,3324,100,80,100,100,77.3,Medium,1,15.77
2325,3325,70,61,81,75,64.6,Medium,1,17.8
2326,3326,58,57,68,63,59.5,Low,0,0.0
2327,3327,73,61,81,77,62.2,Medium,0,0.0
2328,3328,73,53,75,74,51.1,Low,0,0.0
2329,3329,62,54,77,69,57.5,Low,0,0.0
2330,3330,78,59,77,77,63.4,Medium,1,9.31
2331,3331,86,64,93,89,68.1,Medium,1,10.19
2332,3332,77,53,78,77,57.3,Low,0,0.0
2333,3333,89,67,78,83,64.1,Medium,0,0.0
2334,3334,51,33,53,52,41.6,Low,0,0.0
2335,3335,65,44,66,65,49.2,Low,0,0.0
2336,3336,97,61,91,94,63.7,Medium,1,17.83
2337,3337,90,51,75,82,52.4,Low,0,0.0
2338,3338,72,48,60,66,55.5,Low,0,0.0
2339,3339,77,65,80,78,68.4,Medium,0,0.0
2340,3340,77,37,60,68,44.8,Low,0,0.0
2341,3341,44,30,35,39,33.0,Low,0,0.0
2342,3342,52,35,52,52,40.9,Low,0,0.0
2343,3343,100,68,87,93,69.7,Medium,1,4.23
2344,3344,57,46,51,54,51.9,Low,0,0.0
2345,3345,81,69,87,84,69.8,Medium,1,4.74
2346,3346,88,52,76,82,55.0,Low,0,0.0
2347,3347,92,64,82,87,65.2,Medium,0,0.0
2348,3348,59,58,74,66,57.3,Low,0,0.0
2349,3349,97,77,88,92,76.4,Medium,1,14.95
2350,3350,90,80,90,90,83.2,High,1,4.84
2351,3351,49,40,56,52,44.6,Low,0,0.0
2352,3352,73,66,86,79,67.5,Medium,1,8.62
2353,3353,60,42,57,58,44.0,Low,0,0.0
2354,3354,80,54,71,75,60.2,Medium,0,0.0
2355,3355,93,56,80,86,58.8,Low,1,10.92
2356,3356,97,87,100,98,85.6,High,1,14.44
2357,3357,69,59,73,71,58.8,Low,1,7.29
2358,3358,60,48,69,64,45.0,Low,0,0.0
2359,3359,84,76,83,83,74.9,Medium,1,17.26
2360,3360,55,38,55,55,44.4,Low,0,0.0
2361,3361,74,55,78,76,61.4,Medium,0,0.0
2362,3362,92,85,100,96,82.8,High,1,14.54
2363,3363,57,64,68,62,69.8,Medium,1,12.38
2364,3364,67,33,52,59,42.9,Low,0,0.0
2365,3365,70,58,85,77,58.6,Low,0,0.0
2366,3366,91,72,89,90,78.2,Medium,1,6.08
2367,3367,65,59,59,62,64.1,Medium,0,0.0
2368,3368,57,47,66,61,47.0,Low,0,0.0
2369,3369,88,54,80,84,57.1,Low,0,0.0
2370,3370,83,56,91,87,55.0,Low,0,0.0
2371,3371,54,30,50,52,31.0,Low,0,0.0
2372,3372,85,69,82,83,71.3,Medium,1,4.96
2373,3373,100,81,99,99,82.1,High,1,10.37
2374,3374,73,64,96,84,60.8,Medium,1,6.26
2375,3375,59,54,67,63,56.6,Low,0,0.0
2376,3376,44,33,43,43,38.1,Low,0,0.0
2377,3377,59,43,58,58,50.5,Low,0,0.0
2378,3378,77,72,84,80,77.4,Medium,1,5.33
2379,3379,78,76,100,89,73.5,Medium,1,17.36
2380,3380,74,55,69,71,60.8,Medium,0,0.0
2381,3381,80,68,80,80,67.3,Medium,1,5.11
2382,3382,48,37,46,47,41.7,Low,0,0.0
2383,3383,100,80,100,100,78.5,Medium,1,13.05
2384,3384,93,69,83,88,65.6,Medium,1,10.39
2385,3385,79,58,79,79,59.3,Low,0,0.0
2386,3386,71,61,71,71,60.9,Medium,0,0.0
2387,3387,91,66,90,90,62.1,Medium,0,0.0
2388,3388,69,53,75,72,50.6,Low,0,0.0
2389,3389,97,80,100,98,79.2,Medium,1,5.5
2390,3390,78,73,77,77,75.7,Medium,1,10.95
2391,3391,95,77,94,94,76.4,Medium,1,13.21
2392,3392,94,62,89,91,65.2,Medium,1,8.65
2393,3393,78,66,77,77,65.7,Medium,1,6.06
2394,3394,56,38,48,52,45.0,Low,0,0.0
2395,3395,89,70,80,84,75.1,Medium,1,11.52
2396,3396,62,39,51,56,42.3,Low,0,0.0
2397,3397,67,56,70,68,63.1,Medium,1,17.04
2398,3398,73,59,86,79,60.2,Medium,0,0.0
2399,3399,66,67,78,72,66.2,Medium,1,17.44
2400,3400,92,61,81,86,63.9,Medium,0,0.0
2401,3401,100,77,95,97,81.1,High,1,6.41
2402,3402,90,65,89,89,60.6,Medium,1,17.09
2403,3403,76,79,89,82,79.2,Medium,1,4.17
2404,3404,53,44,61,57,44.3,Low,0,0.0
2405,3405,63,33,62,62,41.1,Low,0,0.0
2406,3406,50,32,50,50,40.1,Low,0,0.0
2407,3407,95,77,95,95,79.6,Medium,1,15.85
2408,3408,38,38,58,48,42.8,Low,0,0.0
2409,3409,99,83,97,98,83.4,High,1,12.81
2410,3410,53,40,56,54,43.5,Low,0,0.0
2411,3411,78,65,75,76,67.4,Medium,0,0.0
2412,3412,48,37,60,54,39.3,Low,0,0.0
2413,3413,54,37,52,53,42.2,Low,0,0.0
2414,3414,66,36,54,60,41.5,Low,0,0.0
2415,3415,52,39,50,51,43.8,Low,0,0.0
2416,3416,86,69,83,84,76.8,Medium,1,5.05
2417,3417,72,40,63,67,48.8,Low,0,0.0
2418,3418,84,72,79,81,75.1,Medium,1,16.1
2419,3419,63,58,74,68,61.4,Medium,0,0.0
2420,3420,80,73,86,83,72.2,Medium,1,9.82
2421,3421,81,76,93,87,75.3,Medium,1,8.1
2422,3422,82,54,77,79,54.6,Low,0,0.0
2423,3423,89,71,86,87,69.6,Medium,1,16.13
2424,3424,72,65,75,73,68.9,Medium,0,0.0
2425,3425,82,61,73,77,67.0,Medium,0,0.0
2426,3426,74,49,63,68,59.2,Low,0,0.0
2427,3427,57,38,58,57,44.8,Low,0,0.0
2428,3428,100,61,81,90,61.2,Medium,1,13.83
2429,3429,48,46,51,49,52.5,Low,0,0.0
2430,3430,60,56,66,63,57.6,Low,0,0.0
2431,3431,81,64,73,77,70.3,Medium,1,4.18
2432,3432,52,39,61,56,47.5,Low,0,0.0
2433,3433,95,75,94,94,78.7,Medium,1,14.73
2434,3434,48,59,72,60,61.5,Medium,0,0.0
2435,3435,85,68,82,83,75.6,Medium,0,0.0
2436,3436,79,53,78,78,52.3,Low,1,7.53
2437,3437,67,49,60,63,51.0,Low,0,0.0
2438,3438,82,68,80,81,65.9,Medium,1,10.92
2439,3439,53,50,68,60,51.2,Low,0,0.0
2440,3440,89,74,93,91,72.2,Medium,1,4.61
2441,3441,72,50,77,74,50.1,Low,0,0.0
2442,3442,100,79,85,92,81.2,High,1,14.8
2443,3443,61,30,40,50,35.5,Low,0,0.0
2444,3444,85,70,90,87,74.9,Medium,1,8.75
2445,3445,75,59,73,74,67.4,Medium,1,11.78
2446,3446,58,54,71,64,59.1,Low,0,0.0
2447,3447,69,45,57,63,49.1,Low,0,0.0
2448,3448,68,43,69,68,45.8,Low,0,0.0
2449,3449,66,65,85,75,61.8,Medium,0,0.0
2450,3450,83,61,77,80,62.1,Medium,1,8.8
2451,3451,72,68,80,76,75.4,Medium,1,13.49
2452,3452,84,71,68,76,76.1,Medium,1,4.51
2453,3453,70,42,57,63,47.6,Low,0,0.0
2454,3454,65,39,60,62,42.6,Low,0,0.0
2455,3455,75,57,83,79,60.7,Medium,0,0.0
2456,3456,65,54,67,66,56.1,Low,0,0.0
2457,3457,51,41,55,53,46.0,Low,0,0.0
2458,3458,71,45,73,72,49.5,Low,0,0.0
2459,3459,82,65,92,87,59.6,Low,0,0.0
2460,3460,58,31,58,58,38.9,Low,0,0.0
2461,3461,58,42,57,57,45.3,Low,0,0.0
2462,3462,71,44,70,70,45.5,Low,0,0.0
2463,3463,71,46,56,63,54.2,Low,0,0.0
2464,3464,51,47,71,61,46.2,Low,0,0.0
2465,3465,64,52,66,65,52.5,Low,0,0.0
2466,3466,100,85,100,100,80.8,High,1,12.76
2467,3467,50,41,45,47,46.7,Low,0,0.0
2468,3468,98,77,95,96,79.3,Medium,1,6.5
2469,3469,80,54,80,80,54.8,Low,0,0.0
2470,3470,97,85,100,98,84.7,High,1,15.29
2471,3471,91,73,87,89,81.5,High,1,10.48
2472,3472,89,78,97,93,78.7,Medium,1,9.24
2473,3473,69,39,60,64,43.0,Low,0,0.0
2474,3474,73,64,92,82,60.2,Medium,1,12.84
2475,3475,100,79,93,96,78.3,Medium,1,6.26
2476,3476,96,78,100,98,74.4,Medium,1,12.91
2477,3477,78,61,76,77,60.8,Medium,1,7.51
2478,3478,83,61,77,80,61.6,Medium,0,0.0
2479,3479,100,78,100,100,80.8,High,1,13.04
2480,3480,55,35,63,59,37.2,Low,0,0.0
2481,3481,97,74,96,96,74.9,Medium,1,7.15
2482,3482,77,60,85,81,65.8,Medium,0,0.0
2483,3483,56,34,50,53,42.2,Low,0,0.0
2484,3484,91,77,99,95,75.4,Medium,1,8.78
2485,3485,66,41,65,65,47.8,Low,0,0.0
2486,3486,82,70,76,79,73.8,Medium,1,10.29
2487,3487,81,44,75,78,43.8,Low,0,0.0
2488,3488,58,37,51,54,41.4,Low,0,0.0
2489,3489,84,64,82,83,63.7,Medium,0,0.0
2490,3490,61,37,51,56,44.9,Low,0,0.0
2491,3491,54,32,51,52,41.3,Low,0,0.0
2492,3492,75,66,78,76,73.4,Medium,1,11.26
2493,3493,49,39,55,52,37.7,Low,0,0.0
2494,3494,66,50,59,62,56.7,Low,0,0.0
2495,3495,71,45,72,71,41.8,Low,0,0.0
2496,3496,91,58,71,81,61.1,Medium,0,0.0
2497,3497,71,45,67,69,42.2,Low,0,0.0
2498,3498,52,35,57,54,38.5,Low,0,0.0
2499,3499,59,31,59,59,33.7,Low,0,0.0
2500,3500,84,65,74,79,68.2,Medium,1,10.94
2501,3501,63,56,71,67,52.8,Low,0,0.0
2502,3502,82,37,60,71,44.8,Low,0,0.0
2503,3503,57,56,70,63,59.6,Low,1,8.62
2504,3504,67,62,83,75,56.0,Low,0,0.0
2505,3505,46,41,58,52,40.5,Low,0,0.0
2506,3506,41,30,44,42,38.1,Low,0,0.0
2507,3507,82,65,78,80,67.6,Medium,0,0.0
2508,3508,56,35,53,54,39.3,Low,0,0.0
2509,3509,98,73,91,94,70.8,Medium,1,13.5
2510,3510,63,43,58,60,49.5,Low,0,0.0
2511,3511,85,75,84,84,74.4,Medium,1,5.84
2512,3512,50,48,55,52,57.7,Low,0,0.0
2513,3513,96,68,87,91,75.8,Medium,1,9.15
2514,3514,56,41,69,62,42.4,Low,0,0.0
2515,3515,95,65,85,90,70.7,Medium,0,0.0
2516,3516,66,50,82,74,46.3,Low,0,0.0
2517,3517,89,75,90,89,71.6,Medium,1,5.37
2518,3518,61,52,72,66,49.3,Low,0,0.0
2519,3519,52,33,52,52,38.1,Low,0,0.0
2520,3520,74,66,77,75,65.1,Medium,1,16.65
2521,3521,63,38,59,61,37.3,Low,0,0.0
2522,3522,100,80,97,98,80.6,High,1,5.73
2523,3523,77,59,77,77,59.5,Low,1,9.02
2524,3524,100,77,95,97,73.9,Medium,1,4.81
2525,3525,98,74,92,95,77.0,Medium,1,17.43
2526,3526,65,40,63,64,45.8,Low,0,0.0
2527,3527,85,50,73,79,57.9,Low,0,0.0
2528,3528,56,49,60,58,53.6,Low,1,9.17
2529,3529,82,66,90,86,60.7,Medium,0,0.0
2530,3530,61,45,58,59,51.8,Low,0,0.0
2531,3531,100,63,85,92,66.7,Medium,1,14.71
2532,3532,52,34,45,48,39.5,Low,0,0.0
2533,3533,100,68,90,95,73.0,Medium,1,12.0
2534,3534,78,57,82,80,56.0,Low,0,0.0
2535,3535,71,53,75,73,56.0,Low,0,0.0
2536,3536,91,63,85,88,70.9,Medium,1,15.59
2537,3537,83,50,62,72,49.2,Low,0,0.0
2538,3538,70,45,62,66,51.4,Low,0,0.0
2539,3539,78,61,67,72,60.3,Medium,0,0.0
2540,3540,84,63,75,79,61.8,Medium,0,0.0
2541,3541,73,41,69,71,42.8,Low,0,0.0
2542,3542,61,37,61,61,42.3,Low,0,0.0
2543,3543,65,40,62,63,48.7,Low,0,0.0
2544,3544,64,38,59,61,44.1,Low,0,0.0
2545,3545,95,73,91,93,66.7,Medium,0,0.0
2546,3546,92,66,91,91,68.5,Medium,1,15.29
2547,3547,95,71,86,90,74.2,Medium,1,17.52
2548,3548,99,87,100,99,84.9,High,1,11.26
2549,3549,91,78,97,94,80.6,High,1,10.89
2550,3550,53,36,45,49,41.4,Low,0,0.0
2551,3551,62,51,57,59,63.1,Medium,0,0.0
2552,3552,80,62,83,81,63.6,Medium,1,8.83
2553,3553,72,48,69,70,51.3,Low,0,0.0
2554,3554,78,65,76,77,76.4,Medium,1,12.04
2555,3555,63,57,76,69,53.4,Low,0,0.0
2556,3556,65,56,75,70,55.9,Low,0,0.0
2557,3557,77,52,72,74,53.0,Low,0,0.0
2558,3558,68,59,78,73,63.1,Medium,0,0.0
2559,3559,59,40,66,62,41.1,Low,0,0.0
2560,3560,79,44,70,74,46.2,Low,0,0.0
2561,3561,62,46,64,63,50.4,Low,0,0.0
2562,3562,65,49,66,65,52.7,Low,0,0.0
2563,3563,90,78,97,93,79.5,Medium,1,16.71
2564,3564,62,45,62,62,43.8,Low,0,0.0
2565,3565,95,74,92,93,75.2,Medium,1,13.12
2566,3566,89,80,100,94,79.3,Medium,1,15.18
2567,3567,52,40,48,50,48.2,Low,0,0.0
2568,3568,73,54,86,79,54.9,Low,0,0.0
2569,3569,77,46,74,75,52.5,Low,0,0.0
2570,3570,46,32,40,43,39.9,Low,0,0.0
2571,3571,49,30,51,50,37.2,Low,0,0.0
2572,3572,86,74,93,89,70.2,Medium,1,16.54
2573,3573,70,55,68,69,54.5,Low,0,0.0
2574,3574,84,62,88,86,62.7,Medium,0,0.0
2575,3575,76,72,84,80,75.4,Medium,1,5.27
2576,3576,79,49,66,72,58.5,Low,0,0.0
2577,3577,56,48,54,55,54.3,Low,0,0.0
2578,3578,90,67,84,87,72.1,Medium,1,13.08
2579,3579,79,59,77,78,62.3,Medium,0,0.0
2580,3580,40,30,50,45,33.1,Low,0,0.0
2581,3581,78,61,87,82,65.5,Medium,0,0.0
2582,3582,84,74,89,86,70.6,Medium,1,7.8
2583,3583,84,60,75,79,64.2,Medium,0,0.0
2584,3584,83,59,73,78,61.6,Medium,0,0.0
2585,3585,86,68,77,81,73.0,Medium,1,17.77
2586,3586,96,66,87,91,69.9,Medium,1,8.38
2587,3587,45,51,70,57,53.8,Low,0,0.0
2588,3588,57,53,64,60,55.6,Low,0,0.0
2589,3589,72,48,65,68,53.9,Low,0,0.0
2590,3590,85,75,100,92,76.3,Medium,1,16.49
2591,3591,62,51,74,68,48.0,Low,0,0.0
2592,3592,93,80,100,96,83.9,High,1,14.45
2593,3593,68,44,75,71,45.0,Low,0,0.0
2594,3594,92,66,86,89,73.5,Medium,1,8.03
2595,3595,70,49,71,70,50.0,Low,0,0.0
2596,3596,89,52,73,81,61.4,Medium,0,0.0
2597,3597,61,43,45,53,50.2,Low,0,0.0
2598,3598,95,66,90,92,67.5,Medium,0,0.0
2599,3599,45,30,43,44,41.1,Low,0,0.0
2600,3600,67,46,56,61,57.1,Low,0,0.0
2601,3601,72,54,67,69,59.8,Low,1,12.01
2602,3602,87,63,76,81,67.4,Medium,1,11.56
2603,3603,88,60,84,86,64.1,Medium,1,14.11
2604,3604,56,44,56,56,54.6,Low,0,0.0
2605,3605,75,60,85,80,61.4,Medium,0,0.0
2606,3606,68,54,70,69,57.3,Low,1,6.62
2607,3607,81,54,76,78,49.6,Low,0,0.0
2608,3608,100,76,88,94,82.2,High,1,10.2
2609,3609,53,44,57,55,48.3,Low,0,0.0
2610,3610,57,48,69,63,45.1,Low,0,0.0
2611,3611,84,72,88,86,72.3,Medium,1,11.01
2612,3612,64,36,59,61,42.5,Low,0,0.0
2613,3613,77,62,68,72,68.3,Medium,0,0.0
2614,3614,85,66,87,86,70.0,Medium,1,7.29
2615,3615,74,42,57,65,52.7,Low,0,0.0
2616,3616,100,87,100,100,82.3,High,1,15.01
2617,3617,81,73,86,83,74.6,Medium,1,17.76
2618,3618,82,54,81,81,53.5,Low,0,0.0
2619,3619,71,52,73,72,51.5,Low,0,0.0
2620,3620,59,48,54,56,51.8,Low,1,16.1
2621,3621,76,57,72,74,59.1,Low,0,0.0
2622,3622,76,53,74,75,58.5,Low,0,0.0
2623,3623,94,73,100,97,78.3,Medium,1,12.39
2624,3624,95,76,97,96,79.2,Medium,1,4.47
2625,3625,93,59,77,85,61.2,Medium,0,0.0
2626,3626,90,78,86,88,79.2,Medium,1,14.16
2627,3627,31,30,39,35,36.7,Low,0,0.0
2628,3628,100,71,100,100,67.9,Medium,1,14.56
2629,3629,100,76,97,98,72.7,Medium,1,6.27
2630,3630,73,64,79,76,68.2,Medium,0,0.0
2631,3631,64,41,64,64,46.5,Low,0,0.0
2632,3632,33,34,41,37,44.3,Low,0,0.0
2633,3633,83,77,84,83,77.3,Medium,1,7.02
2634,3634,61,46,64,62,52.8,Low,0,0.0
2635,3635,69,65,84,76,71.2,Medium,1,17.63
2636,3636,84,68,80,82,73.5,Medium,1,17.48
2637,3637,62,35,52,57,36.2,Low,0,0.0
2638,3638,66,70,91,78,73.2,Medium,0,0.0
2639,3639,83,74,89,86,75.5,Medium,1,6.51
2640,3640,61,39,65,63,41.8,Low,0,0.0
2641,3641,75,57,68,71,61.7,Medium,0,0.0
2642,3642,67,33,58,62,40.7,Low,0,0.0
2643,3643,98,75,100,99,78.0,Medium,1,15.42
2644,3644,84,61,87,85,61.5,Medium,0,0.0
2645,3645,75,45,73,74,46.2,Low,0,0.0
2646,3646,100,79,94,97,78.1,Medium,1,7.51
2647,3647,100,78,100,100,77.5,Medium,1,16.62
2648,3648,77,67,82,79,67.4,Medium,1,10.82
2649,3649,78,48,83,80,46.7,Low,0,0.0
2650,3650,61,35,56,58,38.5,Low,0,0.0
2651,3651,65,38,52,58,38.4,Low,0,0.0
2652,3652,46,47,63,54,51.7,Low,0,0.0
2653,3653,85,52,76,80,52.2,Low,0,0.0
2654,3654,59,44,60,59,52.2,Low,0,0.0
2655,3655,83,70,81,82,76.2,Medium,1,8.69
2656,3656,56,53,68,62,55.9,Low,0,0.0
2657,3657,90,78,97,93,80.8,High,1,6.21
2658,3658,85,61,91,88,53.9,Low,0,0.0
2659,3659,50,39,61,55,42.0,Low,0,0.0
2660,3660,61,41,54,57,53.6,Low,1,11.73
2661,3661,86,65,80,83,75.1,Medium,1,6.04
2662,3662,53,38,58,55,41.0,Low,0,0.0
2663,3663,65,49,66,65,50.3,Low,0,0.0
2664,3664,62,45,73,67,49.6,Low,0,0.0
2665,3665,65,51,57,61,58.3,Low,1,11.12
2666,3666,71,57,82,76,55.6,Low,0,0.0
2667,3667,68,49,52,60,55.2,Low,0,0.0
2668,3668,77,61,71,74,68.3,Medium,1,12.62
2669,3669,78,67,78,78,71.8,Medium,1,12.77
2670,3670,63,54,67,65,56.1,Low,0,0.0
2671,3671,88,78,97,92,78.3,Medium,1,17.37
2672,3672,85,80,87,86,81.5,High,1,14.06
2673,3673,75,67,82,78,69.6,Medium,1,8.75
2674,3674,47,43,69,58,43.0,Low,0,0.0
2675,3675,73,36,65,69,38.9,Low,0,0.0
2676,3676,100,82,100,100,80.5,High,1,17.91
2677,3677,80,75,85,82,82.0,High,1,9.8
2678,3678,57,38,55,56,48.0,Low,0,0.0
2679,3679,89,71,91,90,67.6,Medium,1,14.9
2680,3680,92,63,94,93,57.3,Low,0,0.0
2681,3681,100,68,87,93,74.6,Medium,1,4.86
2682,3682,73,61,81,77,57.7,Low,0,0.0
2683,3683,85,81,96,90,77.7,Medium,1,16.39
2684,3684,73,67,75,74,73.5,Medium,1,17.74
2685,3685,65,40,66,65,43.6,Low,0,0.0
2686,3686,77,72,88,82,73.5,Medium,1,9.04
2687,3687,59,46,61,60,50.1,Low,0,0.0
2688,3688,46,43,49,47,48.2,Low,0,0.0
2689,3689,77,46,71,74,53.4,Low,0,0.0
2690,3690,100,80,100,100,78.9,Medium,1,9.89
2691,3691,59,32,61,60,38.3,Low,0,0.0
2692,3692,66,64,87,76,58.3,Low,0,0.0
2693,3693,69,53,78,73,49.6,Low,0,0.0
2694,3694,72,63,80,76,64.0,Medium,0,0.0
2695,3695,74,59,76,75,59.8,Low,0,0.0
2696,3696,78,48,63,70,47.0,Low,0,0.0
2697,3697,81,48,72,76,48.8,Low,0,0.0
2698,3698,82,70,81,81,73.8,Medium,1,16.35
2699,3699,100,85,100,100,83.2,High,1,5.77
2700,3700,81,69,88,84,74.1,Medium,1,6.13
2701,3701,74,63,71,72,64.3,Medium,0,0.0
2702,3702,92,67,89,90,69.6,Medium,1,14.76
2703,3703,48,37,51,49,38.8,Low,0,0.0
2704,3704,67,41,64,65,49.5,Low,0,0.0
2705,3705,92,58,85,88,58.5,Low,0,0.0
2706,3706,83,56,81,82,53.3,Low,0,0.0
2707,3707,78,52,76,77,56.2,Low,0,0.0
2708,3708,56,43,59,57,51.6,Low,0,0.0
2709,3709,84,45,62,73,41.9,Low,0,0.0
2710,3710,67,36,59,63,43.8,Low,0,0.0
2711,3711,95,82,91,93,85.9,High,1,6.77
2712,3712,87,60,79,83,61.8,Medium,0,0.0
2713,3713,78,47,77,77,53.9,Low,0,0.0
2714,3714,100,78,93,96,83.1,High,1,14.7
2715,3715,81,59,80,80,59.4,Low,0,0.0
2716,3716,88,78,87,87,76.6,Medium,1,4.05
2717,3717,53,64,73,63,62.4,Medium,1,10.83
2718,3718,94,55,75,84,60.0,Medium,1,17.81
2719,3719,59,43,58,58,54.0,Low,0,0.0
2720,3720,97,68,100,98,64.6,Medium,0,0.0
2721,3721,80,55,79,79,58.4,Low,0,0.0
2722,3722,64,56,75,69,54.2,Low,0,0.0
2723,3723,61,51,60,60,58.9,Low,1,7.74
2724,3724,71,40,52,61,46.7,Low,0,0.0
2725,3725,47,38,55,51,46.0,Low,0,0.0
2726,3726,82,73,90,86,70.0,Medium,1,8.02
2727,3727,93,71,93,93,77.2,Medium,1,16.48
2728,3728,78,50,72,75,45.8,Low,0,0.0
2729,3729,75,71,93,84,72.3,Medium,1,4.2
2730,3730,92,53,78,85,57.9,Low,0,0.0
2731,3731,100,77,98,99,76.2,Medium,1,5.16
2732,3732,75,48,64,69,58.9,Low,0,0.0
2733,3733,71,64,83,77,66.0,Medium,1,8.01
2734,3734,72,55,74,73,61.5,Medium,0,0.0
2735,3735,76,43,49,62,51.9,Low,0,0.0
2736,3736,100,75,91,95,79.3,Medium,1,12.05
2737,3737,82,62,92,87,60.3,Medium,1,8.02
2738,3738,50,39,59,54,40.7,Low,0,0.0
2739,3739,78,78,86,82,80.1,High,1,12.79
2740,3740,92,71,88,90,76.1,Medium,1,4.05
2741,3741,85,59,76,80,58.1,Low,0,0.0
2742,3742,50,33,43,46,40.1,Low,0,0.0
2743,3743,67,47,76,71,42.6,Low,0,0.0
2744,3744,86,70,84,85,70.0,Medium,1,16.27
2745,3745,39,39,50,44,43.3,Low,0,0.0
2746,3746,67,61,85,76,56.8,Low,0,0.0
2747,3747,72,48,65,68,52.7,Low,0,0.0
2748,3748,60,45,53,56,48.4,Low,0,0.0
2749,3749,71,51,67,69,59.0,Low,1,17.05
2750,3750,67,43,69,68,49.7,Low,0,0.0
2751,3751,76,59,76,76,57.5,Low,0,0.0
2752,3752,86,65,79,82,67.5,Medium,0,0.0
2753,3753,38,39,42,40,52.0,Low,0,0.0
2754,3754,75,50,62,68,51.0,Low,0,0.0
2755,3755,88,65,75,81,70.3,Medium,1,6.27
2756,3756,71,48,59,65,54.7,Low,0,0.0
2757,3757,58,47,72,65,49.0,Low,0,0.0
2758,3758,100,73,100,100,72.8,Medium,1,12.18
2759,3759,45,53,61,53,61.8,Medium,0,0.0
2760,3760,57,30,54,55,36.1,Low,0,0.0
2761,3761,54,53,68,61,56.3,Low,1,13.86
2762,3762,52,46,64,58,45.3,Low,0,0.0
2763,3763,66,43,55,60,49.9,Low,0,0.0
2764,3764,57,54,66,61,53.0,Low,0,0.0
2765,3765,30,35,52,41,38.2,Low,0,0.0
2766,3766,90,75,95,92,72.8,Medium,1,4.22
2767,3767,75,46,79,77,46.3,Low,0,0.0
2768,3768,96,61,76,86,64.3,Medium,0,0.0
2769,3769,100,68,94,97,64.5,Medium,1,14.73
2770,3770,100,82,94,97,83.2,High,1,9.07
2771,3771,80,68,80,80,71.7,Medium,1,15.4
2772,3772,85,55,82,83,56.6,Low,0,0.0
2773,3773,74,65,75,74,68.3,Medium,1,8.95
2774,3774,93,82,98,95,79.3,Medium,1,11.8
2775,3775,55,44,61,58,43.2,Low,0,0.0
2776,3776,76,48,73,74,49.7,Low,0,0.0
2777,3777,51,34,50,50,41.0,Low,0,0.0
2778,3778,83,69,79,81,70.9,Medium,1,10.61
2779,3779,96,74,88,92,75.6,Medium,1,8.29
2780,3780,100,67,92,96,69.8,Medium,1,10.47
2781,3781,73,61,67,70,66.4,Medium,1,13.22
2782,3782,72,70,95,83,66.7,Medium,1,6.34
2783,3783,52,34,51,51,40.4,Low,0,0.0
2784,3784,89,71,86,87,73.5,Medium,1,17.33
2785,3785,40,54,63,51,55.0,Low,1,5.34
2786,3786,69,50,68,68,50.7,Low,0,0.0
2787,3787,51,43,58,54,42.9,Low,0,0.0
2788,3788,80,65,89,84,66.6,Medium,0,0.0
2789,3789,93,68,100,96,67.5,Medium,0,0.0
2790,3790,55,34,54,54,40.2,Low,0,0.0
2791,3791,93,71,96,94,79.0,Medium,1,15.07
2792,3792,70,52,65,67,64.2,Medium,1,8.54
2793,3793,81,63,70,75,71.5,Medium,1,9.04
2794,3794,90,83,96,93,80.8,High,1,17.89
2795,3795,73,69,83,78,67.4,Medium,1,4.72
2796,3796,60,48,79,69,47.2,Low,0,0.0
2797,3797,75,71,87,81,67.3,Medium,1,12.08
2798,3798,78,42,74,76,40.9,Low,0,0.0
2799,3799,58,50,72,65,50.3,Low,0,0.0
2800,3800,69,62,73,71,64.4,Medium,1,9.58
2801,3801,47,39,46,46,47.0,Low,0,0.0
2802,3802,100,75,100,100,78.8,Medium,1,16.44
2803,3803,57,55,69,63,58.8,Low,0,0.0
2804,3804,91,71,83,87,75.1,Medium,1,5.49
2805,3805,80,79,99,89,76.0,Medium,1,10.29
2806,3806,52,58,71,61,56.2,Low,0,0.0
2807,3807,100,73,96,98,73.3,Medium,1,9.06
2808,3808,66,40,53,59,42.5,Low,0,0.0
2809,3809,76,70,80,78,75.5,Medium,1,14.08
2810,3810,69,63,74,71,67.8,Medium,1,9.85
2811,3811,78,53,78,78,55.5,Low,0,0.0
2812,3812,81,58,84,82,59.2,Low,1,4.59
2813,3813,93,63,99,96,59.0,Low,0,0.0
2814,3814,92,73,99,95,70.2,Medium,1,14.24
2815,3815,73,57,73,73,55.1,Low,0,0.0
2816,3816,51,39,61,56,41.7,Low,0,0.0
2817,3817,89,70,95,92,70.1,Medium,1,6.66
2818,3818,48,30,44,46,37.0,Low,0,0.0
2819,3819,77,55,78,77,57.4,Low,0,0.0
2820,3820,70,68,80,75,64.5,Medium,1,8.19
2821,3821,75,48,68,71,44.9,Low,0,0.0
2822,3822,44,30,40,42,41.5,Low,0,0.0
2823,3823,95,76,97,96,76.0,Medium,1,7.78
2824,3824,58,51,61,59,54.0,Low,0,0.0
2825,3825,62,43,72,67,44.2,Low,0,0.0
2826,3826,68,40,67,67,44.7,Low,0,0.0
2827,3827,51,42,57,54,46.2,Low,0,0.0
2828,3828,84,65,84,84,63.0,Medium,1,8.77
2829,3829,68,43,68,68,48.6,Low,0,0.0
2830,3830,100,78,100,100,79.5,Medium,1,16.74
2831,3831,51,41,59,55,43.7,Low,0,0.0
2832,3832,91,82,100,95,80.2,High,1,9.49
2833,3833,91,62,92,91,62.3,Medium,1,17.41
2834,3834,74,65,85,79,65.5,Medium,1,9.88
2835,3835,68,56,85,76,52.2,Low,0,0.0
2836,3836,90,81,92,91,78.6,Medium,1,12.08
2837,3837,95,73,100,97,71.1,Medium,1,12.45
2838,3838,82,67,88,85,67.5,Medium,1,16.98
2839,3839,76,64,82,79,63.2,Medium,1,6.46
2840,3840,75,72,85,80,70.6,Medium,1,8.83
2841,3841,90,74,89,89,77.8,Medium,1,8.23
2842,3842,93,77,100,96,79.7,Medium,0,0.0
2843,3843,81,74,89,85,78.3,Medium,1,16.2
2844,3844,100,73,90,95,73.4,Medium,1,11.96
2845,3845,85,66,77,81,65.3,Medium,0,0.0
2846,3846,59,41,58,58,42.2,Low,0,0.0
2847,3847,74,51,61,67,54.4,Low,0,0.0
2848,3848,58,33,39,48,39.2,Low,0,0.0
2849,3849,84,59,81,82,55.6,Low,0,0.0
2850,3850,57,49,74,65,42.3,Low,0,0.0
2851,3851,78,58,65,71,62.5,Medium,0,0.0
2852,3852,63,49,57,60,52.9,Low,0,0.0
2853,3853,57,47,63,60,53.9,Low,1,5.44
2854,3854,73,59,80,76,60.2,Medium,0,0.0
2855,3855,61,46,64,62,46.3,Low,0,0.0
2856,3856,46,51,57,51,53.6,Low,0,0.0
2857,3857,63,46,65,64,43.6,Low,0,0.0
2858,3858,99,83,97,98,82.6,High,1,16.53
2859,3859,80,65,88,84,66.0,Medium,1,14.54
2860,3860,97,64,82,89,74.4,Medium,1,7.7
2861,3861,66,49,71,68,47.1,Low,0,0.0
2862,3862,57,46,54,55,53.6,Low,0,0.0
2863,3863,98,74,97,97,73.4,Medium,0,0.0
2864,3864,71,41,65,68,48.6,Low,0,0.0
2865,3865,62,42,53,57,51.4,Low,0,0.0
2866,3866,58,47,66,62,51.4,Low,0,0.0
2867,3867,49,43,62,55,42.3,Low,0,0.0
2868,3868,84,67,82,83,67.1,Medium,0,0.0
2869,3869,41,30,45,43,39.2,Low,0,0.0
2870,3870,61,41,55,58,40.4,Low,0,0.0
2871,3871,81,66,90,85,65.2,Medium,0,0.0
2872,3872,60,47,72,66,53.2,Low,0,0.0
2873,3873,63,64,72,67,61.3,Medium,0,0.0
2874,3874,91,66,83,87,73.3,Medium,1,5.8
2875,3875,95,65,89,92,68.2,Medium,0,0.0
2876,3876,64,33,53,58,36.6,Low,0,0.0
2877,3877,53,31,44,48,38.0,Low,0,0.0
2878,3878,67,41,65,66,43.7,Low,0,0.0
2879,3879,58,40,66,62,41.1,Low,0,0.0
2880,3880,54,40,52,53,40.9,Low,0,0.0
2881,3881,92,75,100,96,77.5,Medium,1,7.38
2882,3882,64,42,66,65,52.1,Low,0,0.0
2883,3883,65,59,86,75,59.1,Low,1,16.68
2884,3884,77,57,73,75,59.4,Low,0,0.0
2885,3885,86,65,80,83,71.1,Medium,1,12.4
2886,3886,76,48,64,70,48.5,Low,0,0.0
2887,3887,94,80,100,97,80.0,High,1,17.66
2888,3888,81,53,71,76,62.9,Medium,0,0.0
2889,3889,63,39,60,61,42.7,Low,0,0.0
2890,3890,87,75,90,88,76.7,Medium,1,14.95
2891,3891,81,59,67,74,61.6,Medium,0,0.0
2892,3892,80,72,89,84,75.5,Medium,1,12.02
2893,3893,51,59,67,59,65.6,Medium,0,0.0
2894,3894,100,76,100,100,74.1,Medium,1,7.1
2895,3895,100,68,87,93,74.4,Medium,1,16.26
2896,3896,61,44,60,60,50.6,Low,0,0.0
2897,3897,100,66,96,98,67.7,Medium,1,6.76
2898,3898,64,42,56,60,49.9,Low,0,0.0
2899,3899,59,41,58,58,41.5,Low,0,0.0
2900,3900,74,51,71,72,50.4,Low,0,0.0
2901,3901,59,42,56,57,46.3,Low,0,0.0
2902,3902,100,85,100,100,83.8,High,1,7.94
2903,3903,100,77,89,94,80.4,High,1,10.17
2904,3904,73,59,73,73,68.0,Medium,0,0.0
2905,3905,77,48,78,77,46.5,Low,0,0.0
2906,3906,100,68,91,95,69.9,Medium,1,8.93
2907,3907,96,59,85,90,57.2,Low,1,13.4
2908,3908,57,39,50,53,44.5,Low,0,0.0
2909,3909,45,37,46,45,39.9,Low,0,0.0
2910,3910,80,60,82,81,56.6,Low,0,0.0
2911,3911,96,85,100,98,85.5,High,1,17.48
2912,3912,91,54,86,88,54.0,Low,0,0.0
2913,3913,58,30,60,59,35.5,Low,0,0.0
2914,3914,67,44,60,63,53.3,Low,0,0.0
2915,3915,74,66,82,78,70.8,Medium,1,9.95
2916,3916,59,38,63,61,41.6,Low,0,0.0
2917,3917,72,65,75,73,66.4,Medium,1,5.14
2918,3918,79,53,83,81,48.6,Low,0,0.0
2919,3919,79,66,90,84,69.0,Medium,0,0.0
2920,3920,54,32,46,50,40.2,Low,0,0.0
2921,3921,58,39,60,59,47.0,Low,0,0.0
2922,3922,51,39,54,52,42.7,Low,0,0.0
2923,3923,71,44,64,67,45.2,Low,0,0.0
2924,3924,82,39,64,73,40.6,Low,0,0.0
2925,3925,99,73,96,97,70.8,Medium,0,0.0
2926,3926,79,51,75,77,52.3,Low,0,0.0
2927,3927,60,46,71,65,50.7,Low,0,0.0
2928,3928,83,60,82,82,62.1,Medium,0,0.0
2929,3929,84,60,88,86,61.1,Medium,0,0.0
2930,3930,100,75,100,100,79.6,Medium,1,14.41
2931,3931,66,49,67,66,52.0,Low,0,0.0
2932,3932,64,47,57,60,49.5,Low,0,0.0
2933,3933,68,57,69,68,65.7,Medium,1,6.71
2934,3934,70,57,79,74,64.9,Medium,1,6.67
2935,3935,83,50,63,73,51.7,Low,0,0.0
2936,3936,39,42,51,45,44.2,Low,0,0.0
2937,3937,53,41,54,53,47.2,Low,0,0.0
2938,3938,87,83,100,93,79.7,Medium,1,5.33
2939,3939,53,52,66,59,54.5,Low,0,0.0
2940,3940,78,64,82,80,69.0,Medium,1,16.1
2941,3941,81,70,85,83,68.3,Medium,0,0.0
2942,3942,64,36,58,61,40.3,Low,0,0.0
2943,3943,73,79,92,82,77.6,Medium,1,15.59
2944,3944,57,37,65,61,41.0,Low,0,0.0
2945,3945,75,47,57,66,49.7,Low,0,0.0
2946,3946,58,41,69,63,44.4,Low,0,0.0
2947,3947,49,38,49,49,46.5,Low,0,0.0
2948,3948,65,60,75,70,63.0,Medium,1,10.1
2949,3949,80,69,72,76,72.7,Medium,1,9.69
2950,3950,69,36,58,63,41.2,Low,0,0.0
2951,3951,100,80,97,98,82.4,High,1,7.92
2952,3952,65,63,70,67,63.8,Medium,0,0.0
2953,3953,67,39,64,65,42.5,Low,0,0.0
2954,3954,82,73,86,84,80.1,High,1,6.72
2955,3955,58,33,47,52,38.3,Low,0,0.0
2956,3956,89,73,87,88,74.5,Medium,1,6.43
2957,3957,37,30,39,38,34.6,Low,0,0.0
2958,3958,47,40,53,50,42.7,Low,0,0.0
2959,3959,72,45,62,67,45.7,Low,0,0.0
2960,3960,81,52,73,77,58.3,Low,0,0.0
2961,3961,100,55,93,96,54.6,Low,0,0.0
2962,3962,58,55,68,63,58.2,Low,0,0.0
2963,3963,37,32,40,38,38.0,Low,0,0.0
2964,3964,66,56,71,68,60.9,Medium,0,0.0
2965,3965,79,57,75,77,63.9,Medium,0,0.0
2966,3966,77,52,77,77,48.5,Low,0,0.0
2967,3967,80,56,81,80,59.1,Low,0,0.0
2968,3968,100,74,84,92,78.5,Medium,1,14.17
2969,3969,56,42,56,56,46.4,Low,0,0.0
2970,3970,75,69,78,76,68.8,Medium,1,16.62
2971,3971,66,33,49,57,39.0,Low,0,0.0
2972,3972,87,58,84,85,63.3,Medium,1,17.32
2973,3973,78,57,78,78,57.7,Low,0,0.0
2974,3974,74,65,85,79,64.1,Medium,1,15.14
2975,3975,83,65,93,88,63.1,Medium,0,0.0
2976,3976,88,71,89,88,77.4,Medium,1,14.1
2977,3977,87,57,81,84,56.6,Low,0,0.0
2978,3978,62,60,75,68,63.7,Medium,0,0.0
2979,3979,73,55,64,68,67.4,Medium,0,0.0
2980,3980,30,30,35,32,34.0,Low,0,0.0
2981,3981,57,36,58,57,38.6,Low,0,0.0
2982,3982,66,39,68,67,41.0,Low,0,0.0
2983,3983,89,59,77,83,58.0,Low,0,0.0
2984,3984,81,63,71,76,66.5,Medium,1,9.28
2985,3985,58,36,55,56,46.5,Low,0,0.0
2986,3986,53,49,56,54,48.4,Low,0,0.0
2987,3987,85,69,89,87,72.3,Medium,1,13.86
2988,3988,81,78,92,86,77.4,Medium,1,17.03
2989,3989,76,48,78,77,52.1,Low,0,0.0
2990,3990,86,46,79,82,46.7,Low,0,0.0
2991,3991,69,50,58,63,53.9,Low,0,0.0
2992,3992,72,49,66,69,55.0,Low,0,0.0
2993,3993,54,42,62,58,48.1,Low,0,0.0
2994,3994,64,43,59,61,48.1,Low,0,0.0
2995,3995,80,74,82,81,74.9,Medium,1,9.97
2996,3996,90,73,100,95,73.7,Medium,0,0.0
2997,3997,76,67,74,75,68.0,Medium,1,12.63
2998,3998,85,69,93,89,72.7,Medium,1,11.59
2999,3999,57,47,66,61,53.9,Low,0,0.0
3000,4000,47,42,56,51,50.6,Low,1,10.11
3001,4001,55,41,60,57,48.2,Low,0,0.0
3002,4002,61,40,67,64,43.1,Low,0,0.0
3003,4003,57,41,54,55,42.3,Low,0,0.0
3004,4004,68,44,71,69,41.7,Low,0,0.0
3005,4005,89,71,82,85,76.3,Medium,1,14.86
3006,4006,67,63,85,76,63.2,Medium,0,0.0
3007,4007,71,40,63,67,47.8,Low,0,0.0
3008,4008,75,60,85,80,63.0,Medium,0,0.0
3009,4009,67,41,54,60,49.3,Low,0,0.0
3010,4010,65,44,60,62,47.5,Low,0,0.0
3011,4011,70,43,68,69,44.9,Low,0,0.0
3012,4012,88,72,84,86,74.1,Medium,1,11.18
3013,4013,97,72,92,94,70.2,Medium,1,9.12
3014,4014,100,82,100,100,80.9,High,1,9.03
3015,4015,63,43,69,66,50.0,Low,0,0.0
3016,4016,76,61,77,76,64.5,Medium,1,9.41
3017,4017,96,72,84,90,77.7,Medium,1,10.72
3018,4018,68,44,61,64,52.0,Low,0,0.0
3019,4019,100,77,95,97,78.7,Medium,1,10.24
3020,4020,74,55,78,76,50.5,Low,0,0.0
3021,4021,80,72,85,82,76.1,Medium,1,6.04
3022,4022,94,74,99,96,77.1,Medium,1,9.31
3023,4023,89,65,80,84,71.1,Medium,1,6.71
3024,4024,97,73,100,98,71.3,Medium,1,12.44
3025,4025,85,73,94,89,67.9,Medium,1,9.02
3026,4026,75,63,71,73,66.0,Medium,1,9.95
3027,4027,93,64,97,95,63.7,Medium,1,14.82
3028,4028,72,62,65,68,71.8,Medium,0,0.0
3029,4029,82,52,69,75,57.1,Low,0,0.0
3030,4030,94,74,88,91,77.1,Medium,0,0.0
3031,4031,62,61,71,66,63.8,Medium,1,8.02
3032,4032,52,30,47,49,37.2,Low,0,0.0
3033,4033,59,48,64,61,53.8,Low,0,0.0
3034,4034,72,60,85,78,64.6,Medium,0,0.0
3035,4035,89,55,93,91,55.1,Low,0,0.0
3036,4036,66,66,81,73,65.7,Medium,1,5.35
3037,4037,87,68,76,81,77.0,Medium,1,16.44
3038,4038,85,75,86,85,82.0,High,1,5.34
3039,4039,92,64,86,89,62.8,Medium,0,0.0
3040,4040,89,68,76,82,66.3,Medium,0,0.0
3041,4041,83,68,76,79,77.4,Medium,1,10.78
3042,4042,71,51,75,73,52.9,Low,0,0.0
3043,4043,75,65,79,77,65.4,Medium,1,12.04
3044,4044,83,52,72,77,54.8,Low,0,0.0
3045,4045,52,49,70,61,53.1,Low,0,0.0
3046,4046,66,55,74,70,59.9,Low,0,0.0
3047,4047,88,65,84,86,64.8,Medium,0,0.0
3048,4048,100,61,81,90,65.8,Medium,1,7.39
3049,4049,30,30,35,32,33.9,Low,0,0.0
3050,4050,65,54,76,70,58.3,Low,0,0.0
3051,4051,95,74,98,96,78.9,Medium,1,6.67
3052,4052,82,77,89,85,78.3,Medium,1,5.27
3053,4053,91,56,81,86,63.1,Medium,0,0.0
3054,4054,56,43,51,53,55.6,Low,0,0.0
3055,4055,59,50,58,58,52.1,Low,0,0.0
3056,4056,74,63,78,76,62.0,Medium,0,0.0
3057,4057,78,59,80,79,60.7,Medium,0,0.0
3058,4058,80,84,94,87,84.3,High,1,15.43
3059,4059,73,41,64,68,44.3,Low,0,0.0
3060,4060,46,50,58,52,49.6,Low,0,0.0
3061,4061,61,44,60,60,46.0,Low,0,0.0
3062,4062,93,71,86,89,75.6,Medium,0,0.0
3063,4063,59,65,85,72,61.9,Medium,0,0.0
3064,4064,94,74,89,91,74.8,Medium,1,13.8
3065,4065,80,79,88,84,76.7,Medium,0,0.0
3066,4066,66,45,72,69,51.7,Low,0,0.0
3067,4067,94,85,100,97,84.7,High,1,5.9
3068,4068,39,37,46,42,43.8,Low,0,0.0
3069,4069,84,63,81,82,70.3,Medium,1,14.57
3070,4070,60,45,72,66,42.5,Low,0,0.0
3071,4071,78,64,86,82,63.1,Medium,0,0.0
3072,4072,48,45,69,58,48.2,Low,0,0.0
3073,4073,100,71,100,100,68.8,Medium,1,11.95
3074,4074,75,59,77,76,62.2,Medium,1,8.34
3075,4075,92,73,95,93,75.9,Medium,1,17.09
3076,4076,68,59,73,70,62.7,Medium,0,0.0
3077,4077,91,80,100,95,79.4,Medium,1,10.65
3078,4078,92,69,92,92,68.6,Medium,1,16.18
3079,4079,48,43,49,48,53.9,Low,0,0.0
3080,4080,60,35,57,58,42.9,Low,0,0.0
3081,4081,57,48,69,63,46.8,Low,0,0.0
3082,4082,92,82,91,91,80.7,High,1,5.56
3083,4083,77,61,77,77,67.9,Medium,0,0.0
3084,4084,54,37,57,55,43.5,Low,0,0.0
3085,4085,37,31,35,36,38.6,Low,0,0.0
3086,4086,68,43,58,63,55.1,Low,0,0.0
3087,4087,95,55,78,86,57.6,Low,1,4.3
3088,4088,100,78,100,100,74.2,Medium,1,8.31
3089,4089,65,46,60,62,45.4,Low,0,0.0
3090,4090,75,46,75,75,50.3,Low,0,0.0
3091,4091,70,56,70,70,64.6,Medium,0,0.0
3092,4092,65,56,81,73,61.2,Medium,1,17.72
3093,4093,48,35,42,45,40.3,Low,0,0.0
3094,4094,68,48,69,68,46.2,Low,0,0.0
3095,4095,57,39,51,54,45.8,Low,0,0.0
3096,4096,68,62,83,75,62.8,Medium,0,0.0
3097,4097,87,82,100,93,81.3,High,1,4.7
3098,4098,62,32,51,56,38.8,Low,0,0.0
3099,4099,100,87,100,100,84.4,High,1,9.25
3100,4100,78,67,79,78,72.1,Medium,0,0.0
3101,4101,71,55,79,75,59.4,Low,0,0.0
3102,4102,50,38,48,49,43.2,Low,0,0.0
3103,4103,55,45,59,57,51.9,Low,0,0.0
3104,4104,74,56,66,70,64.4,Medium,1,11.53
3105,4105,89,67,88,88,71.4,Medium,0,0.0
3106,4106,82,71,87,84,73.8,Medium,1,17.82
3107,4107,62,45,70,66,44.5,Low,0,0.0
3108,4108,83,58,79,81,60.5,Medium,0,0.0
3109,4109,97,59,91,94,62.1,Medium,0,0.0
3110,4110,86,79,99,92,79.7,Medium,1,13.87
3111,4111,81,62,82,81,62.4,Medium,1,11.71
3112,4112,61,56,80,70,56.9,Low,0,0.0
3113,4113,80,68,80,80,66.2,Medium,0,0.0
3114,4114,65,54,66,65,55.1,Low,0,0.0
3115,4115,73,49,70,71,53.5,Low,0,0.0
3116,4116,100,76,97,98,68.9,Medium,1,12.71
3117,4117,100,80,100,100,80.4,High,1,4.44
3118,4118,65,42,56,60,42.7,Low,0,0.0
3119,4119,82,60,78,80,63.6,Medium,0,0.0
3120,4120,98,79,93,95,81.5,High,1,14.53
3121,4121,50,36,58,54,40.6,Low,0,0.0
3122,4122,64,42,56,60,46.1,Low,0,0.0
3123,4123,70,54,77,73,56.0,Low,0,0.0
3124,4124,68,40,58,63,45.7,Low,0,0.0
3125,4125,70,56,79,74,52.3,Low,0,0.0
3126,4126,67,41,59,63,48.3,Low,0,0.0
3127,4127,73,60,75,74,64.5,Medium,1,14.17
3128,4128,77,50,73,75,46.5,Low,0,0.0
3129,4129,50,32,51,50,37.3,Low,0,0.0
3130,4130,87,65,78,82,63.5,Medium,0,0.0
3131,4131,88,77,98,93,78.2,Medium,1,17.91
3132,4132,31,30,35,33,29.7,Low,0,0.0
3133,4133,86,49,85,85,47.7,Low,0,0.0
3134,4134,88,66,87,87,68.1,Medium,1,11.85
3135,4135,45,38,49,47,44.9,Low,0,0.0
3136,4136,47,39,57,52,43.2,Low,0,0.0
3137,4137,86,60,78,82,64.8,Medium,0,0.0
3138,4138,68,50,72,70,53.3,Low,0,0.0
3139,4139,81,51,71,76,56.8,Low,1,14.19
3140,4140,72,43,69,70,46.7,Low,0,0.0
3141,4141,30,30,43,36,36.1,Low,0,0.0
3142,4142,73,58,81,77,62.5,Medium,0,0.0
3143,4143,64,51,75,69,53.8,Low,0,0.0
3144,4144,100,78,100,100,74.2,Medium,1,10.11
3145,4145,67,43,69,68,47.3,Low,0,0.0
3146,4146,60,47,66,63,51.0,Low,0,0.0
3147,4147,75,53,78,76,56.5,Low,0,0.0
3148,4148,68,60,92,80,54.6,Low,0,0.0
3149,4149,56,50,63,59,53.0,Low,0,0.0
3150,4150,85,70,88,86,73.5,Medium,1,11.6
3151,4151,51,38,59,55,43.8,Low,0,0.0
3152,4152,79,68,76,77,75.2,Medium,1,9.42
3153,4153,89,82,100,94,79.7,Medium,1,10.35
3154,4154,69,70,85,77,69.8,Medium,1,7.21
3155,4155,78,62,68,73,69.8,Medium,1,10.76
3156,4156,78,66,86,82,67.1,Medium,1,17.1
3157,4157,85,71,83,84,73.4,Medium,1,14.06
3158,4158,93,81,93,93,81.9,High,1,10.16
3159,4159,74,45,72,73,50.9,Low,0,0.0
3160,4160,64,67,79,71,72.8,Medium,1,13.34
3161,4161,78,62,83,80,60.4,Medium,1,14.06
3162,4162,79,55,75,77,57.1,Low,0,0.0
3163,4163,92,83,100,96,80.0,High,1,14.13
3164,4164,88,85,100,94,80.2,High,1,16.67
3165,4165,87,50,69,78,56.1,Low,0,0.0
3166,4166,89,80,100,94,79.9,Medium,1,17.1
3167,4167,91,73,95,93,70.4,Medium,0,0.0
3168,4168,72,74,78,75,77.5,Medium,1,4.28
3169,4169,94,74,88,91,81.7,High,1,16.59
3170,4170,87,70,99,93,68.2,Medium,0,0.0
3171,4171,65,49,74,69,48.9,Low,0,0.0
3172,4172,51,35,56,53,42.8,Low,0,0.0
3173,4173,76,61,90,83,61.5,Medium,0,0.0
3174,4174,54,38,63,58,40.1,Low,0,0.0
3175,4175,80,72,88,84,71.6,Medium,1,10.74
3176,4176,91,74,88,89,78.4,Medium,1,8.85
3177,4177,61,45,54,57,56.2,Low,0,0.0
3178,4178,76,66,76,76,66.7,Medium,0,0.0
3179,4179,67,52,58,62,57.4,Low,0,0.0
3180,4180,91,78,90,90,79.5,Medium,1,13.5
3181,4181,93,77,88,90,74.2,Medium,1,4.55
3182,4182,95,70,91,93,77.1,Medium,1,11.44
3183,4183,76,56,67,71,59.8,Low,0,0.0
3184,4184,77,62,92,84,65.0,Medium,1,14.11
3185,4185,44,35,57,50,42.5,Low,0,0.0
3186,4186,62,46,60,61,55.4,Low,0,0.0
3187,4187,81,74,79,80,76.7,Medium,1,13.08
3188,4188,75,59,73,74,62.5,Medium,0,0.0
3189,4189,95,80,91,93,77.3,Medium,1,5.52
3190,4190,58,33,53,55,38.8,Low,0,0.0
3191,4191,93,80,87,90,77.7,Medium,1,15.49
3192,4192,70,38,58,64,46.3,Low,0,0.0
3193,4193,74,62,82,78,63.1,Medium,0,0.0
3194,4194,98,75,100,99,75.6,Medium,1,12.68
3195,4195,98,72,99,98,72.3,Medium,1,14.72
3196,4196,100,87,100,100,85.8,High,1,5.97
3197,4197,65,56,70,67,53.7,Low,1,14.94
3198,4198,49,37,57,53,42.5,Low,0,0.0
3199,4199,97,63,95,96,66.4,Medium,1,8.08
3200,4200,45,35,47,46,42.9,Low,0,0.0
3201,4201,63,46,64,63,52.4,Low,0,0.0
3202,4202,96,69,97,96,69.5,Medium,1,11.78
3203,4203,90,74,93,91,77.3,Medium,1,17.2
3204,4204,58,36,59,58,40.0,Low,0,0.0
3205,4205,99,78,100,99,76.8,Medium,1,15.37
3206,4206,69,65,84,76,65.0,Medium,1,17.92
3207,4207,96,74,93,94,72.3,Medium,0,0.0
3208,4208,54,51,57,55,53.8,Low,1,10.82
3209,4209,56,33,59,57,39.9,Low,0,0.0
3210,4210,73,57,79,76,59.5,Low,1,8.6
3211,4211,90,71,92,91,75.6,Medium,1,15.76
3212,4212,85,72,88,86,75.8,Medium,0,0.0
3213,4213,51,36,49,50,43.6,Low,0,0.0
3214,4214,94,67,79,86,72.4,Medium,0,0.0
3215,4215,99,79,92,95,80.7,High,1,11.87
3216,4216,86,70,81,83,74.4,Medium,1,6.38
3217,4217,74,62,69,71,61.9,Medium,0,0.0
3218,4218,67,40,63,65,43.1,Low,0,0.0
3219,4219,63,47,81,72,49.9,Low,0,0.0
3220,4220,49,41,54,51,45.8,Low,0,0.0
3221,4221,77,74,78,77,76.7,Medium,0,0.0
3222,4222,77,65,88,82,62.5,Medium,0,0.0
3223,4223,38,36,55,46,40.9,Low,0,0.0
3224,4224,80,52,83,81,54.9,Low,0,0.0
3225,4225,59,49,67,63,56.8,Low,0,0.0
3226,4226,71,53,72,71,50.9,Low,0,0.0
3227,4227,92,82,94,93,82.6,High,1,5.15
3228,4228,85,83,100,92,77.9,Medium,1,12.81
3229,4229,92,63,98,95,57.7,Low,0,0.0
3230,4230,63,36,58,60,43.9,Low,0,0.0
3231,4231,74,63,70,72,61.9,Medium,0,0.0
3232,4232,72,58,88,80,59.1,Low,1,5.55
3233,4233,97,77,90,93,77.5,Medium,1,7.59
3234,4234,77,68,94,85,63.3,Medium,0,0.0
3235,4235,97,77,91,94,81.8,High,1,17.04
3236,4236,87,61,90,88,64.3,Medium,0,0.0
3237,4237,97,73,87,92,77.2,Medium,1,15.28
3238,4238,44,44,56,50,49.4,Low,0,0.0
3239,4239,100,76,92,96,80.0,High,1,16.01
3240,4240,43,43,62,52,47.2,Low,0,0.0
3241,4241,57,51,71,64,56.9,Low,0,0.0
3242,4242,74,63,74,74,62.7,Medium,1,15.18
3243,4243,54,44,65,59,45.1,Low,0,0.0
3244,4244,48,35,43,45,43.7,Low,0,0.0
3245,4245,86,65,85,85,68.1,Medium,1,13.63
3246,4246,96,72,94,95,76.6,Medium,1,6.04
3247,4247,99,76,96,97,79.6,Medium,1,13.55
3248,4248,67,48,64,65,55.0,Low,0,0.0
3249,4249,75,75,94,84,76.2,Medium,1,5.95
3250,4250,88,74,88,88,76.3,Medium,1,14.47
3251,4251,76,68,84,80,66.3,Medium,1,10.03
3252,4252,68,50,78,73,50.1,Low,0,0.0
3253,4253,74,53,78,76,56.6,Low,0,0.0
3254,4254,68,67,64,66,69.3,Medium,0,0.0
3255,4255,54,34,55,54,37.9,Low,0,0.0
3256,4256,77,59,77,77,59.7,Low,0,0.0
3257,4257,74,55,65,69,58.6,Low,0,0.0
3258,4258,86,61,80,83,69.2,Medium,1,4.11
3259,4259,82,66,83,82,73.0,Medium,1,6.27
3260,4260,58,47,61,59,46.2,Low,0,0.0
3261,4261,66,43,64,65,47.1,Low,0,0.0
3262,4262,92,74,88,90,78.8,Medium,0,0.0
3263,4263,77,64,72,74,65.8,Medium,0,0.0
3264,4264,60,56,71,65,58.8,Low,0,0.0
3265,4265,98,80,100,99,81.1,High,1,4.64
3266,4266,62,38,59,60,39.4,Low,0,0.0
3267,4267,75,53,70,72,57.4,Low,0,0.0
3268,4268,56,46,65,60,44.2,Low,0,0.0
3269,4269,66,38,53,59,43.6,Low,0,0.0
3270,4270,52,51,66,59,56.5,Low,0,0.0
3271,4271,83,61,80,81,61.6,Medium,0,0.0
3272,4272,53,38,56,54,38.9,Low,0,0.0
3273,4273,92,79,95,93,79.2,Medium,1,12.23
3274,4274,46,42,63,54,47.7,Low,0,0.0
3275,4275,84,69,78,81,70.6,Medium,1,5.23
3276,4276,89,73,100,94,70.9,Medium,1,8.91
3277,4277,84,70,70,77,75.0,Medium,1,9.74
3278,4278,57,55,79,68,51.3,Low,0,0.0
3279,4279,94,74,89,91,71.4,Medium,1,16.09
3280,4280,84,64,82,83,70.1,Medium,1,15.68
3281,4281,86,80,91,88,78.5,Medium,0,0.0
3282,4282,76,45,66,71,42.4,Low,0,0.0
3283,4283,69,56,77,73,65.4,Medium,1,17.33
3284,4284,41,40,53,47,46.1,Low,0,0.0
3285,4285,90,57,78,84,63.3,Medium,0,0.0
3286,4286,88,70,84,86,70.5,Medium,1,7.63
3287,4287,89,70,85,87,71.2,Medium,0,0.0
3288,4288,95,73,91,93,72.7,Medium,1,7.87
3289,4289,70,67,83,76,68.9,Medium,0,0.0
3290,4290,92,71,100,96,70.2,Medium,1,13.5
3291,4291,60,46,68,64,45.1,Low,0,0.0
3292,4292,100,65,88,94,63.2,Medium,1,10.21
3293,4293,82,45,63,72,53.8,Low,0,0.0
3294,4294,77,64,83,80,61.8,Medium,1,6.99
3295,4295,66,58,74,70,64.6,Medium,1,5.3
3296,4296,99,58,93,96,53.1,Low,1,4.82
3297,4297,77,45,76,76,42.8,Low,0,0.0
3298,4298,94,75,90,92,76.7,Medium,1,9.17
3299,4299,93,75,90,91,78.6,Medium,1,11.14
3300,4300,62,31,45,53,39.2,Low,0,0.0
3301,4301,76,44,65,70,45.5,Low,0,0.0
3302,4302,93,79,95,94,79.7,Medium,1,6.06
3303,4303,93,73,94,93,71.8,Medium,1,12.88
3304,4304,61,54,77,69,57.2,Low,1,9.58
3305,4305,78,52,73,75,54.3,Low,0,0.0
3306,4306,100,83,100,100,79.5,Medium,1,15.09
3307,4307,85,56,80,82,57.1,Low,0,0.0
3308,4308,88,69,92,90,73.8,Medium,1,17.91
3309,4309,83,46,74,78,47.3,Low,0,0.0
3310,4310,100,79,98,99,77.1,Medium,1,15.0
3311,4311,86,72,94,90,73.4,Medium,0,0.0
3312,4312,44,48,72,58,48.0,Low,0,0.0
3313,4313,52,43,62,57,44.6,Low,0,0.0
3314,4314,61,55,64,62,58.4,Low,0,0.0
3315,4315,83,66,100,91,64.0,Medium,0,0.0
3316,4316,76,40,62,69,42.6,Low,0,0.0
3317,4317,85,75,90,87,76.1,Medium,1,7.81
3318,4318,53,30,43,48,40.5,Low,0,0.0
3319,4319,91,69,88,89,69.9,Medium,1,14.03
3320,4320,65,40,56,60,44.2,Low,0,0.0
3321,4321,62,46,69,65,45.0,Low,0,0.0
3322,4322,100,78,86,93,80.2,High,1,15.09
3323,4323,85,84,98,91,83.1,High,1,6.51
3324,4324,91,67,82,86,65.7,Medium,1,13.37
3325,4325,95,66,94,94,58.9,Low,0,0.0
3326,4326,53,46,65,59,44.1,Low,0,0.0
3327,4327,64,54,76,70,55.0,Low,0,0.0
3328,4328,97,85,100,98,84.6,High,1,16.99
3329,4329,70,55,65,67,60.8,Medium,1,5.97
3330,4330,69,47,63,66,53.5,Low,0,0.0
3331,4331,60,43,68,64,49.3,Low,0,0.0
3332,4332,78,70,81,79,71.8,Medium,1,8.09
3333,4333,87,65,92,89,60.2,Medium,0,0.0
3334,4334,100,68,84,92,69.3,Medium,0,0.0
3335,4335,96,76,93,94,80.4,High,1,15.39
3336,4336,54,35,57,55,41.2,Low,0,0.0
3337,4337,93,78,100,96,75.7,Medium,1,7.91
3338,4338,72,71,83,77,74.9,Medium,1,15.87
3339,4339,58,40,52,55,45.2,Low,0,0.0
3340,4340,76,66,87,81,63.4,Medium,1,10.83
3341,4341,70,65,81,75,68.7,Medium,1,12.01
3342,4342,94,74,89,91,70.7,Medium,0,0.0
3343,4343,56,43,63,59,45.6,Low,0,0.0
3344,4344,61,38,59,60,44.0,Low,0,0.0
3345,4345,83,58,85,84,55.9,Low,0,0.0
3346,4346,96,80,100,98,76.8,Medium,1,14.61
3347,4347,100,71,93,96,73.4,Medium,1,17.9
3348,4348,100,75,95,97,76.2,Medium,1,13.42
3349,4349,30,39,37,33,45.0,Low,0,0.0
3350,4350,98,71,100,99,67.2,Medium,0,0.0
3351,4351,77,55,82,79,58.0,Low,0,0.0
3352,4352,48,47,58,53,54.7,Low,1,15.56
3353,4353,86,71,93,89,71.9,Medium,1,9.65
3354,4354,76,65,93,84,60.0,Medium,0,0.0
3355,4355,69,38,62,65,47.2,Low,0,0.0
3356,4356,61,46,51,56,50.4,Low,0,0.0
3357,4357,100,85,100,100,83.6,High,1,15.2
3358,4358,82,68,77,79,73.4,Medium,1,13.86
3359,4359,74,46,78,76,47.3,Low,0,0.0
3360,4360,81,51,70,75,54.4,Low,0,0.0
3361,4361,93,76,86,89,74.7,Medium,1,9.89
3362,4362,62,59,62,62,67.0,Medium,1,5.24
3363,4363,43,42,61,52,45.4,Low,0,0.0
3364,4364,90,61,81,85,67.0,Medium,1,14.36
3365,4365,76,64,77,76,63.4,Medium,0,0.0
3366,4366,60,38,59,59,41.3,Low,0,0.0
3367,4367,57,56,66,61,58.9,Low,0,0.0
3368,4368,69,46,82,75,43.1,Low,0,0.0
3369,4369,41,45,58,49,49.8,Low,0,0.0
3370,4370,78,66,91,84,67.5,Medium,1,9.39
3371,4371,58,44,56,57,49.5,Low,0,0.0
3372,4372,90,58,74,82,58.7,Low,0,0.0
3373,4373,76,48,68,72,50.3,Low,0,0.0
3374,4374,82,46,75,78,46.5,Low,0,0.0
3375,4375,97,68,90,93,72.7,Medium,1,11.15
3376,4376,86,72,98,92,67.5,Medium,1,11.96
3377,4377,73,45,69,71,50.0,Low,0,0.0
3378,4378,97,63,85,91,70.6,Medium,1,12.47
3379,4379,76,56,71,73,67.3,Medium,0,0.0
3380,4380,100,87,100,100,82.6,High,1,9.16
3381,4381,42,31,48,45,36.2,Low,0,0.0
3382,4382,64,55,78,71,53.9,Low,0,0.0
3383,4383,63,44,66,64,53.1,Low,0,0.0
3384,4384,67,49,65,66,50.1,Low,0,0.0
3385,4385,80,48,69,74,50.2,Low,0,0.0
3386,4386,79,66,76,77,67.5,Medium,1,6.77
3387,4387,75,49,71,73,54.7,Low,0,0.0
3388,4388,85,69,86,85,69.3,Medium,1,13.5
3389,4389,88,77,84,86,80.4,High,1,12.96
3390,4390,73,66,76,74,68.7,Medium,0,0.0
3391,4391,76,52,72,74,52.4,Low,0,0.0
3392,4392,98,74,89,93,76.8,Medium,1,13.61
3393,4393,61,37,61,61,43.3,Low,0,0.0
3394,4394,45,40,48,46,52.4,Low,0,0.0
3395,4395,100,62,92,96,56.2,Low,0,0.0
3396,4396,79,57,77,78,57.9,Low,1,7.47
3397,4397,77,38,59,68,50.4,Low,0,0.0
3398,4398,100,82,98,99,80.8,High,1,15.39
3399,4399,47,39,47,47,50.9,Low,0,0.0
3400,4400,100,78,96,98,79.5,Medium,1,14.43
3401,4401,83,56,70,76,62.5,Medium,0,0.0
3402,4402,73,58,84,78,60.2,Medium,0,0.0
3403,4403,91,65,85,88,62.9,Medium,1,14.77
3404,4404,88,59,77,82,63.8,Medium,1,9.53
3405,4405,84,79,85,84,78.2,Medium,1,16.92
3406,4406,80,61,76,78,63.7,Medium,0,0.0
3407,4407,93,69,86,89,70.8,Medium,0,0.0
3408,4408,67,42,61,64,46.0,Low,0,0.0
3409,4409,46,36,62,54,37.0,Low,0,0.0
3410,4410,48,30,38,43,34.3,Low,0,0.0
3411,4411,59,62,75,67,68.8,Medium,1,4.61
3412,4412,61,50,68,64,53.5,Low,0,0.0
3413,4413,68,48,69,68,54.0,Low,0,0.0
3414,4414,68,59,77,72,63.8,Medium,0,0.0
3415,4415,52,40,63,57,48.0,Low,0,0.0
3416,4416,78,68,90,84,70.7,Medium,0,0.0
3417,4417,86,56,88,87,53.1,Low,0,0.0
3418,4418,81,42,71,76,45.3,Low,0,0.0
3419,4419,81,40,73,77,41.7,Low,0,0.0
3420,4420,77,67,74,75,72.0,Medium,1,15.41
3421,4421,61,33,49,55,47.8,Low,0,0.0
3422,4422,43,36,52,47,37.0,Low,0,0.0
3423,4423,92,79,95,93,79.4,Medium,1,11.51
3424,4424,100,83,96,98,80.5,High,1,9.33
3425,4425,84,49,80,82,44.7,Low,0,0.0
3426,4426,79,54,72,75,56.3,Low,0,0.0
3427,4427,80,61,84,82,57.6,Low,0,0.0
3428,4428,55,37,46,50,48.3,Low,0,0.0
3429,4429,71,53,73,72,53.7,Low,0,0.0
3430,4430,69,46,65,67,45.4,Low,0,0.0
3431,4431,94,59,86,90,61.1,Medium,0,0.0
3432,4432,68,60,69,68,62.6,Medium,0,0.0
3433,4433,65,65,78,71,63.0,Medium,1,10.41
3434,4434,99,79,88,93,81.5,High,1,13.02
3435,4435,68,42,67,67,47.3,Low,0,0.0
3436,4436,86,53,79,82,47.3,Low,0,0.0
3437,4437,61,56,67,64,59.9,Low,1,9.32
3438,4438,90,79,89,89,80.5,High,1,13.99
3439,4439,77,73,87,82,78.0,Medium,1,5.05
3440,4440,98,85,100,99,84.1,High,1,8.76
3441,4441,74,57,76,75,52.9,Low,0,0.0
3442,4442,60,46,68,64,47.6,Low,0,0.0
3443,4443,66,46,70,68,49.4,Low,0,0.0
3444,4444,78,58,74,76,54.7,Low,0,0.0
3445,4445,58,48,65,61,54.7,Low,0,0.0
3446,4446,46,36,39,42,42.6,Low,0,0.0
3447,4447,85,61,80,82,64.1,Medium,0,0.0
3448,4448,72,45,72,72,49.5,Low,0,0.0
3449,4449,79,58,85,82,54.8,Low,0,0.0
3450,4450,56,42,57,56,45.4,Low,0,0.0
3451,4451,80,48,75,77,49.1,Low,0,0.0
3452,4452,59,68,76,67,69.8,Medium,1,4.23
3453,4453,53,44,64,58,44.2,Low,0,0.0
3454,4454,68,62,79,73,63.8,Medium,0,0.0
3455,4455,73,51,71,72,58.6,Low,0,0.0
3456,4456,86,74,83,84,77.5,Medium,1,17.27
3457,4457,76,49,75,75,46.3,Low,0,0.0
3458,4458,64,54,63,63,61.5,Medium,0,0.0
3459,4459,71,50,76,73,46.8,Low,0,0.0
3460,4460,69,54,80,74,59.4,Low,0,0.0
3461,4461,69,62,68,68,63.2,Medium,0,0.0
3462,4462,82,67,85,83,71.2,Medium,1,16.82
3463,4463,53,47,66,59,46.2,Low,0,0.0
3464,4464,73,66,77,75,69.7,Medium,1,14.8
3465,4465,75,47,76,75,52.3,Low,0,0.0
3466,4466,76,57,68,72,64.0,Medium,1,5.04
3467,4467,69,72,92,80,71.6,Medium,1,17.19
3468,4468,57,34,54,55,36.6,Low,0,0.0
3469,4469,77,68,80,78,71.1,Medium,0,0.0
3470,4470,78,58,75,76,59.1,Low,1,4.23
3471,4471,82,57,79,80,64.8,Medium,0,0.0
3472,4472,93,70,88,90,71.5,Medium,0,0.0
3473,4473,53,44,57,55,48.3,Low,0,0.0
3474,4474,48,38,48,48,47.0,Low,0,0.0
3475,4475,63,43,54,58,49.8,Low,0,0.0
3476,4476,76,70,95,85,67.9,Medium,1,8.88
3477,4477,79,67,85,82,68.6,Medium,1,13.51
3478,4478,89,73,100,94,72.3,Medium,1,5.49
3479,4479,62,46,54,58,51.2,Low,0,0.0
3480,4480,58,71,76,67,73.2,Medium,0,0.0
3481,4481,68,45,73,70,45.5,Low,0,0.0
3482,4482,85,58,75,80,62.6,Medium,0,0.0
3483,4483,30,30,43,36,34.1,Low,0,0.0
3484,4484,76,57,82,79,59.6,Low,0,0.0
3485,4485,97,78,92,94,82.3,High,1,9.82
3486,4486,96,69,89,92,71.5,Medium,1,13.5
3487,4487,92,66,87,89,70.6,Medium,1,12.69
3488,4488,83,57,82,82,56.9,Low,0,0.0
3489,4489,65,53,64,64,60.6,Medium,0,0.0
3490,4490,67,61,70,68,61.3,Medium,1,13.08
3491,4491,60,40,62,61,50.8,Low,0,0.0
3492,4492,65,67,83,74,65.5,Medium,1,12.32
3493,4493,89,72,94,91,73.5,Medium,1,11.48
3494,4494,92,59,86,89,57.3,Low,0,0.0
3495,4495,53,30,37,45,39.9,Low,0,0.0
3496,4496,62,35,52,57,39.0,Low,0,0.0
3497,4497,79,71,77,78,75.8,Medium,1,15.86
3498,4498,74,61,66,70,66.9,Medium,1,5.99
3499,4499,78,65,84,81,69.9,Medium,1,5.62
3500,4500,81,60,69,75,65.5,Medium,1,15.81
3501,4501,84,45,66,75,50.8,Low,0,0.0
3502,4502,66,49,57,61,56.3,Low,0,0.0
3503,4503,74,67,74,74,72.2,Medium,0,0.0
3504,4504,100,82,100,100,83.5,High,1,16.36
3505,4505,65,37,53,59,44.4,Low,0,0.0
3506,4506,68,48,69,68,48.8,Low,0,0.0
3507,4507,45,34,54,49,41.8,Low,0,0.0
3508,4508,92,52,86,89,48.2,Low,0,0.0
3509,4509,79,63,74,76,63.9,Medium,1,16.16
3510,4510,67,60,88,77,61.2,Medium,0,0.0
3511,4511,84,58,79,81,58.7,Low,1,17.76
3512,4512,69,72,85,77,71.5,Medium,1,16.4
3513,4513,74,58,71,72,63.6,Medium,0,0.0
3514,4514,91,83,93,92,82.3,High,1,7.23
3515,4515,98,61,90,94,66.8,Medium,0,0.0
3516,4516,73,55,79,76,53.3,Low,0,0.0
3517,4517,60,42,56,58,42.5,Low,0,0.0
3518,4518,89,62,82,85,63.2,Medium,0,0.0
3519,4519,83,56,84,83,60.7,Medium,0,0.0
3520,4520,92,64,100,96,56.6,Low,0,0.0
3521,4521,72,45,63,67,55.9,Low,0,0.0
3522,4522,62,44,61,61,48.8,Low,0,0.0
3523,4523,92,66,86,89,74.9,Medium,1,10.6
3524,4524,73,56,66,69,65.9,Medium,1,4.19
3525,4525,65,61,76,70,58.5,Low,0,0.0
3526,4526,52,52,73,62,52.5,Low,0,0.0
3527,4527,77,50,68,72,58.7,Low,0,0.0
3528,4528,69,37,67,68,41.9,Low,0,0.0
3529,4529,79,61,91,85,58.8,Low,1,15.62
3530,4530,77,53,69,73,57.2,Low,0,0.0
3531,4531,58,36,55,56,42.5,Low,0,0.0
3532,4532,51,42,67,59,46.4,Low,0,0.0
3533,4533,66,72,80,73,76.0,Medium,1,17.86
3534,4534,95,64,86,90,70.2,Medium,1,8.1
3535,4535,71,47,74,72,43.2,Low,0,0.0
3536,4536,89,66,90,89,62.9,Medium,1,14.57
3537,4537,80,61,90,85,60.6,Medium,0,0.0
3538,4538,71,32,64,67,39.7,Low,0,0.0
3539,4539,55,55,61,58,63.5,Medium,0,0.0
3540,4540,92,68,85,88,66.3,Medium,1,8.09
3541,4541,93,75,91,92,74.8,Medium,1,6.91
3542,4542,62,49,60,61,51.9,Low,0,0.0
3543,4543,58,37,61,59,39.5,Low,0,0.0
3544,4544,87,82,99,93,80.6,High,1,8.11
3545,4545,66,59,66,66,62.1,Medium,0,0.0
3546,4546,66,39,51,58,45.3,Low,0,0.0
3547,4547,84,49,71,77,46.5,Low,0,0.0
3548,4548,88,78,100,94,73.6,Medium,1,6.65
3549,4549,36,38,52,44,43.5,Low,0,0.0
3550,4550,56,38,49,52,43.6,Low,0,0.0
3551,4551,87,69,83,85,78.8,Medium,1,4.42
3552,4552,100,85,100,100,84.7,High,1,6.15
3553,4553,93,73,100,96,74.4,Medium,1,4.87
3554,4554,87,74,74,80,78.5,Medium,1,7.5
3555,4555,85,52,73,79,57.7,Low,0,0.0
3556,4556,68,74,82,75,73.6,Medium,1,16.43
3557,4557,78,72,84,81,72.7,Medium,1,12.42
3558,4558,60,46,60,60,51.4,Low,0,0.0
3559,4559,64,50,64,64,55.1,Low,0,0.0
3560,4560,65,50,72,68,51.0,Low,0,0.0
3561,4561,87,67,89,88,65.3,Medium,1,14.65
3562,4562,100,73,100,100,77.8,Medium,1,6.03
3563,4563,64,42,70,67,43.0,Low,0,0.0
3564,4564,75,52,67,71,57.0,Low,0,0.0
3565,4565,100,74,94,97,78.3,Medium,1,7.14
3566,4566,88,60,79,83,62.1,Medium,0,0.0
3567,4567,62,53,65,63,57.4,Low,1,5.03
3568,4568,78,74,79,78,74.4,Medium,1,16.83
3569,4569,61,50,67,64,52.3,Low,0,0.0
3570,4570,86,69,86,86,65.2,Medium,1,10.35
3571,4571,81,59,82,81,62.3,Medium,0,0.0
3572,4572,75,51,65,70,52.7,Low,0,0.0
3573,4573,93,78,86,89,81.5,High,1,5.46
3574,4574,69,58,70,69,62.8,Medium,0,0.0
3575,4575,53,47,62,57,49.9,Low,0,0.0
3576,4576,84,80,99,91,75.3,Medium,1,14.39
3577,4577,100,80,100,100,81.8,High,1,4.09
3578,4578,76,63,81,78,68.5,Medium,1,10.37
3579,4579,54,39,60,57,45.7,Low,0,0.0
3580,4580,74,53,85,79,51.8,Low,0,0.0
3581,4581,78,30,53,65,38.3,Low,0,0.0
3582,4582,95,79,95,95,81.3,High,1,16.8
3583,4583,55,30,42,48,40.7,Low,0,0.0
3584,4584,79,77,94,86,73.1,Medium,1,10.86
3585,4585,100,69,97,98,70.9,Medium,1,10.78
3586,4586,68,61,72,70,68.4,Medium,0,0.0
3587,4587,60,62,72,66,62.4,Medium,1,8.53
3588,4588,53,35,53,53,38.2,Low,0,0.0
3589,4589,71,75,80,75,80.5,High,1,6.5
3590,4590,74,60,75,74,59.1,Low,0,0.0
3591,4591,46,40,67,56,42.1,Low,0,0.0
3592,4592,55,30,54,54,36.7,Low,0,0.0
3593,4593,92,70,77,84,77.0,Medium,1,9.93
3594,4594,98,73,82,90,77.8,Medium,1,17.68
3595,4595,92,80,100,96,82.2,High,1,16.62
3596,4596,91,59,86,88,60.2,Medium,0,0.0
3597,4597,78,73,86,82,73.5,Medium,1,14.8
3598,4598,72,77,84,78,76.2,Medium,1,10.63
3599,4599,48,37,46,47,41.6,Low,0,0.0
3600,4600,64,54,66,65,56.5,Low,0,0.0
3601,4601,61,58,75,68,59.6,Low,0,0.0
3602,4602,69,70,81,75,71.0,Medium,1,7.6
3603,4603,79,39,64,71,45.7,Low,0,0.0
3604,4604,78,55,72,75,57.7,Low,0,0.0
3605,4605,82,69,79,80,71.4,Medium,1,17.89
3606,4606,90,66,83,86,66.8,Medium,0,0.0
3607,4607,56,53,68,62,51.9,Low,0,0.0
3608,4608,94,71,86,90,71.0,Medium,1,8.07
3609,4609,92,79,93,92,78.0,Medium,1,5.51
3610,4610,50,36,48,49,44.1,Low,0,0.0
3611,4611,75,49,66,70,52.7,Low,0,0.0
3612,4612,76,61,67,71,67.2,Medium,1,12.37
3613,4613,63,42,52,57,53.0,Low,0,0.0
3614,4614,62,33,56,59,37.6,Low,0,0.0
3615,4615,89,66,83,86,68.6,Medium,0,0.0
3616,4616,94,74,79,86,73.8,Medium,1,16.31
3617,4617,49,41,54,51,39.9,Low,0,0.0
3618,4618,82,83,97,89,82.4,High,1,9.71
3619,4619,76,60,79,77,63.8,Medium,1,10.76
3620,4620,86,67,92,89,71.3,Medium,1,7.88
3621,4621,89,51,75,82,48.5,Low,0,0.0
3622,4622,84,61,90,87,58.5,Low,0,0.0
3623,4623,63,55,64,63,61.6,Medium,0,0.0
3624,4624,88,51,84,86,56.5,Low,0,0.0
3625,4625,80,71,96,88,74.0,Medium,1,4.01
3626,4626,63,50,59,61,57.0,Low,0,0.0
3627,4627,87,78,100,93,76.8,Medium,1,13.64
3628,4628,99,78,100,99,82.4,High,1,4.12
3629,4629,82,79,92,87,77.6,Medium,1,14.2
3630,4630,65,54,67,66,55.3,Low,0,0.0
3631,4631,81,66,76,78,69.7,Medium,1,12.17
3632,4632,88,73,86,87,76.5,Medium,1,4.17
3633,4633,94,78,100,97,75.5,Medium,1,4.64
3634,4634,56,61,80,68,56.5,Low,0,0.0
3635,4635,92,63,90,91,62.3,Medium,0,0.0
3636,4636,87,77,98,92,80.7,High,1,9.65
3637,4637,60,38,55,57,47.9,Low,0,0.0
3638,4638,86,80,100,93,78.2,Medium,1,7.93
3639,4639,97,70,94,95,69.6,Medium,0,0.0
3640,4640,77,48,64,70,48.4,Low,0,0.0
3641,4641,86,71,86,86,71.4,Medium,1,8.36
3642,4642,100,74,97,98,68.4,Medium,0,0.0
3643,4643,43,30,45,44,43.0,Low,0,0.0
3644,4644,52,48,68,60,45.0,Low,0,0.0
3645,4645,78,40,66,72,41.6,Low,0,0.0
3646,4646,100,74,92,96,80.9,High,1,5.71
3647,4647,66,55,75,70,60.5,Medium,0,0.0
3648,4648,83,53,88,85,55.4,Low,0,0.0
3649,4649,87,75,91,89,78.0,Medium,1,7.58
3650,4650,46,30,43,44,38.7,Low,0,0.0
3651,4651,100,68,84,92,67.9,Medium,1,4.6
3652,4652,70,57,73,71,61.8,Medium,1,13.99
3653,4653,67,45,62,64,46.7,Low,0,0.0
3654,4654,33,30,36,34,35.9,Low,0,0.0
3655,4655,66,41,51,58,46.9,Low,0,0.0
3656,4656,74,58,70,72,59.0,Low,0,0.0
3657,4657,47,35,53,50,42.0,Low,0,0.0
3658,4658,46,38,49,47,44.3,Low,0,0.0
3659,4659,86,65,88,87,64.5,Medium,0,0.0
3660,4660,48,40,45,46,48.3,Low,0,0.0
3661,4661,52,41,60,56,52.0,Low,0,0.0
3662,4662,79,60,79,79,57.8,Low,0,0.0
3663,4663,100,74,96,98,71.8,Medium,0,0.0
3664,4664,74,65,85,79,69.2,Medium,1,12.48
3665,4665,69,49,66,67,56.0,Low,0,0.0
3666,4666,94,72,80,87,76.3,Medium,1,5.07
3667,4667,95,71,100,97,70.0,Medium,1,16.45
3668,4668,65,39,61,63,44.2,Low,0,0.0
3669,4669,54,30,40,47,38.6,Low,0,0.0
3670,4670,100,73,100,100,75.7,Medium,1,17.34
3671,4671,58,39,54,56,45.8,Low,0,0.0
3672,4672,75,65,81,78,73.5,Medium,1,15.95
3673,4673,90,70,81,85,71.6,Medium,1,11.86
3674,4674,60,32,50,55,41.5,Low,0,0.0
3675,4675,74,78,93,83,77.9,Medium,1,17.07
3676,4676,34,30,40,37,34.7,Low,0,0.0
3677,4677,98,80,100,99,81.2,High,1,10.83
3678,4678,70,62,73,71,67.7,Medium,0,0.0
3679,4679,56,57,63,59,63.9,Medium,0,0.0
3680,4680,71,39,57,64,44.3,Low,0,0.0
3681,4681,94,72,88,91,71.8,Medium,1,7.84
3682,4682,50,43,63,56,42.1,Low,0,0.0
3683,4683,36,41,50,43,50.8,Low,0,0.0
3684,4684,84,61,81,82,62.4,Medium,0,0.0
3685,4685,54,48,70,62,52.0,Low,0,0.0
3686,4686,71,54,59,65,61.9,Medium,0,0.0
3687,4687,78,64,76,77,66.1,Medium,1,16.62
3688,4688,88,73,100,94,73.1,Medium,1,17.62
3689,4689,83,76,83,83,74.2,Medium,1,10.52
3690,4690,92,73,100,96,72.6,Medium,1,10.36
3691,4691,85,70,95,90,75.5,Medium,1,15.17
3692,4692,68,43,63,65,49.9,Low,0,0.0
3693,4693,100,82,94,97,80.2,High,1,10.55
3694,4694,100,85,100,100,83.2,High,1,10.1
3695,4695,75,49,57,66,56.6,Low,0,0.0
3696,4696,70,60,75,72,60.9,Medium,1,9.14
3697,4697,79,53,74,76,56.4,Low,0,0.0
3698,4698,97,70,95,96,70.4,Medium,1,14.83
3699,4699,77,60,74,75,62.3,Medium,1,11.86
3700,4700,54,51,56,55,54.7,Low,0,0.0
3701,4701,78,71,87,82,73.1,Medium,1,11.66
3702,4702,95,83,96,95,80.6,High,1,7.69
3703,4703,54,32,51,52,40.0,Low,0,0.0
3704,4704,79,56,74,76,53.5,Low,0,0.0
3705,4705,81,77,90,85,81.3,High,1,14.01
3706,4706,58,38,49,53,41.5,Low,0,0.0
3707,4707,44,36,49,46,42.9,Low,0,0.0
3708,4708,81,65,75,78,74.3,Medium,1,14.72
3709,4709,61,41,54,57,44.2,Low,0,0.0
3710,4710,67,43,62,64,47.4,Low,0,0.0
3711,4711,73,48,78,75,47.7,Low,0,0.0
3712,4712,54,38,58,56,42.2,Low,0,0.0
3713,4713,89,84,99,94,80.1,High,1,13.8
3714,4714,67,63,80,73,68.3,Medium,0,0.0
3715,4715,56,45,63,59,47.6,Low,0,0.0
3716,4716,80,53,74,77,59.7,Low,1,9.3
3717,4717,88,80,100,94,79.1,Medium,1,16.39
3718,4718,69,58,71,70,62.1,Medium,0,0.0
3719,4719,67,50,78,72,48.6,Low,0,0.0
3720,4720,100,50,83,91,49.2,Low,0,0.0
3721,4721,92,64,87,89,69.7,Medium,1,11.99
3722,4722,79,63,84,81,61.2,Medium,0,0.0
3723,4723,57,42,52,54,46.1,Low,0,0.0
3724,4724,73,47,76,74,44.9,Low,0,0.0
3725,4725,73,52,73,73,61.0,Medium,0,0.0
3726,4726,76,60,79,77,62.0,Medium,0,0.0
3727,4727,80,50,76,78,47.1,Low,0,0.0
3728,4728,70,56,71,70,61.1,Medium,1,6.28
3729,4729,85,64,86,85,69.5,Medium,1,12.82
3730,4730,78,51,81,79,54.7,Low,0,0.0
3731,4731,74,50,68,71,56.4,Low,0,0.0
3732,4732,80,64,73,76,62.2,Medium,0,0.0
3733,4733,96,71,86,91,74.9,Medium,1,11.23
3734,4734,100,79,89,94,81.6,High,1,15.18
3735,4735,75,69,79,77,69.0,Medium,1,17.08
3736,4736,85,50,69,77,55.4,Low,0,0.0
3737,4737,89,57,73,81,59.0,Low,0,0.0
3738,4738,97,74,83,90,78.4,Medium,1,11.2
3739,4739,65,53,65,65,53.0,Low,0,0.0
3740,4740,100,85,100,100,82.8,High,1,15.76
3741,4741,81,56,81,81,54.3,Low,0,0.0
3742,4742,62,49,57,59,54.8,Low,0,0.0
3743,4743,70,68,84,77,70.4,Medium,1,11.96
3744,4744,71,47,62,66,57.1,Low,0,0.0
3745,4745,75,49,66,70,56.2,Low,0,0.0
3746,4746,62,49,71,66,50.3,Low,0,0.0
3747,4747,40,44,61,50,40.2,Low,0,0.0
3748,4748,97,80,96,96,83.3,High,1,4.85
3749,4749,67,47,70,68,43.0,Low,0,0.0
3750,4750,64,44,74,69,47.6,Low,0,0.0
3751,4751,78,56,91,84,53.1,Low,0,0.0
3752,4752,58,48,64,61,55.7,Low,1,16.0
3753,4753,70,67,78,74,67.8,Medium,1,4.11
3754,4754,77,46,61,69,54.2,Low,0,0.0
3755,4755,47,30,36,41,36.0,Low,0,0.0
3756,4756,78,52,63,70,57.7,Low,0,0.0
3757,4757,47,33,52,49,37.5,Low,0,0.0
3758,4758,88,70,94,91,70.2,Medium,1,7.86
3759,4759,93,71,97,95,72.8,Medium,1,15.71
3760,4760,84,55,73,78,55.2,Low,0,0.0
3761,4761,89,69,96,92,69.0,Medium,1,15.1
3762,4762,90,60,74,82,67.3,Medium,1,9.04
3763,4763,100,55,96,98,48.8,Low,0,0.0
3764,4764,75,52,76,75,46.2,Low,0,0.0
3765,4765,50,36,44,47,43.4,Low,0,0.0
3766,4766,58,39,64,61,37.8,Low,0,0.0
3767,4767,61,34,47,54,47.4,Low,0,0.0
3768,4768,100,80,100,100,79.5,Medium,1,17.29
3769,4769,80,63,85,82,64.4,Medium,0,0.0
3770,4770,86,56,80,83,59.1,Low,0,0.0
3771,4771,66,57,68,67,64.4,Medium,0,0.0
3772,4772,80,63,70,75,68.8,Medium,0,0.0
3773,4773,65,48,58,61,52.9,Low,0,0.0
3774,4774,83,52,76,79,46.5,Low,0,0.0
3775,4775,74,55,79,76,60.3,Medium,0,0.0
3776,4776,45,43,45,45,46.7,Low,0,0.0
3777,4777,92,79,99,95,82.2,High,1,13.3
3778,4778,62,39,50,56,45.8,Low,0,0.0
3779,4779,57,47,63,60,46.2,Low,0,0.0
3780,4780,45,30,45,45,35.3,Low,0,0.0
3781,4781,86,64,97,91,58.3,Low,0,0.0
3782,4782,73,61,76,74,62.0,Medium,0,0.0
3783,4783,42,31,42,42,39.2,Low,0,0.0
3784,4784,75,51,70,72,56.3,Low,0,0.0
3785,4785,75,52,73,74,50.2,Low,0,0.0
3786,4786,88,55,79,83,63.9,Medium,0,0.0
3787,4787,91,77,94,92,73.8,Medium,0,0.0
3788,4788,94,87,100,97,81.2,High,1,4.34
3789,4789,69,53,71,70,63.0,Medium,1,12.94
3790,4790,62,72,78,70,76.8,Medium,1,10.73
3791,4791,80,62,88,84,63.5,Medium,0,0.0
3792,4792,44,33,52,48,40.3,Low,0,0.0
3793,4793,84,49,70,77,54.0,Low,0,0.0
3794,4794,84,64,83,83,66.9,Medium,0,0.0
3795,4795,49,34,55,52,41.3,Low,0,0.0
3796,4796,71,55,88,79,54.7,Low,0,0.0
3797,4797,72,50,77,74,50.1,Low,0,0.0
3798,4798,63,51,61,62,60.6,Medium,1,15.07
3799,4799,61,36,58,59,41.9,Low,0,0.0
3800,4800,66,30,50,58,35.3,Low,0,0.0
3801,4801,85,47,67,76,52.8,Low,0,0.0
3802,4802,67,52,73,70,54.0,Low,0,0.0
3803,4803,57,30,52,54,38.7,Low,0,0.0
3804,4804,83,64,83,83,67.5,Medium,1,9.55
3805,4805,86,72,88,87,68.3,Medium,1,9.12
3806,4806,70,50,73,71,51.7,Low,0,0.0
3807,4807,69,57,69,69,62.9,Medium,0,0.0
3808,4808,77,63,81,79,70.0,Medium,1,11.99
3809,4809,58,43,68,63,48.9,Low,0,0.0
3810,4810,57,35,53,55,38.3,Low,0,0.0
3811,4811,51,45,53,52,51.5,Low,0,0.0
3812,4812,54,40,63,58,40.2,Low,0,0.0
3813,4813,65,45,62,63,45.4,Low,0,0.0
3814,4814,79,75,90,84,72.9,Medium,1,14.71
3815,4815,97,71,92,94,73.2,Medium,1,5.92
3816,4816,82,73,91,86,72.5,Medium,0,0.0
3817,4817,100,79,99,99,80.8,High,1,7.12
3818,4818,67,68,94,80,65.2,Medium,1,5.19
3819,4819,59,56,66,62,65.0,Medium,0,0.0
3820,4820,80,85,96,88,86.7,High,1,6.22
3821,4821,93,67,92,92,62.1,Medium,0,0.0
3822,4822,59,52,76,67,52.9,Low,0,0.0
3823,4823,99,74,96,97,70.1,Medium,1,8.97
3824,4824,100,77,99,99,81.7,High,1,14.53
3825,4825,69,41,68,68,44.6,Low,0,0.0
3826,4826,75,63,74,74,68.4,Medium,1,4.92
3827,4827,63,48,65,64,49.7,Low,0,0.0
3828,4828,40,30,40,40,36.6,Low,0,0.0
3829,4829,91,72,81,86,77.7,Medium,1,7.72
3830,4830,74,71,83,78,73.2,Medium,1,8.12
3831,4831,65,74,78,71,78.2,Medium,1,16.03
3832,4832,89,72,91,90,79.2,Medium,1,9.86
3833,4833,79,49,70,74,51.5,Low,0,0.0
3834,4834,68,58,74,71,61.6,Medium,0,0.0
3835,4835,96,80,100,98,82.1,High,1,9.78
3836,4836,69,41,55,62,43.7,Low,0,0.0
3837,4837,82,60,78,80,60.8,Medium,0,0.0
3838,4838,72,31,45,58,40.6,Low,0,0.0
3839,4839,40,35,52,46,40.1,Low,0,0.0
3840,4840,35,30,42,38,36.3,Low,0,0.0
3841,4841,88,71,87,87,74.4,Medium,1,10.86
3842,4842,80,59,76,78,58.4,Low,0,0.0
3843,4843,95,59,83,89,61.4,Medium,0,0.0
3844,4844,95,74,93,94,74.8,Medium,1,5.95
3845,4845,56,37,57,56,45.4,Low,0,0.0
3846,4846,62,36,48,55,46.1,Low,0,0.0
3847,4847,85,73,90,87,68.2,Medium,0,0.0
3848,4848,80,61,76,78,65.5,Medium,0,0.0
3849,4849,87,59,76,81,64.9,Medium,0,0.0
3850,4850,97,73,91,94,76.6,Medium,1,6.05
3851,4851,68,57,72,70,56.1,Low,0,0.0
3852,4852,84,59,73,78,72.0,Medium,1,12.23
3853,4853,95,64,83,89,70.4,Medium,1,17.51
3854,4854,83,62,79,81,64.6,Medium,0,0.0
3855,4855,62,42,52,57,50.5,Low,0,0.0
3856,4856,82,61,80,81,64.7,Medium,0,0.0
3857,4857,71,61,77,74,61.6,Medium,1,4.07
3858,4858,30,30,41,35,35.4,Low,0,0.0
3859,4859,81,53,69,75,55.6,Low,0,0.0
3860,4860,63,74,79,71,74.0,Medium,1,8.98
3861,4861,97,78,100,98,76.3,Medium,1,8.86
3862,4862,81,40,73,77,41.4,Low,0,0.0
3863,4863,79,63,95,87,59.5,Low,0,0.0
3864,4864,56,59,77,66,60.0,Medium,0,0.0
3865,4865,100,73,91,95,74.9,Medium,1,16.96
3866,4866,94,74,94,94,75.8,Medium,1,5.85
3867,4867,88,55,72,80,57.1,Low,0,0.0
3868,4868,100,77,99,99,76.8,Medium,1,15.02
3869,4869,74,49,70,72,50.6,Low,0,0.0
3870,4870,87,53,78,82,53.8,Low,0,0.0
3871,4871,96,78,92,94,81.6,High,1,6.7
3872,4872,65,34,68,66,38.6,Low,0,0.0
3873,4873,78,71,78,78,79.8,Medium,1,16.23
3874,4874,71,61,77,74,68.0,Medium,0,0.0
3875,4875,83,67,92,87,68.9,Medium,1,14.41
3876,4876,82,54,76,79,58.1,Low,0,0.0
3877,4877,75,45,68,71,52.3,Low,0,0.0
3878,4878,62,47,56,59,55.9,Low,1,9.61
3879,4879,54,42,60,57,44.2,Low,0,0.0
3880,4880,78,48,68,73,53.3,Low,0,0.0
3881,4881,60,49,57,58,58.0,Low,1,9.67
3882,4882,89,73,87,88,72.7,Medium,0,0.0
3883,4883,72,54,80,76,53.2,Low,0,0.0
3884,4884,88,59,90,89,59.0,Low,0,0.0
3885,4885,73,48,75,74,49.1,Low,0,0.0
3886,4886,93,66,100,96,64.0,Medium,0,0.0
3887,4887,100,59,90,95,61.6,Medium,1,15.37
3888,4888,76,70,80,78,71.5,Medium,1,17.58
3889,4889,68,54,71,69,53.5,Low,0,0.0
3890,4890,69,60,75,72,64.9,Medium,0,0.0
3891,4891,84,60,79,81,59.7,Low,0,0.0
3892,4892,94,80,100,97,83.1,High,1,8.66
3893,4893,85,71,83,84,73.4,Medium,1,6.76
3894,4894,59,43,53,56,48.1,Low,0,0.0
3895,4895,67,52,77,72,52.9,Low,0,0.0
3896,4896,56,49,67,61,60.8,Medium,0,0.0
3897,4897,87,84,95,91,82.8,High,1,13.9
3898,4898,89,53,72,80,51.0,Low,0,0.0
3899,4899,91,68,85,88,69.1,Medium,1,13.68
3900,4900,79,54,81,80,53.9,Low,0,0.0
3901,4901,81,59,77,79,66.4,Medium,0,0.0
3902,4902,100,75,90,95,74.3,Medium,1,15.47
3903,4903,77,56,70,73,60.0,Medium,0,0.0
3904,4904,74,55,72,73,57.8,Low,0,0.0
3905,4905,69,41,69,69,42.3,Low,0,0.0
3906,4906,99,73,86,92,76.2,Medium,1,5.53
3907,4907,66,56,71,68,59.4,Low,0,0.0
3908,4908,90,61,76,83,62.9,Medium,0,0.0
3909,4909,97,80,100,98,81.1,High,1,8.97
3910,4910,59,42,57,58,48.1,Low,0,0.0
3911,4911,47,41,64,55,41.5,Low,0,0.0
3912,4912,82,69,83,82,74.3,Medium,0,0.0
3913,4913,93,78,91,92,80.6,High,1,11.04
3914,4914,42,40,53,47,40.3,Low,0,0.0
3915,4915,61,43,54,57,55.7,Low,0,0.0
3916,4916,72,40,63,67,47.8,Low,0,0.0
3917,4917,75,48,65,70,57.8,Low,0,0.0
3918,4918,89,54,73,81,63.6,Medium,1,14.83
3919,4919,75,64,86,80,65.3,Medium,0,0.0
3920,4920,68,48,82,75,46.8,Low,0,0.0
3921,4921,100,83,100,100,81.1,High,1,15.16
3922,4922,66,66,81,73,62.8,Medium,1,13.94
3923,4923,92,71,89,90,77.3,Medium,1,17.78
3924,4924,94,72,89,91,68.4,Medium,0,0.0
3925,4925,100,75,90,95,79.3,Medium,1,15.15
3926,4926,54,38,52,53,39.5,Low,0,0.0
3927,4927,82,65,74,78,66.2,Medium,1,16.38
3928,4928,96,75,87,91,76.8,Medium,1,14.84
3929,4929,73,63,90,81,64.5,Medium,0,0.0
3930,4930,54,43,59,56,47.1,Low,0,0.0
3931,4931,56,30,49,52,32.2,Low,0,0.0
3932,4932,83,62,88,85,62.6,Medium,0,0.0
3933,4933,51,35,52,51,41.2,Low,0,0.0
3934,4934,89,72,85,87,80.7,High,1,15.2
3935,4935,88,65,78,83,64.7,Medium,1,13.63
3936,4936,81,66,73,77,71.3,Medium,1,16.22
3937,4937,77,50,72,74,48.0,Low,0,0.0
3938,4938,73,62,68,70,66.9,Medium,1,8.55
3939,4939,48,30,47,47,38.2,Low,0,0.0
3940,4940,94,70,84,89,71.5,Medium,1,4.45
3941,4941,86,56,81,83,60.2,Medium,1,10.36
3942,4942,94,79,88,91,78.7,Medium,1,17.52
3943,4943,80,75,86,83,78.2,Medium,1,6.8
3944,4944,51,40,49,50,50.8,Low,0,0.0
3945,4945,75,48,69,72,44.2,Low,0,0.0
3946,4946,62,48,68,65,57.2,Low,0,0.0
3947,4947,71,65,82,76,62.4,Medium,0,0.0
3948,4948,72,53,74,73,55.4,Low,0,0.0
3949,4949,72,45,69,70,50.3,Low,0,0.0
3950,4950,74,73,87,80,73.0,Medium,1,17.78
3951,4951,76,54,84,80,51.3,Low,0,0.0
3952,4952,100,77,95,97,82.1,High,1,4.96
3953,4953,90,68,86,88,77.0,Medium,1,9.91
3954,4954,60,58,71,65,65.1,Medium,1,9.31
3955,4955,73,46,71,72,46.4,Low,0,0.0
3956,4956,84,69,82,83,73.2,Medium,1,7.67
3957,4957,46,35,52,49,44.5,Low,0,0.0
3958,4958,62,49,70,66,43.6,Low,0,0.0
3959,4959,55,48,61,58,55.6,Low,0,0.0
3960,4960,58,47,67,62,43.9,Low,0,0.0
3961,4961,65,41,69,67,47.3,Low,0,0.0
3962,4962,71,48,69,70,50.5,Low,0,0.0
3963,4963,77,55,72,74,57.5,Low,0,0.0
3964,4964,81,58,85,83,57.3,Low,0,0.0
3965,4965,62,56,66,64,64.6,Medium,0,0.0
3966,4966,59,39,51,55,47.0,Low,0,0.0
3967,4967,85,52,63,74,56.1,Low,0,0.0
3968,4968,44,37,61,52,43.9,Low,0,0.0
3969,4969,74,51,89,81,50.0,Low,0,0.0
3970,4970,86,62,79,82,71.2,Medium,0,0.0
3971,4971,69,61,76,72,61.5,Medium,0,0.0
3972,4972,82,72,84,83,74.5,Medium,1,12.52
3973,4973,69,66,77,73,74.0,Medium,0,0.0
3974,4974,88,67,93,90,63.4,Medium,0,0.0
3975,4975,86,74,96,91,71.7,Medium,1,6.9
3976,4976,94,80,100,97,79.3,Medium,1,15.08
3977,4977,91,72,93,92,67.2,Medium,1,6.39
3978,4978,100,74,97,98,69.9,Medium,1,8.79
3979,4979,100,67,92,96,74.0,Medium,1,8.04
3980,4980,38,34,37,37,42.2,Low,0,0.0
3981,4981,63,58,70,66,64.3,Medium,0,0.0
3982,4982,62,35,63,62,37.1,Low,0,0.0
3983,4983,67,30,61,64,36.4,Low,0,0.0
3984,4984,72,43,66,69,44.8,Low,0,0.0
3985,4985,40,30,47,43,35.2,Low,0,0.0
3986,4986,100,77,90,95,76.6,Medium,1,14.55
3987,4987,92,60,83,87,58.5,Low,0,0.0
3988,4988,100,84,98,99,84.1,High,1,15.57
3989,4989,96,85,100,98,82.2,High,1,15.72
3990,4990,59,36,54,56,39.3,Low,0,0.0
3991,4991,66,49,66,66,52.5,Low,0,0.0
3992,4992,70,38,62,66,42.5,Low,0,0.0
3993,4993,39,30,43,41,36.7,Low,0,0.0
3994,4994,30,30,36,33,33.5,Low,0,0.0
3995,4995,94,69,93,93,70.4,Medium,1,6.4
3996,4996,92,74,88,90,79.9,Medium,1,7.31
3997,4997,92,60,89,90,59.6,Low,0,0.0
3998,4998,82,81,89,85,82.8,High,1,4.71
3999,4999,79,56,77,78,62.8,Medium,1,10.95
4000,5000,97,68,86,91,69.8,Medium,1,4.15
4001,5001,100,79,89,94,82.1,High,1,9.7
4002,5002,73,63,71,72,65.2,Medium,0,0.0
4003,5003,67,52,63,65,57.2,Low,0,0.0
4004,5004,72,51,67,69,58.2,Low,0,0.0
4005,5005,93,80,100,96,82.8,High,1,17.65
4006,5006,54,41,50,52,48.1,Low,0,0.0
4007,5007,62,44,62,62,50.8,Low,0,0.0
4008,5008,75,43,55,65,50.4,Low,0,0.0
4009,5009,82,67,84,83,71.1,Medium,1,8.07
4010,5010,86,80,100,93,79.3,Medium,1,13.72
4011,5011,81,53,82,81,51.9,Low,0,0.0
4012,5012,40,30,40,40,36.0,Low,0,0.0
4013,5013,80,50,73,76,49.8,Low,0,0.0
4014,5014,75,52,73,74,57.4,Low,0,0.0
4015,5015,57,30,45,51,35.7,Low,0,0.0
4016,5016,100,83,92,96,85.5,High,1,12.49
4017,5017,100,74,84,92,78.8,Medium,1,17.28
4018,5018,79,61,76,77,60.6,Medium,1,12.53
4019,5019,84,50,72,78,53.5,Low,0,0.0
4020,5020,93,61,81,87,66.2,Medium,1,12.01
4021,5021,97,76,88,92,79.8,Medium,1,12.81
4022,5022,42,34,51,46,40.0,Low,0,0.0
4023,5023,53,36,44,48,43.6,Low,0,0.0
4024,5024,86,67,83,84,65.8,Medium,1,10.81
4025,5025,61,43,55,58,48.4,Low,0,0.0
4026,5026,69,41,58,63,44.4,Low,0,0.0
4027,5027,93,61,77,85,66.1,Medium,1,7.74
4028,5028,85,70,76,80,76.3,Medium,1,4.92
4029,5029,63,43,69,66,46.3,Low,0,0.0
4030,5030,92,79,98,95,79.3,Medium,1,13.39
4031,5031,61,53,74,67,59.6,Low,0,0.0
4032,5032,76,61,86,81,63.7,Medium,0,0.0
4033,5033,50,36,55,52,39.9,Low,0,0.0
4034,5034,63,51,74,68,52.3,Low,0,0.0
4035,5035,52,42,61,56,46.5,Low,0,0.0
4036,5036,66,56,71,68,54.8,Low,0,0.0
4037,5037,69,57,72,70,58.6,Low,0,0.0
4038,5038,87,73,87,87,76.7,Medium,1,11.88
4039,5039,92,68,90,91,67.2,Medium,0,0.0
4040,5040,59,37,61,60,40.9,Low,0,0.0
4041,5041,65,51,65,65,55.2,Low,1,14.88
4042,5042,65,39,54,59,41.3,Low,0,0.0
4043,5043,100,68,87,93,75.4,Medium,1,16.72
4044,5044,87,65,88,87,64.2,Medium,1,15.02
4045,5045,48,30,42,45,36.3,Low,0,0.0
4046,5046,60,43,62,61,47.3,Low,0,0.0
4047,5047,66,54,67,66,57.6,Low,0,0.0
4048,5048,87,85,100,93,81.4,High,1,4.94
4049,5049,86,78,86,86,78.7,Medium,1,14.81
4050,5050,84,69,82,83,67.6,Medium,1,7.11
4051,5051,100,82,91,95,82.8,High,1,13.81
4052,5052,70,41,58,64,45.6,Low,0,0.0
4053,5053,70,44,57,63,50.9,Low,0,0.0
4054,5054,72,40,59,65,47.0,Low,0,0.0
4055,5055,96,76,97,96,76.7,Medium,1,9.62
4056,5056,72,55,74,73,61.9,Medium,0,0.0
4057,5057,100,75,100,100,76.5,Medium,1,4.62
4058,5058,72,64,73,72,65.9,Medium,0,0.0
4059,5059,82,58,80,81,57.8,Low,1,9.37
4060,5060,73,60,74,73,66.1,Medium,1,4.49
4061,5061,60,43,63,61,41.8,Low,0,0.0
4062,5062,90,74,93,91,74.2,Medium,1,10.77
4063,5063,62,41,65,63,47.8,Low,0,0.0
4064,5064,81,56,81,81,58.5,Low,0,0.0
4065,5065,79,68,90,84,66.4,Medium,0,0.0
4066,5066,81,68,87,84,73.9,Medium,1,4.2
4067,5067,74,39,55,64,48.7,Low,0,0.0
4068,5068,59,41,54,56,48.2,Low,0,0.0
4069,5069,68,48,78,73,51.7,Low,0,0.0
4070,5070,61,40,53,57,46.8,Low,0,0.0
4071,5071,72,56,70,71,56.2,Low,0,0.0
4072,5072,67,45,69,68,50.6,Low,0,0.0
4073,5073,90,64,83,86,64.5,Medium,0,0.0
4074,5074,78,66,76,77,74.8,Medium,1,9.8
4075,5075,100,80,100,100,82.0,High,1,14.58
4076,5076,56,30,41,48,32.8,Low,0,0.0
4077,5077,100,78,96,98,77.0,Medium,1,8.25
4078,5078,65,40,62,63,44.3,Low,0,0.0
4079,5079,100,73,100,100,72.4,Medium,1,16.85
4080,5080,88,83,97,92,83.7,High,1,13.43
4081,5081,74,62,86,80,60.6,Medium,0,0.0
4082,5082,73,50,82,77,50.0,Low,0,0.0
4083,5083,69,42,67,68,50.6,Low,0,0.0
4084,5084,79,58,75,77,66.3,Medium,1,7.48
4085,5085,88,82,91,89,82.3,High,1,12.16
4086,5086,98,80,100,99,80.9,High,1,14.88
4087,5087,75,47,80,77,51.2,Low,0,0.0
4088,5088,95,77,94,94,81.3,High,1,8.61
4089,5089,97,80,95,96,83.7,High,1,7.15
4090,5090,62,33,48,55,39.9,Low,0,0.0
4091,5091,93,73,87,90,81.1,High,1,15.26
4092,5092,75,60,93,84,59.6,Low,0,0.0
4093,5093,62,38,59,60,39.8,Low,0,0.0
4094,5094,100,70,85,92,77.0,Medium,1,6.72
4095,5095,100,75,95,97,77.8,Medium,1,9.68
4096,5096,79,42,61,70,48.7,Low,0,0.0
4097,5097,68,56,67,67,61.7,Medium,0,0.0
4098,5098,56,37,47,51,48.4,Low,0,0.0
4099,5099,99,76,96,97,74.6,Medium,1,16.86
4100,5100,63,35,56,59,38.6,Low,0,0.0
4101,5101,79,58,79,79,62.3,Medium,0,0.0
4102,5102,80,48,78,79,48.0,Low,0,0.0
4103,5103,90,66,86,88,72.4,Medium,1,13.85
4104,5104,98,77,89,93,77.1,Medium,1,4.62
4105,5105,68,48,65,66,52.8,Low,0,0.0
4106,5106,57,47,67,62,49.4,Low,0,0.0
4107,5107,91,67,89,90,70.5,Medium,1,9.77
4108,5108,58,48,59,58,46.4,Low,1,13.52
4109,5109,90,72,88,89,69.0,Medium,0,0.0
4110,5110,72,51,67,69,56.7,Low,0,0.0
4111,5111,78,50,69,73,55.9,Low,0,0.0
4112,5112,91,67,82,86,67.0,Medium,0,0.0
4113,5113,98,79,89,93,81.5,High,1,14.08
4114,5114,78,54,77,77,56.3,Low,0,0.0
4115,5115,82,61,67,74,66.9,Medium,1,6.26
4116,5116,99,73,100,99,73.4,Medium,1,17.53
4117,5117,57,36,50,53,46.4,Low,0,0.0
4118,5118,88,66,91,89,67.1,Medium,0,0.0
4119,5119,60,39,54,57,41.3,Low,0,0.0
4120,5120,74,52,83,78,54.1,Low,0,0.0
4121,5121,76,72,92,84,66.5,Medium,0,0.0
4122,5122,96,83,100,98,81.6,High,1,12.19
4123,5123,92,72,88,90,76.6,Medium,1,8.96
4124,5124,57,52,72,64,49.0,Low,0,0.0
4125,5125,100,73,100,100,77.7,Medium,1,11.74
4126,5126,98,70,81,89,74.9,Medium,1,15.15
4127,5127,83,80,100,91,80.9,High,1,15.59
4128,5128,52,35,46,49,43.0,Low,0,0.0
4129,5129,77,49,66,71,58.3,Low,0,0.0
4130,5130,51,39,51,51,41.4,Low,0,0.0
4131,5131,60,49,66,63,48.5,Low,0,0.0
4132,5132,58,49,66,62,52.0,Low,0,0.0
4133,5133,100,80,100,100,78.9,Medium,1,6.52
4134,5134,100,82,100,100,82.6,High,1,11.19
4135,5135,39,35,42,40,39.0,Low,0,0.0
4136,5136,88,65,84,86,66.3,Medium,0,0.0
4137,5137,70,48,78,74,48.2,Low,0,0.0
4138,5138,61,46,69,65,46.7,Low,0,0.0
4139,5139,100,80,96,98,82.6,High,1,13.19
4140,5140,79,67,74,76,76.4,Medium,1,5.84
4141,5141,72,46,79,75,49.1,Low,0,0.0
4142,5142,100,78,96,98,76.6,Medium,1,14.76
4143,5143,74,34,55,64,40.0,Low,0,0.0
4144,5144,91,75,85,88,77.9,Medium,1,10.33
4145,5145,65,30,57,61,39.1,Low,0,0.0
4146,5146,91,68,95,93,72.2,Medium,1,14.24
4147,5147,86,68,90,88,69.5,Medium,1,10.46
4148,5148,73,58,74,73,55.9,Low,0,0.0
4149,5149,92,59,87,89,57.9,Low,1,14.27
4150,5150,81,71,87,84,76.0,Medium,1,10.02
4151,5151,73,53,75,74,55.8,Low,0,0.0
4152,5152,86,72,89,87,75.4,Medium,1,14.1
4153,5153,100,67,89,94,70.9,Medium,1,6.9
4154,5154,94,60,92,93,60.1,Medium,0,0.0
4155,5155,35,34,40,37,40.4,Low,0,0.0
4156,5156,70,58,74,72,57.3,Low,1,9.08
4157,5157,100,77,98,99,77.3,Medium,1,14.98
4158,5158,43,30,53,48,32.2,Low,0,0.0
4159,5159,99,85,100,99,82.4,High,1,6.01
4160,5160,49,53,65,57,55.2,Low,0,0.0
4161,5161,96,72,93,94,72.3,Medium,1,17.56
4162,5162,53,32,51,52,38.5,Low,0,0.0
4163,5163,100,83,100,100,83.1,High,1,4.16
4164,5164,100,66,86,93,70.0,Medium,1,10.0
4165,5165,80,70,85,82,77.7,Medium,1,9.6
4166,5166,47,30,46,46,34.5,Low,0,0.0
4167,5167,91,73,96,93,78.7,Medium,1,11.29
4168,5168,90,62,83,86,63.9,Medium,1,17.57
4169,5169,96,72,93,94,74.3,Medium,0,0.0
4170,5170,83,53,89,86,57.1,Low,1,15.84
4171,5171,65,40,62,63,44.6,Low,0,0.0
4172,5172,71,68,76,73,70.1,Medium,1,14.95
4173,5173,69,39,61,65,45.5,Low,0,0.0
4174,5174,58,45,72,65,41.1,Low,0,0.0
4175,5175,86,70,85,85,75.6,Medium,1,8.91
4176,5176,100,78,90,95,79.5,Medium,1,5.04
4177,5177,84,67,79,81,72.5,Medium,1,7.24
4178,5178,100,73,100,100,74.1,Medium,1,9.14
4179,5179,88,81,92,90,81.4,High,1,5.04
4180,5180,76,64,69,72,73.0,Medium,0,0.0
4181,5181,86,72,84,85,72.6,Medium,1,16.29
4182,5182,60,35,52,56,40.1,Low,0,0.0
4183,5183,81,57,73,77,62.2,Medium,1,4.39
4184,5184,93,81,97,95,82.0,High,1,13.0
4185,5185,86,64,76,81,66.3,Medium,1,13.22
4186,5186,74,65,84,79,70.8,Medium,1,11.97
4187,5187,96,71,86,91,73.2,Medium,1,9.68
4188,5188,52,47,63,57,54.3,Low,0,0.0
4189,5189,58,38,66,62,38.5,Low,0,0.0
4190,5190,78,63,71,74,68.0,Medium,1,16.56
4191,5191,88,63,94,91,61.5,Medium,1,12.49
4192,5192,52,50,68,60,53.8,Low,0,0.0
4193,5193,79,78,97,88,81.6,High,1,10.21
4194,5194,92,55,89,90,54.3,Low,0,0.0
4195,5195,95,70,89,92,70.5,Medium,1,8.21
4196,5196,57,34,50,53,38.7,Low,0,0.0
4197,5197,72,48,74,73,52.0,Low,0,0.0
4198,5198,54,35,56,55,38.8,Low,0,0.0
4199,5199,97,80,100,98,82.6,High,1,9.43
4200,5200,74,57,79,76,61.6,Medium,0,0.0
4201,5201,81,63,85,83,63.1,Medium,0,0.0
4202,5202,100,70,95,97,66.3,Medium,1,15.43
4203,5203,88,67,78,83,74.2,Medium,1,11.22
4204,5204,89,71,92,90,75.8,Medium,1,8.23
4205,5205,100,80,100,100,79.6,Medium,1,9.41
4206,5206,79,67,78,78,66.4,Medium,0,0.0
4207,5207,60,36,45,52,40.9,Low,0,0.0
4208,5208,70,39,64,67,45.6,Low,0,0.0
4209,5209,67,58,60,63,61.9,Medium,0,0.0
4210,5210,74,69,83,78,70.2,Medium,1,15.97
4211,5211,95,83,93,94,81.7,High,1,6.94
4212,5212,100,83,100,100,84.3,High,1,4.26
4213,5213,71,51,79,75,49.0,Low,0,0.0
4214,5214,100,82,94,97,81.6,High,1,7.3
4215,5215,70,60,68,69,63.3,Medium,1,7.45
4216,5216,61,53,64,62,54.9,Low,0,0.0
4217,5217,86,64,72,79,65.7,Medium,1,9.34
4218,5218,77,49,80,78,43.3,Low,0,0.0
4219,5219,64,42,67,65,48.0,Low,0,0.0
4220,5220,66,72,74,70,77.0,Medium,1,10.73
4221,5221,85,87,100,92,84.4,High,1,10.09
4222,5222,80,65,80,80,67.6,Medium,1,8.3
4223,5223,72,51,65,68,54.2,Low,0,0.0
4224,5224,79,51,70,74,54.7,Low,0,0.0
4225,5225,73,73,90,81,75.0,Medium,1,8.6
4226,5226,96,82,100,98,81.7,High,1,4.03
4227,5227,63,61,70,66,63.6,Medium,0,0.0
4228,5228,74,48,65,69,56.9,Low,0,0.0
4229,5229,82,66,81,81,67.4,Medium,1,15.45
4230,5230,65,49,71,68,53.9,Low,0,0.0
4231,5231,67,56,61,64,59.5,Low,0,0.0
4232,5232,75,82,95,85,76.8,Medium,1,14.88
4233,5233,81,76,83,82,75.1,Medium,1,10.15
4234,5234,88,70,81,84,74.0,Medium,1,11.22
4235,5235,82,53,65,73,61.9,Medium,1,17.67
4236,5236,56,51,65,60,50.2,Low,0,0.0
4237,5237,61,52,63,62,54.2,Low,0,0.0
4238,5238,77,44,80,78,44.3,Low,0,0.0
4239,5239,68,45,67,67,46.3,Low,0,0.0
4240,5240,56,44,50,53,52.6,Low,0,0.0
4241,5241,74,64,73,73,65.5,Medium,0,0.0
4242,5242,100,78,100,100,78.4,Medium,1,5.83
4243,5243,47,41,68,57,40.5,Low,0,0.0
4244,5244,96,87,100,98,85.9,High,1,4.26
4245,5245,60,34,54,57,40.9,Low,0,0.0
4246,5246,82,67,74,78,75.7,Medium,1,12.69
4247,5247,100,78,100,100,77.2,Medium,1,12.63
4248,5248,86,71,91,88,66.0,Medium,1,14.5
4249,5249,66,53,64,65,60.8,Medium,0,0.0
4250,5250,81,56,66,73,61.6,Medium,1,5.18
4251,5251,100,79,97,98,76.3,Medium,1,5.39
4252,5252,58,30,45,51,34.8,Low,0,0.0
4253,5253,91,57,86,88,60.9,Medium,0,0.0
4254,5254,75,55,69,72,66.6,Medium,0,0.0
4255,5255,100,75,100,100,75.2,Medium,1,16.94
4256,5256,69,48,68,68,52.5,Low,0,0.0
4257,5257,100,70,100,100,70.2,Medium,1,17.93
4258,5258,57,37,53,55,45.9,Low,0,0.0
4259,5259,74,58,84,79,57.1,Low,0,0.0
4260,5260,88,75,94,91,76.3,Medium,0,0.0
4261,5261,80,56,76,78,65.3,Medium,1,8.71
4262,5262,88,62,83,85,68.6,Medium,1,8.01
4263,5263,97,70,85,91,77.4,Medium,1,5.8
4264,5264,66,56,70,68,59.0,Low,0,0.0
4265,5265,56,42,62,59,49.2,Low,0,0.0
4266,5266,72,61,85,78,59.6,Low,0,0.0
4267,5267,71,64,82,76,69.5,Medium,1,14.63
4268,5268,83,66,77,80,64.2,Medium,0,0.0
4269,5269,100,71,100,100,73.9,Medium,0,0.0
4270,5270,78,58,80,79,56.9,Low,0,0.0
4271,5271,70,44,70,70,48.5,Low,0,0.0
4272,5272,74,54,67,70,60.3,Medium,0,0.0
4273,5273,90,78,100,95,78.6,Medium,1,11.45
4274,5274,56,48,64,60,55.1,Low,0,0.0
4275,5275,83,75,90,86,77.0,Medium,1,12.59
4276,5276,58,51,64,61,53.8,Low,0,0.0
4277,5277,50,46,55,52,52.6,Low,0,0.0
4278,5278,45,56,74,59,52.7,Low,1,16.14
4279,5279,57,43,58,57,43.3,Low,0,0.0
4280,5280,57,37,60,58,37.4,Low,0,0.0
4281,5281,51,42,57,54,46.8,Low,0,0.0
4282,5282,31,31,35,33,40.0,Low,0,0.0
4283,5283,32,30,45,38,37.8,Low,0,0.0
4284,5284,81,57,78,79,59.5,Low,1,7.47
4285,5285,55,38,54,54,47.1,Low,0,0.0
4286,5286,54,41,58,56,42.9,Low,0,0.0
4287,5287,98,81,92,95,83.0,High,1,4.65
4288,5288,91,70,94,92,72.3,Medium,1,17.11
4289,5289,87,69,79,83,69.7,Medium,1,8.31
4290,5290,100,87,100,100,85.7,High,1,8.6
4291,5291,70,80,90,80,78.5,Medium,1,4.32
4292,5292,81,70,90,85,71.1,Medium,1,5.47
4293,5293,77,49,80,78,49.1,Low,0,0.0
4294,5294,61,37,53,57,46.2,Low,0,0.0
4295,5295,91,68,81,86,74.3,Medium,1,6.87
4296,5296,77,52,72,74,63.5,Medium,1,4.71
4297,5297,82,73,91,86,69.4,Medium,1,9.42
4298,5298,68,51,81,74,51.6,Low,0,0.0
4299,5299,81,58,85,83,57.9,Low,0,0.0
4300,5300,100,82,100,100,81.0,High,1,14.39
4301,5301,100,82,100,100,82.1,High,1,4.45
4302,5302,79,52,67,73,52.5,Low,0,0.0
4303,5303,64,42,61,62,40.3,Low,0,0.0
4304,5304,73,37,47,60,42.6,Low,0,0.0
4305,5305,55,51,75,65,50.2,Low,0,0.0
4306,5306,73,46,70,71,46.9,Low,0,0.0
4307,5307,59,41,58,58,44.5,Low,0,0.0
4308,5308,92,74,89,90,81.4,High,1,6.67
4309,5309,88,83,96,92,80.1,High,1,17.89
4310,5310,56,48,55,55,51.5,Low,0,0.0
4311,5311,55,47,66,60,45.8,Low,0,0.0
4312,5312,94,77,95,94,79.5,Medium,1,4.76
4313,5313,65,47,76,70,47.0,Low,0,0.0
4314,5314,71,50,72,71,49.0,Low,0,0.0
4315,5315,65,42,57,61,47.5,Low,0,0.0
4316,5316,46,39,51,48,40.6,Low,0,0.0
4317,5317,79,49,66,72,49.9,Low,0,0.0
4318,5318,74,60,64,69,70.7,Medium,1,15.78
4319,5319,100,80,100,100,77.8,Medium,1,4.04
4320,5320,91,76,89,90,78.8,Medium,1,16.69
4321,5321,77,52,82,79,54.0,Low,0,0.0
4322,5322,71,65,78,74,70.2,Medium,1,10.07
4323,5323,75,62,79,77,65.5,Medium,0,0.0
4324,5324,82,68,85,83,66.4,Medium,0,0.0
4325,5325,100,78,100,100,80.6,High,1,13.19
4326,5326,81,64,90,85,61.4,Medium,0,0.0
4327,5327,60,40,63,61,43.4,Low,0,0.0
4328,5328,94,64,82,88,70.4,Medium,1,13.36
4329,5329,53,47,56,54,46.2,Low,0,0.0
4330,5330,46,42,47,46,45.8,Low,0,0.0
4331,5331,44,32,36,40,42.5,Low,0,0.0
4332,5332,53,41,55,54,45.2,Low,0,0.0
4333,5333,50,41,58,54,44.3,Low,0,0.0
4334,5334,72,40,67,69,42.9,Low,0,0.0
4335,5335,77,41,54,65,48.1,Low,0,0.0
4336,5336,68,43,55,61,49.4,Low,0,0.0
4337,5337,66,44,61,63,53.4,Low,0,0.0
4338,5338,78,63,74,76,70.2,Medium,1,15.81
4339,5339,75,41,65,70,43.0,Low,0,0.0
4340,5340,79,64,82,80,70.9,Medium,1,15.36
4341,5341,97,72,98,97,73.2,Medium,1,9.74
4342,5342,100,79,89,94,77.7,Medium,1,4.92
4343,5343,64,51,71,67,52.4,Low,1,7.88
4344,5344,62,53,74,68,59.6,Low,0,0.0
4345,5345,77,68,85,81,63.2,Medium,0,0.0
4346,5346,75,35,52,63,46.1,Low,0,0.0
4347,5347,100,77,91,95,80.5,High,1,11.42
4348,5348,99,76,93,96,78.8,Medium,1,17.81
4349,5349,77,70,85,81,68.9,Medium,1,15.85
4350,5350,66,57,76,71,56.0,Low,1,13.15
4351,5351,57,44,57,57,49.2,Low,0,0.0
4352,5352,83,53,69,76,55.7,Low,0,0.0
4353,5353,63,55,82,72,52.0,Low,0,0.0
4354,5354,47,35,60,53,35.9,Low,0,0.0
4355,5355,91,66,86,88,64.3,Medium,1,17.28
4356,5356,86,83,93,89,83.7,High,1,14.75
4357,5357,95,82,100,97,82.3,High,1,11.61
4358,5358,83,65,71,77,72.9,Medium,1,13.49
4359,5359,68,43,64,66,49.3,Low,0,0.0
4360,5360,97,69,97,97,70.2,Medium,1,6.2
4361,5361,100,71,100,100,72.8,Medium,1,9.27
4362,5362,36,35,53,44,44.0,Low,0,0.0
4363,5363,73,77,89,81,76.8,Medium,1,4.12
4364,5364,98,71,100,99,70.0,Medium,1,7.4
4365,5365,100,67,88,94,75.4,Medium,1,9.91
4366,5366,78,70,91,84,77.6,Medium,1,15.99
4367,5367,84,79,92,88,77.4,Medium,1,14.64
4368,5368,92,80,94,93,79.7,Medium,1,6.43
4369,5369,72,68,76,74,67.7,Medium,0,0.0
4370,5370,46,39,61,53,45.1,Low,0,0.0
4371,5371,91,64,78,84,71.5,Medium,1,5.04
4372,5372,48,36,44,46,42.2,Low,0,0.0
4373,5373,73,71,86,79,72.5,Medium,1,16.94
4374,5374,77,61,91,84,64.3,Medium,1,12.5
4375,5375,91,74,83,87,76.2,Medium,1,6.65
4376,5376,83,61,90,86,62.3,Medium,0,0.0
4377,5377,70,43,59,64,53.1,Low,0,0.0
4378,5378,74,60,79,76,62.9,Medium,1,7.34
4379,5379,63,49,71,67,52.1,Low,0,0.0
4380,5380,36,30,56,46,36.6,Low,0,0.0
4381,5381,80,67,78,79,66.8,Medium,0,0.0
4382,5382,95,83,100,97,80.3,High,1,13.82
4383,5383,99,76,100,99,69.9,Medium,1,10.89
4384,5384,70,44,61,65,48.8,Low,0,0.0
4385,5385,77,48,69,73,55.6,Low,0,0.0
4386,5386,100,82,100,100,83.2,High,1,14.27
4387,5387,56,51,61,58,52.0,Low,0,0.0
4388,5388,83,58,85,84,64.3,Medium,0,0.0
4389,5389,58,30,47,52,37.5,Low,0,0.0
4390,5390,93,67,84,88,66.7,Medium,1,7.32
4391,5391,88,70,84,86,70.5,Medium,1,11.46
4392,5392,63,45,53,58,48.8,Low,0,0.0
4393,5393,76,56,75,75,52.6,Low,0,0.0
4394,5394,77,65,84,80,67.4,Medium,0,0.0
4395,5395,100,80,100,100,82.2,High,1,14.49
4396,5396,100,75,100,100,77.6,Medium,1,5.2
4397,5397,83,51,79,81,50.2,Low,0,0.0
4398,5398,55,38,49,52,46.6,Low,0,0.0
4399,5399,79,70,84,81,74.1,Medium,1,8.4
4400,5400,78,52,72,75,56.3,Low,0,0.0
4401,5401,83,64,91,87,66.5,Medium,1,10.47
4402,5402,100,81,92,96,80.6,High,1,8.2
4403,5403,92,56,71,81,63.1,Medium,0,0.0
4404,5404,87,64,86,86,64.5,Medium,0,0.0
4405,5405,75,62,73,74,67.7,Medium,1,5.26
4406,5406,92,58,78,85,54.1,Low,0,0.0
4407,5407,74,78,86,80,80.3,High,1,7.69
4408,5408,76,44,61,68,42.6,Low,0,0.0
4409,5409,76,63,85,80,66.1,Medium,0,0.0
4410,5410,89,65,88,88,68.5,Medium,1,13.38
4411,5411,46,30,47,46,38.8,Low,0,0.0
4412,5412,91,71,83,87,78.4,Medium,1,5.33
4413,5413,76,49,71,73,48.2,Low,0,0.0
4414,5414,95,55,83,89,51.1,Low,0,0.0
4415,5415,73,53,61,67,59.0,Low,0,0.0
4416,5416,83,67,89,86,72.1,Medium,1,13.17
4417,5417,87,69,96,91,64.9,Medium,1,6.79
4418,5418,77,50,72,74,52.9,Low,0,0.0
4419,5419,93,68,90,91,72.1,Medium,1,8.05
4420,5420,78,54,63,70,60.9,Medium,0,0.0
4421,5421,71,59,72,71,62.7,Medium,0,0.0
4422,5422,76,54,80,78,55.9,Low,0,0.0
4423,5423,42,31,45,43,38.9,Low,0,0.0
4424,5424,81,63,84,82,63.3,Medium,1,16.78
4425,5425,83,72,84,83,79.2,Medium,1,11.45
4426,5426,86,71,86,86,74.1,Medium,1,5.97
4427,5427,49,35,46,47,37.3,Low,0,0.0
4428,5428,100,76,100,100,75.5,Medium,1,12.88
4429,5429,54,42,60,57,41.8,Low,0,0.0
4430,5430,72,51,71,71,63.0,Medium,0,0.0
4431,5431,79,74,96,87,70.1,Medium,1,9.03
4432,5432,100,75,90,95,75.8,Medium,1,17.29
4433,5433,79,58,82,80,54.4,Low,0,0.0
4434,5434,54,34,54,54,42.1,Low,0,0.0
4435,5435,98,82,95,96,82.1,High,1,9.4
4436,5436,74,65,79,76,62.0,Medium,1,17.89
4437,5437,100,70,89,94,70.0,Medium,1,9.15
4438,5438,54,33,53,53,43.3,Low,0,0.0
4439,5439,76,66,80,78,68.2,Medium,1,8.95
4440,5440,92,78,87,89,80.4,High,1,15.84
4441,5441,62,41,65,63,42.3,Low,0,0.0
4442,5442,80,53,74,77,56.5,Low,0,0.0
4443,5443,49,30,49,49,34.9,Low,0,0.0
4444,5444,74,41,64,69,45.6,Low,0,0.0
4445,5445,52,40,56,54,44.6,Low,0,0.0
4446,5446,70,55,68,69,57.8,Low,0,0.0
4447,5447,83,68,87,85,69.7,Medium,1,10.95
4448,5448,63,37,56,59,42.6,Low,0,0.0
4449,5449,75,54,70,72,55.6,Low,0,0.0
4450,5450,81,66,80,80,65.9,Medium,1,9.42
4451,5451,100,75,94,97,74.2,Medium,1,14.82
4452,5452,74,52,58,66,60.5,Medium,0,0.0
4453,5453,59,41,64,61,49.6,Low,0,0.0
4454,5454,67,56,74,70,53.3,Low,0,0.0
4455,5455,75,65,70,72,68.0,Medium,1,7.96
4456,5456,100,70,94,97,73.2,Medium,1,10.92
4457,5457,35,30,36,35,33.7,Low,0,0.0
4458,5458,67,59,73,70,60.2,Medium,0,0.0
4459,5459,67,45,66,66,42.0,Low,0,0.0
4460,5460,100,78,100,100,78.0,Medium,1,8.85
4461,5461,50,47,60,55,46.9,Low,0,0.0
4462,5462,76,61,80,78,61.8,Medium,0,0.0
4463,5463,100,79,98,99,79.5,Medium,1,14.89
4464,5464,90,72,79,84,74.5,Medium,1,4.78
4465,5465,70,56,70,70,60.1,Medium,0,0.0
4466,5466,83,71,79,81,78.5,Medium,1,17.52
4467,5467,46,34,55,50,40.6,Low,0,0.0
4468,5468,49,47,67,58,42.0,Low,0,0.0
4469,5469,79,50,59,69,55.7,Low,0,0.0
4470,5470,100,75,95,97,79.0,Medium,1,5.59
4471,5471,68,45,66,67,46.3,Low,1,4.23
4472,5472,67,42,53,60,47.6,Low,0,0.0
4473,5473,66,62,78,72,65.7,Medium,1,17.03
4474,5474,73,53,67,70,61.3,Medium,1,10.95
4475,5475,58,50,62,60,56.7,Low,0,0.0
4476,5476,93,74,98,95,71.2,Medium,1,5.53
4477,5477,62,42,61,61,44.9,Low,0,0.0
4478,5478,68,39,64,66,47.9,Low,0,0.0
4479,5479,80,74,93,86,75.9,Medium,1,12.24
4480,5480,72,59,73,72,64.4,Medium,1,14.43
4481,5481,57,38,62,59,42.4,Low,0,0.0
4482,5482,58,36,59,58,40.2,Low,0,0.0
4483,5483,86,60,75,80,58.6,Low,0,0.0
4484,5484,89,70,88,88,68.1,Medium,1,7.25
4485,5485,79,65,85,82,65.2,Medium,1,16.25
4486,5486,63,40,63,63,47.4,Low,0,0.0
4487,5487,65,38,59,62,42.4,Low,0,0.0
4488,5488,71,68,80,75,70.5,Medium,0,0.0
4489,5489,90,76,100,95,68.0,Medium,0,0.0
4490,5490,100,76,93,96,76.2,Medium,1,11.96
4491,5491,95,70,89,92,69.6,Medium,1,16.27
4492,5492,79,53,74,76,57.7,Low,0,0.0
4493,5493,94,85,100,97,83.1,High,1,11.3
4494,5494,100,74,93,96,76.0,Medium,1,16.56
4495,5495,82,57,72,77,60.9,Medium,1,5.67
4496,5496,79,50,73,76,47.9,Low,0,0.0
4497,5497,84,60,79,81,61.4,Medium,0,0.0
4498,5498,75,69,82,78,71.3,Medium,1,10.66
4499,5499,63,46,68,65,46.2,Low,0,0.0
4500,5500,87,51,74,80,52.8,Low,0,0.0
4501,5501,84,58,79,81,55.4,Low,0,0.0
4502,5502,78,46,69,73,48.5,Low,0,0.0
4503,5503,52,36,45,48,38.9,Low,0,0.0
4504,5504,73,40,66,69,46.8,Low,0,0.0
4505,5505,80,64,82,81,67.2,Medium,1,16.87
4506,5506,74,69,92,83,70.8,Medium,1,8.89
4507,5507,96,82,94,95,81.4,High,1,10.95
4508,5508,65,58,70,67,59.1,Low,0,0.0
4509,5509,56,55,82,69,46.7,Low,0,0.0
4510,5510,75,64,79,77,72.9,Medium,1,15.91
4511,5511,85,67,93,89,62.2,Medium,0,0.0
4512,5512,93,61,80,86,61.3,Medium,0,0.0
4513,5513,63,42,57,60,46.8,Low,0,0.0
4514,5514,69,45,69,69,46.6,Low,0,0.0
4515,5515,45,30,35,40,33.4,Low,0,0.0
4516,5516,97,80,100,98,83.3,High,1,7.1
4517,5517,67,38,63,65,42.9,Low,0,0.0
4518,5518,57,36,63,60,39.2,Low,0,0.0
4519,5519,49,33,42,45,39.8,Low,0,0.0
4520,5520,69,40,67,68,44.3,Low,0,0.0
4521,5521,72,64,82,77,70.3,Medium,1,16.33
4522,5522,61,30,56,58,32.6,Low,0,0.0
4523,5523,53,30,46,49,38.8,Low,0,0.0
4524,5524,58,49,70,64,47.3,Low,0,0.0
4525,5525,67,54,73,70,58.5,Low,0,0.0
4526,5526,98,75,90,94,72.9,Medium,1,6.78
4527,5527,60,52,77,68,54.3,Low,0,0.0
4528,5528,50,39,50,50,42.7,Low,0,0.0
4529,5529,68,70,85,76,69.0,Medium,0,0.0
4530,5530,51,42,61,56,43.6,Low,0,0.0
4531,5531,81,53,75,78,62.4,Medium,0,0.0
4532,5532,83,67,88,85,66.2,Medium,0,0.0
4533,5533,79,45,63,71,49.4,Low,0,0.0
4534,5534,39,30,46,42,38.5,Low,0,0.0
4535,5535,82,63,70,76,71.5,Medium,1,7.75
4536,5536,67,36,59,63,40.2,Low,0,0.0
4537,5537,66,46,70,68,51.0,Low,0,0.0
4538,5538,88,58,78,83,61.2,Medium,0,0.0
4539,5539,82,58,84,83,59.2,Low,1,9.39
4540,5540,62,43,69,65,43.7,Low,0,0.0
4541,5541,56,38,62,59,44.1,Low,0,0.0
4542,5542,53,36,49,51,40.2,Low,0,0.0
4543,5543,71,59,73,72,64.9,Medium,0,0.0
4544,5544,79,61,73,76,68.7,Medium,0,0.0
4545,5545,100,80,100,100,80.6,High,1,6.61
4546,5546,87,70,85,86,77.1,Medium,1,15.1
4547,5547,100,77,94,97,79.9,Medium,1,12.4
4548,5548,65,49,57,61,52.4,Low,0,0.0
4549,5549,90,50,72,81,54.5,Low,0,0.0
4550,5550,53,43,59,56,46.1,Low,0,0.0
4551,5551,49,40,66,57,44.2,Low,0,0.0
4552,5552,69,58,71,70,58.9,Low,0,0.0
4553,5553,76,68,80,78,72.6,Medium,1,13.66
4554,5554,77,55,64,70,59.9,Low,1,17.64
4555,5555,97,71,88,92,74.9,Medium,0,0.0
4556,5556,92,78,100,96,79.7,Medium,1,7.55
4557,5557,77,61,81,79,62.2,Medium,0,0.0
4558,5558,99,78,100,99,77.9,Medium,1,16.92
4559,5559,67,42,61,64,46.1,Low,0,0.0
4560,5560,53,55,76,64,55.9,Low,0,0.0
4561,5561,100,76,97,98,75.9,Medium,1,11.01
4562,5562,86,64,82,84,65.0,Medium,0,0.0
4563,5563,100,83,97,98,80.3,High,1,16.79
4564,5564,100,79,98,99,80.8,High,1,10.5
4565,5565,85,53,75,80,58.4,Low,0,0.0
4566,5566,64,48,69,66,50.7,Low,0,0.0
4567,5567,83,47,67,75,45.4,Low,0,0.0
4568,5568,69,44,71,70,49.5,Low,0,0.0
4569,5569,81,53,85,83,51.0,Low,0,0.0
4570,5570,72,44,71,71,49.4,Low,0,0.0
4571,5571,66,47,67,66,55.6,Low,0,0.0
4572,5572,91,70,95,93,70.4,Medium,1,16.75
4573,5573,55,41,59,57,42.7,Low,0,0.0
4574,5574,79,67,84,81,68.1,Medium,0,0.0
4575,5575,75,43,69,72,48.4,Low,0,0.0
4576,5576,97,63,80,88,61.9,Medium,0,0.0
4577,5577,62,36,54,58,40.5,Low,0,0.0
4578,5578,61,45,63,62,50.0,Low,0,0.0
4579,5579,48,48,64,56,52.9,Low,0,0.0
4580,5580,75,72,88,81,73.1,Medium,1,4.16
4581,5581,93,76,100,96,75.2,Medium,0,0.0
4582,5582,74,56,77,75,58.2,Low,1,5.97
4583,5583,74,52,77,75,54.7,Low,0,0.0
4584,5584,100,73,97,98,76.7,Medium,1,7.21
4585,5585,64,66,77,70,66.0,Medium,0,0.0
4586,5586,88,69,88,88,71.5,Medium,1,7.32
4587,5587,92,76,93,92,77.2,Medium,1,10.99
4588,5588,67,55,73,70,56.5,Low,0,0.0
4589,5589,67,50,59,63,56.1,Low,0,0.0
4590,5590,48,39,60,54,39.7,Low,0,0.0
4591,5591,60,57,72,66,56.9,Low,0,0.0
4592,5592,56,51,60,58,53.9,Low,0,0.0
4593,5593,73,40,67,70,50.0,Low,0,0.0
4594,5594,74,46,75,74,50.3,Low,0,0.0
4595,5595,49,39,55,52,41.6,Low,0,0.0
4596,5596,100,64,78,89,68.9,Medium,1,9.08
4597,5597,75,45,67,71,45.9,Low,0,0.0
4598,5598,100,75,95,97,77.3,Medium,1,11.76
4599,5599,83,64,82,82,62.4,Medium,0,0.0
4600,5600,80,66,77,78,67.4,Medium,0,0.0
4601,5601,75,38,63,69,43.8,Low,0,0.0
4602,5602,92,73,100,96,73.8,Medium,1,5.38
4603,5603,71,55,73,72,53.9,Low,1,16.86
4604,5604,52,32,51,51,37.9,Low,0,0.0
4605,5605,55,59,76,65,62.8,Medium,1,11.04
4606,5606,71,57,72,71,59.6,Low,0,0.0
4607,5607,74,61,81,77,59.4,Low,0,0.0
4608,5608,72,64,83,77,69.0,Medium,0,0.0
4609,5609,55,43,54,54,50.3,Low,0,0.0
4610,5610,79,75,91,85,76.6,Medium,1,14.99
4611,5611,35,30,39,37,31.3,Low,0,0.0
4612,5612,92,69,82,87,66.9,Medium,1,8.7
4613,5613,66,46,60,63,46.7,Low,0,0.0
4614,5614,78,49,70,74,55.7,Low,0,0.0
4615,5615,54,45,66,60,45.7,Low,0,0.0
4616,5616,49,34,55,52,38.2,Low,0,0.0
4617,5617,97,79,89,93,83.0,High,1,10.11
4618,5618,81,60,78,79,58.3,Low,1,15.23
4619,5619,73,60,78,75,63.9,Medium,0,0.0
4620,5620,77,65,88,82,63.3,Medium,0,0.0
4621,5621,82,70,98,90,67.1,Medium,1,6.18
4622,5622,97,63,94,95,62.4,Medium,1,5.59
4623,5623,54,36,58,56,39.3,Low,0,0.0
4624,5624,74,64,73,73,65.6,Medium,1,14.57
4625,5625,72,57,72,72,66.2,Medium,1,11.82
4626,5626,87,71,83,85,71.9,Medium,1,10.23
4627,5627,96,78,97,96,82.5,High,1,9.98
4628,5628,56,45,52,54,50.4,Low,0,0.0
4629,5629,100,80,86,93,83.8,High,1,13.39
4630,5630,84,62,83,83,62.7,Medium,0,0.0
4631,5631,87,74,92,89,75.7,Medium,1,14.21
4632,5632,75,72,74,74,77.0,Medium,1,7.06
4633,5633,78,66,86,82,72.2,Medium,1,12.58
4634,5634,85,78,83,84,81.0,High,1,13.06
4635,5635,63,45,62,62,43.9,Low,0,0.0
4636,5636,73,49,66,69,52.7,Low,0,0.0
4637,5637,74,58,75,74,63.2,Medium,0,0.0
4638,5638,79,65,84,81,69.4,Medium,1,16.27
4639,5639,100,74,92,96,78.6,Medium,1,7.56
4640,5640,54,37,61,57,36.4,Low,0,0.0
4641,5641,71,44,71,71,49.4,Low,0,0.0
4642,5642,66,61,71,68,64.3,Medium,0,0.0
4643,5643,51,31,43,47,37.3,Low,0,0.0
4644,5644,100,80,90,95,84.6,High,1,11.2
4645,5645,100,78,100,100,76.3,Medium,1,9.56
4646,5646,72,42,67,69,48.5,Low,0,0.0
4647,5647,66,61,80,73,64.7,Medium,1,8.28
4648,5648,74,55,78,76,57.5,Low,0,0.0
4649,5649,93,78,100,96,76.5,Medium,1,12.6
4650,5650,86,68,94,90,67.3,Medium,0,0.0
4651,5651,65,41,73,69,42.0,Low,0,0.0
4652,5652,75,61,85,80,62.3,Medium,0,0.0
4653,5653,54,49,56,55,52.9,Low,0,0.0
4654,5654,71,47,72,71,46.9,Low,0,0.0
4655,5655,51,30,46,48,38.9,Low,0,0.0
4656,5656,79,54,62,70,64.6,Medium,1,9.62
4657,5657,77,73,97,87,71.9,Medium,1,5.58
4658,5658,73,45,52,62,53.3,Low,0,0.0
4659,5659,94,75,91,92,75.7,Medium,1,17.18
4660,5660,70,47,70,70,46.0,Low,0,0.0
4661,5661,88,72,88,88,75.2,Medium,1,4.72
4662,5662,73,53,79,76,49.1,Low,0,0.0
4663,5663,64,37,60,62,40.1,Low,0,0.0
4664,5664,73,64,69,71,68.4,Medium,1,13.67
4665,5665,84,66,77,80,72.1,Medium,1,17.23
4666,5666,54,30,45,49,38.8,Low,0,0.0
4667,5667,69,76,82,75,74.8,Medium,1,6.71
4668,5668,100,73,100,100,72.0,Medium,1,8.91
4669,5669,79,81,98,88,79.8,Medium,1,15.94
4670,5670,93,73,100,96,73.9,Medium,1,14.8
4671,5671,66,61,67,66,65.4,Medium,1,8.8
4672,5672,69,49,67,68,51.0,Low,0,0.0
4673,5673,53,46,65,59,53.2,Low,0,0.0
4674,5674,84,67,83,83,68.5,Medium,1,7.25
4675,5675,77,69,93,85,74.4,Medium,1,4.87
4676,5676,44,40,52,48,43.8,Low,0,0.0
4677,5677,93,79,88,90,82.4,High,1,10.64
4678,5678,61,38,53,57,44.2,Low,0,0.0
4679,5679,75,60,83,79,61.6,Medium,0,0.0
4680,5680,47,38,54,50,43.6,Low,0,0.0
4681,5681,81,64,82,81,63.6,Medium,0,0.0
4682,5682,100,69,93,96,73.6,Medium,1,4.22
4683,5683,53,41,55,54,42.3,Low,0,0.0
4684,5684,73,50,69,71,55.9,Low,0,0.0
4685,5685,97,75,98,97,72.9,Medium,0,0.0
4686,5686,77,57,83,80,59.6,Low,1,13.26
4687,5687,74,54,81,77,55.7,Low,0,0.0
4688,5688,75,54,71,73,53.1,Low,0,0.0
4689,5689,80,67,78,79,69.1,Medium,1,10.09
4690,5690,57,33,53,55,37.2,Low,0,0.0
4691,5691,49,30,46,47,37.0,Low,0,0.0
4692,5692,54,46,65,59,47.2,Low,0,0.0
4693,5693,96,87,100,98,84.7,High,1,16.64
4694,5694,54,45,63,58,47.4,Low,0,0.0
4695,5695,53,41,68,60,44.3,Low,0,0.0
4696,5696,47,31,39,43,36.9,Low,0,0.0
4697,5697,65,51,61,63,54.6,Low,0,0.0
4698,5698,69,63,73,71,72.1,Medium,1,6.51
4699,5699,75,61,71,73,61.4,Medium,0,0.0
4700,5700,69,55,69,69,56.6,Low,0,0.0
4701,5701,70,56,70,70,57.4,Low,0,0.0
4702,5702,54,36,64,59,37.8,Low,0,0.0
4703,5703,99,64,86,92,65.1,Medium,0,0.0
4704,5704,54,52,62,58,54.2,Low,0,0.0
4705,5705,88,67,83,85,71.2,Medium,1,17.97
4706,5706,74,43,68,71,48.3,Low,0,0.0
4707,5707,66,42,71,68,44.6,Low,0,0.0
4708,5708,100,79,99,99,79.8,Medium,1,7.44
4709,5709,73,39,64,68,44.6,Low,0,0.0
4710,5710,92,74,88,90,75.5,Medium,1,14.86
4711,5711,71,51,64,67,57.2,Low,0,0.0
4712,5712,80,52,72,76,54.3,Low,0,0.0
4713,5713,93,85,100,96,84.4,High,1,14.63
4714,5714,52,35,52,52,40.1,Low,0,0.0
4715,5715,93,87,100,96,82.1,High,1,16.78
4716,5716,77,80,87,82,79.8,Medium,1,17.81
4717,5717,53,30,50,51,39.2,Low,0,0.0
4718,5718,97,79,98,97,82.0,High,1,17.15
4719,5719,79,41,69,74,43.0,Low,0,0.0
4720,5720,69,42,61,65,41.9,Low,0,0.0
4721,5721,96,78,100,98,79.1,Medium,1,4.33
4722,5722,70,57,83,76,58.6,Low,0,0.0
4723,5723,87,77,84,85,79.6,Medium,1,7.62
4724,5724,74,53,75,74,57.8,Low,0,0.0
4725,5725,100,70,90,95,77.0,Medium,1,7.17
4726,5726,99,69,79,89,74.4,Medium,1,13.08
4727,5727,93,82,100,96,83.5,High,1,11.84
4728,5728,59,50,68,63,55.4,Low,0,0.0
4729,5729,62,42,60,61,44.0,Low,0,0.0
4730,5730,87,75,95,91,77.4,Medium,1,9.2
4731,5731,53,56,66,59,58.8,Low,0,0.0
4732,5732,94,50,69,81,60.0,Medium,0,0.0
4733,5733,84,49,75,79,50.5,Low,0,0.0
4734,5734,93,61,86,89,62.2,Medium,0,0.0
4735,5735,53,47,66,59,49.4,Low,1,13.39
4736,5736,100,85,100,100,83.9,High,1,7.96
4737,5737,78,49,77,77,50.9,Low,0,0.0
4738,5738,55,47,53,54,54.4,Low,0,0.0
4739,5739,83,73,91,87,74.6,Medium,1,13.06
4740,5740,85,70,85,85,71.8,Medium,1,6.17
4741,5741,56,39,54,55,41.9,Low,0,0.0
4742,5742,86,39,74,80,42.4,Low,0,0.0
4743,5743,100,79,98,99,77.9,Medium,1,16.99
4744,5744,86,60,79,82,66.4,Medium,1,7.94
4745,5745,56,30,58,57,35.4,Low,0,0.0
4746,5746,84,71,83,83,72.9,Medium,0,0.0
4747,5747,64,40,59,61,45.5,Low,0,0.0
4748,5748,57,36,53,55,38.0,Low,0,0.0
4749,5749,81,66,91,86,62.3,Medium,1,4.49
4750,5750,57,52,63,60,55.0,Low,0,0.0
4751,5751,98,70,94,96,73.3,Medium,1,17.91
4752,5752,90,58,89,89,56.5,Low,0,0.0
4753,5753,73,52,71,72,52.2,Low,1,14.44
4754,5754,82,52,72,77,56.5,Low,0,0.0
4755,5755,58,58,71,64,61.3,Medium,0,0.0
4756,5756,83,78,87,85,77.8,Medium,1,4.09
4757,5757,80,71,82,81,75.4,Medium,1,5.38
4758,5758,100,83,100,100,80.8,High,1,11.31
4759,5759,44,39,60,52,46.9,Low,0,0.0
4760,5760,77,51,65,71,51.3,Low,0,0.0
4761,5761,77,48,79,78,46.3,Low,0,0.0
4762,5762,96,73,86,91,74.9,Medium,1,13.69
4763,5763,76,46,60,68,50.8,Low,0,0.0
4764,5764,72,55,82,77,54.5,Low,1,5.29
4765,5765,63,41,55,59,48.6,Low,0,0.0
4766,5766,73,38,63,68,46.4,Low,0,0.0
4767,5767,74,56,75,74,56.6,Low,1,9.45
4768,5768,55,42,60,57,41.4,Low,0,0.0
4769,5769,53,39,61,57,41.6,Low,0,0.0
4770,5770,73,69,88,80,70.7,Medium,1,7.94
4771,5771,78,73,77,77,74.4,Medium,1,16.01
4772,5772,64,37,56,60,41.0,Low,0,0.0
4773,5773,53,47,62,57,50.6,Low,0,0.0
4774,5774,65,60,69,67,63.7,Medium,0,0.0
4775,5775,76,60,84,80,61.1,Medium,0,0.0
4776,5776,46,36,50,48,44.5,Low,0,0.0
4777,5777,90,75,90,90,79.9,Medium,1,9.09
4778,5778,78,52,76,77,51.5,Low,0,0.0
4779,5779,66,58,75,70,58.8,Low,0,0.0
4780,5780,81,57,73,77,65.4,Medium,0,0.0
4781,5781,81,63,85,83,62.5,Medium,1,11.88
4782,5782,76,53,65,70,58.1,Low,0,0.0
4783,5783,83,64,83,83,64.1,Medium,1,8.64
4784,5784,51,65,70,60,71.2,Medium,1,4.39
4785,5785,49,39,50,49,48.0,Low,0,0.0
4786,5786,56,30,60,58,36.9,Low,0,0.0
4787,5787,50,30,35,42,35.5,Low,0,0.0
4788,5788,79,56,67,73,61.6,Medium,1,5.5
4789,5789,40,30,43,41,35.5,Low,0,0.0
4790,5790,80,76,92,86,71.8,Medium,1,7.68
4791,5791,30,30,36,33,31.5,Low,0,0.0
4792,5792,60,52,63,61,54.5,Low,0,0.0
4793,5793,61,46,69,65,48.4,Low,0,0.0
4794,5794,96,83,97,96,83.6,High,1,14.95
4795,5795,86,69,79,82,72.9,Medium,1,13.25
4796,5796,57,42,60,58,45.5,Low,0,0.0
4797,5797,77,70,84,80,70.5,Medium,1,15.54
4798,5798,62,48,58,60,50.1,Low,0,0.0
4799,5799,85,67,79,82,67.3,Medium,1,6.2
4800,5800,49,35,52,50,48.2,Low,0,0.0
4801,5801,85,64,76,80,67.3,Medium,1,8.49
4802,5802,61,52,55,58,59.2,Low,0,0.0
4803,5803,55,42,47,51,48.6,Low,0,0.0
4804,5804,50,39,54,52,44.9,Low,0,0.0
4805,5805,73,73,86,79,75.4,Medium,0,0.0
4806,5806,57,50,72,64,53.9,Low,0,0.0
4807,5807,82,67,80,81,74.5,Medium,1,5.6
4808,5808,93,75,81,87,80.0,High,1,12.13
4809,5809,57,30,51,54,35.4,Low,0,0.0
4810,5810,72,48,69,70,51.5,Low,0,0.0
4811,5811,97,83,97,97,82.5,High,1,7.62
4812,5812,100,71,97,98,76.2,Medium,1,17.78
4813,5813,75,54,76,75,59.8,Low,0,0.0
4814,5814,47,35,52,49,39.4,Low,0,0.0
4815,5815,52,49,66,59,51.8,Low,0,0.0
4816,5816,93,71,83,88,75.3,Medium,1,4.26
4817,5817,93,65,80,86,70.5,Medium,1,8.38
4818,5818,85,57,82,83,58.1,Low,0,0.0
4819,5819,100,78,96,98,77.8,Medium,1,9.73
4820,5820,81,62,79,80,63.7,Medium,1,14.38
4821,5821,84,43,72,78,43.4,Low,0,0.0
4822,5822,85,70,80,82,76.3,Medium,1,4.6
4823,5823,57,36,54,55,43.7,Low,0,0.0
4824,5824,58,40,53,55,46.5,Low,0,0.0
4825,5825,47,46,61,54,50.9,Low,0,0.0
4826,5826,75,51,74,74,52.9,Low,0,0.0
4827,5827,71,60,75,73,64.4,Medium,0,0.0
4828,5828,78,45,68,73,50.6,Low,0,0.0
4829,5829,69,50,58,63,51.1,Low,0,0.0
4830,5830,32,30,35,33,32.9,Low,0,0.0
4831,5831,57,30,48,52,40.0,Low,0,0.0
4832,5832,81,72,99,90,65.3,Medium,1,16.12
4833,5833,58,40,56,57,43.8,Low,0,0.0
4834,5834,92,75,100,96,78.0,Medium,1,5.01
4835,5835,85,59,86,85,59.8,Low,0,0.0
4836,5836,72,68,80,76,72.3,Medium,1,17.44
4837,5837,78,56,62,70,68.6,Medium,1,5.71
4838,5838,96,77,88,92,79.6,Medium,1,17.45
4839,5839,100,76,96,98,77.7,Medium,1,17.42
4840,5840,87,52,86,86,49.7,Low,0,0.0
4841,5841,88,66,80,84,68.4,Medium,1,7.04
4842,5842,57,38,48,52,41.5,Low,0,0.0
4843,5843,50,50,59,54,54.7,Low,0,0.0
4844,5844,86,73,81,83,76.9,Medium,1,10.59
4845,5845,73,60,79,76,65.2,Medium,0,0.0
4846,5846,41,35,42,41,44.7,Low,0,0.0
4847,5847,76,60,82,79,56.3,Low,0,0.0
4848,5848,55,42,70,62,46.6,Low,0,0.0
4849,5849,86,76,93,89,78.6,Medium,1,5.12
4850,5850,79,70,84,81,76.9,Medium,1,15.94
4851,5851,70,58,71,70,66.0,Medium,0,0.0
4852,5852,76,67,78,77,64.8,Medium,0,0.0
4853,5853,67,50,68,67,53.7,Low,0,0.0
4854,5854,70,49,75,72,46.8,Low,0,0.0
4855,5855,96,75,100,98,74.4,Medium,1,15.11
4856,5856,58,35,56,57,39.8,Low,0,0.0
4857,5857,88,55,79,83,53.2,Low,1,11.97
4858,5858,97,66,86,91,65.2,Medium,1,16.34
4859,5859,53,53,58,55,55.7,Low,0,0.0
4860,5860,100,72,95,97,75.0,Medium,1,17.59
4861,5861,55,33,52,53,40.2,Low,0,0.0
4862,5862,63,45,73,68,48.8,Low,0,0.0
4863,5863,100,82,100,100,78.9,Medium,1,14.51
4864,5864,70,39,65,67,45.4,Low,0,0.0
4865,5865,74,51,70,72,61.1,Medium,0,0.0
4866,5866,81,56,71,76,61.6,Medium,0,0.0
4867,5867,96,74,79,87,76.4,Medium,1,9.91
4868,5868,79,70,81,80,74.2,Medium,1,13.27
4869,5869,71,78,93,82,78.9,Medium,1,16.68
4870,5870,68,50,76,72,43.7,Low,0,0.0
4871,5871,68,37,51,59,43.4,Low,0,0.0
4872,5872,47,31,44,45,36.9,Low,0,0.0
4873,5873,82,56,85,83,57.6,Low,1,16.49
4874,5874,80,51,71,75,61.0,Medium,0,0.0
4875,5875,87,59,83,85,61.7,Medium,1,6.03
4876,5876,87,82,100,93,82.3,High,1,14.64
4877,5877,98,85,100,99,82.4,High,1,17.85
4878,5878,81,59,73,77,65.8,Medium,0,0.0
4879,5879,99,84,95,97,83.9,High,1,11.4
4880,5880,86,78,86,86,80.7,High,1,6.46
4881,5881,95,69,97,96,68.1,Medium,1,5.11
4882,5882,100,69,100,100,66.0,Medium,1,15.59
4883,5883,89,68,90,89,70.8,Medium,1,11.74
4884,5884,57,46,74,65,47.8,Low,0,0.0
4885,5885,97,82,100,98,83.7,High,1,6.48
4886,5886,61,50,68,64,54.1,Low,1,8.66
4887,5887,40,30,36,38,32.9,Low,0,0.0
4888,5888,49,30,38,43,41.5,Low,0,0.0
4889,5889,62,60,79,70,62.7,Medium,1,7.92
4890,5890,88,61,86,87,64.8,Medium,1,7.7
4891,5891,94,76,92,93,79.4,Medium,1,4.17
4892,5892,64,52,69,66,61.5,Medium,0,0.0
4893,5893,85,63,85,85,64.2,Medium,1,16.66
4894,5894,46,37,47,46,43.4,Low,0,0.0
4895,5895,86,75,84,85,82.4,High,1,7.94
4896,5896,75,65,81,78,65.0,Medium,1,10.33
4897,5897,76,54,87,81,56.6,Low,0,0.0
4898,5898,93,69,89,91,75.2,Medium,1,15.11
4899,5899,94,68,100,97,68.8,Medium,0,0.0
4900,5900,49,48,65,57,56.4,Low,0,0.0
4901,5901,74,69,78,76,77.0,Medium,1,9.32
4902,5902,68,40,66,67,44.5,Low,0,0.0
4903,5903,69,55,69,69,59.6,Low,0,0.0
4904,5904,69,66,73,71,70.3,Medium,1,14.67
4905,5905,62,47,67,64,54.0,Low,0,0.0
4906,5906,74,57,86,80,57.9,Low,1,6.83
4907,5907,94,53,85,89,49.9,Low,0,0.0
4908,5908,83,60,74,78,57.4,Low,0,0.0
4909,5909,67,49,67,67,59.5,Low,0,0.0
4910,5910,47,43,65,56,45.3,Low,0,0.0
4911,5911,60,56,70,65,55.1,Low,0,0.0
4912,5912,75,72,85,80,74.9,Medium,1,6.24
4913,5913,58,41,68,63,41.7,Low,0,0.0
4914,5914,87,80,100,93,79.0,Medium,0,0.0
4915,5915,62,65,70,66,69.7,Medium,0,0.0
4916,5916,100,73,100,100,79.3,Medium,1,12.67
4917,5917,98,77,98,98,76.5,Medium,1,13.5
4918,5918,88,58,85,86,63.9,Medium,1,4.9
4919,5919,85,68,81,83,72.6,Medium,1,13.0
4920,5920,98,72,95,96,72.7,Medium,1,13.53
4921,5921,74,44,80,77,45.5,Low,0,0.0
4922,5922,70,60,88,79,59.0,Low,0,0.0
4923,5923,70,66,73,71,71.0,Medium,0,0.0
4924,5924,60,52,63,61,52.1,Low,0,0.0
4925,5925,69,41,79,74,46.2,Low,0,0.0
4926,5926,63,46,71,67,50.0,Low,0,0.0
4927,5927,61,35,46,53,40.9,Low,0,0.0
4928,5928,83,69,79,81,70.3,Medium,0,0.0
4929,5929,57,75,91,74,74.5,Medium,1,14.34
4930,5930,100,78,100,100,78.2,Medium,1,14.03
4931,5931,53,37,56,54,39.6,Low,0,0.0
4932,5932,42,39,54,48,41.7,Low,0,0.0
4933,5933,87,58,85,86,62.5,Medium,0,0.0
4934,5934,70,63,75,72,67.0,Medium,1,15.56
4935,5935,69,57,63,66,65.5,Medium,1,5.15
4936,5936,100,73,100,100,72.3,Medium,1,9.06
4937,5937,96,67,89,92,65.5,Medium,1,4.62
4938,5938,87,71,87,87,70.8,Medium,0,0.0
4939,5939,65,36,59,62,40.5,Low,0,0.0
4940,5940,81,73,86,83,71.3,Medium,1,8.67
4941,5941,70,47,62,66,56.5,Low,0,0.0
4942,5942,88,57,86,87,53.9,Low,0,0.0
4943,5943,94,68,87,90,69.9,Medium,1,9.25
4944,5944,61,35,53,57,41.4,Low,0,0.0
4945,5945,83,51,66,74,59.2,Low,1,8.26
4946,5946,71,52,73,72,57.9,Low,0,0.0
4947,5947,56,36,41,48,42.2,Low,0,0.0
4948,5948,83,66,76,79,68.3,Medium,0,0.0
4949,5949,77,64,83,80,69.5,Medium,0,0.0
4950,5950,48,38,53,50,43.6,Low,0,0.0
4951,5951,87,85,100,93,82.8,High,1,13.0
4952,5952,87,75,94,90,72.5,Medium,1,13.99
4953,5953,35,43,49,42,49.1,Low,0,0.0
4954,5954,54,30,47,50,38.3,Low,0,0.0
4955,5955,65,46,60,62,54.6,Low,0,0.0
4956,5956,72,42,67,69,45.6,Low,0,0.0
4957,5957,75,56,70,72,54.4,Low,0,0.0
4958,5958,73,54,67,70,54.3,Low,0,0.0
4959,5959,68,38,63,65,44.3,Low,0,0.0
4960,5960,73,54,77,75,60.7,Medium,0,0.0
4961,5961,80,69,88,84,75.8,Medium,1,7.23
4962,5962,83,62,89,86,62.5,Medium,1,8.23
4963,5963,62,36,44,53,45.8,Low,0,0.0
4964,5964,90,70,85,87,66.8,Medium,0,0.0
4965,5965,83,74,79,81,74.7,Medium,1,17.75
4966,5966,100,87,100,100,79.9,Medium,1,8.81
4967,5967,91,68,80,85,71.9,Medium,1,14.67
4968,5968,51,35,52,51,40.7,Low,0,0.0
4969,5969,95,81,92,93,79.1,Medium,1,7.13
4970,5970,53,40,52,52,49.9,Low,0,0.0
4971,5971,80,53,79,79,53.8,Low,0,0.0
4972,5972,77,69,79,78,70.8,Medium,1,7.67
4973,5973,68,56,70,69,61.8,Medium,0,0.0
4974,5974,32,33,39,35,35.3,Low,0,0.0
4975,5975,77,53,75,76,56.0,Low,0,0.0
4976,5976,47,30,39,43,37.4,Low,0,0.0
4977,5977,76,63,81,78,65.2,Medium,1,12.57
4978,5978,78,58,84,81,63.4,Medium,1,13.98
4979,5979,71,53,60,65,58.7,Low,0,0.0
4980,5980,85,72,89,87,74.3,Medium,1,8.08
4981,5981,100,82,100,100,84.0,High,1,15.9
4982,5982,60,51,71,65,52.3,Low,0,0.0
4983,5983,92,69,89,90,71.4,Medium,1,10.67
4984,5984,100,80,86,93,83.4,High,1,17.91
4985,5985,78,51,74,76,58.3,Low,0,0.0
4986,5986,88,65,91,89,68.6,Medium,1,14.73
4987,5987,81,63,74,77,63.3,Medium,0,0.0
4988,5988,89,69,93,91,70.9,Medium,0,0.0
4989,5989,90,64,82,86,59.2,Low,0,0.0
4990,5990,60,35,56,58,38.8,Low,0,0.0
4991,5991,42,30,47,44,33.4,Low,0,0.0
4992,5992,85,80,100,92,76.6,Medium,1,4.89
4993,5993,80,66,77,78,73.3,Medium,1,10.71
4994,5994,77,53,78,77,48.4,Low,0,0.0
4995,5995,73,54,77,75,55.4,Low,0,0.0
4996,5996,83,76,87,85,79.8,Medium,1,9.44
4997,5997,97,77,91,94,78.4,Medium,1,15.42
4998,5998,70,59,72,71,64.0,Medium,1,12.03
4999,5999,50,37,50,50,41.2,Low,0,0.0
5000,6000,36,42,60,48,39.5,Low,0,0.0
