risk_id,student_id,backlog_risk,attendance_risk,placement_risk,overall_risk,ai_suggestion
1,1001,Medium,Low,High,High,"Improve attendance, DSA, projects."
2,1002,Medium,Low,High,High,"Improve attendance, DSA, projects."
3,1003,High,Low,High,High,"Improve attendance, DSA, projects."
4,1004,Medium,Low,High,High,"Improve attendance, DSA, projects."
5,1005,Medium,Low,High,High,"Improve attendance, DSA, projects."
6,1006,Medium,Low,High,High,"Improve attendance, DSA, projects."
7,1007,High,Low,High,High,"Improve attendance, DSA, projects."
8,1008,Medium,Low,High,High,"Improve attendance, DSA, projects."
9,1009,High,Low,High,High,"Improve attendance, DSA, projects."
10,1010,Medium,Low,High,High,"Improve attendance, DSA, projects."
11,1011,Medium,Low,High,High,"Improve attendance, DSA, projects."
12,1012,Medium,Low,Medium,Medium,"Improve attendance, DSA, projects."
13,1013,Low,Low,Medium,Medium,"Improve attendance, DSA, projects."
14,1014,Low,Low,Low,Low,Keep consistency.
15,1015,High,Low,High,High,"Improve attendance, DSA, projects."
16,1016,Medium,Low,Medium,Medium,"Improve attendance, DSA, projects."
17,1017,High,Low,High,High,"Improve attendance, DSA, projects."
18,1018,High,Low,High,High,"Improve attendance, DSA, projects."
19,1019,Medium,Low,High,High,"Improve attendance, DSA, projects."
20,1020,High,Low,High,High,"Improve attendance, DSA, projects."
21,1021,Low,Low,Medium,Medium,"Improve attendance, DSA, projects."
22,1022,Medium,Low,Medium,Medium,"Improve attendance, DSA, projects."
23,1023,Low,Low,Low,Low,Keep consistency.
24,1024,Medium,Low,High,High,"Improve attendance, DSA, projects."
25,1025,Low,Low,Medium,Medium,"Improve attendance, DSA, projects."
26,1026,High,Low,High,High,"Improve attendance, DSA, projects."
27,1027,Medium,Low,High,High,"Improve attendance, DSA, projects."
28,1028,Low,Low,Low,Low,Keep consistency.
29,1029,Medium,Low,Medium,Medium,"Improve attendance, DSA, projects."
30,1030,Medium,Low,High,High,"Improve attendance, DSA, projects."
31,1031,Medium,Low,Medium,Medium,"Improve attendance, DSA, projects."
32,1032,Low,Low,Medium,Medium,"Improve attendance, DSA, projects."
33,1033,Medium,Low,High,High,"Improve attendance, DSA, projects."
34,1034,Medium,Low,High,High,"Improve attendance, DSA, projects."
35,1035,Medium,Low,High,High,"Improve attendance, DSA, projects."
36,1036,High,Low,High,High,"Improve attendance, DSA, projects."
37,1037,Medium,Low,High,High,"Improve attendance, DSA, projects."
38,1038,Medium,Low,Medium,Medium,"Improve attendance, DSA, projects."
39,1039,Low,Low,Medium,Medium,"Improve attendance, DSA, projects."
40,1040,High,Low,High,High,"Improve attendance, DSA, projects."
41,1041,Medium,Low,High,High,"Improve attendance, DSA, projects."
42,1042,Medium,Low,High,High,"Improve attendance, DSA, projects."
43,1043,High,Low,High,High,"Improve attendance, DSA, projects."
44,1044,Low,Low,Medium,Medium,"Improve attendance, DSA, projects."
45,1045,Medium,Low,High,High,"Improve attendance, DSA, projects."
46,1046,Medium,Low,High,High,"Improve attendance, DSA, projects."
47,1047,High,Low,High,High,"Improve attendance, DSA, projects."
48,1048,Low,Low,Medium,Medium,"Improve attendance, DSA, projects."
49,1049,High,Low,High,High,"Improve attendance, DSA, projects."
50,1050,Low,Low,Medium,Medium,"Improve attendance, DSA, projects."
51,1051,Medium,Low,High,High,"Improve attendance, DSA, projects."
52,1052,Medium,Low,High,High,"Improve attendance, DSA, projects."
53,1053,Low,Low,Medium,Medium,"Improve attendance, DSA, projects."
54,1054,Medium,Low,High,High,"Improve attendance, DSA, projects."
55,1055,Medium,Low,Medium,Medium,"Improve attendance, DSA, projects."
56,1056,Low,Low,Medium,Medium,"Improve attendance, DSA, projects."
57,1057,Low,Low,Low,Low,Keep consistency.
58,1058,Medium,Low,Medium,Medium,"Improve attendance, DSA, projects."
59,1059,Low,Low,Medium,Medium,"Improve attendance, DSA, projects."
60,1060,Low,Low,Low,Low,Keep consistency.
61,1061,Medium,Low,High,High,"Improve attendance, DSA, projects."
62,1062,Medium,Low,Medium,Medium,"Improve attendance, DSA, projects."
63,1063,High,Low,High,High,"Improve attendance, DSA, projects."
64,1064,Low,Low,Medium,Medium,"Improve attendance, DSA, projects."
65,1065,High,Low,High,High,"Improve attendance, DSA, projects."
66,1066,High,Low,High,High,"Improve attendance, DSA, projects."
67,1067,High,Low,High,High,"Improve attendance, DSA, projects."
68,1068,Medium,Low,High,High,"Improve attendance, DSA, projects."
69,1069,Low,Low,Medium,Medium,"Improve attendance, DSA, projects."
70,1070,High,Low,High,High,"Improve attendance, DSA, projects."
71,1071,Medium,Low,High,High,"Improve attendance, DSA, projects."
72,1072,Low,Low,Medium,Medium,"Improve attendance, DSA, projects."
73,1073,High,Low,High,High,"Improve attendance, DSA, projects."
74,1074,High,Low,High,High,"Improve attendance, DSA, projects."
75,1075,Low,Low,Low,Low,Keep consistency.
76,1076,High,Low,High,High,"Improve attendance, DSA, projects."
77,1077,Medium,Low,High,High,"Improve attendance, DSA, projects."
78,1078,Medium,Low,Medium,Medium,"Improve attendance, DSA, projects."
79,1079,Medium,Low,High,High,"Improve attendance, DSA, projects."
80,1080,Medium,Low,High,High,"Improve attendance, DSA, projects."
81,1081,Low,Low,Medium,Medium,"Improve attendance, DSA, projects."
82,1082,Low,Low,Medium,Medium,"Improve attendance, DSA, projects."
83,1083,Medium,Low,Medium,Medium,"Improve attendance, DSA, projects."
84,1084,High,Low,High,High,"Improve attendance, DSA, projects."
85,1085,Medium,Low,High,High,"Improve attendance, DSA, projects."
86,1086,Low,Low,Medium,Medium,"Improve attendance, DSA, projects."
87,1087,High,Low,High,High,"Improve attendance, DSA, projects."
88,1088,Medium,Low,Medium,Medium,"Improve attendance, DSA, projects."
89,1089,Low,Low,Medium,Medium,"Improve attendance, DSA, projects."
90,1090,Medium,Low,High,High,"Improve attendance, DSA, projects."
91,1091,Medium,Low,High,High,"Improve attendance, DSA, projects."
92,1092,Low,Low,Medium,Medium,"Improve attendance, DSA, projects."
93,1093,Medium,Low,High,High,"Improve attendance, DSA, projects."
94,1094,Low,Low,Medium,Medium,"Improve attendance, DSA, projects."
95,1095,Medium,Low,High,High,"Improve attendance, DSA, projects."
96,1096,High,Low,High,High,"Improve attendance, DSA, projects."
97,1097,Medium,Low,High,High,"Improve attendance, DSA, projects."
98,1098,High,Low,High,High,"Improve attendance, DSA, projects."
99,1099,Medium,Low,Medium,Medium,"Improve attendance, DSA, projects."
100,1100,Medium,Low,Medium,Medium,"Improve attendance, DSA, projects."
101,1101,Low,Low,Medium,Medium,"Improve attendance, DSA, projects."
102,1102,High,Low,High,High,"Improve attendance, DSA, projects."
103,1103,Low,Low,Medium,Medium,"Improve attendance, DSA, projects."
104,1104,Medium,Low,High,High,"Improve attendance, DSA, projects."
105,1105,Medium,Low,Medium,Medium,"Improve attendance, DSA, projects."
106,1106,High,Low,High,High,"Improve attendance, DSA, projects."
107,1107,Low,Low,Medium,Medium,"Improve attendance, DSA, projects."
108,1108,Low,Low,Low,Low,Keep consistency.
109,1109,High,Low,High,High,"Improve attendance, DSA, projects."
110,1110,Medium,Low,Medium,Medium,"Improve attendance, DSA, projects."
111,1111,Low,Low,Low,Low,Keep consistency.
112,1112,Low,Low,Medium,Medium,"Improve attendance, DSA, projects."
113,1113,Medium,Low,High,High,"Improve attendance, DSA, projects."
114,1114,Low,Low,Medium,Medium,"Improve attendance, DSA, projects."
115,1115,Low,Low,Medium,Medium,"Improve attendance, DSA, projects."
116,1116,High,Low,High,High,"Improve attendance, DSA, projects."
117,1117,Low,Low,Medium,Medium,"Improve attendance, DSA, projects."
118,1118,Medium,Low,High,High,"Improve attendance, DSA, projects."
119,1119,High,Low,High,High,"Improve attendance, DSA, projects."
120,1120,High,Low,High,High,"Improve attendance, DSA, projects."
121,1121,High,Low,High,High,"Improve attendance, DSA, projects."
122,1122,Low,Low,Medium,Medium,"Improve attendance, DSA, projects."
123,1123,High,Low,High,High,"Improve attendance, DSA, projects."
124,1124,Low,Low,Medium,Medium,"Improve attendance, DSA, projects."
125,1125,Low,Low,Medium,Medium,"Improve attendance, DSA, projects."
126,1126,Low,Low,Low,Low,Keep consistency.
127,1127,High,Low,High,High,"Improve attendance, DSA, projects."
128,1128,Medium,Low,High,High,"Improve attendance, DSA, projects."
129,1129,Medium,Low,Medium,Medium,"Improve attendance, DSA, projects."
130,1130,Medium,Low,High,High,"Improve attendance, DSA, projects."
131,1131,High,Low,High,High,"Improve attendance, DSA, projects."
132,1132,High,Low,High,High,"Improve attendance, DSA, projects."
133,1133,Medium,Low,High,High,"Improve attendance, DSA, projects."
134,1134,Low,Low,Medium,Medium,"Improve attendance, DSA, projects."
135,1135,Medium,Low,Medium,Medium,"Improve attendance, DSA, projects."
136,1136,Medium,Low,Medium,Medium,"Improve attendance, DSA, projects."
137,1137,Medium,Low,High,High,"Improve attendance, DSA, projects."
138,1138,Low,Low,Medium,Medium,"Improve attendance, DSA, projects."
139,1139,High,Low,High,High,"Improve attendance, DSA, projects."
140,1140,Low,Low,Medium,Medium,"Improve attendance, DSA, projects."
141,1141,Medium,Low,High,High,"Improve attendance, DSA, projects."
142,1142,Medium,Low,High,High,"Improve attendance, DSA, projects."
143,1143,Medium,Low,High,High,"Improve attendance, DSA, projects."
144,1144,Low,Low,Low,Low,Keep consistency.
145,1145,Low,Low,Medium,Medium,"Improve attendance, DSA, projects."
146,1146,Low,Low,Medium,Medium,"Improve attendance, DSA, projects."
147,1147,Low,Low,Medium,Medium,"Improve attendance, DSA, projects."
148,1148,Low,Low,Medium,Medium,"Improve attendance, DSA, projects."
149,1149,Medium,Low,Medium,Medium,"Improve attendance, DSA, projects."
150,1150,Medium,Low,High,High,"Improve attendance, DSA, projects."
151,1151,High,Low,High,High,"Improve attendance, DSA, projects."
152,1152,Low,Low,Low,Low,Keep consistency.
153,1153,Medium,Low,High,High,"Improve attendance, DSA, projects."
154,1154,Medium,Low,Medium,Medium,"Improve attendance, DSA, projects."
155,1155,Medium,Low,High,High,"Improve attendance, DSA, projects."
156,1156,High,Low,High,High,"Improve attendance, DSA, projects."
157,1157,High,Low,High,High,"Improve attendance, DSA, projects."
158,1158,Medium,Low,High,High,"Improve attendance, DSA, projects."
159,1159,Medium,Low,Medium,Medium,"Improve attendance, DSA, projects."
160,1160,High,Low,High,High,"Improve attendance, DSA, projects."
161,1161,Low,Low,Medium,Medium,"Improve attendance, DSA, projects."
162,1162,Medium,Low,Medium,Medium,"Improve attendance, DSA, projects."
163,1163,Medium,Low,High,High,"Improve attendance, DSA, projects."
164,1164,Low,Low,Medium,Medium,"Improve attendance, DSA, projects."
165,1165,Medium,Low,Medium,Medium,"Improve attendance, DSA, projects."
166,1166,Medium,Low,Medium,Medium,"Improve attendance, DSA, projects."
167,1167,Low,Low,Low,Low,Keep consistency.
168,1168,Medium,Low,High,High,"Improve attendance, DSA, projects."
169,1169,High,Low,High,High,"Improve attendance, DSA, projects."
170,1170,Low,Low,Medium,Medium,"Improve attendance, DSA, projects."
171,1171,Low,Low,Medium,Medium,"Improve attendance, DSA, projects."
172,1172,Low,Low,Medium,Medium,"Improve attendance, DSA, projects."
173,1173,High,Low,High,High,"Improve attendance, DSA, projects."
174,1174,Medium,Low,High,High,"Improve attendance, DSA, projects."
175,1175,Medium,Low,Medium,Medium,"Improve attendance, DSA, projects."
176,1176,Medium,Low,High,High,"Improve attendance, DSA, projects."
177,1177,Low,Low,Medium,Medium,"Improve attendance, DSA, projects."
178,1178,Low,Low,Medium,Medium,"Improve attendance, DSA, projects."
179,1179,Medium,Low,Medium,Medium,"Improve attendance, DSA, projects."
180,1180,Medium,Low,High,High,"Improve attendance, DSA, projects."
181,1181,Low,Low,Medium,Medium,"Improve attendance, DSA, projects."
182,1182,Medium,Low,Medium,Medium,"Improve attendance, DSA, projects."
183,1183,Medium,Low,Medium,Medium,"Improve attendance, DSA, projects."
184,1184,Medium,Low,High,High,"Improve attendance, DSA, projects."
185,1185,High,Low,High,High,"Improve attendance, DSA, projects."
186,1186,Low,Low,Low,Low,Keep consistency.
187,1187,High,Low,High,High,"Improve attendance, DSA, projects."
188,1188,Low,Low,Low,Low,Keep consistency.
189,1189,Low,Low,Medium,Medium,"Improve attendance, DSA, projects."
190,1190,Low,Low,Medium,Medium,"Improve attendance, DSA, projects."
191,1191,Medium,Low,Medium,Medium,"Improve attendance, DSA, projects."
192,1192,High,Low,High,High,"Improve attendance, DSA, projects."
193,1193,High,Low,High,High,"Improve attendance, DSA, projects."
194,1194,Low,Low,Medium,Medium,"Improve attendance, DSA, projects."
195,1195,High,Low,High,High,"Improve attendance, DSA, projects."
196,1196,Medium,Low,High,High,"Improve attendance, DSA, projects."
197,1197,Medium,Low,High,High,"Improve attendance, DSA, projects."
198,1198,Medium,Low,Medium,Medium,"Improve attendance, DSA, projects."
199,1199,Medium,Low,Medium,Medium,"Improve attendance, DSA, projects."
200,1200,Low,Low,Low,Low,Keep consistency.
201,1201,Medium,Low,High,High,"Improve attendance, DSA, projects."
202,1202,Low,Low,Medium,Medium,"Improve attendance, DSA, projects."
203,1203,Low,Low,Medium,Medium,"Improve attendance, DSA, projects."
204,1204,High,Low,High,High,"Improve attendance, DSA, projects."
205,1205,High,Low,High,High,"Improve attendance, DSA, projects."
206,1206,Low,Low,Medium,Medium,"Improve attendance, DSA, projects."
207,1207,Medium,Low,High,High,"Improve attendance, DSA, projects."
208,1208,High,Low,High,High,"Improve attendance, DSA, projects."
209,1209,High,Low,High,High,"Improve attendance, DSA, projects."
210,1210,Low,Low,Low,Low,Keep consistency.
211,1211,Medium,Low,Medium,Medium,"Improve attendance, DSA, projects."
212,1212,Low,Low,Medium,Medium,"Improve attendance, DSA, projects."
213,1213,High,Low,High,High,"Improve attendance, DSA, projects."
214,1214,Low,Low,Medium,Medium,"Improve attendance, DSA, projects."
215,1215,High,Low,High,High,"Improve attendance, DSA, projects."
216,1216,Medium,Low,High,High,"Improve attendance, DSA, projects."
217,1217,Low,Low,Medium,Medium,"Improve attendance, DSA, projects."
218,1218,Low,Low,Medium,Medium,"Improve attendance, DSA, projects."
219,1219,High,Low,High,High,"Improve attendance, DSA, projects."
220,1220,Low,Low,Medium,Medium,"Improve attendance, DSA, projects."
221,1221,High,Low,High,High,"Improve attendance, DSA, projects."
222,1222,High,Low,High,High,"Improve attendance, DSA, projects."
223,1223,Medium,Low,Medium,Medium,"Improve attendance, DSA, projects."
224,1224,High,Low,High,High,"Improve attendance, DSA, projects."
225,1225,Medium,Low,Medium,Medium,"Improve attendance, DSA, projects."
226,1226,Medium,Low,High,High,"Improve attendance, DSA, projects."
227,1227,Medium,Low,High,High,"Improve attendance, DSA, projects."
228,1228,High,Low,High,High,"Improve attendance, DSA, projects."
229,1229,Medium,Low,High,High,"Improve attendance, DSA, projects."
230,1230,Low,Low,Medium,Medium,"Improve attendance, DSA, projects."
231,1231,Medium,Low,High,High,"Improve attendance, DSA, projects."
232,1232,High,Low,High,High,"Improve attendance, DSA, projects."
233,1233,Medium,Low,Medium,Medium,"Improve attendance, DSA, projects."
234,1234,Medium,Low,High,High,"Improve attendance, DSA, projects."
235,1235,Medium,Low,High,High,"Improve attendance, DSA, projects."
236,1236,Low,Low,Low,Low,Keep consistency.
237,1237,High,Low,High,High,"Improve attendance, DSA, projects."
238,1238,Low,Low,Medium,Medium,"Improve attendance, DSA, projects."
239,1239,Low,Low,Low,Low,Keep consistency.
240,1240,High,Low,High,High,"Improve attendance, DSA, projects."
241,1241,Medium,Low,Medium,Medium,"Improve attendance, DSA, projects."
242,1242,Low,Low,Medium,Medium,"Improve attendance, DSA, projects."
243,1243,Low,Low,Medium,Medium,"Improve attendance, DSA, projects."
244,1244,High,High,High,High,"Improve attendance, DSA, projects."
245,1245,High,Low,High,High,"Improve attendance, DSA, projects."
246,1246,Medium,Low,High,High,"Improve attendance, DSA, projects."
247,1247,Low,Low,Low,Low,Keep consistency.
248,1248,Medium,Low,Medium,Medium,"Improve attendance, DSA, projects."
249,1249,Medium,Low,High,High,"Improve attendance, DSA, projects."
250,1250,Medium,Low,Medium,Medium,"Improve attendance, DSA, projects."
251,1251,High,Low,High,High,"Improve attendance, DSA, projects."
252,1252,Medium,Low,Medium,Medium,"Improve attendance, DSA, projects."
253,1253,Low,Low,Medium,Medium,"Improve attendance, DSA, projects."
254,1254,High,Low,High,High,"Improve attendance, DSA, projects."
255,1255,Low,Low,Medium,Medium,"Improve attendance, DSA, projects."
256,1256,Low,Low,Medium,Medium,"Improve attendance, DSA, projects."
257,1257,Low,Low,Medium,Medium,"Improve attendance, DSA, projects."
258,1258,Low,Low,Medium,Medium,"Improve attendance, DSA, projects."
259,1259,Medium,Low,Medium,Medium,"Improve attendance, DSA, projects."
260,1260,Low,Low,Low,Low,Keep consistency.
261,1261,High,Low,High,High,"Improve attendance, DSA, projects."
262,1262,Low,Low,Medium,Medium,"Improve attendance, DSA, projects."
263,1263,High,Low,High,High,"Improve attendance, DSA, projects."
264,1264,Low,Low,Medium,Medium,"Improve attendance, DSA, projects."
265,1265,Medium,Low,High,High,"Improve attendance, DSA, projects."
266,1266,Low,Low,Medium,Medium,"Improve attendance, DSA, projects."
267,1267,Low,Low,Medium,Medium,"Improve attendance, DSA, projects."
268,1268,High,Low,High,High,"Improve attendance, DSA, projects."
269,1269,High,Low,High,High,"Improve attendance, DSA, projects."
270,1270,High,Low,High,High,"Improve attendance, DSA, projects."
271,1271,High,Low,High,High,"Improve attendance, DSA, projects."
272,1272,Low,Low,Medium,Medium,"Improve attendance, DSA, projects."
273,1273,Medium,Low,Medium,Medium,"Improve attendance, DSA, projects."
274,1274,Low,Low,Medium,Medium,"Improve attendance, DSA, projects."
275,1275,High,Low,High,High,"Improve attendance, DSA, projects."
276,1276,Medium,Low,High,High,"Improve attendance, DSA, projects."
277,1277,High,Low,High,High,"Improve attendance, DSA, projects."
278,1278,Medium,Low,Medium,Medium,"Improve attendance, DSA, projects."
279,1279,Low,Low,Low,Low,Keep consistency.
280,1280,Medium,Low,High,High,"Improve attendance, DSA, projects."
281,1281,High,Low,High,High,"Improve attendance, DSA, projects."
282,1282,High,Low,High,High,"Improve attendance, DSA, projects."
283,1283,Medium,Low,High,High,"Improve attendance, DSA, projects."
284,1284,Low,Low,Medium,Medium,"Improve attendance, DSA, projects."
285,1285,Medium,Low,Medium,Medium,"Improve attendance, DSA, projects."
286,1286,Medium,Low,High,High,"Improve attendance, DSA, projects."
287,1287,Medium,Low,High,High,"Improve attendance, DSA, projects."
288,1288,Medium,Low,High,High,"Improve attendance, DSA, projects."
289,1289,High,Low,High,High,"Improve attendance, DSA, projects."
290,1290,Medium,Low,High,High,"Improve attendance, DSA, projects."
291,1291,Medium,Low,Medium,Medium,"Improve attendance, DSA, projects."
292,1292,Medium,Low,High,High,"Improve attendance, DSA, projects."
293,1293,Medium,Low,High,High,"Improve attendance, DSA, projects."
294,1294,Medium,Low,High,High,"Improve attendance, DSA, projects."
295,1295,Low,Low,Medium,Medium,"Improve attendance, DSA, projects."
296,1296,Medium,Low,High,High,"Improve attendance, DSA, projects."
297,1297,High,Low,High,High,"Improve attendance, DSA, projects."
298,1298,Medium,Low,High,High,"Improve attendance, DSA, projects."
299,1299,High,Low,High,High,"Improve attendance, DSA, projects."
300,1300,Low,Low,Medium,Medium,"Improve attendance, DSA, projects."
301,1301,Medium,Low,High,High,"Improve attendance, DSA, projects."
302,1302,Medium,Low,Medium,Medium,"Improve attendance, DSA, projects."
303,1303,High,Low,High,High,"Improve attendance, DSA, projects."
304,1304,Medium,Low,High,High,"Improve attendance, DSA, projects."
305,1305,Low,Low,Medium,Medium,"Improve attendance, DSA, projects."
306,1306,High,High,High,High,"Improve attendance, DSA, projects."
307,1307,Low,Low,Medium,Medium,"Improve attendance, DSA, projects."
308,1308,Medium,Low,High,High,"Improve attendance, DSA, projects."
309,1309,Low,Low,Medium,Medium,"Improve attendance, DSA, projects."
310,1310,High,Low,High,High,"Improve attendance, DSA, projects."
311,1311,High,Low,High,High,"Improve attendance, DSA, projects."
312,1312,Low,Low,Medium,Medium,"Improve attendance, DSA, projects."
313,1313,Medium,Low,High,High,"Improve attendance, DSA, projects."
314,1314,Low,Low,Medium,Medium,"Improve attendance, DSA, projects."
315,1315,Medium,Low,Medium,Medium,"Improve attendance, DSA, projects."
316,1316,Medium,Low,Medium,Medium,"Improve attendance, DSA, projects."
317,1317,Low,Low,Medium,Medium,"Improve attendance, DSA, projects."
318,1318,Medium,Low,Medium,Medium,"Improve attendance, DSA, projects."
319,1319,Low,Low,Low,Low,Keep consistency.
320,1320,Medium,Low,Medium,Medium,"Improve attendance, DSA, projects."
321,1321,Low,Low,Low,Low,Keep consistency.
322,1322,Medium,Low,High,High,"Improve attendance, DSA, projects."
323,1323,High,Low,High,High,"Improve attendance, DSA, projects."
324,1324,Medium,Low,Medium,Medium,"Improve attendance, DSA, projects."
325,1325,Low,Low,Medium,Medium,"Improve attendance, DSA, projects."
326,1326,Medium,Low,High,High,"Improve attendance, DSA, projects."
327,1327,Low,Low,Medium,Medium,"Improve attendance, DSA, projects."
328,1328,Medium,Low,High,High,"Improve attendance, DSA, projects."
329,1329,High,Low,High,High,"Improve attendance, DSA, projects."
330,1330,High,Low,High,High,"Improve attendance, DSA, projects."
331,1331,Low,Low,Medium,Medium,"Improve attendance, DSA, projects."
332,1332,Low,Low,Medium,Medium,"Improve attendance, DSA, projects."
333,1333,High,Low,High,High,"Improve attendance, DSA, projects."
334,1334,Medium,Low,High,High,"Improve attendance, DSA, projects."
335,1335,Medium,Low,Medium,Medium,"Improve attendance, DSA, projects."
336,1336,Medium,Low,High,High,"Improve attendance, DSA, projects."
337,1337,High,Low,High,High,"Improve attendance, DSA, projects."
338,1338,Low,Low,Low,Low,Keep consistency.
339,1339,Low,Low,Medium,Medium,"Improve attendance, DSA, projects."
340,1340,Low,Low,Medium,Medium,"Improve attendance, DSA, projects."
341,1341,Medium,Low,High,High,"Improve attendance, DSA, projects."
342,1342,Medium,Low,High,High,"Improve attendance, DSA, projects."
343,1343,High,Low,High,High,"Improve attendance, DSA, projects."
344,1344,Medium,Low,Medium,Medium,"Improve attendance, DSA, projects."
345,1345,High,Low,High,High,"Improve attendance, DSA, projects."
346,1346,Low,Low,Medium,Medium,"Improve attendance, DSA, projects."
347,1347,High,Low,High,High,"Improve attendance, DSA, projects."
348,1348,Medium,Low,Medium,Medium,"Improve attendance, DSA, projects."
349,1349,High,Low,High,High,"Improve attendance, DSA, projects."
350,1350,Medium,Low,Medium,Medium,"Improve attendance, DSA, projects."
351,1351,High,Low,High,High,"Improve attendance, DSA, projects."
352,1352,Medium,Low,High,High,"Improve attendance, DSA, projects."
353,1353,Medium,Low,High,High,"Improve attendance, DSA, projects."
354,1354,Medium,Low,High,High,"Improve attendance, DSA, projects."
355,1355,Medium,Low,Medium,Medium,"Improve attendance, DSA, projects."
356,1356,Low,Low,Low,Low,Keep consistency.
357,1357,Low,Low,Medium,Medium,"Improve attendance, DSA, projects."
358,1358,Low,Low,Low,Low,Keep consistency.
359,1359,Low,Low,Medium,Medium,"Improve attendance, DSA, projects."
360,1360,High,Low,High,High,"Improve attendance, DSA, projects."
361,1361,Low,Low,Medium,Medium,"Improve attendance, DSA, projects."
362,1362,High,Low,High,High,"Improve attendance, DSA, projects."
363,1363,Medium,Low,Medium,Medium,"Improve attendance, DSA, projects."
364,1364,Low,Low,Medium,Medium,"Improve attendance, DSA, projects."
365,1365,High,Low,High,High,"Improve attendance, DSA, projects."
366,1366,High,Low,High,High,"Improve attendance, DSA, projects."
367,1367,Medium,Low,Medium,Medium,"Improve attendance, DSA, projects."
368,1368,Low,Low,Medium,Medium,"Improve attendance, DSA, projects."
369,1369,Low,Low,Medium,Medium,"Improve attendance, DSA, projects."
370,1370,High,Low,High,High,"Improve attendance, DSA, projects."
371,1371,Low,Low,Medium,Medium,"Improve attendance, DSA, projects."
372,1372,Low,Low,Low,Low,Keep consistency.
373,1373,Low,Low,Medium,Medium,"Improve attendance, DSA, projects."
374,1374,Medium,Low,High,High,"Improve attendance, DSA, projects."
375,1375,High,Low,High,High,"Improve attendance, DSA, projects."
376,1376,Low,Low,Medium,Medium,"Improve attendance, DSA, projects."
377,1377,Medium,Low,Medium,Medium,"Improve attendance, DSA, projects."
378,1378,Medium,Low,High,High,"Improve attendance, DSA, projects."
379,1379,High,Low,High,High,"Improve attendance, DSA, projects."
380,1380,Medium,Low,High,High,"Improve attendance, DSA, projects."
381,1381,Medium,Low,High,High,"Improve attendance, DSA, projects."
382,1382,High,Low,High,High,"Improve attendance, DSA, projects."
383,1383,High,Low,High,High,"Improve attendance, DSA, projects."
384,1384,Medium,Low,Medium,Medium,"Improve attendance, DSA, projects."
385,1385,Medium,Low,Medium,Medium,"Improve attendance, DSA, projects."
386,1386,Medium,Low,High,High,"Improve attendance, DSA, projects."
387,1387,High,Low,High,High,"Improve attendance, DSA, projects."
388,1388,Low,Low,Low,Low,Keep consistency.
389,1389,Medium,Low,Medium,Medium,"Improve attendance, DSA, projects."
390,1390,Medium,Low,High,High,"Improve attendance, DSA, projects."
391,1391,Low,Low,Medium,Medium,"Improve attendance, DSA, projects."
392,1392,Medium,Low,Medium,Medium,"Improve attendance, DSA, projects."
393,1393,High,Low,High,High,"Improve attendance, DSA, projects."
394,1394,Medium,Low,Medium,Medium,"Improve attendance, DSA, projects."
395,1395,Low,Low,Medium,Medium,"Improve attendance, DSA, projects."
396,1396,Low,Low,Medium,Medium,"Improve attendance, DSA, projects."
397,1397,High,Low,High,High,"Improve attendance, DSA, projects."
398,1398,Low,Low,Medium,Medium,"Improve attendance, DSA, projects."
399,1399,Low,Low,Low,Low,Keep consistency.
400,1400,Medium,Low,High,High,"Improve attendance, DSA, projects."
401,1401,High,Low,High,High,"Improve attendance, DSA, projects."
402,1402,High,Low,High,High,"Improve attendance, DSA, projects."
403,1403,High,Low,High,High,"Improve attendance, DSA, projects."
404,1404,High,Low,High,High,"Improve attendance, DSA, projects."
405,1405,Medium,Low,Medium,Medium,"Improve attendance, DSA, projects."
406,1406,Medium,Low,Medium,Medium,"Improve attendance, DSA, projects."
407,1407,Medium,Low,High,High,"Improve attendance, DSA, projects."
408,1408,Medium,Low,High,High,"Improve attendance, DSA, projects."
409,1409,High,Low,High,High,"Improve attendance, DSA, projects."
410,1410,Medium,Low,High,High,"Improve attendance, DSA, projects."
411,1411,Low,Low,Medium,Medium,"Improve attendance, DSA, projects."
412,1412,Medium,Low,High,High,"Improve attendance, DSA, projects."
413,1413,High,Low,High,High,"Improve attendance, DSA, projects."
414,1414,Medium,Low,High,High,"Improve attendance, DSA, projects."
415,1415,High,Low,High,High,"Improve attendance, DSA, projects."
416,1416,Medium,Low,Medium,Medium,"Improve attendance, DSA, projects."
417,1417,High,Low,High,High,"Improve attendance, DSA, projects."
418,1418,Medium,Low,High,High,"Improve attendance, DSA, projects."
419,1419,Medium,Low,High,High,"Improve attendance, DSA, projects."
420,1420,Medium,Low,Medium,Medium,"Improve attendance, DSA, projects."
421,1421,Medium,Low,High,High,"Improve attendance, DSA, projects."
422,1422,Medium,Low,High,High,"Improve attendance, DSA, projects."
423,1423,Medium,Low,Medium,Medium,"Improve attendance, DSA, projects."
424,1424,Low,Low,Medium,Medium,"Improve attendance, DSA, projects."
425,1425,High,Low,High,High,"Improve attendance, DSA, projects."
426,1426,High,Low,High,High,"Improve attendance, DSA, projects."
427,1427,Medium,Low,High,High,"Improve attendance, DSA, projects."
428,1428,Medium,Low,High,High,"Improve attendance, DSA, projects."
429,1429,Medium,Low,Medium,Medium,"Improve attendance, DSA, projects."
430,1430,Low,Low,Medium,Medium,"Improve attendance, DSA, projects."
431,1431,Medium,Low,Medium,Medium,"Improve attendance, DSA, projects."
432,1432,High,Low,High,High,"Improve attendance, DSA, projects."
433,1433,Low,Low,Low,Low,Keep consistency.
434,1434,Medium,Low,Medium,Medium,"Improve attendance, DSA, projects."
435,1435,Medium,Low,Medium,Medium,"Improve attendance, DSA, projects."
436,1436,High,Low,High,High,"Improve attendance, DSA, projects."
437,1437,Medium,Low,High,High,"Improve attendance, DSA, projects."
438,1438,Medium,Low,Medium,Medium,"Improve attendance, DSA, projects."
439,1439,Medium,Low,High,High,"Improve attendance, DSA, projects."
440,1440,Medium,Low,Medium,Medium,"Improve attendance, DSA, projects."
441,1441,Medium,Low,High,High,"Improve attendance, DSA, projects."
442,1442,Low,Low,Medium,Medium,"Improve attendance, DSA, projects."
443,1443,Medium,Low,Medium,Medium,"Improve attendance, DSA, projects."
444,1444,Medium,Low,High,High,"Improve attendance, DSA, projects."
445,1445,Medium,Low,Medium,Medium,"Improve attendance, DSA, projects."
446,1446,High,Low,High,High,"Improve attendance, DSA, projects."
447,1447,Low,Low,Low,Low,Keep consistency.
448,1448,Medium,Low,Medium,Medium,"Improve attendance, DSA, projects."
449,1449,Low,Low,Low,Low,Keep consistency.
450,1450,Medium,Low,High,High,"Improve attendance, DSA, projects."
451,1451,Low,Low,Medium,Medium,"Improve attendance, DSA, projects."
452,1452,Medium,Low,Medium,Medium,"Improve attendance, DSA, projects."
453,1453,Medium,Low,High,High,"Improve attendance, DSA, projects."
454,1454,High,Low,High,High,"Improve attendance, DSA, projects."
455,1455,Medium,Low,Medium,Medium,"Improve attendance, DSA, projects."
456,1456,Medium,Low,Medium,Medium,"Improve attendance, DSA, projects."
457,1457,Medium,Low,High,High,"Improve attendance, DSA, projects."
458,1458,Medium,Low,Medium,Medium,"Improve attendance, DSA, projects."
459,1459,Medium,Low,High,High,"Improve attendance, DSA, projects."
460,1460,Medium,Low,High,High,"Improve attendance, DSA, projects."
461,1461,Medium,Low,High,High,"Improve attendance, DSA, projects."
462,1462,Low,Low,Low,Low,Keep consistency.
463,1463,Medium,Low,Medium,Medium,"Improve attendance, DSA, projects."
464,1464,Low,Low,Medium,Medium,"Improve attendance, DSA, projects."
465,1465,Medium,Low,Medium,Medium,"Improve attendance, DSA, projects."
466,1466,Medium,Low,High,High,"Improve attendance, DSA, projects."
467,1467,High,Low,High,High,"Improve attendance, DSA, projects."
468,1468,Medium,Low,Medium,Medium,"Improve attendance, DSA, projects."
469,1469,High,Low,High,High,"Improve attendance, DSA, projects."
470,1470,Low,Low,Medium,Medium,"Improve attendance, DSA, projects."
471,1471,High,Low,High,High,"Improve attendance, DSA, projects."
472,1472,Low,Low,Low,Low,Keep consistency.
473,1473,Medium,Low,Medium,Medium,"Improve attendance, DSA, projects."
474,1474,High,Low,High,High,"Improve attendance, DSA, projects."
475,1475,Medium,Low,Medium,Medium,"Improve attendance, DSA, projects."
476,1476,Low,Low,Medium,Medium,"Improve attendance, DSA, projects."
477,1477,Low,Low,Medium,Medium,"Improve attendance, DSA, projects."
478,1478,Low,Low,Low,Low,Keep consistency.
479,1479,Low,Low,Medium,Medium,"Improve attendance, DSA, projects."
480,1480,Medium,Low,High,High,"Improve attendance, DSA, projects."
481,1481,Low,Low,Medium,Medium,"Improve attendance, DSA, projects."
482,1482,Low,Low,Medium,Medium,"Improve attendance, DSA, projects."
483,1483,Medium,Low,Medium,Medium,"Improve attendance, DSA, projects."
484,1484,Medium,Low,Medium,Medium,"Improve attendance, DSA, projects."
485,1485,High,Low,High,High,"Improve attendance, DSA, projects."
486,1486,Medium,Low,High,High,"Improve attendance, DSA, projects."
487,1487,Low,Low,Low,Low,Keep consistency.
488,1488,Low,Low,Low,Low,Keep consistency.
489,1489,High,Low,High,High,"Improve attendance, DSA, projects."
490,1490,High,Low,High,High,"Improve attendance, DSA, projects."
491,1491,Medium,Low,High,High,"Improve attendance, DSA, projects."
492,1492,High,Low,High,High,"Improve attendance, DSA, projects."
493,1493,High,Low,High,High,"Improve attendance, DSA, projects."
494,1494,Low,Low,Medium,Medium,"Improve attendance, DSA, projects."
495,1495,Medium,Low,Medium,Medium,"Improve attendance, DSA, projects."
496,1496,Medium,Low,High,High,"Improve attendance, DSA, projects."
497,1497,Low,Low,Medium,Medium,"Improve attendance, DSA, projects."
498,1498,Low,Low,Medium,Medium,"Improve attendance, DSA, projects."
499,1499,High,Low,High,High,"Improve attendance, DSA, projects."
500,1500,High,Low,High,High,"Improve attendance, DSA, projects."
501,1501,High,Low,High,High,"Improve attendance, DSA, projects."
502,1502,High,Low,High,High,"Improve attendance, DSA, projects."
503,1503,High,High,High,High,"Improve attendance, DSA, projects."
504,1504,Medium,Low,Medium,Medium,"Improve attendance, DSA, projects."
505,1505,High,Low,High,High,"Improve attendance, DSA, projects."
506,1506,High,Low,High,High,"Improve attendance, DSA, projects."
507,1507,Low,Low,Medium,Medium,"Improve attendance, DSA, projects."
508,1508,Medium,Low,High,High,"Improve attendance, DSA, projects."
509,1509,Medium,Low,Medium,Medium,"Improve attendance, DSA, projects."
510,1510,Low,Low,Medium,Medium,"Improve attendance, DSA, projects."
511,1511,High,Low,High,High,"Improve attendance, DSA, projects."
512,1512,High,Low,High,High,"Improve attendance, DSA, projects."
513,1513,Medium,Low,Medium,Medium,"Improve attendance, DSA, projects."
514,1514,High,Low,High,High,"Improve attendance, DSA, projects."
515,1515,Medium,Low,High,High,"Improve attendance, DSA, projects."
516,1516,Medium,Low,Medium,Medium,"Improve attendance, DSA, projects."
517,1517,Medium,Low,High,High,"Improve attendance, DSA, projects."
518,1518,High,Low,High,High,"Improve attendance, DSA, projects."
519,1519,Medium,Low,High,High,"Improve attendance, DSA, projects."
520,1520,Low,Low,Low,Low,Keep consistency.
521,1521,Medium,Low,High,High,"Improve attendance, DSA, projects."
522,1522,Low,Low,Low,Low,Keep consistency.
523,1523,Low,Low,Medium,Medium,"Improve attendance, DSA, projects."
524,1524,High,Low,High,High,"Improve attendance, DSA, projects."
525,1525,Medium,Low,Medium,Medium,"Improve attendance, DSA, projects."
526,1526,Medium,Low,High,High,"Improve attendance, DSA, projects."
527,1527,Medium,Low,Medium,Medium,"Improve attendance, DSA, projects."
528,1528,Medium,Low,High,High,"Improve attendance, DSA, projects."
529,1529,Low,Low,Low,Low,Keep consistency.
530,1530,High,Low,High,High,"Improve attendance, DSA, projects."
531,1531,High,Low,High,High,"Improve attendance, DSA, projects."
532,1532,Medium,Low,Medium,Medium,"Improve attendance, DSA, projects."
533,1533,High,Low,High,High,"Improve attendance, DSA, projects."
534,1534,Medium,Low,Medium,Medium,"Improve attendance, DSA, projects."
535,1535,High,Low,High,High,"Improve attendance, DSA, projects."
536,1536,Medium,Low,High,High,"Improve attendance, DSA, projects."
537,1537,Medium,Low,High,High,"Improve attendance, DSA, projects."
538,1538,Medium,Low,Medium,Medium,"Improve attendance, DSA, projects."
539,1539,High,Low,High,High,"Improve attendance, DSA, projects."
540,1540,Medium,Low,Medium,Medium,"Improve attendance, DSA, projects."
541,1541,Medium,Low,Medium,Medium,"Improve attendance, DSA, projects."
542,1542,Medium,Low,Medium,Medium,"Improve attendance, DSA, projects."
543,1543,Low,Low,Low,Low,Keep consistency.
544,1544,Medium,Low,High,High,"Improve attendance, DSA, projects."
545,1545,High,Low,High,High,"Improve attendance, DSA, projects."
546,1546,Medium,Low,Medium,Medium,"Improve attendance, DSA, projects."
547,1547,Medium,Low,Medium,Medium,"Improve attendance, DSA, projects."
548,1548,High,Low,High,High,"Improve attendance, DSA, projects."
549,1549,Low,Low,Medium,Medium,"Improve attendance, DSA, projects."
550,1550,Low,Low,Medium,Medium,"Improve attendance, DSA, projects."
551,1551,Medium,Low,High,High,"Improve attendance, DSA, projects."
552,1552,Medium,Low,High,High,"Improve attendance, DSA, projects."
553,1553,High,Low,High,High,"Improve attendance, DSA, projects."
554,1554,Medium,Low,High,High,"Improve attendance, DSA, projects."
555,1555,Low,Low,Medium,Medium,"Improve attendance, DSA, projects."
556,1556,Low,Low,Low,Low,Keep consistency.
557,1557,High,Low,High,High,"Improve attendance, DSA, projects."
558,1558,Low,Low,Low,Low,Keep consistency.
559,1559,Low,Low,Medium,Medium,"Improve attendance, DSA, projects."
560,1560,High,Low,High,High,"Improve attendance, DSA, projects."
561,1561,Medium,Low,High,High,"Improve attendance, DSA, projects."
562,1562,Low,Low,Medium,Medium,"Improve attendance, DSA, projects."
563,1563,Medium,Low,High,High,"Improve attendance, DSA, projects."
564,1564,High,Low,High,High,"Improve attendance, DSA, projects."
565,1565,Medium,Low,High,High,"Improve attendance, DSA, projects."
566,1566,Medium,Low,High,High,"Improve attendance, DSA, projects."
567,1567,Medium,Low,High,High,"Improve attendance, DSA, projects."
568,1568,Medium,Low,High,High,"Improve attendance, DSA, projects."
569,1569,Medium,Low,High,High,"Improve attendance, DSA, projects."
570,1570,Medium,Low,High,High,"Improve attendance, DSA, projects."
571,1571,Low,Low,Medium,Medium,"Improve attendance, DSA, projects."
572,1572,High,Low,High,High,"Improve attendance, DSA, projects."
573,1573,High,Low,High,High,"Improve attendance, DSA, projects."
574,1574,Medium,Low,Medium,Medium,"Improve attendance, DSA, projects."
575,1575,Low,Low,Medium,Medium,"Improve attendance, DSA, projects."
576,1576,Low,Low,Medium,Medium,"Improve attendance, DSA, projects."
577,1577,Low,Low,Medium,Medium,"Improve attendance, DSA, projects."
578,1578,Low,Low,Low,Low,Keep consistency.
579,1579,Low,Low,Medium,Medium,"Improve attendance, DSA, projects."
580,1580,High,Low,High,High,"Improve attendance, DSA, projects."
581,1581,High,Low,High,High,"Improve attendance, DSA, projects."
582,1582,Medium,Low,Medium,Medium,"Improve attendance, DSA, projects."
583,1583,Low,Low,Medium,Medium,"Improve attendance, DSA, projects."
584,1584,Low,Low,Medium,Medium,"Improve attendance, DSA, projects."
585,1585,Medium,Low,High,High,"Improve attendance, DSA, projects."
586,1586,Low,Low,Low,Low,Keep consistency.
587,1587,Low,Low,Medium,Medium,"Improve attendance, DSA, projects."
588,1588,Medium,Low,High,High,"Improve attendance, DSA, projects."
589,1589,Medium,Low,High,High,"Improve attendance, DSA, projects."
590,1590,Low,Low,Low,Low,Keep consistency.
591,1591,High,Low,High,High,"Improve attendance, DSA, projects."
592,1592,Medium,Low,High,High,"Improve attendance, DSA, projects."
593,1593,Low,Low,Medium,Medium,"Improve attendance, DSA, projects."
594,1594,Medium,Low,High,High,"Improve attendance, DSA, projects."
595,1595,Low,Low,Medium,Medium,"Improve attendance, DSA, projects."
596,1596,Low,Low,Medium,Medium,"Improve attendance, DSA, projects."
597,1597,Medium,Low,Medium,Medium,"Improve attendance, DSA, projects."
598,1598,High,Low,High,High,"Improve attendance, DSA, projects."
599,1599,High,Low,High,High,"Improve attendance, DSA, projects."
600,1600,Medium,Low,Medium,Medium,"Improve attendance, DSA, projects."
601,1601,High,Low,High,High,"Improve attendance, DSA, projects."
602,1602,Medium,Low,Medium,Medium,"Improve attendance, DSA, projects."
603,1603,Low,Low,Medium,Medium,"Improve attendance, DSA, projects."
604,1604,Medium,Low,High,High,"Improve attendance, DSA, projects."
605,1605,High,Low,High,High,"Improve attendance, DSA, projects."
606,1606,Medium,Low,Medium,Medium,"Improve attendance, DSA, projects."
607,1607,Medium,Low,Medium,Medium,"Improve attendance, DSA, projects."
608,1608,Medium,Low,High,High,"Improve attendance, DSA, projects."
609,1609,Medium,Low,Medium,Medium,"Improve attendance, DSA, projects."
610,1610,Medium,Low,Medium,Medium,"Improve attendance, DSA, projects."
611,1611,Medium,Low,High,High,"Improve attendance, DSA, projects."
612,1612,Medium,Low,Medium,Medium,"Improve attendance, DSA, projects."
613,1613,Low,Low,Medium,Medium,"Improve attendance, DSA, projects."
614,1614,Low,Low,Medium,Medium,"Improve attendance, DSA, projects."
615,1615,Medium,Low,Medium,Medium,"Improve attendance, DSA, projects."
616,1616,Low,Low,Low,Low,Keep consistency.
617,1617,Medium,Low,Medium,Medium,"Improve attendance, DSA, projects."
618,1618,Low,Low,Low,Low,Keep consistency.
619,1619,High,Low,High,High,"Improve attendance, DSA, projects."
620,1620,Medium,Low,Medium,Medium,"Improve attendance, DSA, projects."
621,1621,Medium,Low,Medium,Medium,"Improve attendance, DSA, projects."
622,1622,Medium,Low,Medium,Medium,"Improve attendance, DSA, projects."
623,1623,High,Low,High,High,"Improve attendance, DSA, projects."
624,1624,Medium,Low,Medium,Medium,"Improve attendance, DSA, projects."
625,1625,Medium,Low,Medium,Medium,"Improve attendance, DSA, projects."
626,1626,Medium,Low,High,High,"Improve attendance, DSA, projects."
627,1627,Medium,Low,Medium,Medium,"Improve attendance, DSA, projects."
628,1628,Low,Low,Medium,Medium,"Improve attendance, DSA, projects."
629,1629,Medium,Low,High,High,"Improve attendance, DSA, projects."
630,1630,Medium,Low,Medium,Medium,"Improve attendance, DSA, projects."
631,1631,Medium,Low,High,High,"Improve attendance, DSA, projects."
632,1632,Low,Low,Medium,Medium,"Improve attendance, DSA, projects."
633,1633,Low,Low,Medium,Medium,"Improve attendance, DSA, projects."
634,1634,Low,Low,Medium,Medium,"Improve attendance, DSA, projects."
635,1635,Medium,Low,Medium,Medium,"Improve attendance, DSA, projects."
636,1636,Low,Low,Medium,Medium,"Improve attendance, DSA, projects."
637,1637,Medium,Low,High,High,"Improve attendance, DSA, projects."
638,1638,Low,Low,Medium,Medium,"Improve attendance, DSA, projects."
639,1639,Medium,Low,High,High,"Improve attendance, DSA, projects."
640,1640,Low,Low,Medium,Medium,"Improve attendance, DSA, projects."
641,1641,Low,Low,Low,Low,Keep consistency.
642,1642,High,Low,High,High,"Improve attendance, DSA, projects."
643,1643,Medium,Low,Medium,Medium,"Improve attendance, DSA, projects."
644,1644,Low,Low,Medium,Medium,"Improve attendance, DSA, projects."
645,1645,Low,Low,Medium,Medium,"Improve attendance, DSA, projects."
646,1646,Low,Low,Medium,Medium,"Improve attendance, DSA, projects."
647,1647,Medium,Low,Medium,Medium,"Improve attendance, DSA, projects."
648,1648,Low,Low,Medium,Medium,"Improve attendance, DSA, projects."
649,1649,Medium,Low,Medium,Medium,"Improve attendance, DSA, projects."
650,1650,Medium,Low,High,High,"Improve attendance, DSA, projects."
651,1651,Medium,Low,Medium,Medium,"Improve attendance, DSA, projects."
652,1652,Medium,Low,High,High,"Improve attendance, DSA, projects."
653,1653,Medium,Low,High,High,"Improve attendance, DSA, projects."
654,1654,Low,Low,Medium,Medium,"Improve attendance, DSA, projects."
655,1655,Medium,Low,High,High,"Improve attendance, DSA, projects."
656,1656,Low,Low,Medium,Medium,"Improve attendance, DSA, projects."
657,1657,Low,Low,Medium,Medium,"Improve attendance, DSA, projects."
658,1658,Medium,Low,Medium,Medium,"Improve attendance, DSA, projects."
659,1659,Medium,Low,High,High,"Improve attendance, DSA, projects."
660,1660,High,Low,High,High,"Improve attendance, DSA, projects."
661,1661,Medium,Low,High,High,"Improve attendance, DSA, projects."
662,1662,Medium,Low,High,High,"Improve attendance, DSA, projects."
663,1663,High,Low,High,High,"Improve attendance, DSA, projects."
664,1664,Medium,Low,High,High,"Improve attendance, DSA, projects."
665,1665,Low,Low,Medium,Medium,"Improve attendance, DSA, projects."
666,1666,Low,Low,Low,Low,Keep consistency.
667,1667,Low,Low,Medium,Medium,"Improve attendance, DSA, projects."
668,1668,Low,Low,Low,Low,Keep consistency.
669,1669,Low,Low,Medium,Medium,"Improve attendance, DSA, projects."
670,1670,Low,Low,Medium,Medium,"Improve attendance, DSA, projects."
671,1671,Medium,Low,High,High,"Improve attendance, DSA, projects."
672,1672,Medium,Low,High,High,"Improve attendance, DSA, projects."
673,1673,Low,Low,Medium,Medium,"Improve attendance, DSA, projects."
674,1674,Low,Low,Medium,Medium,"Improve attendance, DSA, projects."
675,1675,High,Low,High,High,"Improve attendance, DSA, projects."
676,1676,Low,Low,Medium,Medium,"Improve attendance, DSA, projects."
677,1677,Medium,Low,Medium,Medium,"Improve attendance, DSA, projects."
678,1678,Medium,Low,Medium,Medium,"Improve attendance, DSA, projects."
679,1679,High,Low,High,High,"Improve attendance, DSA, projects."
680,1680,Medium,Low,Medium,Medium,"Improve attendance, DSA, projects."
681,1681,Low,Low,Low,Low,Keep consistency.
682,1682,Medium,Low,Medium,Medium,"Improve attendance, DSA, projects."
683,1683,Medium,Low,Medium,Medium,"Improve attendance, DSA, projects."
684,1684,High,Low,High,High,"Improve attendance, DSA, projects."
685,1685,High,Low,High,High,"Improve attendance, DSA, projects."
686,1686,Medium,Low,Medium,Medium,"Improve attendance, DSA, projects."
687,1687,Medium,Low,High,High,"Improve attendance, DSA, projects."
688,1688,Medium,Low,High,High,"Improve attendance, DSA, projects."
689,1689,Medium,Low,Medium,Medium,"Improve attendance, DSA, projects."
690,1690,Low,Low,Medium,Medium,"Improve attendance, DSA, projects."
691,1691,Medium,Low,Medium,Medium,"Improve attendance, DSA, projects."
692,1692,Medium,Low,High,High,"Improve attendance, DSA, projects."
693,1693,Low,Low,Medium,Medium,"Improve attendance, DSA, projects."
694,1694,Medium,Low,Medium,Medium,"Improve attendance, DSA, projects."
695,1695,Medium,Low,High,High,"Improve attendance, DSA, projects."
696,1696,High,Low,High,High,"Improve attendance, DSA, projects."
697,1697,Low,Low,Medium,Medium,"Improve attendance, DSA, projects."
698,1698,Medium,Low,Medium,Medium,"Improve attendance, DSA, projects."
699,1699,Low,Low,Low,Low,Keep consistency.
700,1700,Medium,Low,Medium,Medium,"Improve attendance, DSA, projects."
701,1701,High,Low,High,High,"Improve attendance, DSA, projects."
702,1702,Medium,Low,High,High,"Improve attendance, DSA, projects."
703,1703,Medium,Low,High,High,"Improve attendance, DSA, projects."
704,1704,High,Low,High,High,"Improve attendance, DSA, projects."
705,1705,Medium,Low,Medium,Medium,"Improve attendance, DSA, projects."
706,1706,Medium,Low,High,High,"Improve attendance, DSA, projects."
707,1707,Medium,Low,High,High,"Improve attendance, DSA, projects."
708,1708,Low,Low,Medium,Medium,"Improve attendance, DSA, projects."
709,1709,Medium,Low,Medium,Medium,"Improve attendance, DSA, projects."
710,1710,High,Low,High,High,"Improve attendance, DSA, projects."
711,1711,High,Low,High,High,"Improve attendance, DSA, projects."
712,1712,High,Low,High,High,"Improve attendance, DSA, projects."
713,1713,Medium,Low,High,High,"Improve attendance, DSA, projects."
714,1714,Medium,Low,High,High,"Improve attendance, DSA, projects."
715,1715,Low,Low,Medium,Medium,"Improve attendance, DSA, projects."
716,1716,Low,Low,Medium,Medium,"Improve attendance, DSA, projects."
717,1717,Low,Low,Medium,Medium,"Improve attendance, DSA, projects."
718,1718,Medium,Low,High,High,"Improve attendance, DSA, projects."
719,1719,High,Low,High,High,"Improve attendance, DSA, projects."
720,1720,Low,Low,Medium,Medium,"Improve attendance, DSA, projects."
721,1721,High,Low,High,High,"Improve attendance, DSA, projects."
722,1722,Medium,Low,Medium,Medium,"Improve attendance, DSA, projects."
723,1723,High,Low,High,High,"Improve attendance, DSA, projects."
724,1724,Medium,Low,High,High,"Improve attendance, DSA, projects."
725,1725,Low,Low,Medium,Medium,"Improve attendance, DSA, projects."
726,1726,Low,Low,Medium,Medium,"Improve attendance, DSA, projects."
727,1727,Low,Low,Low,Low,Keep consistency.
728,1728,High,Low,High,High,"Improve attendance, DSA, projects."
729,1729,Medium,Low,Medium,Medium,"Improve attendance, DSA, projects."
730,1730,High,Low,High,High,"Improve attendance, DSA, projects."
731,1731,Low,Low,Medium,Medium,"Improve attendance, DSA, projects."
732,1732,Low,Low,Medium,Medium,"Improve attendance, DSA, projects."
733,1733,High,Low,High,High,"Improve attendance, DSA, projects."
734,1734,Medium,Low,High,High,"Improve attendance, DSA, projects."
735,1735,Low,Low,Low,Low,Keep consistency.
736,1736,Medium,Low,High,High,"Improve attendance, DSA, projects."
737,1737,Low,Low,Medium,Medium,"Improve attendance, DSA, projects."
738,1738,Low,Low,Medium,Medium,"Improve attendance, DSA, projects."
739,1739,Low,Low,Medium,Medium,"Improve attendance, DSA, projects."
740,1740,Medium,Low,Medium,Medium,"Improve attendance, DSA, projects."
741,1741,Low,Low,Medium,Medium,"Improve attendance, DSA, projects."
742,1742,Medium,Low,High,High,"Improve attendance, DSA, projects."
743,1743,High,Low,High,High,"Improve attendance, DSA, projects."
744,1744,Medium,Low,High,High,"Improve attendance, DSA, projects."
745,1745,High,Low,High,High,"Improve attendance, DSA, projects."
746,1746,Low,Low,Low,Low,Keep consistency.
747,1747,High,Low,High,High,"Improve attendance, DSA, projects."
748,1748,Low,Low,Medium,Medium,"Improve attendance, DSA, projects."
749,1749,Medium,Low,Medium,Medium,"Improve attendance, DSA, projects."
750,1750,Medium,Low,Medium,Medium,"Improve attendance, DSA, projects."
751,1751,Medium,Low,Medium,Medium,"Improve attendance, DSA, projects."
752,1752,Medium,Low,High,High,"Improve attendance, DSA, projects."
753,1753,Medium,Low,High,High,"Improve attendance, DSA, projects."
754,1754,Low,Low,Medium,Medium,"Improve attendance, DSA, projects."
755,1755,Low,Low,Medium,Medium,"Improve attendance, DSA, projects."
756,1756,Medium,Low,High,High,"Improve attendance, DSA, projects."
757,1757,Low,Low,Medium,Medium,"Improve attendance, DSA, projects."
758,1758,High,Low,High,High,"Improve attendance, DSA, projects."
759,1759,Low,Low,Medium,Medium,"Improve attendance, DSA, projects."
760,1760,Medium,Low,High,High,"Improve attendance, DSA, projects."
761,1761,Low,Low,Medium,Medium,"Improve attendance, DSA, projects."
762,1762,High,Low,High,High,"Improve attendance, DSA, projects."
763,1763,Low,Low,Medium,Medium,"Improve attendance, DSA, projects."
764,1764,Low,Low,Medium,Medium,"Improve attendance, DSA, projects."
765,1765,Medium,Low,High,High,"Improve attendance, DSA, projects."
766,1766,Low,Low,Low,Low,Keep consistency.
767,1767,Low,Low,Medium,Medium,"Improve attendance, DSA, projects."
768,1768,Low,Low,Medium,Medium,"Improve attendance, DSA, projects."
769,1769,Low,Low,Medium,Medium,"Improve attendance, DSA, projects."
770,1770,Medium,Low,Medium,Medium,"Improve attendance, DSA, projects."
771,1771,High,Low,High,High,"Improve attendance, DSA, projects."
772,1772,Medium,Low,High,High,"Improve attendance, DSA, projects."
773,1773,Low,Low,Medium,Medium,"Improve attendance, DSA, projects."
774,1774,Low,Low,Low,Low,Keep consistency.
775,1775,Medium,Low,Medium,Medium,"Improve attendance, DSA, projects."
776,1776,Medium,Low,Medium,Medium,"Improve attendance, DSA, projects."
777,1777,Low,Low,Medium,Medium,"Improve attendance, DSA, projects."
778,1778,Low,Low,Medium,Medium,"Improve attendance, DSA, projects."
779,1779,High,Low,High,High,"Improve attendance, DSA, projects."
780,1780,Low,Low,Medium,Medium,"Improve attendance, DSA, projects."
781,1781,High,Low,High,High,"Improve attendance, DSA, projects."
782,1782,Low,Low,Low,Low,Keep consistency.
783,1783,Medium,Low,High,High,"Improve attendance, DSA, projects."
784,1784,High,Low,High,High,"Improve attendance, DSA, projects."
785,1785,Low,Low,Medium,Medium,"Improve attendance, DSA, projects."
786,1786,Medium,Low,High,High,"Improve attendance, DSA, projects."
787,1787,Medium,Low,High,High,"Improve attendance, DSA, projects."
788,1788,Low,Low,Medium,Medium,"Improve attendance, DSA, projects."
789,1789,Low,Low,Medium,Medium,"Improve attendance, DSA, projects."
790,1790,Low,Low,Medium,Medium,"Improve attendance, DSA, projects."
791,1791,Medium,Low,High,High,"Improve attendance, DSA, projects."
792,1792,Low,Low,Medium,Medium,"Improve attendance, DSA, projects."
793,1793,Low,Low,Medium,Medium,"Improve attendance, DSA, projects."
794,1794,Medium,High,High,High,"Improve attendance, DSA, projects."
795,1795,Low,Low,Low,Low,Keep consistency.
796,1796,Medium,Low,Medium,Medium,"Improve attendance, DSA, projects."
797,1797,High,Low,High,High,"Improve attendance, DSA, projects."
798,1798,High,Low,High,High,"Improve attendance, DSA, projects."
799,1799,Low,Low,Medium,Medium,"Improve attendance, DSA, projects."
800,1800,High,Low,High,High,"Improve attendance, DSA, projects."
801,1801,High,Low,High,High,"Improve attendance, DSA, projects."
802,1802,High,Low,High,High,"Improve attendance, DSA, projects."
803,1803,Medium,Low,High,High,"Improve attendance, DSA, projects."
804,1804,Medium,Low,Medium,Medium,"Improve attendance, DSA, projects."
805,1805,Low,Low,Medium,Medium,"Improve attendance, DSA, projects."
806,1806,Medium,Low,High,High,"Improve attendance, DSA, projects."
807,1807,Medium,Low,High,High,"Improve attendance, DSA, projects."
808,1808,Medium,Low,Medium,Medium,"Improve attendance, DSA, projects."
809,1809,High,Low,High,High,"Improve attendance, DSA, projects."
810,1810,High,Low,High,High,"Improve attendance, DSA, projects."
811,1811,Medium,High,High,High,"Improve attendance, DSA, projects."
812,1812,High,Low,High,High,"Improve attendance, DSA, projects."
813,1813,Low,Low,Low,Low,Keep consistency.
814,1814,Medium,Low,High,High,"Improve attendance, DSA, projects."
815,1815,High,Low,High,High,"Improve attendance, DSA, projects."
816,1816,High,Low,High,High,"Improve attendance, DSA, projects."
817,1817,Medium,Low,High,High,"Improve attendance, DSA, projects."
818,1818,Low,Low,Medium,Medium,"Improve attendance, DSA, projects."
819,1819,Low,Low,Low,Low,Keep consistency.
820,1820,Medium,Low,High,High,"Improve attendance, DSA, projects."
821,1821,Low,Low,Medium,Medium,"Improve attendance, DSA, projects."
822,1822,Medium,Low,High,High,"Improve attendance, DSA, projects."
823,1823,Medium,Low,High,High,"Improve attendance, DSA, projects."
824,1824,Medium,Low,Medium,Medium,"Improve attendance, DSA, projects."
825,1825,High,Low,High,High,"Improve attendance, DSA, projects."
826,1826,Low,Low,Medium,Medium,"Improve attendance, DSA, projects."
827,1827,Medium,Low,High,High,"Improve attendance, DSA, projects."
828,1828,Medium,Low,High,High,"Improve attendance, DSA, projects."
829,1829,Medium,Low,Medium,Medium,"Improve attendance, DSA, projects."
830,1830,Medium,Low,High,High,"Improve attendance, DSA, projects."
831,1831,High,Low,High,High,"Improve attendance, DSA, projects."
832,1832,Low,Low,Medium,Medium,"Improve attendance, DSA, projects."
833,1833,Low,Low,Medium,Medium,"Improve attendance, DSA, projects."
834,1834,Medium,Low,High,High,"Improve attendance, DSA, projects."
835,1835,Medium,Low,Medium,Medium,"Improve attendance, DSA, projects."
836,1836,Low,Low,Medium,Medium,"Improve attendance, DSA, projects."
837,1837,High,Low,High,High,"Improve attendance, DSA, projects."
838,1838,Low,Low,Medium,Medium,"Improve attendance, DSA, projects."
839,1839,High,Low,High,High,"Improve attendance, DSA, projects."
840,1840,Medium,Low,High,High,"Improve attendance, DSA, projects."
841,1841,High,Low,High,High,"Improve attendance, DSA, projects."
842,1842,Medium,Low,High,High,"Improve attendance, DSA, projects."
843,1843,Medium,Low,High,High,"Improve attendance, DSA, projects."
844,1844,Medium,Low,Medium,Medium,"Improve attendance, DSA, projects."
845,1845,Medium,Low,Medium,Medium,"Improve attendance, DSA, projects."
846,1846,Medium,Low,Medium,Medium,"Improve attendance, DSA, projects."
847,1847,High,Low,High,High,"Improve attendance, DSA, projects."
848,1848,High,Low,High,High,"Improve attendance, DSA, projects."
849,1849,Medium,Low,High,High,"Improve attendance, DSA, projects."
850,1850,Low,Low,Medium,Medium,"Improve attendance, DSA, projects."
851,1851,High,Low,High,High,"Improve attendance, DSA, projects."
852,1852,Low,Low,Low,Low,Keep consistency.
853,1853,High,Low,High,High,"Improve attendance, DSA, projects."
854,1854,Medium,Low,High,High,"Improve attendance, DSA, projects."
855,1855,Medium,Low,High,High,"Improve attendance, DSA, projects."
856,1856,Low,Low,Medium,Medium,"Improve attendance, DSA, projects."
857,1857,Medium,Low,High,High,"Improve attendance, DSA, projects."
858,1858,High,Low,High,High,"Improve attendance, DSA, projects."
859,1859,Low,Low,Medium,Medium,"Improve attendance, DSA, projects."
860,1860,Low,Low,Medium,Medium,"Improve attendance, DSA, projects."
861,1861,Medium,Low,High,High,"Improve attendance, DSA, projects."
862,1862,High,Low,High,High,"Improve attendance, DSA, projects."
863,1863,Low,Low,Medium,Medium,"Improve attendance, DSA, projects."
864,1864,Medium,Low,High,High,"Improve attendance, DSA, projects."
865,1865,Medium,Low,High,High,"Improve attendance, DSA, projects."
866,1866,Medium,Low,Medium,Medium,"Improve attendance, DSA, projects."
867,1867,Low,Low,Low,Low,Keep consistency.
868,1868,Low,Low,Medium,Medium,"Improve attendance, DSA, projects."
869,1869,Medium,Low,Medium,Medium,"Improve attendance, DSA, projects."
870,1870,High,Low,High,High,"Improve attendance, DSA, projects."
871,1871,Medium,Low,High,High,"Improve attendance, DSA, projects."
872,1872,High,Low,High,High,"Improve attendance, DSA, projects."
873,1873,Medium,Low,Medium,Medium,"Improve attendance, DSA, projects."
874,1874,High,Low,High,High,"Improve attendance, DSA, projects."
875,1875,High,Low,High,High,"Improve attendance, DSA, projects."
876,1876,Medium,Low,High,High,"Improve attendance, DSA, projects."
877,1877,High,Low,High,High,"Improve attendance, DSA, projects."
878,1878,Low,Low,Medium,Medium,"Improve attendance, DSA, projects."
879,1879,Medium,Low,High,High,"Improve attendance, DSA, projects."
880,1880,Medium,Low,Medium,Medium,"Improve attendance, DSA, projects."
881,1881,High,Low,High,High,"Improve attendance, DSA, projects."
882,1882,High,Low,High,High,"Improve attendance, DSA, projects."
883,1883,Medium,Low,High,High,"Improve attendance, DSA, projects."
884,1884,Medium,Low,High,High,"Improve attendance, DSA, projects."
885,1885,Medium,Low,High,High,"Improve attendance, DSA, projects."
886,1886,Low,Low,Medium,Medium,"Improve attendance, DSA, projects."
887,1887,Medium,Low,High,High,"Improve attendance, DSA, projects."
888,1888,Medium,Low,High,High,"Improve attendance, DSA, projects."
889,1889,Medium,Low,Medium,Medium,"Improve attendance, DSA, projects."
890,1890,High,Low,High,High,"Improve attendance, DSA, projects."
891,1891,Medium,Low,High,High,"Improve attendance, DSA, projects."
892,1892,Medium,Low,High,High,"Improve attendance, DSA, projects."
893,1893,Low,Low,Medium,Medium,"Improve attendance, DSA, projects."
894,1894,Medium,Low,High,High,"Improve attendance, DSA, projects."
895,1895,High,Low,High,High,"Improve attendance, DSA, projects."
896,1896,Low,Low,Medium,Medium,"Improve attendance, DSA, projects."
897,1897,Low,Low,Medium,Medium,"Improve attendance, DSA, projects."
898,1898,Medium,Low,Medium,Medium,"Improve attendance, DSA, projects."
899,1899,Medium,Low,High,High,"Improve attendance, DSA, projects."
900,1900,Medium,Low,High,High,"Improve attendance, DSA, projects."
901,1901,High,Low,High,High,"Improve attendance, DSA, projects."
902,1902,High,Low,High,High,"Improve attendance, DSA, projects."
903,1903,Medium,Low,High,High,"Improve attendance, DSA, projects."
904,1904,Low,Low,Medium,Medium,"Improve attendance, DSA, projects."
905,1905,High,Low,High,High,"Improve attendance, DSA, projects."
906,1906,Medium,Low,High,High,"Improve attendance, DSA, projects."
907,1907,High,Low,High,High,"Improve attendance, DSA, projects."
908,1908,Medium,Low,Medium,Medium,"Improve attendance, DSA, projects."
909,1909,Low,Low,Low,Low,Keep consistency.
910,1910,Medium,Low,Medium,Medium,"Improve attendance, DSA, projects."
911,1911,Low,Low,Medium,Medium,"Improve attendance, DSA, projects."
912,1912,Low,Low,Medium,Medium,"Improve attendance, DSA, projects."
913,1913,Medium,Low,Medium,Medium,"Improve attendance, DSA, projects."
914,1914,Low,Low,Medium,Medium,"Improve attendance, DSA, projects."
915,1915,Medium,Low,Medium,Medium,"Improve attendance, DSA, projects."
916,1916,Medium,Low,High,High,"Improve attendance, DSA, projects."
917,1917,Medium,Low,High,High,"Improve attendance, DSA, projects."
918,1918,Medium,Low,High,High,"Improve attendance, DSA, projects."
919,1919,Low,Low,Medium,Medium,"Improve attendance, DSA, projects."
920,1920,High,Low,High,High,"Improve attendance, DSA, projects."
921,1921,Low,Low,Medium,Medium,"Improve attendance, DSA, projects."
922,1922,Low,Low,Medium,Medium,"Improve attendance, DSA, projects."
923,1923,Medium,Low,High,High,"Improve attendance, DSA, projects."
924,1924,Medium,Low,High,High,"Improve attendance, DSA, projects."
925,1925,Medium,Low,High,High,"Improve attendance, DSA, projects."
926,1926,Medium,Low,Medium,Medium,"Improve attendance, DSA, projects."
927,1927,Medium,Low,Medium,Medium,"Improve attendance, DSA, projects."
928,1928,High,Low,High,High,"Improve attendance, DSA, projects."
929,1929,Medium,Low,High,High,"Improve attendance, DSA, projects."
930,1930,Medium,Low,Medium,Medium,"Improve attendance, DSA, projects."
931,1931,Medium,Low,High,High,"Improve attendance, DSA, projects."
932,1932,Low,Low,Medium,Medium,"Improve attendance, DSA, projects."
933,1933,Medium,Low,High,High,"Improve attendance, DSA, projects."
934,1934,Low,Low,Medium,Medium,"Improve attendance, DSA, projects."
935,1935,Medium,Low,High,High,"Improve attendance, DSA, projects."
936,1936,Low,Low,Medium,Medium,"Improve attendance, DSA, projects."
937,1937,Medium,Low,Medium,Medium,"Improve attendance, DSA, projects."
938,1938,Medium,Low,High,High,"Improve attendance, DSA, projects."
939,1939,Medium,Low,High,High,"Improve attendance, DSA, projects."
940,1940,High,Low,High,High,"Improve attendance, DSA, projects."
941,1941,Medium,Low,High,High,"Improve attendance, DSA, projects."
942,1942,Low,Low,Low,Low,Keep consistency.
943,1943,Medium,Low,High,High,"Improve attendance, DSA, projects."
944,1944,Medium,Low,Medium,Medium,"Improve attendance, DSA, projects."
945,1945,Low,Low,Medium,Medium,"Improve attendance, DSA, projects."
946,1946,High,Low,High,High,"Improve attendance, DSA, projects."
947,1947,Medium,Low,High,High,"Improve attendance, DSA, projects."
948,1948,Low,Low,Medium,Medium,"Improve attendance, DSA, projects."
949,1949,Medium,Low,Medium,Medium,"Improve attendance, DSA, projects."
950,1950,Low,Low,Low,Low,Keep consistency.
951,1951,Low,Low,Medium,Medium,"Improve attendance, DSA, projects."
952,1952,High,Low,High,High,"Improve attendance, DSA, projects."
953,1953,Medium,Low,Medium,Medium,"Improve attendance, DSA, projects."
954,1954,Medium,Low,High,High,"Improve attendance, DSA, projects."
955,1955,Medium,Low,Medium,Medium,"Improve attendance, DSA, projects."
956,1956,High,Low,High,High,"Improve attendance, DSA, projects."
957,1957,Medium,Low,Medium,Medium,"Improve attendance, DSA, projects."
958,1958,Medium,Low,High,High,"Improve attendance, DSA, projects."
959,1959,Medium,Low,Medium,Medium,"Improve attendance, DSA, projects."
960,1960,Medium,Low,High,High,"Improve attendance, DSA, projects."
961,1961,Low,Low,Medium,Medium,"Improve attendance, DSA, projects."
962,1962,Medium,Low,Medium,Medium,"Improve attendance, DSA, projects."
963,1963,Low,Low,Medium,Medium,"Improve attendance, DSA, projects."
964,1964,Low,Low,Medium,Medium,"Improve attendance, DSA, projects."
965,1965,Medium,Low,High,High,"Improve attendance, DSA, projects."
966,1966,Medium,Low,Medium,Medium,"Improve attendance, DSA, projects."
967,1967,Low,Low,Low,Low,Keep consistency.
968,1968,High,Low,High,High,"Improve attendance, DSA, projects."
969,1969,Medium,Low,High,High,"Improve attendance, DSA, projects."
970,1970,Low,Low,Medium,Medium,"Improve attendance, DSA, projects."
971,1971,Medium,Low,High,High,"Improve attendance, DSA, projects."
972,1972,Medium,Low,High,High,"Improve attendance, DSA, projects."
973,1973,High,Low,High,High,"Improve attendance, DSA, projects."
974,1974,High,Low,High,High,"Improve attendance, DSA, projects."
975,1975,Medium,Low,High,High,"Improve attendance, DSA, projects."
976,1976,Low,Low,Medium,Medium,"Improve attendance, DSA, projects."
977,1977,Medium,Low,Medium,Medium,"Improve attendance, DSA, projects."
978,1978,Low,Low,Medium,Medium,"Improve attendance, DSA, projects."
979,1979,Low,Low,Medium,Medium,"Improve attendance, DSA, projects."
980,1980,High,Low,High,High,"Improve attendance, DSA, projects."
981,1981,Low,Low,Medium,Medium,"Improve attendance, DSA, projects."
982,1982,Low,Low,Medium,Medium,"Improve attendance, DSA, projects."
983,1983,High,Low,High,High,"Improve attendance, DSA, projects."
984,1984,High,Low,High,High,"Improve attendance, DSA, projects."
985,1985,High,Low,High,High,"Improve attendance, DSA, projects."
986,1986,High,Low,High,High,"Improve attendance, DSA, projects."
987,1987,Medium,Low,Medium,Medium,"Improve attendance, DSA, projects."
988,1988,Medium,Low,Medium,Medium,"Improve attendance, DSA, projects."
989,1989,Medium,Low,High,High,"Improve attendance, DSA, projects."
990,1990,High,Low,High,High,"Improve attendance, DSA, projects."
991,1991,Medium,Low,Medium,Medium,"Improve attendance, DSA, projects."
992,1992,High,Low,High,High,"Improve attendance, DSA, projects."
993,1993,High,Low,High,High,"Improve attendance, DSA, projects."
994,1994,High,Low,High,High,"Improve attendance, DSA, projects."
995,1995,Medium,Low,Medium,Medium,"Improve attendance, DSA, projects."
996,1996,Medium,Low,High,High,"Improve attendance, DSA, projects."
997,1997,Medium,Low,High,High,"Improve attendance, DSA, projects."
998,1998,Medium,Low,Medium,Medium,"Improve attendance, DSA, projects."
999,1999,High,Low,High,High,"Improve attendance, DSA, projects."
1000,2000,Medium,Low,Medium,Medium,"Improve attendance, DSA, projects."
1001,2001,Low,Low,Medium,Medium,"Improve attendance, DSA, projects."
1002,2002,Low,Low,Low,Low,Keep consistency.
1003,2003,Medium,Low,High,High,"Improve attendance, DSA, projects."
1004,2004,Low,Low,Medium,Medium,"Improve attendance, DSA, projects."
1005,2005,Low,Low,Medium,Medium,"Improve attendance, DSA, projects."
1006,2006,Medium,Low,Medium,Medium,"Improve attendance, DSA, projects."
1007,2007,Medium,Low,Medium,Medium,"Improve attendance, DSA, projects."
1008,2008,High,Low,High,High,"Improve attendance, DSA, projects."
1009,2009,Low,Low,Medium,Medium,"Improve attendance, DSA, projects."
1010,2010,Low,Low,Medium,Medium,"Improve attendance, DSA, projects."
1011,2011,Low,Low,Medium,Medium,"Improve attendance, DSA, projects."
1012,2012,Medium,Low,High,High,"Improve attendance, DSA, projects."
1013,2013,High,Low,High,High,"Improve attendance, DSA, projects."
1014,2014,High,Low,High,High,"Improve attendance, DSA, projects."
1015,2015,Low,Low,Medium,Medium,"Improve attendance, DSA, projects."
1016,2016,Low,Low,Medium,Medium,"Improve attendance, DSA, projects."
1017,2017,Low,Low,Medium,Medium,"Improve attendance, DSA, projects."
1018,2018,High,Low,High,High,"Improve attendance, DSA, projects."
1019,2019,Medium,Low,High,High,"Improve attendance, DSA, projects."
1020,2020,Medium,Low,High,High,"Improve attendance, DSA, projects."
1021,2021,Medium,Low,Medium,Medium,"Improve attendance, DSA, projects."
1022,2022,High,Low,High,High,"Improve attendance, DSA, projects."
1023,2023,Medium,Low,Medium,Medium,"Improve attendance, DSA, projects."
1024,2024,Medium,Low,High,High,"Improve attendance, DSA, projects."
1025,2025,Medium,Low,High,High,"Improve attendance, DSA, projects."
1026,2026,Medium,Low,High,High,"Improve attendance, DSA, projects."
1027,2027,High,Low,High,High,"Improve attendance, DSA, projects."
1028,2028,Medium,Low,Medium,Medium,"Improve attendance, DSA, projects."
1029,2029,Medium,Low,High,High,"Improve attendance, DSA, projects."
1030,2030,Medium,Low,High,High,"Improve attendance, DSA, projects."
1031,2031,Low,Low,Medium,Medium,"Improve attendance, DSA, projects."
1032,2032,Medium,Low,Medium,Medium,"Improve attendance, DSA, projects."
1033,2033,Low,Low,Medium,Medium,"Improve attendance, DSA, projects."
1034,2034,Medium,Low,Medium,Medium,"Improve attendance, DSA, projects."
1035,2035,Medium,Low,High,High,"Improve attendance, DSA, projects."
1036,2036,Medium,Low,High,High,"Improve attendance, DSA, projects."
1037,2037,Medium,Low,High,High,"Improve attendance, DSA, projects."
1038,2038,Medium,Low,High,High,"Improve attendance, DSA, projects."
1039,2039,Medium,Low,Medium,Medium,"Improve attendance, DSA, projects."
1040,2040,Low,Low,Medium,Medium,"Improve attendance, DSA, projects."
1041,2041,Medium,Low,Medium,Medium,"Improve attendance, DSA, projects."
1042,2042,Low,Low,Medium,Medium,"Improve attendance, DSA, projects."
1043,2043,High,High,High,High,"Improve attendance, DSA, projects."
1044,2044,Medium,Low,High,High,"Improve attendance, DSA, projects."
1045,2045,Medium,Low,High,High,"Improve attendance, DSA, projects."
1046,2046,Medium,Low,Medium,Medium,"Improve attendance, DSA, projects."
1047,2047,High,Low,High,High,"Improve attendance, DSA, projects."
1048,2048,Medium,Low,Medium,Medium,"Improve attendance, DSA, projects."
1049,2049,Low,Low,Medium,Medium,"Improve attendance, DSA, projects."
1050,2050,Medium,Low,Medium,Medium,"Improve attendance, DSA, projects."
1051,2051,Medium,Low,Medium,Medium,"Improve attendance, DSA, projects."
1052,2052,Medium,Low,Medium,Medium,"Improve attendance, DSA, projects."
1053,2053,Low,Low,Low,Low,Keep consistency.
1054,2054,Medium,Low,High,High,"Improve attendance, DSA, projects."
1055,2055,High,Low,High,High,"Improve attendance, DSA, projects."
1056,2056,Medium,Low,High,High,"Improve attendance, DSA, projects."
1057,2057,Low,Low,Medium,Medium,"Improve attendance, DSA, projects."
1058,2058,Medium,Low,High,High,"Improve attendance, DSA, projects."
1059,2059,Medium,Low,High,High,"Improve attendance, DSA, projects."
1060,2060,Medium,Low,High,High,"Improve attendance, DSA, projects."
1061,2061,Low,Low,Low,Low,Keep consistency.
1062,2062,Medium,Low,Medium,Medium,"Improve attendance, DSA, projects."
1063,2063,High,Low,High,High,"Improve attendance, DSA, projects."
1064,2064,Medium,Low,High,High,"Improve attendance, DSA, projects."
1065,2065,Low,Low,Low,Low,Keep consistency.
1066,2066,High,Low,High,High,"Improve attendance, DSA, projects."
1067,2067,Medium,Low,Medium,Medium,"Improve attendance, DSA, projects."
1068,2068,Medium,Low,High,High,"Improve attendance, DSA, projects."
1069,2069,Low,Low,Low,Low,Keep consistency.
1070,2070,Low,Low,Low,Low,Keep consistency.
1071,2071,Medium,Low,Medium,Medium,"Improve attendance, DSA, projects."
1072,2072,Medium,Low,High,High,"Improve attendance, DSA, projects."
1073,2073,Medium,Low,Medium,Medium,"Improve attendance, DSA, projects."
1074,2074,High,Low,High,High,"Improve attendance, DSA, projects."
1075,2075,Low,Low,Low,Low,Keep consistency.
1076,2076,Low,Low,Medium,Medium,"Improve attendance, DSA, projects."
1077,2077,Low,Low,Medium,Medium,"Improve attendance, DSA, projects."
1078,2078,Low,Low,Medium,Medium,"Improve attendance, DSA, projects."
1079,2079,Medium,Low,High,High,"Improve attendance, DSA, projects."
1080,2080,Medium,Low,Medium,Medium,"Improve attendance, DSA, projects."
1081,2081,High,Low,High,High,"Improve attendance, DSA, projects."
1082,2082,Low,Low,Medium,Medium,"Improve attendance, DSA, projects."
1083,2083,Medium,Low,Medium,Medium,"Improve attendance, DSA, projects."
1084,2084,Medium,Low,High,High,"Improve attendance, DSA, projects."
1085,2085,High,Low,High,High,"Improve attendance, DSA, projects."
1086,2086,High,Low,High,High,"Improve attendance, DSA, projects."
1087,2087,Medium,Low,Medium,Medium,"Improve attendance, DSA, projects."
1088,2088,High,Low,High,High,"Improve attendance, DSA, projects."
1089,2089,Medium,Low,High,High,"Improve attendance, DSA, projects."
1090,2090,Medium,Low,High,High,"Improve attendance, DSA, projects."
1091,2091,Medium,Low,High,High,"Improve attendance, DSA, projects."
1092,2092,Medium,Low,High,High,"Improve attendance, DSA, projects."
1093,2093,High,Low,High,High,"Improve attendance, DSA, projects."
1094,2094,Medium,Low,Medium,Medium,"Improve attendance, DSA, projects."
1095,2095,Low,Low,Medium,Medium,"Improve attendance, DSA, projects."
1096,2096,Medium,Low,Medium,Medium,"Improve attendance, DSA, projects."
1097,2097,Low,Low,Low,Low,Keep consistency.
1098,2098,High,Low,High,High,"Improve attendance, DSA, projects."
1099,2099,Medium,Low,Medium,Medium,"Improve attendance, DSA, projects."
1100,2100,Medium,Low,High,High,"Improve attendance, DSA, projects."
1101,2101,Medium,Low,High,High,"Improve attendance, DSA, projects."
1102,2102,High,Low,High,High,"Improve attendance, DSA, projects."
1103,2103,Low,Low,Medium,Medium,"Improve attendance, DSA, projects."
1104,2104,Low,Low,Medium,Medium,"Improve attendance, DSA, projects."
1105,2105,Medium,Low,High,High,"Improve attendance, DSA, projects."
1106,2106,Low,Low,Medium,Medium,"Improve attendance, DSA, projects."
1107,2107,High,Low,High,High,"Improve attendance, DSA, projects."
1108,2108,Medium,Low,Medium,Medium,"Improve attendance, DSA, projects."
1109,2109,High,Low,High,High,"Improve attendance, DSA, projects."
1110,2110,Medium,Low,Medium,Medium,"Improve attendance, DSA, projects."
1111,2111,Medium,Low,Medium,Medium,"Improve attendance, DSA, projects."
1112,2112,Medium,Low,High,High,"Improve attendance, DSA, projects."
1113,2113,High,Low,High,High,"Improve attendance, DSA, projects."
1114,2114,Low,Low,Medium,Medium,"Improve attendance, DSA, projects."
1115,2115,High,Low,High,High,"Improve attendance, DSA, projects."
1116,2116,High,Low,High,High,"Improve attendance, DSA, projects."
1117,2117,Medium,Low,High,High,"Improve attendance, DSA, projects."
1118,2118,High,Low,High,High,"Improve attendance, DSA, projects."
1119,2119,High,Low,High,High,"Improve attendance, DSA, projects."
1120,2120,Low,Low,Low,Low,Keep consistency.
1121,2121,Medium,Low,High,High,"Improve attendance, DSA, projects."
1122,2122,Medium,Low,High,High,"Improve attendance, DSA, projects."
1123,2123,Medium,Low,Medium,Medium,"Improve attendance, DSA, projects."
1124,2124,High,Low,High,High,"Improve attendance, DSA, projects."
1125,2125,High,Low,High,High,"Improve attendance, DSA, projects."
1126,2126,Low,Low,Medium,Medium,"Improve attendance, DSA, projects."
1127,2127,Medium,Low,Medium,Medium,"Improve attendance, DSA, projects."
1128,2128,Low,Low,Low,Low,Keep consistency.
1129,2129,Medium,Low,Medium,Medium,"Improve attendance, DSA, projects."
1130,2130,High,Low,High,High,"Improve attendance, DSA, projects."
1131,2131,High,High,High,High,"Improve attendance, DSA, projects."
1132,2132,Medium,Low,High,High,"Improve attendance, DSA, projects."
1133,2133,High,Low,High,High,"Improve attendance, DSA, projects."
1134,2134,Low,Low,Low,Low,Keep consistency.
1135,2135,Low,Low,Medium,Medium,"Improve attendance, DSA, projects."
1136,2136,High,Low,High,High,"Improve attendance, DSA, projects."
1137,2137,Medium,Low,High,High,"Improve attendance, DSA, projects."
1138,2138,Low,Low,Medium,Medium,"Improve attendance, DSA, projects."
1139,2139,High,Low,High,High,"Improve attendance, DSA, projects."
1140,2140,High,Low,High,High,"Improve attendance, DSA, projects."
1141,2141,Medium,Low,High,High,"Improve attendance, DSA, projects."
1142,2142,Low,Low,Medium,Medium,"Improve attendance, DSA, projects."
1143,2143,Medium,Low,High,High,"Improve attendance, DSA, projects."
1144,2144,Medium,Low,Medium,Medium,"Improve attendance, DSA, projects."
1145,2145,Medium,Low,High,High,"Improve attendance, DSA, projects."
1146,2146,Medium,Low,High,High,"Improve attendance, DSA, projects."
1147,2147,Medium,Low,High,High,"Improve attendance, DSA, projects."
1148,2148,Medium,Low,High,High,"Improve attendance, DSA, projects."
1149,2149,High,Low,High,High,"Improve attendance, DSA, projects."
1150,2150,Medium,Low,High,High,"Improve attendance, DSA, projects."
1151,2151,Low,Low,Medium,Medium,"Improve attendance, DSA, projects."
1152,2152,High,Low,High,High,"Improve attendance, DSA, projects."
1153,2153,Low,Low,Low,Low,Keep consistency.
1154,2154,High,Low,High,High,"Improve attendance, DSA, projects."
1155,2155,Medium,Low,High,High,"Improve attendance, DSA, projects."
1156,2156,Medium,Low,High,High,"Improve attendance, DSA, projects."
1157,2157,Medium,Low,High,High,"Improve attendance, DSA, projects."
1158,2158,Medium,Low,High,High,"Improve attendance, DSA, projects."
1159,2159,Medium,Low,Medium,Medium,"Improve attendance, DSA, projects."
1160,2160,Low,Low,Medium,Medium,"Improve attendance, DSA, projects."
1161,2161,Low,Low,Medium,Medium,"Improve attendance, DSA, projects."
1162,2162,Medium,Low,Medium,Medium,"Improve attendance, DSA, projects."
1163,2163,Medium,Low,High,High,"Improve attendance, DSA, projects."
1164,2164,Low,Low,Medium,Medium,"Improve attendance, DSA, projects."
1165,2165,High,High,High,High,"Improve attendance, DSA, projects."
1166,2166,Medium,High,High,High,"Improve attendance, DSA, projects."
1167,2167,Medium,Low,High,High,"Improve attendance, DSA, projects."
1168,2168,Medium,Low,High,High,"Improve attendance, DSA, projects."
1169,2169,Low,Low,Medium,Medium,"Improve attendance, DSA, projects."
1170,2170,Low,Low,Low,Low,Keep consistency.
1171,2171,Medium,Low,High,High,"Improve attendance, DSA, projects."
1172,2172,Medium,Low,Medium,Medium,"Improve attendance, DSA, projects."
1173,2173,High,Low,High,High,"Improve attendance, DSA, projects."
1174,2174,Medium,Low,High,High,"Improve attendance, DSA, projects."
1175,2175,Low,Low,Medium,Medium,"Improve attendance, DSA, projects."
1176,2176,High,Low,High,High,"Improve attendance, DSA, projects."
1177,2177,High,Low,High,High,"Improve attendance, DSA, projects."
1178,2178,Low,Low,Medium,Medium,"Improve attendance, DSA, projects."
1179,2179,High,High,High,High,"Improve attendance, DSA, projects."
1180,2180,Low,Low,Medium,Medium,"Improve attendance, DSA, projects."
1181,2181,Medium,Low,Medium,Medium,"Improve attendance, DSA, projects."
1182,2182,High,Low,High,High,"Improve attendance, DSA, projects."
1183,2183,Low,Low,Medium,Medium,"Improve attendance, DSA, projects."
1184,2184,Low,Low,Medium,Medium,"Improve attendance, DSA, projects."
1185,2185,High,Low,High,High,"Improve attendance, DSA, projects."
1186,2186,Medium,Low,High,High,"Improve attendance, DSA, projects."
1187,2187,Medium,Low,Medium,Medium,"Improve attendance, DSA, projects."
1188,2188,Low,Low,Low,Low,Keep consistency.
1189,2189,Low,Low,Medium,Medium,"Improve attendance, DSA, projects."
1190,2190,High,Low,High,High,"Improve attendance, DSA, projects."
1191,2191,Low,Low,Medium,Medium,"Improve attendance, DSA, projects."
1192,2192,High,Low,High,High,"Improve attendance, DSA, projects."
1193,2193,Medium,Low,High,High,"Improve attendance, DSA, projects."
1194,2194,High,Low,High,High,"Improve attendance, DSA, projects."
1195,2195,Medium,Low,Medium,Medium,"Improve attendance, DSA, projects."
1196,2196,High,Low,High,High,"Improve attendance, DSA, projects."
1197,2197,Medium,Low,High,High,"Improve attendance, DSA, projects."
1198,2198,High,Low,High,High,"Improve attendance, DSA, projects."
1199,2199,High,Low,High,High,"Improve attendance, DSA, projects."
1200,2200,Medium,Low,High,High,"Improve attendance, DSA, projects."
1201,2201,Medium,Low,High,High,"Improve attendance, DSA, projects."
1202,2202,Low,Low,Medium,Medium,"Improve attendance, DSA, projects."
1203,2203,Medium,Low,High,High,"Improve attendance, DSA, projects."
1204,2204,Medium,Low,High,High,"Improve attendance, DSA, projects."
1205,2205,High,Low,High,High,"Improve attendance, DSA, projects."
1206,2206,Low,Low,Low,Low,Keep consistency.
1207,2207,Medium,Low,Medium,Medium,"Improve attendance, DSA, projects."
1208,2208,High,Low,High,High,"Improve attendance, DSA, projects."
1209,2209,Medium,Low,High,High,"Improve attendance, DSA, projects."
1210,2210,Low,Low,Low,Low,Keep consistency.
1211,2211,Low,Low,Medium,Medium,"Improve attendance, DSA, projects."
1212,2212,High,Low,High,High,"Improve attendance, DSA, projects."
1213,2213,Low,Low,Medium,Medium,"Improve attendance, DSA, projects."
1214,2214,High,Low,High,High,"Improve attendance, DSA, projects."
1215,2215,Medium,Low,High,High,"Improve attendance, DSA, projects."
1216,2216,High,Low,High,High,"Improve attendance, DSA, projects."
1217,2217,High,Low,High,High,"Improve attendance, DSA, projects."
1218,2218,High,Low,High,High,"Improve attendance, DSA, projects."
1219,2219,Low,Low,Medium,Medium,"Improve attendance, DSA, projects."
1220,2220,Medium,Low,Medium,Medium,"Improve attendance, DSA, projects."
1221,2221,Low,Low,Medium,Medium,"Improve attendance, DSA, projects."
1222,2222,Low,Low,Low,Low,Keep consistency.
1223,2223,Medium,Low,High,High,"Improve attendance, DSA, projects."
1224,2224,Medium,Low,High,High,"Improve attendance, DSA, projects."
1225,2225,Low,Low,Medium,Medium,"Improve attendance, DSA, projects."
1226,2226,Medium,Low,High,High,"Improve attendance, DSA, projects."
1227,2227,Low,Low,Medium,Medium,"Improve attendance, DSA, projects."
1228,2228,Low,Low,Medium,Medium,"Improve attendance, DSA, projects."
1229,2229,Low,Low,Medium,Medium,"Improve attendance, DSA, projects."
1230,2230,Medium,Low,Medium,Medium,"Improve attendance, DSA, projects."
1231,2231,Low,Low,Medium,Medium,"Improve attendance, DSA, projects."
1232,2232,Medium,Low,Medium,Medium,"Improve attendance, DSA, projects."
1233,2233,Medium,Low,High,High,"Improve attendance, DSA, projects."
1234,2234,High,Low,High,High,"Improve attendance, DSA, projects."
1235,2235,High,Low,High,High,"Improve attendance, DSA, projects."
1236,2236,Medium,Low,High,High,"Improve attendance, DSA, projects."
1237,2237,High,Low,High,High,"Improve attendance, DSA, projects."
1238,2238,Medium,Low,Medium,Medium,"Improve attendance, DSA, projects."
1239,2239,Low,Low,Medium,Medium,"Improve attendance, DSA, projects."
1240,2240,Medium,Low,Medium,Medium,"Improve attendance, DSA, projects."
1241,2241,Low,Low,Medium,Medium,"Improve attendance, DSA, projects."
1242,2242,High,Low,High,High,"Improve attendance, DSA, projects."
1243,2243,Low,Low,Medium,Medium,"Improve attendance, DSA, projects."
1244,2244,Medium,Low,High,High,"Improve attendance, DSA, projects."
1245,2245,Medium,Low,High,High,"Improve attendance, DSA, projects."
1246,2246,Medium,Low,High,High,"Improve attendance, DSA, projects."
1247,2247,High,Low,High,High,"Improve attendance, DSA, projects."
1248,2248,Low,Low,Medium,Medium,"Improve attendance, DSA, projects."
1249,2249,Medium,Low,Medium,Medium,"Improve attendance, DSA, projects."
1250,2250,Medium,Low,High,High,"Improve attendance, DSA, projects."
1251,2251,Medium,Low,High,High,"Improve attendance, DSA, projects."
1252,2252,Low,Low,Medium,Medium,"Improve attendance, DSA, projects."
1253,2253,High,Low,High,High,"Improve attendance, DSA, projects."
1254,2254,Low,Low,Medium,Medium,"Improve attendance, DSA, projects."
1255,2255,Medium,Low,High,High,"Improve attendance, DSA, projects."
1256,2256,Low,Low,Medium,Medium,"Improve attendance, DSA, projects."
1257,2257,Medium,Low,Medium,Medium,"Improve attendance, DSA, projects."
1258,2258,Low,Low,Low,Low,Keep consistency.
1259,2259,Medium,Low,Medium,Medium,"Improve attendance, DSA, projects."
1260,2260,Medium,Low,High,High,"Improve attendance, DSA, projects."
1261,2261,High,Low,High,High,"Improve attendance, DSA, projects."
1262,2262,High,Low,High,High,"Improve attendance, DSA, projects."
1263,2263,Medium,Low,High,High,"Improve attendance, DSA, projects."
1264,2264,Medium,Low,Medium,Medium,"Improve attendance, DSA, projects."
1265,2265,Medium,Low,High,High,"Improve attendance, DSA, projects."
1266,2266,Medium,Low,Medium,Medium,"Improve attendance, DSA, projects."
1267,2267,Medium,Low,Medium,Medium,"Improve attendance, DSA, projects."
1268,2268,Medium,Low,High,High,"Improve attendance, DSA, projects."
1269,2269,Medium,Low,Medium,Medium,"Improve attendance, DSA, projects."
1270,2270,High,Low,High,High,"Improve attendance, DSA, projects."
1271,2271,Medium,Low,Medium,Medium,"Improve attendance, DSA, projects."
1272,2272,Medium,Low,High,High,"Improve attendance, DSA, projects."
1273,2273,Medium,Low,High,High,"Improve attendance, DSA, projects."
1274,2274,Low,Low,Medium,Medium,"Improve attendance, DSA, projects."
1275,2275,Medium,Low,Medium,Medium,"Improve attendance, DSA, projects."
1276,2276,Low,Low,Medium,Medium,"Improve attendance, DSA, projects."
1277,2277,Medium,Low,Medium,Medium,"Improve attendance, DSA, projects."
1278,2278,Medium,Low,Medium,Medium,"Improve attendance, DSA, projects."
1279,2279,Low,Low,Medium,Medium,"Improve attendance, DSA, projects."
1280,2280,High,Low,High,High,"Improve attendance, DSA, projects."
1281,2281,Medium,Low,High,High,"Improve attendance, DSA, projects."
1282,2282,Medium,Low,High,High,"Improve attendance, DSA, projects."
1283,2283,Medium,Low,High,High,"Improve attendance, DSA, projects."
1284,2284,Low,Low,Medium,Medium,"Improve attendance, DSA, projects."
1285,2285,Medium,Low,High,High,"Improve attendance, DSA, projects."
1286,2286,Low,Low,Medium,Medium,"Improve attendance, DSA, projects."
1287,2287,High,Low,High,High,"Improve attendance, DSA, projects."
1288,2288,Low,Low,Medium,Medium,"Improve attendance, DSA, projects."
1289,2289,Low,Low,Low,Low,Keep consistency.
1290,2290,High,Low,High,High,"Improve attendance, DSA, projects."
1291,2291,High,Low,High,High,"Improve attendance, DSA, projects."
1292,2292,Medium,Low,Medium,Medium,"Improve attendance, DSA, projects."
1293,2293,Low,Low,Medium,Medium,"Improve attendance, DSA, projects."
1294,2294,High,Low,High,High,"Improve attendance, DSA, projects."
1295,2295,Medium,Low,High,High,"Improve attendance, DSA, projects."
1296,2296,Medium,Low,Medium,Medium,"Improve attendance, DSA, projects."
1297,2297,Medium,Low,Medium,Medium,"Improve attendance, DSA, projects."
1298,2298,Medium,Low,Medium,Medium,"Improve attendance, DSA, projects."
1299,2299,High,Low,High,High,"Improve attendance, DSA, projects."
1300,2300,High,Low,High,High,"Improve attendance, DSA, projects."
1301,2301,Medium,Low,Medium,Medium,"Improve attendance, DSA, projects."
1302,2302,Medium,Low,Medium,Medium,"Improve attendance, DSA, projects."
1303,2303,High,Low,High,High,"Improve attendance, DSA, projects."
1304,2304,Low,Low,Medium,Medium,"Improve attendance, DSA, projects."
1305,2305,High,Low,High,High,"Improve attendance, DSA, projects."
1306,2306,High,Low,High,High,"Improve attendance, DSA, projects."
1307,2307,High,Low,High,High,"Improve attendance, DSA, projects."
1308,2308,Medium,Low,Medium,Medium,"Improve attendance, DSA, projects."
1309,2309,Medium,Low,Medium,Medium,"Improve attendance, DSA, projects."
1310,2310,High,Low,High,High,"Improve attendance, DSA, projects."
1311,2311,Medium,Low,High,High,"Improve attendance, DSA, projects."
1312,2312,Low,Low,Medium,Medium,"Improve attendance, DSA, projects."
1313,2313,Medium,Low,High,High,"Improve attendance, DSA, projects."
1314,2314,Medium,Low,High,High,"Improve attendance, DSA, projects."
1315,2315,Low,Low,Medium,Medium,"Improve attendance, DSA, projects."
1316,2316,High,Low,High,High,"Improve attendance, DSA, projects."
1317,2317,Medium,Low,High,High,"Improve attendance, DSA, projects."
1318,2318,High,Low,High,High,"Improve attendance, DSA, projects."
1319,2319,High,High,High,High,"Improve attendance, DSA, projects."
1320,2320,Medium,Low,High,High,"Improve attendance, DSA, projects."
1321,2321,Medium,Low,High,High,"Improve attendance, DSA, projects."
1322,2322,Medium,Low,High,High,"Improve attendance, DSA, projects."
1323,2323,Medium,Low,Medium,Medium,"Improve attendance, DSA, projects."
1324,2324,Medium,Low,Medium,Medium,"Improve attendance, DSA, projects."
1325,2325,Medium,Low,Medium,Medium,"Improve attendance, DSA, projects."
1326,2326,Medium,Low,Medium,Medium,"Improve attendance, DSA, projects."
1327,2327,Medium,Low,Medium,Medium,"Improve attendance, DSA, projects."
1328,2328,High,Low,High,High,"Improve attendance, DSA, projects."
1329,2329,High,Low,High,High,"Improve attendance, DSA, projects."
1330,2330,Low,Low,Medium,Medium,"Improve attendance, DSA, projects."
1331,2331,Medium,Low,High,High,"Improve attendance, DSA, projects."
1332,2332,Medium,Low,Medium,Medium,"Improve attendance, DSA, projects."
1333,2333,Medium,Low,High,High,"Improve attendance, DSA, projects."
1334,2334,Low,Low,Medium,Medium,"Improve attendance, DSA, projects."
1335,2335,Medium,Low,High,High,"Improve attendance, DSA, projects."
1336,2336,Low,Low,Low,Low,Keep consistency.
1337,2337,High,Low,High,High,"Improve attendance, DSA, projects."
1338,2338,Low,Low,Medium,Medium,"Improve attendance, DSA, projects."
1339,2339,High,High,High,High,"Improve attendance, DSA, projects."
1340,2340,Low,Low,Medium,Medium,"Improve attendance, DSA, projects."
1341,2341,Medium,Low,High,High,"Improve attendance, DSA, projects."
1342,2342,High,Low,High,High,"Improve attendance, DSA, projects."
1343,2343,High,Low,High,High,"Improve attendance, DSA, projects."
1344,2344,Low,Low,Medium,Medium,"Improve attendance, DSA, projects."
1345,2345,High,Low,High,High,"Improve attendance, DSA, projects."
1346,2346,Medium,Low,Medium,Medium,"Improve attendance, DSA, projects."
1347,2347,Medium,Low,High,High,"Improve attendance, DSA, projects."
1348,2348,Medium,Low,High,High,"Improve attendance, DSA, projects."
1349,2349,High,Low,High,High,"Improve attendance, DSA, projects."
1350,2350,Medium,Low,Medium,Medium,"Improve attendance, DSA, projects."
1351,2351,High,Low,High,High,"Improve attendance, DSA, projects."
1352,2352,Medium,Low,High,High,"Improve attendance, DSA, projects."
1353,2353,Medium,Low,High,High,"Improve attendance, DSA, projects."
1354,2354,Medium,Low,High,High,"Improve attendance, DSA, projects."
1355,2355,Low,Low,Medium,Medium,"Improve attendance, DSA, projects."
1356,2356,Low,Low,Medium,Medium,"Improve attendance, DSA, projects."
1357,2357,Medium,Low,High,High,"Improve attendance, DSA, projects."
1358,2358,High,Low,High,High,"Improve attendance, DSA, projects."
1359,2359,Medium,Low,Medium,Medium,"Improve attendance, DSA, projects."
1360,2360,Medium,Low,High,High,"Improve attendance, DSA, projects."
1361,2361,Medium,Low,High,High,"Improve attendance, DSA, projects."
1362,2362,Medium,Low,High,High,"Improve attendance, DSA, projects."
1363,2363,High,Low,High,High,"Improve attendance, DSA, projects."
1364,2364,Medium,Low,High,High,"Improve attendance, DSA, projects."
1365,2365,Low,Low,Medium,Medium,"Improve attendance, DSA, projects."
1366,2366,Medium,Low,Medium,Medium,"Improve attendance, DSA, projects."
1367,2367,Medium,Low,High,High,"Improve attendance, DSA, projects."
1368,2368,High,Low,High,High,"Improve attendance, DSA, projects."
1369,2369,High,Low,High,High,"Improve attendance, DSA, projects."
1370,2370,Low,Low,Medium,Medium,"Improve attendance, DSA, projects."
1371,2371,Medium,High,High,High,"Improve attendance, DSA, projects."
1372,2372,Medium,Low,Medium,Medium,"Improve attendance, DSA, projects."
1373,2373,High,Low,High,High,"Improve attendance, DSA, projects."
1374,2374,Medium,Low,Medium,Medium,"Improve attendance, DSA, projects."
1375,2375,Low,Low,Medium,Medium,"Improve attendance, DSA, projects."
1376,2376,Low,Low,Low,Low,Keep consistency.
1377,2377,Low,Low,Low,Low,Keep consistency.
1378,2378,Medium,Low,High,High,"Improve attendance, DSA, projects."
1379,2379,Medium,Low,High,High,"Improve attendance, DSA, projects."
1380,2380,Medium,Low,Medium,Medium,"Improve attendance, DSA, projects."
1381,2381,Low,Low,Medium,Medium,"Improve attendance, DSA, projects."
1382,2382,Medium,Low,High,High,"Improve attendance, DSA, projects."
1383,2383,High,Low,High,High,"Improve attendance, DSA, projects."
1384,2384,Medium,Low,Medium,Medium,"Improve attendance, DSA, projects."
1385,2385,Medium,Low,Medium,Medium,"Improve attendance, DSA, projects."
1386,2386,High,Low,High,High,"Improve attendance, DSA, projects."
1387,2387,Medium,Low,Medium,Medium,"Improve attendance, DSA, projects."
1388,2388,Medium,Low,High,High,"Improve attendance, DSA, projects."
1389,2389,High,Low,High,High,"Improve attendance, DSA, projects."
1390,2390,High,Low,High,High,"Improve attendance, DSA, projects."
1391,2391,Medium,Low,High,High,"Improve attendance, DSA, projects."
1392,2392,Low,Low,Medium,Medium,"Improve attendance, DSA, projects."
1393,2393,High,Low,High,High,"Improve attendance, DSA, projects."
1394,2394,Low,Low,Medium,Medium,"Improve attendance, DSA, projects."
1395,2395,High,Low,High,High,"Improve attendance, DSA, projects."
1396,2396,Medium,Low,High,High,"Improve attendance, DSA, projects."
1397,2397,Low,Low,Medium,Medium,"Improve attendance, DSA, projects."
1398,2398,High,Low,High,High,"Improve attendance, DSA, projects."
1399,2399,Medium,Low,High,High,"Improve attendance, DSA, projects."
1400,2400,Medium,Low,High,High,"Improve attendance, DSA, projects."
1401,2401,High,Low,High,High,"Improve attendance, DSA, projects."
1402,2402,High,Low,High,High,"Improve attendance, DSA, projects."
1403,2403,High,Low,High,High,"Improve attendance, DSA, projects."
1404,2404,Medium,Low,High,High,"Improve attendance, DSA, projects."
1405,2405,High,Low,High,High,"Improve attendance, DSA, projects."
1406,2406,High,Low,High,High,"Improve attendance, DSA, projects."
1407,2407,High,Low,High,High,"Improve attendance, DSA, projects."
1408,2408,High,Low,High,High,"Improve attendance, DSA, projects."
1409,2409,Medium,Low,Medium,Medium,"Improve attendance, DSA, projects."
1410,2410,High,Low,High,High,"Improve attendance, DSA, projects."
1411,2411,High,Low,High,High,"Improve attendance, DSA, projects."
1412,2412,Low,Low,Medium,Medium,"Improve attendance, DSA, projects."
1413,2413,Medium,Low,High,High,"Improve attendance, DSA, projects."
1414,2414,Medium,Low,High,High,"Improve attendance, DSA, projects."
1415,2415,Medium,Low,High,High,"Improve attendance, DSA, projects."
1416,2416,High,Low,High,High,"Improve attendance, DSA, projects."
1417,2417,Medium,Low,High,High,"Improve attendance, DSA, projects."
1418,2418,Medium,Low,High,High,"Improve attendance, DSA, projects."
1419,2419,Medium,Low,Medium,Medium,"Improve attendance, DSA, projects."
1420,2420,High,Low,High,High,"Improve attendance, DSA, projects."
1421,2421,High,Low,High,High,"Improve attendance, DSA, projects."
1422,2422,Medium,Low,Medium,Medium,"Improve attendance, DSA, projects."
1423,2423,Medium,Low,Medium,Medium,"Improve attendance, DSA, projects."
1424,2424,Low,Low,Medium,Medium,"Improve attendance, DSA, projects."
1425,2425,Low,Low,Medium,Medium,"Improve attendance, DSA, projects."
1426,2426,Low,Low,Medium,Medium,"Improve attendance, DSA, projects."
1427,2427,Medium,Low,High,High,"Improve attendance, DSA, projects."
1428,2428,Medium,Low,High,High,"Improve attendance, DSA, projects."
1429,2429,Medium,Low,Medium,Medium,"Improve attendance, DSA, projects."
1430,2430,Medium,Low,High,High,"Improve attendance, DSA, projects."
1431,2431,Medium,Low,Medium,Medium,"Improve attendance, DSA, projects."
1432,2432,High,Low,High,High,"Improve attendance, DSA, projects."
1433,2433,Medium,Low,High,High,"Improve attendance, DSA, projects."
1434,2434,High,Low,High,High,"Improve attendance, DSA, projects."
1435,2435,Low,Low,Medium,Medium,"Improve attendance, DSA, projects."
1436,2436,High,Low,High,High,"Improve attendance, DSA, projects."
1437,2437,Low,Low,Medium,Medium,"Improve attendance, DSA, projects."
1438,2438,Medium,Low,High,High,"Improve attendance, DSA, projects."
1439,2439,High,Low,High,High,"Improve attendance, DSA, projects."
1440,2440,Medium,Low,High,High,"Improve attendance, DSA, projects."
1441,2441,Low,Low,Medium,Medium,"Improve attendance, DSA, projects."
1442,2442,Medium,Low,High,High,"Improve attendance, DSA, projects."
1443,2443,High,High,High,High,"Improve attendance, DSA, projects."
1444,2444,Medium,Low,Medium,Medium,"Improve attendance, DSA, projects."
1445,2445,Low,Low,Medium,Medium,"Improve attendance, DSA, projects."
1446,2446,High,Low,High,High,"Improve attendance, DSA, projects."
1447,2447,Medium,Low,Medium,Medium,"Improve attendance, DSA, projects."
1448,2448,Medium,Low,High,High,"Improve attendance, DSA, projects."
1449,2449,Medium,Low,Medium,Medium,"Improve attendance, DSA, projects."
1450,2450,High,Low,High,High,"Improve attendance, DSA, projects."
1451,2451,High,Low,High,High,"Improve attendance, DSA, projects."
1452,2452,Low,Low,Medium,Medium,"Improve attendance, DSA, projects."
1453,2453,Medium,Low,High,High,"Improve attendance, DSA, projects."
1454,2454,High,High,High,High,"Improve attendance, DSA, projects."
1455,2455,High,Low,High,High,"Improve attendance, DSA, projects."
1456,2456,Medium,Low,High,High,"Improve attendance, DSA, projects."
1457,2457,Medium,Low,High,High,"Improve attendance, DSA, projects."
1458,2458,Low,Low,Medium,Medium,"Improve attendance, DSA, projects."
1459,2459,Medium,Low,High,High,"Improve attendance, DSA, projects."
1460,2460,Low,Low,Medium,Medium,"Improve attendance, DSA, projects."
1461,2461,High,Low,High,High,"Improve attendance, DSA, projects."
1462,2462,High,Low,High,High,"Improve attendance, DSA, projects."
1463,2463,Low,Low,Medium,Medium,"Improve attendance, DSA, projects."
1464,2464,Medium,Low,Medium,Medium,"Improve attendance, DSA, projects."
1465,2465,Medium,Low,High,High,"Improve attendance, DSA, projects."
1466,2466,Medium,Low,High,High,"Improve attendance, DSA, projects."
1467,2467,Medium,Low,High,High,"Improve attendance, DSA, projects."
1468,2468,High,Low,High,High,"Improve attendance, DSA, projects."
1469,2469,Low,Low,Medium,Medium,"Improve attendance, DSA, projects."
1470,2470,Low,Low,Medium,Medium,"Improve attendance, DSA, projects."
1471,2471,High,Low,High,High,"Improve attendance, DSA, projects."
1472,2472,Low,Low,Medium,Medium,"Improve attendance, DSA, projects."
1473,2473,High,Low,High,High,"Improve attendance, DSA, projects."
1474,2474,High,Low,High,High,"Improve attendance, DSA, projects."
1475,2475,Low,Low,Medium,Medium,"Improve attendance, DSA, projects."
1476,2476,Low,Low,Medium,Medium,"Improve attendance, DSA, projects."
1477,2477,High,Low,High,High,"Improve attendance, DSA, projects."
1478,2478,High,Low,High,High,"Improve attendance, DSA, projects."
1479,2479,Low,Low,Low,Low,Keep consistency.
1480,2480,Medium,High,High,High,"Improve attendance, DSA, projects."
1481,2481,Medium,Low,Medium,Medium,"Improve attendance, DSA, projects."
1482,2482,Medium,Low,High,High,"Improve attendance, DSA, projects."
1483,2483,Medium,Low,High,High,"Improve attendance, DSA, projects."
1484,2484,Medium,Low,Medium,Medium,"Improve attendance, DSA, projects."
1485,2485,Medium,Low,Medium,Medium,"Improve attendance, DSA, projects."
1486,2486,High,Low,High,High,"Improve attendance, DSA, projects."
1487,2487,Medium,Low,Medium,Medium,"Improve attendance, DSA, projects."
1488,2488,High,Low,High,High,"Improve attendance, DSA, projects."
1489,2489,Medium,Low,Medium,Medium,"Improve attendance, DSA, projects."
1490,2490,Medium,Low,Medium,Medium,"Improve attendance, DSA, projects."
1491,2491,Medium,Low,High,High,"Improve attendance, DSA, projects."
1492,2492,Low,Low,Low,Low,Keep consistency.
1493,2493,High,Low,High,High,"Improve attendance, DSA, projects."
1494,2494,Medium,Low,High,High,"Improve attendance, DSA, projects."
1495,2495,High,Low,High,High,"Improve attendance, DSA, projects."
1496,2496,High,Low,High,High,"Improve attendance, DSA, projects."
1497,2497,Low,Low,Low,Low,Keep consistency.
1498,2498,Medium,Low,High,High,"Improve attendance, DSA, projects."
1499,2499,High,Low,High,High,"Improve attendance, DSA, projects."
1500,2500,High,Low,High,High,"Improve attendance, DSA, projects."
1501,2501,Low,Low,Medium,Medium,"Improve attendance, DSA, projects."
1502,2502,Medium,Low,Medium,Medium,"Improve attendance, DSA, projects."
1503,2503,Low,Low,Medium,Medium,"Improve attendance, DSA, projects."
1504,2504,Medium,Low,Medium,Medium,"Improve attendance, DSA, projects."
1505,2505,Low,Low,Medium,Medium,"Improve attendance, DSA, projects."
1506,2506,Medium,Low,High,High,"Improve attendance, DSA, projects."
1507,2507,Medium,Low,High,High,"Improve attendance, DSA, projects."
1508,2508,High,Low,High,High,"Improve attendance, DSA, projects."
1509,2509,High,Low,High,High,"Improve attendance, DSA, projects."
1510,2510,Medium,Low,Medium,Medium,"Improve attendance, DSA, projects."
1511,2511,Medium,Low,High,High,"Improve attendance, DSA, projects."
1512,2512,Medium,Low,Medium,Medium,"Improve attendance, DSA, projects."
1513,2513,Medium,Low,High,High,"Improve attendance, DSA, projects."
1514,2514,Medium,Low,High,High,"Improve attendance, DSA, projects."
1515,2515,Medium,Low,Medium,Medium,"Improve attendance, DSA, projects."
1516,2516,High,Low,High,High,"Improve attendance, DSA, projects."
1517,2517,Medium,Low,High,High,"Improve attendance, DSA, projects."
1518,2518,Medium,Low,High,High,"Improve attendance, DSA, projects."
1519,2519,Low,Low,Medium,Medium,"Improve attendance, DSA, projects."
1520,2520,Low,Low,Medium,Medium,"Improve attendance, DSA, projects."
1521,2521,Medium,Low,Medium,Medium,"Improve attendance, DSA, projects."
1522,2522,Medium,Low,High,High,"Improve attendance, DSA, projects."
1523,2523,Medium,Low,Medium,Medium,"Improve attendance, DSA, projects."
1524,2524,Medium,Low,High,High,"Improve attendance, DSA, projects."
1525,2525,Low,Low,Medium,Medium,"Improve attendance, DSA, projects."
1526,2526,Medium,Low,Medium,Medium,"Improve attendance, DSA, projects."
1527,2527,High,Low,High,High,"Improve attendance, DSA, projects."
1528,2528,Low,Low,Medium,Medium,"Improve attendance, DSA, projects."
1529,2529,Medium,Low,Medium,Medium,"Improve attendance, DSA, projects."
1530,2530,Medium,Low,Medium,Medium,"Improve attendance, DSA, projects."
1531,2531,High,Low,High,High,"Improve attendance, DSA, projects."
1532,2532,Medium,Low,High,High,"Improve attendance, DSA, projects."
1533,2533,High,Low,High,High,"Improve attendance, DSA, projects."
1534,2534,Low,Low,Medium,Medium,"Improve attendance, DSA, projects."
1535,2535,High,Low,High,High,"Improve attendance, DSA, projects."
1536,2536,High,Low,High,High,"Improve attendance, DSA, projects."
1537,2537,Low,Low,Low,Low,Keep consistency.
1538,2538,High,Low,High,High,"Improve attendance, DSA, projects."
1539,2539,Medium,Low,Medium,Medium,"Improve attendance, DSA, projects."
1540,2540,High,Low,High,High,"Improve attendance, DSA, projects."
1541,2541,Low,Low,Medium,Medium,"Improve attendance, DSA, projects."
1542,2542,High,Low,High,High,"Improve attendance, DSA, projects."
1543,2543,Medium,Low,High,High,"Improve attendance, DSA, projects."
1544,2544,Medium,Low,High,High,"Improve attendance, DSA, projects."
1545,2545,Low,Low,Medium,Medium,"Improve attendance, DSA, projects."
1546,2546,Medium,Low,Medium,Medium,"Improve attendance, DSA, projects."
1547,2547,Medium,Low,Medium,Medium,"Improve attendance, DSA, projects."
1548,2548,Low,Low,Low,Low,Keep consistency.
1549,2549,Low,Low,Medium,Medium,"Improve attendance, DSA, projects."
1550,2550,Low,Low,Medium,Medium,"Improve attendance, DSA, projects."
1551,2551,Medium,Low,High,High,"Improve attendance, DSA, projects."
1552,2552,Medium,Low,High,High,"Improve attendance, DSA, projects."
1553,2553,Low,Low,Medium,Medium,"Improve attendance, DSA, projects."
1554,2554,Low,Low,Medium,Medium,"Improve attendance, DSA, projects."
1555,2555,Medium,Low,High,High,"Improve attendance, DSA, projects."
1556,2556,High,Low,High,High,"Improve attendance, DSA, projects."
1557,2557,Medium,Low,Medium,Medium,"Improve attendance, DSA, projects."
1558,2558,High,Low,High,High,"Improve attendance, DSA, projects."
1559,2559,High,Low,High,High,"Improve attendance, DSA, projects."
1560,2560,Medium,Low,Medium,Medium,"Improve attendance, DSA, projects."
1561,2561,High,Low,High,High,"Improve attendance, DSA, projects."
1562,2562,Medium,Low,High,High,"Improve attendance, DSA, projects."
1563,2563,Medium,Low,High,High,"Improve attendance, DSA, projects."
1564,2564,Low,Low,Medium,Medium,"Improve attendance, DSA, projects."
1565,2565,Medium,Low,High,High,"Improve attendance, DSA, projects."
1566,2566,Medium,Low,Medium,Medium,"Improve attendance, DSA, projects."
1567,2567,High,Low,High,High,"Improve attendance, DSA, projects."
1568,2568,Medium,Low,High,High,"Improve attendance, DSA, projects."
1569,2569,Low,Low,Medium,Medium,"Improve attendance, DSA, projects."
1570,2570,Medium,Low,High,High,"Improve attendance, DSA, projects."
1571,2571,High,Low,High,High,"Improve attendance, DSA, projects."
1572,2572,Low,Low,Medium,Medium,"Improve attendance, DSA, projects."
1573,2573,Medium,Low,High,High,"Improve attendance, DSA, projects."
1574,2574,High,Low,High,High,"Improve attendance, DSA, projects."
1575,2575,Medium,Low,Medium,Medium,"Improve attendance, DSA, projects."
1576,2576,Low,Low,Medium,Medium,"Improve attendance, DSA, projects."
1577,2577,Low,Low,Low,Low,Keep consistency.
1578,2578,Low,Low,Medium,Medium,"Improve attendance, DSA, projects."
1579,2579,Medium,Low,High,High,"Improve attendance, DSA, projects."
1580,2580,Medium,Low,Medium,Medium,"Improve attendance, DSA, projects."
1581,2581,High,Low,High,High,"Improve attendance, DSA, projects."
1582,2582,Medium,Low,Medium,Medium,"Improve attendance, DSA, projects."
1583,2583,Medium,Low,Medium,Medium,"Improve attendance, DSA, projects."
1584,2584,Medium,Low,High,High,"Improve attendance, DSA, projects."
1585,2585,Medium,Low,High,High,"Improve attendance, DSA, projects."
1586,2586,Low,Low,Medium,Medium,"Improve attendance, DSA, projects."
1587,2587,Medium,Low,High,High,"Improve attendance, DSA, projects."
1588,2588,High,Low,High,High,"Improve attendance, DSA, projects."
1589,2589,Low,Low,Medium,Medium,"Improve attendance, DSA, projects."
1590,2590,High,Low,High,High,"Improve attendance, DSA, projects."
1591,2591,Low,Low,Medium,Medium,"Improve attendance, DSA, projects."
1592,2592,Low,Low,Medium,Medium,"Improve attendance, DSA, projects."
1593,2593,Low,Low,Medium,Medium,"Improve attendance, DSA, projects."
1594,2594,Medium,Low,High,High,"Improve attendance, DSA, projects."
1595,2595,High,Low,High,High,"Improve attendance, DSA, projects."
1596,2596,Medium,Low,High,High,"Improve attendance, DSA, projects."
1597,2597,High,Low,High,High,"Improve attendance, DSA, projects."
1598,2598,Medium,Low,High,High,"Improve attendance, DSA, projects."
1599,2599,High,Low,High,High,"Improve attendance, DSA, projects."
1600,2600,Medium,Low,High,High,"Improve attendance, DSA, projects."
1601,2601,High,Low,High,High,"Improve attendance, DSA, projects."
1602,2602,High,Low,High,High,"Improve attendance, DSA, projects."
1603,2603,High,High,High,High,"Improve attendance, DSA, projects."
1604,2604,High,Low,High,High,"Improve attendance, DSA, projects."
1605,2605,Low,Low,Medium,Medium,"Improve attendance, DSA, projects."
1606,2606,Medium,Low,High,High,"Improve attendance, DSA, projects."
1607,2607,Low,Low,Medium,Medium,"Improve attendance, DSA, projects."
1608,2608,Low,Low,Low,Low,Keep consistency.
1609,2609,Low,Low,Medium,Medium,"Improve attendance, DSA, projects."
1610,2610,Low,Low,Medium,Medium,"Improve attendance, DSA, projects."
1611,2611,Low,Low,Medium,Medium,"Improve attendance, DSA, projects."
1612,2612,High,Low,High,High,"Improve attendance, DSA, projects."
1613,2613,Low,Low,Medium,Medium,"Improve attendance, DSA, projects."
1614,2614,High,Low,High,High,"Improve attendance, DSA, projects."
1615,2615,Medium,Low,High,High,"Improve attendance, DSA, projects."
1616,2616,Medium,Low,Medium,Medium,"Improve attendance, DSA, projects."
1617,2617,Low,Low,Medium,Medium,"Improve attendance, DSA, projects."
1618,2618,High,Low,High,High,"Improve attendance, DSA, projects."
1619,2619,High,High,High,High,"Improve attendance, DSA, projects."
1620,2620,Medium,Low,Medium,Medium,"Improve attendance, DSA, projects."
1621,2621,Low,Low,Low,Low,Keep consistency.
1622,2622,Low,Low,Medium,Medium,"Improve attendance, DSA, projects."
1623,2623,Low,Low,Low,Low,Keep consistency.
1624,2624,Low,Low,Medium,Medium,"Improve attendance, DSA, projects."
1625,2625,Low,Low,Medium,Medium,"Improve attendance, DSA, projects."
1626,2626,Medium,Low,Medium,Medium,"Improve attendance, DSA, projects."
1627,2627,Medium,Low,High,High,"Improve attendance, DSA, projects."
1628,2628,Medium,Low,Medium,Medium,"Improve attendance, DSA, projects."
1629,2629,Medium,Low,High,High,"Improve attendance, DSA, projects."
1630,2630,Medium,Low,Medium,Medium,"Improve attendance, DSA, projects."
1631,2631,Medium,Low,Medium,Medium,"Improve attendance, DSA, projects."
1632,2632,Medium,Low,High,High,"Improve attendance, DSA, projects."
1633,2633,Medium,Low,High,High,"Improve attendance, DSA, projects."
1634,2634,Low,Low,Medium,Medium,"Improve attendance, DSA, projects."
1635,2635,Medium,Low,High,High,"Improve attendance, DSA, projects."
1636,2636,Medium,Low,High,High,"Improve attendance, DSA, projects."
1637,2637,Medium,Low,High,High,"Improve attendance, DSA, projects."
1638,2638,High,Low,High,High,"Improve attendance, DSA, projects."
1639,2639,Medium,Low,Medium,Medium,"Improve attendance, DSA, projects."
1640,2640,High,Low,High,High,"Improve attendance, DSA, projects."
1641,2641,Low,Low,Medium,Medium,"Improve attendance, DSA, projects."
1642,2642,Low,Low,Low,Low,Keep consistency.
1643,2643,Low,Low,Medium,Medium,"Improve attendance, DSA, projects."
1644,2644,Low,Low,Medium,Medium,"Improve attendance, DSA, projects."
1645,2645,Medium,Low,Medium,Medium,"Improve attendance, DSA, projects."
1646,2646,Medium,Low,High,High,"Improve attendance, DSA, projects."
1647,2647,Medium,Low,High,High,"Improve attendance, DSA, projects."
1648,2648,Medium,Low,High,High,"Improve attendance, DSA, projects."
1649,2649,Low,Low,Medium,Medium,"Improve attendance, DSA, projects."
1650,2650,Low,Low,High,High,"Improve attendance, DSA, projects."
1651,2651,Medium,Low,Medium,Medium,"Improve attendance, DSA, projects."
1652,2652,Medium,Low,High,High,"Improve attendance, DSA, projects."
1653,2653,Low,Low,Low,Low,Keep consistency.
1654,2654,Medium,Low,High,High,"Improve attendance, DSA, projects."
1655,2655,Medium,Low,Medium,Medium,"Improve attendance, DSA, projects."
1656,2656,Medium,Low,High,High,"Improve attendance, DSA, projects."
1657,2657,Medium,Low,Medium,Medium,"Improve attendance, DSA, projects."
1658,2658,High,Low,High,High,"Improve attendance, DSA, projects."
1659,2659,Medium,Low,Medium,Medium,"Improve attendance, DSA, projects."
1660,2660,High,Low,High,High,"Improve attendance, DSA, projects."
1661,2661,High,Low,High,High,"Improve attendance, DSA, projects."
1662,2662,High,Low,High,High,"Improve attendance, DSA, projects."
1663,2663,High,Low,High,High,"Improve attendance, DSA, projects."
1664,2664,High,High,High,High,"Improve attendance, DSA, projects."
1665,2665,Medium,Low,High,High,"Improve attendance, DSA, projects."
1666,2666,Medium,Low,Medium,Medium,"Improve attendance, DSA, projects."
1667,2667,High,Low,High,High,"Improve attendance, DSA, projects."
1668,2668,Medium,Low,Medium,Medium,"Improve attendance, DSA, projects."
1669,2669,High,Low,High,High,"Improve attendance, DSA, projects."
1670,2670,Medium,Low,Medium,Medium,"Improve attendance, DSA, projects."
1671,2671,High,Low,High,High,"Improve attendance, DSA, projects."
1672,2672,High,Low,High,High,"Improve attendance, DSA, projects."
1673,2673,Low,Low,Medium,Medium,"Improve attendance, DSA, projects."
1674,2674,Medium,Low,Medium,Medium,"Improve attendance, DSA, projects."
1675,2675,Low,Low,Medium,Medium,"Improve attendance, DSA, projects."
1676,2676,Low,Low,Medium,Medium,"Improve attendance, DSA, projects."
1677,2677,Low,Low,Medium,Medium,"Improve attendance, DSA, projects."
1678,2678,Low,Low,Medium,Medium,"Improve attendance, DSA, projects."
1679,2679,Low,Low,Medium,Medium,"Improve attendance, DSA, projects."
1680,2680,Medium,Low,Medium,Medium,"Improve attendance, DSA, projects."
1681,2681,High,Low,High,High,"Improve attendance, DSA, projects."
1682,2682,Low,Low,Medium,Medium,"Improve attendance, DSA, projects."
1683,2683,High,Low,High,High,"Improve attendance, DSA, projects."
1684,2684,Low,Low,Medium,Medium,"Improve attendance, DSA, projects."
1685,2685,Medium,Low,High,High,"Improve attendance, DSA, projects."
1686,2686,Medium,Low,High,High,"Improve attendance, DSA, projects."
1687,2687,Medium,Low,High,High,"Improve attendance, DSA, projects."
1688,2688,Medium,Low,Medium,Medium,"Improve attendance, DSA, projects."
1689,2689,Medium,Low,Medium,Medium,"Improve attendance, DSA, projects."
1690,2690,Low,Low,Low,Low,Keep consistency.
1691,2691,Low,Low,Medium,Medium,"Improve attendance, DSA, projects."
1692,2692,High,Low,High,High,"Improve attendance, DSA, projects."
1693,2693,Low,Low,Medium,Medium,"Improve attendance, DSA, projects."
1694,2694,Medium,Low,Medium,Medium,"Improve attendance, DSA, projects."
1695,2695,Low,Low,Medium,Medium,"Improve attendance, DSA, projects."
1696,2696,Medium,Low,Medium,Medium,"Improve attendance, DSA, projects."
1697,2697,Medium,Low,High,High,"Improve attendance, DSA, projects."
1698,2698,Medium,Low,Medium,Medium,"Improve attendance, DSA, projects."
1699,2699,Medium,Low,High,High,"Improve attendance, DSA, projects."
1700,2700,Low,Low,Medium,Medium,"Improve attendance, DSA, projects."
1701,2701,Low,Low,Medium,Medium,"Improve attendance, DSA, projects."
1702,2702,Low,Low,Low,Low,Keep consistency.
1703,2703,High,Low,High,High,"Improve attendance, DSA, projects."
1704,2704,Medium,Low,Medium,Medium,"Improve attendance, DSA, projects."
1705,2705,Medium,Low,Medium,Medium,"Improve attendance, DSA, projects."
1706,2706,High,Low,High,High,"Improve attendance, DSA, projects."
1707,2707,Medium,Low,High,High,"Improve attendance, DSA, projects."
1708,2708,Medium,Low,High,High,"Improve attendance, DSA, projects."
1709,2709,Medium,Low,Medium,Medium,"Improve attendance, DSA, projects."
1710,2710,High,Low,High,High,"Improve attendance, DSA, projects."
1711,2711,High,Low,High,High,"Improve attendance, DSA, projects."
1712,2712,Low,Low,Medium,Medium,"Improve attendance, DSA, projects."
1713,2713,Medium,Low,Medium,Medium,"Improve attendance, DSA, projects."
1714,2714,High,Low,High,High,"Improve attendance, DSA, projects."
1715,2715,Medium,Low,Medium,Medium,"Improve attendance, DSA, projects."
1716,2716,Medium,Low,Medium,Medium,"Improve attendance, DSA, projects."
1717,2717,Medium,Low,High,High,"Improve attendance, DSA, projects."
1718,2718,Medium,Low,Medium,Medium,"Improve attendance, DSA, projects."
1719,2719,Low,Low,Medium,Medium,"Improve attendance, DSA, projects."
1720,2720,Medium,Low,Medium,Medium,"Improve attendance, DSA, projects."
1721,2721,Low,Low,Medium,Medium,"Improve attendance, DSA, projects."
1722,2722,Medium,Low,High,High,"Improve attendance, DSA, projects."
1723,2723,Medium,Low,High,High,"Improve attendance, DSA, projects."
1724,2724,Low,Low,Low,Low,Keep consistency.
1725,2725,High,Low,High,High,"Improve attendance, DSA, projects."
1726,2726,Low,Low,Low,Low,Keep consistency.
1727,2727,Medium,Low,High,High,"Improve attendance, DSA, projects."
1728,2728,Medium,Low,Medium,Medium,"Improve attendance, DSA, projects."
1729,2729,Medium,Low,Medium,Medium,"Improve attendance, DSA, projects."
1730,2730,Medium,Low,High,High,"Improve attendance, DSA, projects."
1731,2731,Medium,Low,High,High,"Improve attendance, DSA, projects."
1732,2732,Low,Low,Medium,Medium,"Improve attendance, DSA, projects."
1733,2733,Low,Low,Medium,Medium,"Improve attendance, DSA, projects."
1734,2734,Low,Low,Medium,Medium,"Improve attendance, DSA, projects."
1735,2735,Medium,Low,High,High,"Improve attendance, DSA, projects."
1736,2736,Medium,Low,Medium,Medium,"Improve attendance, DSA, projects."
1737,2737,Low,Low,Low,Low,Keep consistency.
1738,2738,High,Low,High,High,"Improve attendance, DSA, projects."
1739,2739,Medium,Low,Medium,Medium,"Improve attendance, DSA, projects."
1740,2740,Medium,Low,Medium,Medium,"Improve attendance, DSA, projects."
1741,2741,Medium,Low,Medium,Medium,"Improve attendance, DSA, projects."
1742,2742,Medium,Low,High,High,"Improve attendance, DSA, projects."
1743,2743,Medium,Low,High,High,"Improve attendance, DSA, projects."
1744,2744,Medium,Low,Medium,Medium,"Improve attendance, DSA, projects."
1745,2745,High,Low,High,High,"Improve attendance, DSA, projects."
1746,2746,High,Low,High,High,"Improve attendance, DSA, projects."
1747,2747,High,Low,High,High,"Improve attendance, DSA, projects."
1748,2748,High,Low,High,High,"Improve attendance, DSA, projects."
1749,2749,High,Low,High,High,"Improve attendance, DSA, projects."
1750,2750,Low,Low,Medium,Medium,"Improve attendance, DSA, projects."
1751,2751,Medium,Low,High,High,"Improve attendance, DSA, projects."
1752,2752,Low,Low,Low,Low,Keep consistency.
1753,2753,High,Low,High,High,"Improve attendance, DSA, projects."
1754,2754,High,Low,High,High,"Improve attendance, DSA, projects."
1755,2755,Low,Low,Medium,Medium,"Improve attendance, DSA, projects."
1756,2756,Medium,Low,Medium,Medium,"Improve attendance, DSA, projects."
1757,2757,Medium,Low,High,High,"Improve attendance, DSA, projects."
1758,2758,Medium,Low,High,High,"Improve attendance, DSA, projects."
1759,2759,Medium,Low,Medium,Medium,"Improve attendance, DSA, projects."
1760,2760,Medium,Low,Medium,Medium,"Improve attendance, DSA, projects."
1761,2761,Low,Low,Medium,Medium,"Improve attendance, DSA, projects."
1762,2762,Low,Low,Medium,Medium,"Improve attendance, DSA, projects."
1763,2763,Low,Low,Medium,Medium,"Improve attendance, DSA, projects."
1764,2764,High,Low,High,High,"Improve attendance, DSA, projects."
1765,2765,Low,Low,Medium,Medium,"Improve attendance, DSA, projects."
1766,2766,Medium,Low,Medium,Medium,"Improve attendance, DSA, projects."
1767,2767,High,Low,High,High,"Improve attendance, DSA, projects."
1768,2768,High,Low,High,High,"Improve attendance, DSA, projects."
1769,2769,Low,Low,Low,Low,Keep consistency.
1770,2770,High,Low,High,High,"Improve attendance, DSA, projects."
1771,2771,High,Low,High,High,"Improve attendance, DSA, projects."
1772,2772,Medium,Low,High,High,"Improve attendance, DSA, projects."
1773,2773,Low,Low,Medium,Medium,"Improve attendance, DSA, projects."
1774,2774,Medium,Low,Medium,Medium,"Improve attendance, DSA, projects."
1775,2775,Low,Low,Medium,Medium,"Improve attendance, DSA, projects."
1776,2776,Medium,Low,High,High,"Improve attendance, DSA, projects."
1777,2777,Low,Low,Medium,Medium,"Improve attendance, DSA, projects."
1778,2778,Medium,Low,High,High,"Improve attendance, DSA, projects."
1779,2779,Medium,Low,Medium,Medium,"Improve attendance, DSA, projects."
1780,2780,Medium,Low,High,High,"Improve attendance, DSA, projects."
1781,2781,High,Low,High,High,"Improve attendance, DSA, projects."
1782,2782,Medium,Low,High,High,"Improve attendance, DSA, projects."
1783,2783,Medium,Low,High,High,"Improve attendance, DSA, projects."
1784,2784,Medium,Low,High,High,"Improve attendance, DSA, projects."
1785,2785,Low,Low,Medium,Medium,"Improve attendance, DSA, projects."
1786,2786,Low,Low,Medium,Medium,"Improve attendance, DSA, projects."
1787,2787,Medium,Low,High,High,"Improve attendance, DSA, projects."
1788,2788,Low,Low,Low,Low,Keep consistency.
1789,2789,Low,Low,Medium,Medium,"Improve attendance, DSA, projects."
1790,2790,Low,Low,Medium,Medium,"Improve attendance, DSA, projects."
1791,2791,Medium,Low,High,High,"Improve attendance, DSA, projects."
1792,2792,Medium,Low,High,High,"Improve attendance, DSA, projects."
1793,2793,Low,Low,Low,Low,Keep consistency.
1794,2794,Low,Low,Low,Low,Keep consistency.
1795,2795,Medium,Low,High,High,"Improve attendance, DSA, projects."
1796,2796,Medium,Low,Medium,Medium,"Improve attendance, DSA, projects."
1797,2797,Medium,Low,Medium,Medium,"Improve attendance, DSA, projects."
1798,2798,Medium,Low,Medium,Medium,"Improve attendance, DSA, projects."
1799,2799,High,Low,High,High,"Improve attendance, DSA, projects."
1800,2800,Low,Low,Medium,Medium,"Improve attendance, DSA, projects."
1801,2801,Low,Low,Medium,Medium,"Improve attendance, DSA, projects."
1802,2802,Low,Low,Low,Low,Keep consistency.
1803,2803,Low,Low,Medium,Medium,"Improve attendance, DSA, projects."
1804,2804,Medium,Low,High,High,"Improve attendance, DSA, projects."
1805,2805,Medium,Low,High,High,"Improve attendance, DSA, projects."
1806,2806,Medium,Low,High,High,"Improve attendance, DSA, projects."
1807,2807,High,Low,High,High,"Improve attendance, DSA, projects."
1808,2808,Medium,Low,High,High,"Improve attendance, DSA, projects."
1809,2809,Low,Low,Medium,Medium,"Improve attendance, DSA, projects."
1810,2810,High,Low,High,High,"Improve attendance, DSA, projects."
1811,2811,High,Low,High,High,"Improve attendance, DSA, projects."
1812,2812,High,Low,High,High,"Improve attendance, DSA, projects."
1813,2813,Medium,Low,Medium,Medium,"Improve attendance, DSA, projects."
1814,2814,Medium,Low,Medium,Medium,"Improve attendance, DSA, projects."
1815,2815,Medium,Low,Medium,Medium,"Improve attendance, DSA, projects."
1816,2816,Medium,Low,Medium,Medium,"Improve attendance, DSA, projects."
1817,2817,Low,Low,Medium,Medium,"Improve attendance, DSA, projects."
1818,2818,Medium,Low,High,High,"Improve attendance, DSA, projects."
1819,2819,Medium,Low,High,High,"Improve attendance, DSA, projects."
1820,2820,Low,Low,Medium,Medium,"Improve attendance, DSA, projects."
1821,2821,High,High,High,High,"Improve attendance, DSA, projects."
1822,2822,High,Low,High,High,"Improve attendance, DSA, projects."
1823,2823,Medium,Low,Medium,Medium,"Improve attendance, DSA, projects."
1824,2824,Medium,Low,High,High,"Improve attendance, DSA, projects."
1825,2825,High,Low,High,High,"Improve attendance, DSA, projects."
1826,2826,Medium,Low,Medium,Medium,"Improve attendance, DSA, projects."
1827,2827,Medium,Low,High,High,"Improve attendance, DSA, projects."
1828,2828,Medium,Low,High,High,"Improve attendance, DSA, projects."
1829,2829,Medium,Low,High,High,"Improve attendance, DSA, projects."
1830,2830,Medium,Low,High,High,"Improve attendance, DSA, projects."
1831,2831,Low,Low,Medium,Medium,"Improve attendance, DSA, projects."
1832,2832,Medium,Low,High,High,"Improve attendance, DSA, projects."
1833,2833,Medium,Low,High,High,"Improve attendance, DSA, projects."
1834,2834,High,Low,High,High,"Improve attendance, DSA, projects."
1835,2835,Medium,Low,Medium,Medium,"Improve attendance, DSA, projects."
1836,2836,Medium,Low,Medium,Medium,"Improve attendance, DSA, projects."
1837,2837,Low,Low,Medium,Medium,"Improve attendance, DSA, projects."
1838,2838,Medium,Low,Medium,Medium,"Improve attendance, DSA, projects."
1839,2839,Medium,Low,High,High,"Improve attendance, DSA, projects."
1840,2840,High,Low,High,High,"Improve attendance, DSA, projects."
1841,2841,Low,Low,Low,Low,Keep consistency.
1842,2842,Medium,Low,High,High,"Improve attendance, DSA, projects."
1843,2843,Medium,Low,Medium,Medium,"Improve attendance, DSA, projects."
1844,2844,High,Low,High,High,"Improve attendance, DSA, projects."
1845,2845,Medium,Low,High,High,"Improve attendance, DSA, projects."
1846,2846,Medium,Low,High,High,"Improve attendance, DSA, projects."
1847,2847,High,Low,High,High,"Improve attendance, DSA, projects."
1848,2848,Medium,Low,High,High,"Improve attendance, DSA, projects."
1849,2849,High,Low,High,High,"Improve attendance, DSA, projects."
1850,2850,Low,Low,Low,Low,Keep consistency.
1851,2851,Medium,Low,Medium,Medium,"Improve attendance, DSA, projects."
1852,2852,Medium,Low,High,High,"Improve attendance, DSA, projects."
1853,2853,Medium,Low,Medium,Medium,"Improve attendance, DSA, projects."
1854,2854,Low,Low,Medium,Medium,"Improve attendance, DSA, projects."
1855,2855,Medium,Low,High,High,"Improve attendance, DSA, projects."
1856,2856,Medium,Low,High,High,"Improve attendance, DSA, projects."
1857,2857,High,Low,High,High,"Improve attendance, DSA, projects."
1858,2858,Medium,Low,High,High,"Improve attendance, DSA, projects."
1859,2859,High,Low,High,High,"Improve attendance, DSA, projects."
1860,2860,Low,Low,Low,Low,Keep consistency.
1861,2861,High,Low,High,High,"Improve attendance, DSA, projects."
1862,2862,Medium,Low,High,High,"Improve attendance, DSA, projects."
1863,2863,Low,Low,Medium,Medium,"Improve attendance, DSA, projects."
1864,2864,Medium,Low,High,High,"Improve attendance, DSA, projects."
1865,2865,Low,Low,Medium,Medium,"Improve attendance, DSA, projects."
1866,2866,High,Low,High,High,"Improve attendance, DSA, projects."
1867,2867,Low,Low,Medium,Medium,"Improve attendance, DSA, projects."
1868,2868,Medium,Low,Medium,Medium,"Improve attendance, DSA, projects."
1869,2869,Low,Low,Medium,Medium,"Improve attendance, DSA, projects."
1870,2870,High,Low,High,High,"Improve attendance, DSA, projects."
1871,2871,Medium,Low,High,High,"Improve attendance, DSA, projects."
1872,2872,Medium,Low,Medium,Medium,"Improve attendance, DSA, projects."
1873,2873,Low,Low,Medium,Medium,"Improve attendance, DSA, projects."
1874,2874,Medium,Low,Medium,Medium,"Improve attendance, DSA, projects."
1875,2875,High,Low,High,High,"Improve attendance, DSA, projects."
1876,2876,Medium,Low,Medium,Medium,"Improve attendance, DSA, projects."
1877,2877,Medium,Low,High,High,"Improve attendance, DSA, projects."
1878,2878,High,Low,High,High,"Improve attendance, DSA, projects."
1879,2879,Medium,Low,Medium,Medium,"Improve attendance, DSA, projects."
1880,2880,High,Low,High,High,"Improve attendance, DSA, projects."
1881,2881,Medium,Low,High,High,"Improve attendance, DSA, projects."
1882,2882,Medium,Low,High,High,"Improve attendance, DSA, projects."
1883,2883,Low,Low,Medium,Medium,"Improve attendance, DSA, projects."
1884,2884,Low,Low,Medium,Medium,"Improve attendance, DSA, projects."
1885,2885,Medium,Low,Medium,Medium,"Improve attendance, DSA, projects."
1886,2886,Medium,Low,High,High,"Improve attendance, DSA, projects."
1887,2887,Medium,Low,High,High,"Improve attendance, DSA, projects."
1888,2888,High,Low,High,High,"Improve attendance, DSA, projects."
1889,2889,Medium,Low,Medium,Medium,"Improve attendance, DSA, projects."
1890,2890,High,Low,High,High,"Improve attendance, DSA, projects."
1891,2891,Medium,Low,High,High,"Improve attendance, DSA, projects."
1892,2892,Medium,Low,High,High,"Improve attendance, DSA, projects."
1893,2893,Medium,Low,High,High,"Improve attendance, DSA, projects."
1894,2894,Low,Low,Medium,Medium,"Improve attendance, DSA, projects."
1895,2895,Medium,Low,Medium,Medium,"Improve attendance, DSA, projects."
1896,2896,Medium,Low,Medium,Medium,"Improve attendance, DSA, projects."
1897,2897,Low,Low,Medium,Medium,"Improve attendance, DSA, projects."
1898,2898,Low,Low,Medium,Medium,"Improve attendance, DSA, projects."
1899,2899,High,Low,High,High,"Improve attendance, DSA, projects."
1900,2900,Medium,Low,Medium,Medium,"Improve attendance, DSA, projects."
1901,2901,Medium,Low,High,High,"Improve attendance, DSA, projects."
1902,2902,Low,Low,Medium,Medium,"Improve attendance, DSA, projects."
1903,2903,High,Low,High,High,"Improve attendance, DSA, projects."
1904,2904,Low,Low,Medium,Medium,"Improve attendance, DSA, projects."
1905,2905,Medium,Low,Medium,Medium,"Improve attendance, DSA, projects."
1906,2906,Medium,Low,High,High,"Improve attendance, DSA, projects."
1907,2907,Low,Low,Medium,Medium,"Improve attendance, DSA, projects."
1908,2908,Low,Low,Medium,Medium,"Improve attendance, DSA, projects."
1909,2909,Low,Low,Medium,Medium,"Improve attendance, DSA, projects."
1910,2910,Medium,Low,Medium,Medium,"Improve attendance, DSA, projects."
1911,2911,Medium,Low,Medium,Medium,"Improve attendance, DSA, projects."
1912,2912,Low,Low,Medium,Medium,"Improve attendance, DSA, projects."
1913,2913,Low,Low,Medium,Medium,"Improve attendance, DSA, projects."
1914,2914,Low,Low,Low,Low,Keep consistency.
1915,2915,Low,Low,Medium,Medium,"Improve attendance, DSA, projects."
1916,2916,High,Low,High,High,"Improve attendance, DSA, projects."
1917,2917,Medium,Low,High,High,"Improve attendance, DSA, projects."
1918,2918,Low,Low,Medium,Medium,"Improve attendance, DSA, projects."
1919,2919,Low,Low,Medium,Medium,"Improve attendance, DSA, projects."
1920,2920,Low,Low,Medium,Medium,"Improve attendance, DSA, projects."
1921,2921,Medium,Low,High,High,"Improve attendance, DSA, projects."
1922,2922,Medium,Low,High,High,"Improve attendance, DSA, projects."
1923,2923,High,Low,High,High,"Improve attendance, DSA, projects."
1924,2924,Medium,Low,Medium,Medium,"Improve attendance, DSA, projects."
1925,2925,Medium,Low,High,High,"Improve attendance, DSA, projects."
1926,2926,Low,Low,Medium,Medium,"Improve attendance, DSA, projects."
1927,2927,High,Low,High,High,"Improve attendance, DSA, projects."
1928,2928,High,Low,High,High,"Improve attendance, DSA, projects."
1929,2929,Medium,Low,Medium,Medium,"Improve attendance, DSA, projects."
1930,2930,High,Low,High,High,"Improve attendance, DSA, projects."
1931,2931,Medium,Low,High,High,"Improve attendance, DSA, projects."
1932,2932,Medium,Low,High,High,"Improve attendance, DSA, projects."
1933,2933,Medium,Low,High,High,"Improve attendance, DSA, projects."
1934,2934,Medium,Low,Medium,Medium,"Improve attendance, DSA, projects."
1935,2935,Medium,Low,Medium,Medium,"Improve attendance, DSA, projects."
1936,2936,Medium,Low,High,High,"Improve attendance, DSA, projects."
1937,2937,High,High,High,High,"Improve attendance, DSA, projects."
1938,2938,Low,Low,Medium,Medium,"Improve attendance, DSA, projects."
1939,2939,Medium,Low,High,High,"Improve attendance, DSA, projects."
1940,2940,Medium,Low,High,High,"Improve attendance, DSA, projects."
1941,2941,Medium,Low,Medium,Medium,"Improve attendance, DSA, projects."
1942,2942,High,Low,High,High,"Improve attendance, DSA, projects."
1943,2943,High,Low,High,High,"Improve attendance, DSA, projects."
1944,2944,Medium,Low,Medium,Medium,"Improve attendance, DSA, projects."
1945,2945,Medium,Low,Medium,Medium,"Improve attendance, DSA, projects."
1946,2946,Medium,Low,High,High,"Improve attendance, DSA, projects."
1947,2947,Medium,Low,Medium,Medium,"Improve attendance, DSA, projects."
1948,2948,Medium,Low,High,High,"Improve attendance, DSA, projects."
1949,2949,Low,Low,Medium,Medium,"Improve attendance, DSA, projects."
1950,2950,Low,Low,Medium,Medium,"Improve attendance, DSA, projects."
1951,2951,Medium,Low,Medium,Medium,"Improve attendance, DSA, projects."
1952,2952,Medium,Low,High,High,"Improve attendance, DSA, projects."
1953,2953,Medium,Low,Medium,Medium,"Improve attendance, DSA, projects."
1954,2954,High,Low,High,High,"Improve attendance, DSA, projects."
1955,2955,High,Low,High,High,"Improve attendance, DSA, projects."
1956,2956,Low,Low,Medium,Medium,"Improve attendance, DSA, projects."
1957,2957,Low,Low,Medium,Medium,"Improve attendance, DSA, projects."
1958,2958,Low,Low,Medium,Medium,"Improve attendance, DSA, projects."
1959,2959,High,Low,High,High,"Improve attendance, DSA, projects."
1960,2960,Low,Low,Medium,Medium,"Improve attendance, DSA, projects."
1961,2961,Medium,Low,High,High,"Improve attendance, DSA, projects."
1962,2962,Medium,Low,Medium,Medium,"Improve attendance, DSA, projects."
1963,2963,Low,Low,Medium,Medium,"Improve attendance, DSA, projects."
1964,2964,High,Low,High,High,"Improve attendance, DSA, projects."
1965,2965,Medium,Low,High,High,"Improve attendance, DSA, projects."
1966,2966,Low,Low,Medium,Medium,"Improve attendance, DSA, projects."
1967,2967,Medium,Low,High,High,"Improve attendance, DSA, projects."
1968,2968,Medium,Low,Medium,Medium,"Improve attendance, DSA, projects."
1969,2969,Medium,Low,High,High,"Improve attendance, DSA, projects."
1970,2970,High,Low,High,High,"Improve attendance, DSA, projects."
1971,2971,Low,Low,Medium,Medium,"Improve attendance, DSA, projects."
1972,2972,Low,Low,Medium,Medium,"Improve attendance, DSA, projects."
1973,2973,Low,Low,Medium,Medium,"Improve attendance, DSA, projects."
1974,2974,Medium,Low,High,High,"Improve attendance, DSA, projects."
1975,2975,Medium,Low,High,High,"Improve attendance, DSA, projects."
1976,2976,High,Low,High,High,"Improve attendance, DSA, projects."
1977,2977,Medium,Low,High,High,"Improve attendance, DSA, projects."
1978,2978,High,Low,High,High,"Improve attendance, DSA, projects."
1979,2979,Low,Low,Medium,Medium,"Improve attendance, DSA, projects."
1980,2980,Medium,Low,High,High,"Improve attendance, DSA, projects."
1981,2981,Medium,Low,High,High,"Improve attendance, DSA, projects."
1982,2982,High,Low,High,High,"Improve attendance, DSA, projects."
1983,2983,Medium,Low,Medium,Medium,"Improve attendance, DSA, projects."
1984,2984,High,Low,High,High,"Improve attendance, DSA, projects."
1985,2985,High,Low,High,High,"Improve attendance, DSA, projects."
1986,2986,Medium,Low,Medium,Medium,"Improve attendance, DSA, projects."
1987,2987,High,Low,High,High,"Improve attendance, DSA, projects."
1988,2988,High,Low,High,High,"Improve attendance, DSA, projects."
1989,2989,Medium,Low,High,High,"Improve attendance, DSA, projects."
1990,2990,Low,Low,Low,Low,Keep consistency.
1991,2991,High,Low,High,High,"Improve attendance, DSA, projects."
1992,2992,Low,Low,Medium,Medium,"Improve attendance, DSA, projects."
1993,2993,Medium,Low,Medium,Medium,"Improve attendance, DSA, projects."
1994,2994,Medium,Low,High,High,"Improve attendance, DSA, projects."
1995,2995,Medium,Low,Medium,Medium,"Improve attendance, DSA, projects."
1996,2996,High,Low,High,High,"Improve attendance, DSA, projects."
1997,2997,Medium,Low,Medium,Medium,"Improve attendance, DSA, projects."
1998,2998,Medium,Low,High,High,"Improve attendance, DSA, projects."
1999,2999,Medium,Low,High,High,"Improve attendance, DSA, projects."
2000,3000,Medium,Low,High,High,"Improve attendance, DSA, projects."
2001,3001,High,Low,High,High,"Improve attendance, DSA, projects."
2002,3002,High,Low,High,High,"Improve attendance, DSA, projects."
2003,3003,Medium,Low,Medium,Medium,"Improve attendance, DSA, projects."
2004,3004,Low,Low,Low,Low,Keep consistency.
2005,3005,Medium,Low,High,High,"Improve attendance, DSA, projects."
2006,3006,Low,Low,Low,Low,Keep consistency.
2007,3007,Low,Low,Medium,Medium,"Improve attendance, DSA, projects."
2008,3008,Medium,Low,High,High,"Improve attendance, DSA, projects."
2009,3009,High,Low,High,High,"Improve attendance, DSA, projects."
2010,3010,Low,Low,Medium,Medium,"Improve attendance, DSA, projects."
2011,3011,Medium,Low,Medium,Medium,"Improve attendance, DSA, projects."
2012,3012,Medium,Low,High,High,"Improve attendance, DSA, projects."
2013,3013,High,Low,High,High,"Improve attendance, DSA, projects."
2014,3014,Medium,Low,High,High,"Improve attendance, DSA, projects."
2015,3015,Low,Low,Medium,Medium,"Improve attendance, DSA, projects."
2016,3016,High,Low,High,High,"Improve attendance, DSA, projects."
2017,3017,High,High,High,High,"Improve attendance, DSA, projects."
2018,3018,Medium,Low,Medium,Medium,"Improve attendance, DSA, projects."
2019,3019,Medium,Low,Medium,Medium,"Improve attendance, DSA, projects."
2020,3020,Low,Low,Medium,Medium,"Improve attendance, DSA, projects."
2021,3021,Medium,Low,High,High,"Improve attendance, DSA, projects."
2022,3022,High,Low,High,High,"Improve attendance, DSA, projects."
2023,3023,High,Low,High,High,"Improve attendance, DSA, projects."
2024,3024,Low,Low,Medium,Medium,"Improve attendance, DSA, projects."
2025,3025,Low,Low,Medium,Medium,"Improve attendance, DSA, projects."
2026,3026,High,Low,High,High,"Improve attendance, DSA, projects."
2027,3027,Low,Low,Medium,Medium,"Improve attendance, DSA, projects."
2028,3028,Low,Low,Low,Low,Keep consistency.
2029,3029,Low,Low,Medium,Medium,"Improve attendance, DSA, projects."
2030,3030,Medium,Low,Medium,Medium,"Improve attendance, DSA, projects."
2031,3031,High,Low,High,High,"Improve attendance, DSA, projects."
2032,3032,Low,Low,Medium,Medium,"Improve attendance, DSA, projects."
2033,3033,Low,Low,Medium,Medium,"Improve attendance, DSA, projects."
2034,3034,Medium,Low,High,High,"Improve attendance, DSA, projects."
2035,3035,Medium,Low,High,High,"Improve attendance, DSA, projects."
2036,3036,Medium,Low,High,High,"Improve attendance, DSA, projects."
2037,3037,Medium,Low,High,High,"Improve attendance, DSA, projects."
2038,3038,Medium,Low,High,High,"Improve attendance, DSA, projects."
2039,3039,High,Low,High,High,"Improve attendance, DSA, projects."
2040,3040,Medium,Low,Medium,Medium,"Improve attendance, DSA, projects."
2041,3041,High,Low,High,High,"Improve attendance, DSA, projects."
2042,3042,Low,Low,Medium,Medium,"Improve attendance, DSA, projects."
2043,3043,Medium,Low,Medium,Medium,"Improve attendance, DSA, projects."
2044,3044,Low,Low,Medium,Medium,"Improve attendance, DSA, projects."
2045,3045,High,Low,High,High,"Improve attendance, DSA, projects."
2046,3046,Medium,Low,Medium,Medium,"Improve attendance, DSA, projects."
2047,3047,Medium,Low,Medium,Medium,"Improve attendance, DSA, projects."
2048,3048,Medium,Low,Medium,Medium,"Improve attendance, DSA, projects."
2049,3049,Medium,Low,Medium,Medium,"Improve attendance, DSA, projects."
2050,3050,Medium,Low,High,High,"Improve attendance, DSA, projects."
2051,3051,Medium,Low,High,High,"Improve attendance, DSA, projects."
2052,3052,High,Low,High,High,"Improve attendance, DSA, projects."
2053,3053,Medium,Low,High,High,"Improve attendance, DSA, projects."
2054,3054,High,Low,High,High,"Improve attendance, DSA, projects."
2055,3055,Medium,Low,High,High,"Improve attendance, DSA, projects."
2056,3056,Medium,Low,Medium,Medium,"Improve attendance, DSA, projects."
2057,3057,High,Low,High,High,"Improve attendance, DSA, projects."
2058,3058,High,Low,High,High,"Improve attendance, DSA, projects."
2059,3059,Low,Low,Medium,Medium,"Improve attendance, DSA, projects."
2060,3060,High,Low,High,High,"Improve attendance, DSA, projects."
2061,3061,High,Low,High,High,"Improve attendance, DSA, projects."
2062,3062,High,Low,High,High,"Improve attendance, DSA, projects."
2063,3063,Medium,Low,Medium,Medium,"Improve attendance, DSA, projects."
2064,3064,Low,Low,Medium,Medium,"Improve attendance, DSA, projects."
2065,3065,Medium,Low,High,High,"Improve attendance, DSA, projects."
2066,3066,Low,Low,Medium,Medium,"Improve attendance, DSA, projects."
2067,3067,High,Low,High,High,"Improve attendance, DSA, projects."
2068,3068,High,Low,High,High,"Improve attendance, DSA, projects."
2069,3069,Low,Low,Low,Low,Keep consistency.
2070,3070,Medium,Low,High,High,"Improve attendance, DSA, projects."
2071,3071,High,Low,High,High,"Improve attendance, DSA, projects."
2072,3072,Medium,Low,High,High,"Improve attendance, DSA, projects."
2073,3073,Medium,Low,High,High,"Improve attendance, DSA, projects."
2074,3074,Medium,Low,High,High,"Improve attendance, DSA, projects."
2075,3075,Medium,Low,High,High,"Improve attendance, DSA, projects."
2076,3076,Low,Low,Low,Low,Keep consistency.
2077,3077,Medium,Low,High,High,"Improve attendance, DSA, projects."
2078,3078,Low,Low,Low,Low,Keep consistency.
2079,3079,Medium,Low,High,High,"Improve attendance, DSA, projects."
2080,3080,High,Low,High,High,"Improve attendance, DSA, projects."
2081,3081,Medium,Low,High,High,"Improve attendance, DSA, projects."
2082,3082,Low,Low,Medium,Medium,"Improve attendance, DSA, projects."
2083,3083,High,Low,High,High,"Improve attendance, DSA, projects."
2084,3084,Low,Low,Medium,Medium,"Improve attendance, DSA, projects."
2085,3085,Low,Low,Medium,Medium,"Improve attendance, DSA, projects."
2086,3086,Medium,Low,High,High,"Improve attendance, DSA, projects."
2087,3087,Low,Low,Medium,Medium,"Improve attendance, DSA, projects."
2088,3088,Medium,Low,High,High,"Improve attendance, DSA, projects."
2089,3089,Medium,Low,High,High,"Improve attendance, DSA, projects."
2090,3090,Medium,Low,High,High,"Improve attendance, DSA, projects."
2091,3091,Medium,Low,Medium,Medium,"Improve attendance, DSA, projects."
2092,3092,Medium,Low,Medium,Medium,"Improve attendance, DSA, projects."
2093,3093,Medium,Low,Medium,Medium,"Improve attendance, DSA, projects."
2094,3094,Low,Low,Medium,Medium,"Improve attendance, DSA, projects."
2095,3095,Medium,Low,Medium,Medium,"Improve attendance, DSA, projects."
2096,3096,Medium,Low,Medium,Medium,"Improve attendance, DSA, projects."
2097,3097,Medium,Low,Medium,Medium,"Improve attendance, DSA, projects."
2098,3098,Low,Low,Low,Low,Keep consistency.
2099,3099,Medium,Low,High,High,"Improve attendance, DSA, projects."
2100,3100,Low,Low,Medium,Medium,"Improve attendance, DSA, projects."
2101,3101,High,High,High,High,"Improve attendance, DSA, projects."
2102,3102,High,Low,High,High,"Improve attendance, DSA, projects."
2103,3103,Medium,Low,High,High,"Improve attendance, DSA, projects."
2104,3104,Medium,Low,Medium,Medium,"Improve attendance, DSA, projects."
2105,3105,Low,Low,Medium,Medium,"Improve attendance, DSA, projects."
2106,3106,Medium,Low,Medium,Medium,"Improve attendance, DSA, projects."
2107,3107,Low,Low,Medium,Medium,"Improve attendance, DSA, projects."
2108,3108,Low,Low,Medium,Medium,"Improve attendance, DSA, projects."
2109,3109,Low,Low,Low,Low,Keep consistency.
2110,3110,Medium,Low,High,High,"Improve attendance, DSA, projects."
2111,3111,Medium,Low,Medium,Medium,"Improve attendance, DSA, projects."
2112,3112,Low,Low,Medium,Medium,"Improve attendance, DSA, projects."
2113,3113,Medium,Low,Medium,Medium,"Improve attendance, DSA, projects."
2114,3114,Medium,Low,Medium,Medium,"Improve attendance, DSA, projects."
2115,3115,High,Low,High,High,"Improve attendance, DSA, projects."
2116,3116,Medium,Low,Medium,Medium,"Improve attendance, DSA, projects."
2117,3117,High,Low,High,High,"Improve attendance, DSA, projects."
2118,3118,Medium,Low,High,High,"Improve attendance, DSA, projects."
2119,3119,Low,Low,Low,Low,Keep consistency.
2120,3120,High,High,High,High,"Improve attendance, DSA, projects."
2121,3121,High,Low,High,High,"Improve attendance, DSA, projects."
2122,3122,Medium,Low,High,High,"Improve attendance, DSA, projects."
2123,3123,High,Low,High,High,"Improve attendance, DSA, projects."
2124,3124,Low,Low,Low,Low,Keep consistency.
2125,3125,Low,Low,Medium,Medium,"Improve attendance, DSA, projects."
2126,3126,Low,Low,Medium,Medium,"Improve attendance, DSA, projects."
2127,3127,Medium,Low,High,High,"Improve attendance, DSA, projects."
2128,3128,Medium,Low,High,High,"Improve attendance, DSA, projects."
2129,3129,Low,Low,Low,Low,Keep consistency.
2130,3130,Low,Low,Medium,Medium,"Improve attendance, DSA, projects."
2131,3131,High,Low,High,High,"Improve attendance, DSA, projects."
2132,3132,Medium,Low,High,High,"Improve attendance, DSA, projects."
2133,3133,Low,Low,Low,Low,Keep consistency.
2134,3134,Medium,Low,High,High,"Improve attendance, DSA, projects."
2135,3135,Low,Low,Medium,Medium,"Improve attendance, DSA, projects."
2136,3136,Medium,Low,Medium,Medium,"Improve attendance, DSA, projects."
2137,3137,High,Low,High,High,"Improve attendance, DSA, projects."
2138,3138,High,Low,High,High,"Improve attendance, DSA, projects."
2139,3139,Medium,Low,Medium,Medium,"Improve attendance, DSA, projects."
2140,3140,Medium,Low,High,High,"Improve attendance, DSA, projects."
2141,3141,Low,Low,Medium,Medium,"Improve attendance, DSA, projects."
2142,3142,Medium,Low,High,High,"Improve attendance, DSA, projects."
2143,3143,High,High,High,High,"Improve attendance, DSA, projects."
2144,3144,Low,Low,Medium,Medium,"Improve attendance, DSA, projects."
2145,3145,Low,Low,Medium,Medium,"Improve attendance, DSA, projects."
2146,3146,Medium,Low,Medium,Medium,"Improve attendance, DSA, projects."
2147,3147,Low,Low,Medium,Medium,"Improve attendance, DSA, projects."
2148,3148,Medium,Low,High,High,"Improve attendance, DSA, projects."
2149,3149,Medium,Low,Medium,Medium,"Improve attendance, DSA, projects."
2150,3150,Medium,Low,Medium,Medium,"Improve attendance, DSA, projects."
2151,3151,High,Low,High,High,"Improve attendance, DSA, projects."
2152,3152,Medium,Low,Medium,Medium,"Improve attendance, DSA, projects."
2153,3153,Medium,Low,Medium,Medium,"Improve attendance, DSA, projects."
2154,3154,Medium,Low,High,High,"Improve attendance, DSA, projects."
2155,3155,Low,Low,Medium,Medium,"Improve attendance, DSA, projects."
2156,3156,High,Low,High,High,"Improve attendance, DSA, projects."
2157,3157,Medium,Low,High,High,"Improve attendance, DSA, projects."
2158,3158,Medium,Low,Medium,Medium,"Improve attendance, DSA, projects."
2159,3159,Medium,Low,High,High,"Improve attendance, DSA, projects."
2160,3160,High,Low,High,High,"Improve attendance, DSA, projects."
2161,3161,Medium,Low,High,High,"Improve attendance, DSA, projects."
2162,3162,Low,Low,Medium,Medium,"Improve attendance, DSA, projects."
2163,3163,Medium,Low,Medium,Medium,"Improve attendance, DSA, projects."
2164,3164,Low,Low,Medium,Medium,"Improve attendance, DSA, projects."
2165,3165,Medium,Low,High,High,"Improve attendance, DSA, projects."
2166,3166,Medium,Low,Medium,Medium,"Improve attendance, DSA, projects."
2167,3167,Medium,Low,High,High,"Improve attendance, DSA, projects."
2168,3168,Medium,Low,Medium,Medium,"Improve attendance, DSA, projects."
2169,3169,Medium,Low,High,High,"Improve attendance, DSA, projects."
2170,3170,Medium,Low,Medium,Medium,"Improve attendance, DSA, projects."
2171,3171,Medium,Low,Medium,Medium,"Improve attendance, DSA, projects."
2172,3172,High,Low,High,High,"Improve attendance, DSA, projects."
2173,3173,High,Low,High,High,"Improve attendance, DSA, projects."
2174,3174,Medium,Low,Medium,Medium,"Improve attendance, DSA, projects."
2175,3175,Low,Low,Medium,Medium,"Improve attendance, DSA, projects."
2176,3176,Low,Low,Medium,Medium,"Improve attendance, DSA, projects."
2177,3177,High,Low,High,High,"Improve attendance, DSA, projects."
2178,3178,Low,Low,Medium,Medium,"Improve attendance, DSA, projects."
2179,3179,Low,Low,Medium,Medium,"Improve attendance, DSA, projects."
2180,3180,Medium,Low,High,High,"Improve attendance, DSA, projects."
2181,3181,Low,Low,Low,Low,Keep consistency.
2182,3182,Medium,Low,High,High,"Improve attendance, DSA, projects."
2183,3183,Medium,Low,High,High,"Improve attendance, DSA, projects."
2184,3184,High,Low,High,High,"Improve attendance, DSA, projects."
2185,3185,High,Low,High,High,"Improve attendance, DSA, projects."
2186,3186,Low,Low,Medium,Medium,"Improve attendance, DSA, projects."
2187,3187,High,Low,High,High,"Improve attendance, DSA, projects."
2188,3188,Low,Low,Medium,Medium,"Improve attendance, DSA, projects."
2189,3189,High,Low,High,High,"Improve attendance, DSA, projects."
2190,3190,Medium,Low,High,High,"Improve attendance, DSA, projects."
2191,3191,Medium,Low,High,High,"Improve attendance, DSA, projects."
2192,3192,Low,High,Medium,Medium,"Improve attendance, DSA, projects."
2193,3193,Medium,Low,Medium,Medium,"Improve attendance, DSA, projects."
2194,3194,Medium,Low,High,High,"Improve attendance, DSA, projects."
2195,3195,High,Low,High,High,"Improve attendance, DSA, projects."
2196,3196,Low,Low,Medium,Medium,"Improve attendance, DSA, projects."
2197,3197,Low,Low,Medium,Medium,"Improve attendance, DSA, projects."
2198,3198,Medium,Low,High,High,"Improve attendance, DSA, projects."
2199,3199,Medium,Low,Medium,Medium,"Improve attendance, DSA, projects."
2200,3200,Low,Low,Medium,Medium,"Improve attendance, DSA, projects."
2201,3201,High,Low,High,High,"Improve attendance, DSA, projects."
2202,3202,Medium,Low,High,High,"Improve attendance, DSA, projects."
2203,3203,Low,Low,Low,Low,Keep consistency.
2204,3204,Medium,Low,High,High,"Improve attendance, DSA, projects."
2205,3205,Medium,Low,Medium,Medium,"Improve attendance, DSA, projects."
2206,3206,Low,Low,Medium,Medium,"Improve attendance, DSA, projects."
2207,3207,High,Low,High,High,"Improve attendance, DSA, projects."
2208,3208,Medium,Low,High,High,"Improve attendance, DSA, projects."
2209,3209,High,Low,High,High,"Improve attendance, DSA, projects."
2210,3210,High,Low,High,High,"Improve attendance, DSA, projects."
2211,3211,Medium,Low,Medium,Medium,"Improve attendance, DSA, projects."
2212,3212,Low,Low,Medium,Medium,"Improve attendance, DSA, projects."
2213,3213,Low,Low,Medium,Medium,"Improve attendance, DSA, projects."
2214,3214,Medium,Low,High,High,"Improve attendance, DSA, projects."
2215,3215,Low,Low,Low,Low,Keep consistency.
2216,3216,Medium,Low,Medium,Medium,"Improve attendance, DSA, projects."
2217,3217,Medium,Low,Medium,Medium,"Improve attendance, DSA, projects."
2218,3218,Medium,Low,High,High,"Improve attendance, DSA, projects."
2219,3219,Medium,Low,Medium,Medium,"Improve attendance, DSA, projects."
2220,3220,High,Low,High,High,"Improve attendance, DSA, projects."
2221,3221,Medium,Low,Medium,Medium,"Improve attendance, DSA, projects."
2222,3222,Medium,Low,Medium,Medium,"Improve attendance, DSA, projects."
2223,3223,High,Low,High,High,"Improve attendance, DSA, projects."
2224,3224,Medium,Low,High,High,"Improve attendance, DSA, projects."
2225,3225,Low,Low,Low,Low,Keep consistency.
2226,3226,Low,Low,Low,Low,Keep consistency.
2227,3227,Medium,Low,High,High,"Improve attendance, DSA, projects."
2228,3228,Medium,Low,High,High,"Improve attendance, DSA, projects."
2229,3229,Medium,Low,High,High,"Improve attendance, DSA, projects."
2230,3230,High,Low,High,High,"Improve attendance, DSA, projects."
2231,3231,High,Low,High,High,"Improve attendance, DSA, projects."
2232,3232,Low,Low,Medium,Medium,"Improve attendance, DSA, projects."
2233,3233,High,Low,High,High,"Improve attendance, DSA, projects."
2234,3234,High,Low,High,High,"Improve attendance, DSA, projects."
2235,3235,Medium,Low,Medium,Medium,"Improve attendance, DSA, projects."
2236,3236,Medium,Low,High,High,"Improve attendance, DSA, projects."
2237,3237,Medium,Low,High,High,"Improve attendance, DSA, projects."
2238,3238,Low,Low,Medium,Medium,"Improve attendance, DSA, projects."
2239,3239,High,Low,High,High,"Improve attendance, DSA, projects."
2240,3240,Low,Low,Medium,Medium,"Improve attendance, DSA, projects."
2241,3241,Low,Low,Medium,Medium,"Improve attendance, DSA, projects."
2242,3242,Medium,Low,Medium,Medium,"Improve attendance, DSA, projects."
2243,3243,Low,Low,Medium,Medium,"Improve attendance, DSA, projects."
2244,3244,Low,Low,Medium,Medium,"Improve attendance, DSA, projects."
2245,3245,Low,Low,Medium,Medium,"Improve attendance, DSA, projects."
2246,3246,Medium,Low,Medium,Medium,"Improve attendance, DSA, projects."
2247,3247,Medium,Low,High,High,"Improve attendance, DSA, projects."
2248,3248,Low,Low,Medium,Medium,"Improve attendance, DSA, projects."
2249,3249,Medium,Low,Medium,Medium,"Improve attendance, DSA, projects."
2250,3250,Low,Low,Medium,Medium,"Improve attendance, DSA, projects."
2251,3251,Medium,Low,High,High,"Improve attendance, DSA, projects."
2252,3252,Low,Low,Low,Low,Keep consistency.
2253,3253,Low,Low,Medium,Medium,"Improve attendance, DSA, projects."
2254,3254,Medium,Low,Medium,Medium,"Improve attendance, DSA, projects."
2255,3255,High,Low,High,High,"Improve attendance, DSA, projects."
2256,3256,High,Low,High,High,"Improve attendance, DSA, projects."
2257,3257,Medium,Low,High,High,"Improve attendance, DSA, projects."
2258,3258,Medium,Low,High,High,"Improve attendance, DSA, projects."
2259,3259,Medium,Low,High,High,"Improve attendance, DSA, projects."
2260,3260,Low,Low,Medium,Medium,"Improve attendance, DSA, projects."
2261,3261,Low,Low,Medium,Medium,"Improve attendance, DSA, projects."
2262,3262,Low,Low,Medium,Medium,"Improve attendance, DSA, projects."
2263,3263,Medium,Low,Medium,Medium,"Improve attendance, DSA, projects."
2264,3264,High,Low,High,High,"Improve attendance, DSA, projects."
2265,3265,High,Low,High,High,"Improve attendance, DSA, projects."
2266,3266,Low,Low,Medium,Medium,"Improve attendance, DSA, projects."
2267,3267,Medium,Low,Medium,Medium,"Improve attendance, DSA, projects."
2268,3268,Medium,Low,Medium,Medium,"Improve attendance, DSA, projects."
2269,3269,Medium,Low,Medium,Medium,"Improve attendance, DSA, projects."
2270,3270,Medium,Low,Medium,Medium,"Improve attendance, DSA, projects."
2271,3271,High,Low,High,High,"Improve attendance, DSA, projects."
2272,3272,Medium,Low,High,High,"Improve attendance, DSA, projects."
2273,3273,Medium,Low,High,High,"Improve attendance, DSA, projects."
2274,3274,Medium,Low,Medium,Medium,"Improve attendance, DSA, projects."
2275,3275,Low,Low,Medium,Medium,"Improve attendance, DSA, projects."
2276,3276,Low,Low,Medium,Medium,"Improve attendance, DSA, projects."
2277,3277,Medium,Low,Medium,Medium,"Improve attendance, DSA, projects."
2278,3278,High,Low,High,High,"Improve attendance, DSA, projects."
2279,3279,Medium,Low,High,High,"Improve attendance, DSA, projects."
2280,3280,Low,Low,Medium,Medium,"Improve attendance, DSA, projects."
2281,3281,High,Low,High,High,"Improve attendance, DSA, projects."
2282,3282,High,Low,High,High,"Improve attendance, DSA, projects."
2283,3283,Low,Low,Medium,Medium,"Improve attendance, DSA, projects."
2284,3284,Low,Low,Medium,Medium,"Improve attendance, DSA, projects."
2285,3285,High,Low,High,High,"Improve attendance, DSA, projects."
2286,3286,Medium,Low,High,High,"Improve attendance, DSA, projects."
2287,3287,Medium,Low,High,High,"Improve attendance, DSA, projects."
2288,3288,Medium,Low,High,High,"Improve attendance, DSA, projects."
2289,3289,Low,Low,Medium,Medium,"Improve attendance, DSA, projects."
2290,3290,Medium,Low,High,High,"Improve attendance, DSA, projects."
2291,3291,Medium,Low,High,High,"Improve attendance, DSA, projects."
2292,3292,Medium,Low,Medium,Medium,"Improve attendance, DSA, projects."
2293,3293,Medium,Low,Medium,Medium,"Improve attendance, DSA, projects."
2294,3294,High,Low,High,High,"Improve attendance, DSA, projects."
2295,3295,Medium,Low,Medium,Medium,"Improve attendance, DSA, projects."
2296,3296,High,Low,High,High,"Improve attendance, DSA, projects."
2297,3297,High,Low,High,High,"Improve attendance, DSA, projects."
2298,3298,Low,Low,Medium,Medium,"Improve attendance, DSA, projects."
2299,3299,High,Low,High,High,"Improve attendance, DSA, projects."
2300,3300,Medium,Low,High,High,"Improve attendance, DSA, projects."
2301,3301,Low,Low,Low,Low,Keep consistency.
2302,3302,Medium,Low,Medium,Medium,"Improve attendance, DSA, projects."
2303,3303,Low,Low,Low,Low,Keep consistency.
2304,3304,Low,Low,Medium,Medium,"Improve attendance, DSA, projects."
2305,3305,Medium,Low,High,High,"Improve attendance, DSA, projects."
2306,3306,Medium,Low,Medium,Medium,"Improve attendance, DSA, projects."
2307,3307,Low,Low,Medium,Medium,"Improve attendance, DSA, projects."
2308,3308,High,Low,High,High,"Improve attendance, DSA, projects."
2309,3309,Medium,Low,High,High,"Improve attendance, DSA, projects."
2310,3310,Low,Low,Medium,Medium,"Improve attendance, DSA, projects."
2311,3311,Medium,Low,High,High,"Improve attendance, DSA, projects."
2312,3312,Medium,Low,Medium,Medium,"Improve attendance, DSA, projects."
2313,3313,High,Low,High,High,"Improve attendance, DSA, projects."
2314,3314,Medium,Low,Medium,Medium,"Improve attendance, DSA, projects."
2315,3315,High,Low,High,High,"Improve attendance, DSA, projects."
2316,3316,High,Low,High,High,"Improve attendance, DSA, projects."
2317,3317,Medium,Low,High,High,"Improve attendance, DSA, projects."
2318,3318,Low,Low,Medium,Medium,"Improve attendance, DSA, projects."
2319,3319,Medium,Low,High,High,"Improve attendance, DSA, projects."
2320,3320,High,Low,High,High,"Improve attendance, DSA, projects."
2321,3321,High,Low,High,High,"Improve attendance, DSA, projects."
2322,3322,Low,Low,Medium,Medium,"Improve attendance, DSA, projects."
2323,3323,Medium,Low,High,High,"Improve attendance, DSA, projects."
2324,3324,Low,Low,Medium,Medium,"Improve attendance, DSA, projects."
2325,3325,Medium,Low,Medium,Medium,"Improve attendance, DSA, projects."
2326,3326,Medium,Low,High,High,"Improve attendance, DSA, projects."
2327,3327,Medium,Low,Medium,Medium,"Improve attendance, DSA, projects."
2328,3328,Medium,High,High,High,"Improve attendance, DSA, projects."
2329,3329,Medium,Low,High,High,"Improve attendance, DSA, projects."
2330,3330,Low,Low,Medium,Medium,"Improve attendance, DSA, projects."
2331,3331,Medium,Low,Medium,Medium,"Improve attendance, DSA, projects."
2332,3332,Medium,Low,High,High,"Improve attendance, DSA, projects."
2333,3333,Medium,Low,Medium,Medium,"Improve attendance, DSA, projects."
2334,3334,High,Low,High,High,"Improve attendance, DSA, projects."
2335,3335,Medium,Low,High,High,"Improve attendance, DSA, projects."
2336,3336,Medium,Low,Medium,Medium,"Improve attendance, DSA, projects."
2337,3337,Medium,Low,High,High,"Improve attendance, DSA, projects."
2338,3338,Medium,Low,High,High,"Improve attendance, DSA, projects."
2339,3339,Medium,Low,Medium,Medium,"Improve attendance, DSA, projects."
2340,3340,Medium,Low,High,High,"Improve attendance, DSA, projects."
2341,3341,High,Low,High,High,"Improve attendance, DSA, projects."
2342,3342,Medium,Low,High,High,"Improve attendance, DSA, projects."
2343,3343,Low,Low,Medium,Medium,"Improve attendance, DSA, projects."
2344,3344,Medium,Low,High,High,"Improve attendance, DSA, projects."
2345,3345,Medium,Low,Medium,Medium,"Improve attendance, DSA, projects."
2346,3346,Medium,Low,High,High,"Improve attendance, DSA, projects."
2347,3347,Medium,Low,Medium,Medium,"Improve attendance, DSA, projects."
2348,3348,Medium,Low,High,High,"Improve attendance, DSA, projects."
2349,3349,Low,Low,Medium,Medium,"Improve attendance, DSA, projects."
2350,3350,Low,Low,Low,Low,Keep consistency.
2351,3351,Medium,Low,High,High,"Improve attendance, DSA, projects."
2352,3352,Medium,Low,Medium,Medium,"Improve attendance, DSA, projects."
2353,3353,High,Low,High,High,"Improve attendance, DSA, projects."
2354,3354,Medium,Low,Medium,Medium,"Improve attendance, DSA, projects."
2355,3355,Medium,Low,High,High,"Improve attendance, DSA, projects."
2356,3356,Low,Low,Low,Low,Keep consistency.
2357,3357,Medium,Low,High,High,"Improve attendance, DSA, projects."
2358,3358,High,Low,High,High,"Improve attendance, DSA, projects."
2359,3359,Low,Low,Medium,Medium,"Improve attendance, DSA, projects."
2360,3360,Medium,Low,High,High,"Improve attendance, DSA, projects."
2361,3361,Medium,Low,Medium,Medium,"Improve attendance, DSA, projects."
2362,3362,Low,Low,Low,Low,Keep consistency.
2363,3363,Low,Low,Medium,Medium,"Improve attendance, DSA, projects."
2364,3364,High,Low,High,High,"Improve attendance, DSA, projects."
2365,3365,Medium,Low,High,High,"Improve attendance, DSA, projects."
2366,3366,Low,Low,Medium,Medium,"Improve attendance, DSA, projects."
2367,3367,Medium,Low,Medium,Medium,"Improve attendance, DSA, projects."
2368,3368,High,Low,High,High,"Improve attendance, DSA, projects."
2369,3369,Medium,Low,High,High,"Improve attendance, DSA, projects."
2370,3370,Medium,Low,High,High,"Improve attendance, DSA, projects."
2371,3371,High,Low,High,High,"Improve attendance, DSA, projects."
2372,3372,Low,Low,Medium,Medium,"Improve attendance, DSA, projects."
2373,3373,Low,Low,Low,Low,Keep consistency.
2374,3374,Medium,Low,Medium,Medium,"Improve attendance, DSA, projects."
2375,3375,Medium,Low,High,High,"Improve attendance, DSA, projects."
2376,3376,High,Low,High,High,"Improve attendance, DSA, projects."
2377,3377,Medium,Low,High,High,"Improve attendance, DSA, projects."
2378,3378,Low,Low,Medium,Medium,"Improve attendance, DSA, projects."
2379,3379,Low,Low,Medium,Medium,"Improve attendance, DSA, projects."
2380,3380,Medium,Low,Medium,Medium,"Improve attendance, DSA, projects."
2381,3381,Medium,Low,Medium,Medium,"Improve attendance, DSA, projects."
2382,3382,High,Low,High,High,"Improve attendance, DSA, projects."
2383,3383,Low,Low,Medium,Medium,"Improve attendance, DSA, projects."
2384,3384,Medium,Low,Medium,Medium,"Improve attendance, DSA, projects."
2385,3385,Medium,Low,High,High,"Improve attendance, DSA, projects."
2386,3386,Medium,Low,Medium,Medium,"Improve attendance, DSA, projects."
2387,3387,Medium,Low,Medium,Medium,"Improve attendance, DSA, projects."
2388,3388,Medium,Low,High,High,"Improve attendance, DSA, projects."
2389,3389,Low,Low,Medium,Medium,"Improve attendance, DSA, projects."
2390,3390,Low,Low,Medium,Medium,"Improve attendance, DSA, projects."
2391,3391,Low,Low,Medium,Medium,"Improve attendance, DSA, projects."
2392,3392,Medium,Low,Medium,Medium,"Improve attendance, DSA, projects."
2393,3393,Low,Low,Medium,Medium,"Improve attendance, DSA, projects."
2394,3394,High,Low,High,High,"Improve attendance, DSA, projects."
2395,3395,Low,Low,Medium,Medium,"Improve attendance, DSA, projects."
2396,3396,High,Low,High,High,"Improve attendance, DSA, projects."
2397,3397,Medium,Low,Medium,Medium,"Improve attendance, DSA, projects."
2398,3398,Medium,Low,Medium,Medium,"Improve attendance, DSA, projects."
2399,3399,Medium,Low,Medium,Medium,"Improve attendance, DSA, projects."
2400,3400,Medium,Low,Medium,Medium,"Improve attendance, DSA, projects."
2401,3401,Low,Low,Low,Low,Keep consistency.
2402,3402,Medium,Low,Medium,Medium,"Improve attendance, DSA, projects."
2403,3403,Low,Low,Medium,Medium,"Improve attendance, DSA, projects."
2404,3404,High,Low,High,High,"Improve attendance, DSA, projects."
2405,3405,High,Low,High,High,"Improve attendance, DSA, projects."
2406,3406,High,Low,High,High,"Improve attendance, DSA, projects."
2407,3407,Low,Low,Medium,Medium,"Improve attendance, DSA, projects."
2408,3408,High,Low,High,High,"Improve attendance, DSA, projects."
2409,3409,Low,Low,Low,Low,Keep consistency.
2410,3410,Medium,Low,High,High,"Improve attendance, DSA, projects."
2411,3411,Medium,Low,Medium,Medium,"Improve attendance, DSA, projects."
2412,3412,High,Low,High,High,"Improve attendance, DSA, projects."
2413,3413,Medium,Low,High,High,"Improve attendance, DSA, projects."
2414,3414,Medium,Low,High,High,"Improve attendance, DSA, projects."
2415,3415,High,Low,High,High,"Improve attendance, DSA, projects."
2416,3416,Low,Low,Medium,Medium,"Improve attendance, DSA, projects."
2417,3417,High,Low,High,High,"Improve attendance, DSA, projects."
2418,3418,Low,Low,Medium,Medium,"Improve attendance, DSA, projects."
2419,3419,Medium,Low,Medium,Medium,"Improve attendance, DSA, projects."
2420,3420,Low,Low,Medium,Medium,"Improve attendance, DSA, projects."
2421,3421,Low,Low,Medium,Medium,"Improve attendance, DSA, projects."
2422,3422,Medium,Low,High,High,"Improve attendance, DSA, projects."
2423,3423,Low,Low,Medium,Medium,"Improve attendance, DSA, projects."
2424,3424,Low,Low,Medium,Medium,"Improve attendance, DSA, projects."
2425,3425,Medium,Low,Medium,Medium,"Improve attendance, DSA, projects."
2426,3426,Medium,Low,High,High,"Improve attendance, DSA, projects."
2427,3427,High,Low,High,High,"Improve attendance, DSA, projects."
2428,3428,Medium,Low,Medium,Medium,"Improve attendance, DSA, projects."
2429,3429,Medium,Low,High,High,"Improve attendance, DSA, projects."
2430,3430,Medium,Low,High,High,"Improve attendance, DSA, projects."
2431,3431,Low,Low,Medium,Medium,"Improve attendance, DSA, projects."
2432,3432,High,Low,High,High,"Improve attendance, DSA, projects."
2433,3433,Low,Low,Medium,Medium,"Improve attendance, DSA, projects."
2434,3434,Medium,Low,Medium,Medium,"Improve attendance, DSA, projects."
2435,3435,Low,Low,Medium,Medium,"Improve attendance, DSA, projects."
2436,3436,Medium,Low,High,High,"Improve attendance, DSA, projects."
2437,3437,Medium,Low,High,High,"Improve attendance, DSA, projects."
2438,3438,Medium,Low,Medium,Medium,"Improve attendance, DSA, projects."
2439,3439,Medium,Low,High,High,"Improve attendance, DSA, projects."
2440,3440,Medium,Low,Medium,Medium,"Improve attendance, DSA, projects."
2441,3441,High,Low,High,High,"Improve attendance, DSA, projects."
2442,3442,Low,Low,Low,Low,Keep consistency.
2443,3443,High,Low,High,High,"Improve attendance, DSA, projects."
2444,3444,Low,Low,Medium,Medium,"Improve attendance, DSA, projects."
2445,3445,Low,Low,Medium,Medium,"Improve attendance, DSA, projects."
2446,3446,Medium,Low,High,High,"Improve attendance, DSA, projects."
2447,3447,Medium,Low,High,High,"Improve attendance, DSA, projects."
2448,3448,High,Low,High,High,"Improve attendance, DSA, projects."
2449,3449,Medium,Low,Medium,Medium,"Improve attendance, DSA, projects."
2450,3450,Medium,Low,Medium,Medium,"Improve attendance, DSA, projects."
2451,3451,Low,Low,Medium,Medium,"Improve attendance, DSA, projects."
2452,3452,Low,Low,Medium,Medium,"Improve attendance, DSA, projects."
2453,3453,High,Low,High,High,"Improve attendance, DSA, projects."
2454,3454,High,Low,High,High,"Improve attendance, DSA, projects."
2455,3455,Medium,Low,Medium,Medium,"Improve attendance, DSA, projects."
2456,3456,Medium,Low,High,High,"Improve attendance, DSA, projects."
2457,3457,Medium,Low,High,High,"Improve attendance, DSA, projects."
2458,3458,Medium,Low,High,High,"Improve attendance, DSA, projects."
2459,3459,Medium,Low,High,High,"Improve attendance, DSA, projects."
2460,3460,High,Low,High,High,"Improve attendance, DSA, projects."
2461,3461,High,Low,High,High,"Improve attendance, DSA, projects."
2462,3462,High,Low,High,High,"Improve attendance, DSA, projects."
2463,3463,Medium,Low,High,High,"Improve attendance, DSA, projects."
2464,3464,High,Low,High,High,"Improve attendance, DSA, projects."
2465,3465,Medium,Low,High,High,"Improve attendance, DSA, projects."
2466,3466,Low,Low,Low,Low,Keep consistency.
2467,3467,Medium,Low,High,High,"Improve attendance, DSA, projects."
2468,3468,Low,Low,Medium,Medium,"Improve attendance, DSA, projects."
2469,3469,Medium,Low,High,High,"Improve attendance, DSA, projects."
2470,3470,Low,Low,Low,Low,Keep consistency.
2471,3471,Low,Low,Low,Low,Keep consistency.
2472,3472,Low,Low,Medium,Medium,"Improve attendance, DSA, projects."
2473,3473,High,Low,High,High,"Improve attendance, DSA, projects."
2474,3474,Medium,Low,Medium,Medium,"Improve attendance, DSA, projects."
2475,3475,Low,Low,Medium,Medium,"Improve attendance, DSA, projects."
2476,3476,Low,Low,Medium,Medium,"Improve attendance, DSA, projects."
2477,3477,Medium,Low,Medium,Medium,"Improve attendance, DSA, projects."
2478,3478,Medium,Low,Medium,Medium,"Improve attendance, DSA, projects."
2479,3479,Low,Low,Low,Low,Keep consistency.
2480,3480,High,Low,High,High,"Improve attendance, DSA, projects."
2481,3481,Medium,Low,Medium,Medium,"Improve attendance, DSA, projects."
2482,3482,Medium,Low,Medium,Medium,"Improve attendance, DSA, projects."
2483,3483,High,Low,High,High,"Improve attendance, DSA, projects."
2484,3484,Low,Low,Medium,Medium,"Improve attendance, DSA, projects."
2485,3485,Medium,Low,High,High,"Improve attendance, DSA, projects."
2486,3486,Low,Low,Medium,Medium,"Improve attendance, DSA, projects."
2487,3487,High,Low,High,High,"Improve attendance, DSA, projects."
2488,3488,Medium,Low,High,High,"Improve attendance, DSA, projects."
2489,3489,Medium,Low,Medium,Medium,"Improve attendance, DSA, projects."
2490,3490,Medium,Low,High,High,"Improve attendance, DSA, projects."
2491,3491,Medium,Low,High,High,"Improve attendance, DSA, projects."
2492,3492,Low,Low,Medium,Medium,"Improve attendance, DSA, projects."
2493,3493,High,Low,High,High,"Improve attendance, DSA, projects."
2494,3494,Medium,Low,High,High,"Improve attendance, DSA, projects."
2495,3495,High,Low,High,High,"Improve attendance, DSA, projects."
2496,3496,Medium,Low,Medium,Medium,"Improve attendance, DSA, projects."
2497,3497,High,Low,High,High,"Improve attendance, DSA, projects."
2498,3498,High,Low,High,High,"Improve attendance, DSA, projects."
2499,3499,High,Low,High,High,"Improve attendance, DSA, projects."
2500,3500,Medium,Low,Medium,Medium,"Improve attendance, DSA, projects."
2501,3501,Medium,Low,High,High,"Improve attendance, DSA, projects."
2502,3502,Medium,Low,High,High,"Improve attendance, DSA, projects."
2503,3503,Medium,Low,High,High,"Improve attendance, DSA, projects."
2504,3504,Medium,Low,High,High,"Improve attendance, DSA, projects."
2505,3505,High,Low,High,High,"Improve attendance, DSA, projects."
2506,3506,High,Low,High,High,"Improve attendance, DSA, projects."
2507,3507,Medium,Low,Medium,Medium,"Improve attendance, DSA, projects."
2508,3508,High,Low,High,High,"Improve attendance, DSA, projects."
2509,3509,Low,Low,Medium,Medium,"Improve attendance, DSA, projects."
2510,3510,Medium,Low,High,High,"Improve attendance, DSA, projects."
2511,3511,Low,Low,Medium,Medium,"Improve attendance, DSA, projects."
2512,3512,Medium,Low,High,High,"Improve attendance, DSA, projects."
2513,3513,Low,Low,Medium,Medium,"Improve attendance, DSA, projects."
2514,3514,High,Low,High,High,"Improve attendance, DSA, projects."
2515,3515,Low,Low,Medium,Medium,"Improve attendance, DSA, projects."
2516,3516,Medium,Low,High,High,"Improve attendance, DSA, projects."
2517,3517,Low,Low,Medium,Medium,"Improve attendance, DSA, projects."
2518,3518,High,Low,High,High,"Improve attendance, DSA, projects."
2519,3519,High,Low,High,High,"Improve attendance, DSA, projects."
2520,3520,Medium,Low,Medium,Medium,"Improve attendance, DSA, projects."
2521,3521,High,Low,High,High,"Improve attendance, DSA, projects."
2522,3522,Low,Low,Low,Low,Keep consistency.
2523,3523,Medium,Low,High,High,"Improve attendance, DSA, projects."
2524,3524,Low,Low,Medium,Medium,"Improve attendance, DSA, projects."
2525,3525,Low,Low,Medium,Medium,"Improve attendance, DSA, projects."
2526,3526,Medium,Low,High,High,"Improve attendance, DSA, projects."
2527,3527,Medium,Low,High,High,"Improve attendance, DSA, projects."
2528,3528,Medium,Low,High,High,"Improve attendance, DSA, projects."
2529,3529,Medium,Low,Medium,Medium,"Improve attendance, DSA, projects."
2530,3530,Medium,Low,High,High,"Improve attendance, DSA, projects."
2531,3531,Medium,Low,Medium,Medium,"Improve attendance, DSA, projects."
2532,3532,High,Low,High,High,"Improve attendance, DSA, projects."
2533,3533,Medium,Low,Medium,Medium,"Improve attendance, DSA, projects."
2534,3534,Medium,Low,High,High,"Improve attendance, DSA, projects."
2535,3535,Medium,Low,High,High,"Improve attendance, DSA, projects."
2536,3536,Low,Low,Medium,Medium,"Improve attendance, DSA, projects."
2537,3537,Medium,Low,High,High,"Improve attendance, DSA, projects."
2538,3538,Medium,Low,High,High,"Improve attendance, DSA, projects."
2539,3539,Medium,Low,Medium,Medium,"Improve attendance, DSA, projects."
2540,3540,Medium,Low,Medium,Medium,"Improve attendance, DSA, projects."
2541,3541,High,Low,High,High,"Improve attendance, DSA, projects."
2542,3542,High,Low,High,High,"Improve attendance, DSA, projects."
2543,3543,Medium,Low,High,High,"Improve attendance, DSA, projects."
2544,3544,High,Low,High,High,"Improve attendance, DSA, projects."
2545,3545,Medium,Low,Medium,Medium,"Improve attendance, DSA, projects."
2546,3546,Medium,Low,Medium,Medium,"Improve attendance, DSA, projects."
2547,3547,Low,Low,Medium,Medium,"Improve attendance, DSA, projects."
2548,3548,Low,Low,Low,Low,Keep consistency.
2549,3549,Low,Low,Low,Low,Keep consistency.
2550,3550,High,Low,High,High,"Improve attendance, DSA, projects."
2551,3551,Medium,Low,Medium,Medium,"Improve attendance, DSA, projects."
2552,3552,Medium,Low,Medium,Medium,"Improve attendance, DSA, projects."
2553,3553,Medium,Low,High,High,"Improve attendance, DSA, projects."
2554,3554,Low,Low,Medium,Medium,"Improve attendance, DSA, projects."
2555,3555,High,Low,High,High,"Improve attendance, DSA, projects."
2556,3556,Medium,Low,High,High,"Improve attendance, DSA, projects."
2557,3557,Medium,Low,High,High,"Improve attendance, DSA, projects."
2558,3558,Medium,Low,Medium,Medium,"Improve attendance, DSA, projects."
2559,3559,High,Low,High,High,"Improve attendance, DSA, projects."
2560,3560,High,Low,High,High,"Improve attendance, DSA, projects."
2561,3561,Medium,Low,High,High,"Improve attendance, DSA, projects."
2562,3562,Medium,Low,High,High,"Improve attendance, DSA, projects."
2563,3563,Low,Low,Medium,Medium,"Improve attendance, DSA, projects."
2564,3564,High,Low,High,High,"Improve attendance, DSA, projects."
2565,3565,Low,Low,Medium,Medium,"Improve attendance, DSA, projects."
2566,3566,Low,Low,Medium,Medium,"Improve attendance, DSA, projects."
2567,3567,Medium,Low,High,High,"Improve attendance, DSA, projects."
2568,3568,Medium,Low,High,High,"Improve attendance, DSA, projects."
2569,3569,High,Low,High,High,"Improve attendance, DSA, projects."
2570,3570,High,Low,High,High,"Improve attendance, DSA, projects."
2571,3571,High,High,High,High,"Improve attendance, DSA, projects."
2572,3572,Medium,Low,Medium,Medium,"Improve attendance, DSA, projects."
2573,3573,Medium,Low,High,High,"Improve attendance, DSA, projects."
2574,3574,Medium,Low,Medium,Medium,"Improve attendance, DSA, projects."
2575,3575,Low,Low,Medium,Medium,"Improve attendance, DSA, projects."
2576,3576,Medium,Low,High,High,"Improve attendance, DSA, projects."
2577,3577,Medium,Low,High,High,"Improve attendance, DSA, projects."
2578,3578,Low,Low,Medium,Medium,"Improve attendance, DSA, projects."
2579,3579,Medium,Low,Medium,Medium,"Improve attendance, DSA, projects."
2580,3580,High,Low,High,High,"Improve attendance, DSA, projects."
2581,3581,Medium,Low,Medium,Medium,"Improve attendance, DSA, projects."
2582,3582,Medium,Low,Medium,Medium,"Improve attendance, DSA, projects."
2583,3583,Medium,Low,Medium,Medium,"Improve attendance, DSA, projects."
2584,3584,Medium,Low,Medium,Medium,"Improve attendance, DSA, projects."
2585,3585,Low,Low,Medium,Medium,"Improve attendance, DSA, projects."
2586,3586,Low,Low,Medium,Medium,"Improve attendance, DSA, projects."
2587,3587,High,Low,High,High,"Improve attendance, DSA, projects."
2588,3588,Medium,Low,High,High,"Improve attendance, DSA, projects."
2589,3589,Medium,Low,High,High,"Improve attendance, DSA, projects."
2590,3590,Low,Low,Medium,Medium,"Improve attendance, DSA, projects."
2591,3591,Medium,Low,High,High,"Improve attendance, DSA, projects."
2592,3592,Low,Low,Low,Low,Keep consistency.
2593,3593,High,Low,High,High,"Improve attendance, DSA, projects."
2594,3594,Low,Low,Medium,Medium,"Improve attendance, DSA, projects."
2595,3595,Medium,Low,High,High,"Improve attendance, DSA, projects."
2596,3596,Medium,Low,Medium,Medium,"Improve attendance, DSA, projects."
2597,3597,Medium,Low,High,High,"Improve attendance, DSA, projects."
2598,3598,Medium,Low,Medium,Medium,"Improve attendance, DSA, projects."
2599,3599,High,Low,High,High,"Improve attendance, DSA, projects."
2600,3600,Medium,Low,High,High,"Improve attendance, DSA, projects."
2601,3601,Medium,Low,High,High,"Improve attendance, DSA, projects."
2602,3602,Medium,Low,Medium,Medium,"Improve attendance, DSA, projects."
2603,3603,Medium,Low,Medium,Medium,"Improve attendance, DSA, projects."
2604,3604,Medium,Low,High,High,"Improve attendance, DSA, projects."
2605,3605,Medium,Low,Medium,Medium,"Improve attendance, DSA, projects."
2606,3606,Medium,Low,High,High,"Improve attendance, DSA, projects."
2607,3607,Medium,Low,High,High,"Improve attendance, DSA, projects."
2608,3608,Low,Low,Low,Low,Keep consistency.
2609,3609,High,Low,High,High,"Improve attendance, DSA, projects."
2610,3610,High,Low,High,High,"Improve attendance, DSA, projects."
2611,3611,Low,Low,Medium,Medium,"Improve attendance, DSA, projects."
2612,3612,High,Low,High,High,"Improve attendance, DSA, projects."
2613,3613,Medium,Low,Medium,Medium,"Improve attendance, DSA, projects."
2614,3614,Low,Low,Medium,Medium,"Improve attendance, DSA, projects."
2615,3615,Medium,Low,High,High,"Improve attendance, DSA, projects."
2616,3616,Low,Low,Low,Low,Keep consistency.
2617,3617,Low,Low,Medium,Medium,"Improve attendance, DSA, projects."
2618,3618,Medium,Low,High,High,"Improve attendance, DSA, projects."
2619,3619,Medium,Low,High,High,"Improve attendance, DSA, projects."
2620,3620,Medium,Low,High,High,"Improve attendance, DSA, projects."
2621,3621,Medium,Low,High,High,"Improve attendance, DSA, projects."
2622,3622,Medium,Low,High,High,"Improve attendance, DSA, projects."
2623,3623,Low,Low,Medium,Medium,"Improve attendance, DSA, projects."
2624,3624,Low,Low,Medium,Medium,"Improve attendance, DSA, projects."
2625,3625,Medium,Low,Medium,Medium,"Improve attendance, DSA, projects."
2626,3626,Low,Low,Medium,Medium,"Improve attendance, DSA, projects."
2627,3627,High,Low,High,High,"Improve attendance, DSA, projects."
2628,3628,Medium,Low,Medium,Medium,"Improve attendance, DSA, projects."
2629,3629,Medium,Low,Medium,Medium,"Improve attendance, DSA, projects."
2630,3630,Low,Low,Medium,Medium,"Improve attendance, DSA, projects."
2631,3631,High,Low,High,High,"Improve attendance, DSA, projects."
2632,3632,High,Low,High,High,"Improve attendance, DSA, projects."
2633,3633,Low,Low,Medium,Medium,"Improve attendance, DSA, projects."
2634,3634,Medium,Low,High,High,"Improve attendance, DSA, projects."
2635,3635,Low,Low,Medium,Medium,"Improve attendance, DSA, projects."
2636,3636,Low,Low,Medium,Medium,"Improve attendance, DSA, projects."
2637,3637,High,Low,High,High,"Improve attendance, DSA, projects."
2638,3638,Low,Low,Medium,Medium,"Improve attendance, DSA, projects."
2639,3639,Low,Low,Medium,Medium,"Improve attendance, DSA, projects."
2640,3640,High,Low,High,High,"Improve attendance, DSA, projects."
2641,3641,Medium,Low,Medium,Medium,"Improve attendance, DSA, projects."
2642,3642,High,Low,High,High,"Improve attendance, DSA, projects."
2643,3643,Low,Low,Medium,Medium,"Improve attendance, DSA, projects."
2644,3644,Medium,Low,Medium,Medium,"Improve attendance, DSA, projects."
2645,3645,Medium,Low,High,High,"Improve attendance, DSA, projects."
2646,3646,Low,Low,Medium,Medium,"Improve attendance, DSA, projects."
2647,3647,Low,Low,Medium,Medium,"Improve attendance, DSA, projects."
2648,3648,Medium,Low,Medium,Medium,"Improve attendance, DSA, projects."
2649,3649,High,Low,High,High,"Improve attendance, DSA, projects."
2650,3650,High,Low,High,High,"Improve attendance, DSA, projects."
2651,3651,High,Low,High,High,"Improve attendance, DSA, projects."
2652,3652,Medium,Low,High,High,"Improve attendance, DSA, projects."
2653,3653,Medium,Low,High,High,"Improve attendance, DSA, projects."
2654,3654,Medium,Low,High,High,"Improve attendance, DSA, projects."
2655,3655,Low,Low,Medium,Medium,"Improve attendance, DSA, projects."
2656,3656,Medium,Low,High,High,"Improve attendance, DSA, projects."
2657,3657,Low,Low,Low,Low,Keep consistency.
2658,3658,Medium,High,High,High,"Improve attendance, DSA, projects."
2659,3659,High,Low,High,High,"Improve attendance, DSA, projects."
2660,3660,Medium,Low,High,High,"Improve attendance, DSA, projects."
2661,3661,Low,Low,Medium,Medium,"Improve attendance, DSA, projects."
2662,3662,High,Low,High,High,"Improve attendance, DSA, projects."
2663,3663,Medium,Low,High,High,"Improve attendance, DSA, projects."
2664,3664,Medium,Low,High,High,"Improve attendance, DSA, projects."
2665,3665,Medium,Low,High,High,"Improve attendance, DSA, projects."
2666,3666,Medium,Low,High,High,"Improve attendance, DSA, projects."
2667,3667,Medium,Low,High,High,"Improve attendance, DSA, projects."
2668,3668,Low,Low,Medium,Medium,"Improve attendance, DSA, projects."
2669,3669,Low,Low,Medium,Medium,"Improve attendance, DSA, projects."
2670,3670,Medium,Low,High,High,"Improve attendance, DSA, projects."
2671,3671,Low,Low,Medium,Medium,"Improve attendance, DSA, projects."
2672,3672,Low,Low,Low,Low,Keep consistency.
2673,3673,Low,Low,Medium,Medium,"Improve attendance, DSA, projects."
2674,3674,High,Low,High,High,"Improve attendance, DSA, projects."
2675,3675,High,Low,High,High,"Improve attendance, DSA, projects."
2676,3676,Low,Low,Low,Low,Keep consistency.
2677,3677,Low,Low,Low,Low,Keep consistency.
2678,3678,High,Low,High,High,"Improve attendance, DSA, projects."
2679,3679,Medium,Low,Medium,Medium,"Improve attendance, DSA, projects."
2680,3680,Medium,Low,High,High,"Improve attendance, DSA, projects."
2681,3681,Low,Low,Medium,Medium,"Improve attendance, DSA, projects."
2682,3682,Medium,Low,High,High,"Improve attendance, DSA, projects."
2683,3683,Low,Low,Medium,Medium,"Improve attendance, DSA, projects."
2684,3684,Low,Low,Medium,Medium,"Improve attendance, DSA, projects."
2685,3685,High,Low,High,High,"Improve attendance, DSA, projects."
2686,3686,Low,Low,Medium,Medium,"Improve attendance, DSA, projects."
2687,3687,Medium,Low,High,High,"Improve attendance, DSA, projects."
2688,3688,Medium,Low,High,High,"Improve attendance, DSA, projects."
2689,3689,Medium,Low,High,High,"Improve attendance, DSA, projects."
2690,3690,Low,Low,Medium,Medium,"Improve attendance, DSA, projects."
2691,3691,High,Low,High,High,"Improve attendance, DSA, projects."
2692,3692,Medium,Low,High,High,"Improve attendance, DSA, projects."
2693,3693,Medium,Low,High,High,"Improve attendance, DSA, projects."
2694,3694,Medium,Low,Medium,Medium,"Improve attendance, DSA, projects."
2695,3695,Medium,Low,High,High,"Improve attendance, DSA, projects."
2696,3696,High,Low,High,High,"Improve attendance, DSA, projects."
2697,3697,Medium,Low,High,High,"Improve attendance, DSA, projects."
2698,3698,Low,Low,Medium,Medium,"Improve attendance, DSA, projects."
2699,3699,Low,Low,Low,Low,Keep consistency.
2700,3700,Low,Low,Medium,Medium,"Improve attendance, DSA, projects."
2701,3701,Medium,Low,Medium,Medium,"Improve attendance, DSA, projects."
2702,3702,Medium,Low,Medium,Medium,"Improve attendance, DSA, projects."
2703,3703,High,Low,High,High,"Improve attendance, DSA, projects."
2704,3704,High,Low,High,High,"Improve attendance, DSA, projects."
2705,3705,Medium,Low,High,High,"Improve attendance, DSA, projects."
2706,3706,Medium,Low,High,High,"Improve attendance, DSA, projects."
2707,3707,Medium,Low,High,High,"Improve attendance, DSA, projects."
2708,3708,Medium,Low,High,High,"Improve attendance, DSA, projects."
2709,3709,High,Low,High,High,"Improve attendance, DSA, projects."
2710,3710,High,Low,High,High,"Improve attendance, DSA, projects."
2711,3711,Low,Low,Low,Low,Keep consistency.
2712,3712,Medium,Low,Medium,Medium,"Improve attendance, DSA, projects."
2713,3713,Medium,Low,High,High,"Improve attendance, DSA, projects."
2714,3714,Low,Low,Low,Low,Keep consistency.
2715,3715,Medium,Low,High,High,"Improve attendance, DSA, projects."
2716,3716,Medium,Low,Medium,Medium,"Improve attendance, DSA, projects."
2717,3717,Medium,Low,Medium,Medium,"Improve attendance, DSA, projects."
2718,3718,Medium,Low,Medium,Medium,"Improve attendance, DSA, projects."
2719,3719,Medium,Low,High,High,"Improve attendance, DSA, projects."
2720,3720,Medium,Low,Medium,Medium,"Improve attendance, DSA, projects."
2721,3721,Medium,Low,High,High,"Improve attendance, DSA, projects."
2722,3722,Medium,Low,High,High,"Improve attendance, DSA, projects."
2723,3723,Medium,Low,High,High,"Improve attendance, DSA, projects."
2724,3724,Medium,Low,High,High,"Improve attendance, DSA, projects."
2725,3725,Medium,Low,High,High,"Improve attendance, DSA, projects."
2726,3726,Medium,Low,Medium,Medium,"Improve attendance, DSA, projects."
2727,3727,Low,Low,Medium,Medium,"Improve attendance, DSA, projects."
2728,3728,High,Low,High,High,"Improve attendance, DSA, projects."
2729,3729,Low,Low,Medium,Medium,"Improve attendance, DSA, projects."
2730,3730,Medium,Low,High,High,"Improve attendance, DSA, projects."
2731,3731,Low,Low,Medium,Medium,"Improve attendance, DSA, projects."
2732,3732,Medium,Low,High,High,"Improve attendance, DSA, projects."
2733,3733,Medium,Low,Medium,Medium,"Improve attendance, DSA, projects."
2734,3734,Medium,Low,Medium,Medium,"Improve attendance, DSA, projects."
2735,3735,Medium,Low,High,High,"Improve attendance, DSA, projects."
2736,3736,Low,Low,Medium,Medium,"Improve attendance, DSA, projects."
2737,3737,Medium,Low,Medium,Medium,"Improve attendance, DSA, projects."
2738,3738,High,Low,High,High,"Improve attendance, DSA, projects."
2739,3739,Low,Low,Low,Low,Keep consistency.
2740,3740,Low,Low,Medium,Medium,"Improve attendance, DSA, projects."
2741,3741,Medium,Low,High,High,"Improve attendance, DSA, projects."
2742,3742,High,Low,High,High,"Improve attendance, DSA, projects."
2743,3743,High,Low,High,High,"Improve attendance, DSA, projects."
2744,3744,Low,Low,Medium,Medium,"Improve attendance, DSA, projects."
2745,3745,High,Low,High,High,"Improve attendance, DSA, projects."
2746,3746,Medium,Low,High,High,"Improve attendance, DSA, projects."
2747,3747,Medium,Low,High,High,"Improve attendance, DSA, projects."
2748,3748,High,Low,High,High,"Improve attendance, DSA, projects."
2749,3749,Medium,Low,High,High,"Improve attendance, DSA, projects."
2750,3750,Medium,Low,High,High,"Improve attendance, DSA, projects."
2751,3751,Medium,Low,High,High,"Improve attendance, DSA, projects."
2752,3752,Medium,Low,Medium,Medium,"Improve attendance, DSA, projects."
2753,3753,Medium,Low,High,High,"Improve attendance, DSA, projects."
2754,3754,Medium,Low,High,High,"Improve attendance, DSA, projects."
2755,3755,Low,Low,Medium,Medium,"Improve attendance, DSA, projects."
2756,3756,Medium,Low,High,High,"Improve attendance, DSA, projects."
2757,3757,Medium,Low,High,High,"Improve attendance, DSA, projects."
2758,3758,Medium,Low,Medium,Medium,"Improve attendance, DSA, projects."
2759,3759,Low,Low,Medium,Medium,"Improve attendance, DSA, projects."
2760,3760,High,Low,High,High,"Improve attendance, DSA, projects."
2761,3761,Medium,Low,High,High,"Improve attendance, DSA, projects."
2762,3762,Medium,Low,High,High,"Improve attendance, DSA, projects."
2763,3763,Medium,Low,High,High,"Improve attendance, DSA, projects."
2764,3764,High,Low,High,High,"Improve attendance, DSA, projects."
2765,3765,High,Low,High,High,"Improve attendance, DSA, projects."
2766,3766,Low,Low,Medium,Medium,"Improve attendance, DSA, projects."
2767,3767,High,Low,High,High,"Improve attendance, DSA, projects."
2768,3768,Low,Low,Medium,Medium,"Improve attendance, DSA, projects."
2769,3769,Medium,Low,Medium,Medium,"Improve attendance, DSA, projects."
2770,3770,Low,Low,Low,Low,Keep consistency.
2771,3771,Medium,Low,Medium,Medium,"Improve attendance, DSA, projects."
2772,3772,Medium,High,High,High,"Improve attendance, DSA, projects."
2773,3773,Medium,Low,Medium,Medium,"Improve attendance, DSA, projects."
2774,3774,Low,Low,Medium,Medium,"Improve attendance, DSA, projects."
2775,3775,High,Low,High,High,"Improve attendance, DSA, projects."
2776,3776,High,Low,High,High,"Improve attendance, DSA, projects."
2777,3777,High,High,High,High,"Improve attendance, DSA, projects."
2778,3778,Low,Low,Medium,Medium,"Improve attendance, DSA, projects."
2779,3779,Medium,Low,Medium,Medium,"Improve attendance, DSA, projects."
2780,3780,Medium,Low,Medium,Medium,"Improve attendance, DSA, projects."
2781,3781,Medium,Low,Medium,Medium,"Improve attendance, DSA, projects."
2782,3782,Medium,Low,Medium,Medium,"Improve attendance, DSA, projects."
2783,3783,High,High,High,High,"Improve attendance, DSA, projects."
2784,3784,Low,Low,Medium,Medium,"Improve attendance, DSA, projects."
2785,3785,Medium,Low,High,High,"Improve attendance, DSA, projects."
2786,3786,Medium,Low,High,High,"Improve attendance, DSA, projects."
2787,3787,High,Low,High,High,"Improve attendance, DSA, projects."
2788,3788,Medium,Low,Medium,Medium,"Improve attendance, DSA, projects."
2789,3789,Medium,Low,Medium,Medium,"Improve attendance, DSA, projects."
2790,3790,High,Low,High,High,"Improve attendance, DSA, projects."
2791,3791,Low,Low,Medium,Medium,"Improve attendance, DSA, projects."
2792,3792,Low,Low,Medium,Medium,"Improve attendance, DSA, projects."
2793,3793,Medium,Low,Medium,Medium,"Improve attendance, DSA, projects."
2794,3794,Low,Low,Low,Low,Keep consistency.
2795,3795,Low,Low,Medium,Medium,"Improve attendance, DSA, projects."
2796,3796,Medium,Low,High,High,"Improve attendance, DSA, projects."
2797,3797,Medium,Low,Medium,Medium,"Improve attendance, DSA, projects."
2798,3798,High,Low,High,High,"Improve attendance, DSA, projects."
2799,3799,High,Low,High,High,"Improve attendance, DSA, projects."
2800,3800,Medium,Low,Medium,Medium,"Improve attendance, DSA, projects."
2801,3801,Medium,Low,High,High,"Improve attendance, DSA, projects."
2802,3802,Low,Low,Medium,Medium,"Improve attendance, DSA, projects."
2803,3803,Medium,Low,High,High,"Improve attendance, DSA, projects."
2804,3804,Low,Low,Medium,Medium,"Improve attendance, DSA, projects."
2805,3805,Medium,Low,Medium,Medium,"Improve attendance, DSA, projects."
2806,3806,Medium,Low,High,High,"Improve attendance, DSA, projects."
2807,3807,Medium,Low,Medium,Medium,"Improve attendance, DSA, projects."
2808,3808,High,Low,High,High,"Improve attendance, DSA, projects."
2809,3809,Low,Low,Medium,Medium,"Improve attendance, DSA, projects."
2810,3810,Low,Low,Medium,Medium,"Improve attendance, DSA, projects."
2811,3811,Medium,Low,High,High,"Improve attendance, DSA, projects."
2812,3812,Medium,Low,High,High,"Improve attendance, DSA, projects."
2813,3813,Medium,Low,High,High,"Improve attendance, DSA, projects."
2814,3814,Medium,Low,Medium,Medium,"Improve attendance, DSA, projects."
2815,3815,Medium,Low,High,High,"Improve attendance, DSA, projects."
2816,3816,Medium,Low,High,High,"Improve attendance, DSA, projects."
2817,3817,Medium,Low,Medium,Medium,"Improve attendance, DSA, projects."
2818,3818,High,Low,High,High,"Improve attendance, DSA, projects."
2819,3819,Medium,Low,High,High,"Improve attendance, DSA, projects."
2820,3820,Medium,Low,Medium,Medium,"Improve attendance, DSA, projects."
2821,3821,High,Low,High,High,"Improve attendance, DSA, projects."
2822,3822,High,Low,High,High,"Improve attendance, DSA, projects."
2823,3823,Low,Low,Medium,Medium,"Improve attendance, DSA, projects."
2824,3824,Medium,Low,High,High,"Improve attendance, DSA, projects."
2825,3825,High,Low,High,High,"Improve attendance, DSA, projects."
2826,3826,High,Low,High,High,"Improve attendance, DSA, projects."
2827,3827,High,Low,High,High,"Improve attendance, DSA, projects."
2828,3828,Medium,Low,Medium,Medium,"Improve attendance, DSA, projects."
2829,3829,High,Low,High,High,"Improve attendance, DSA, projects."
2830,3830,Low,Low,Medium,Medium,"Improve attendance, DSA, projects."
2831,3831,High,Low,High,High,"Improve attendance, DSA, projects."
2832,3832,Low,Low,Low,Low,Keep consistency.
2833,3833,Medium,Low,Medium,Medium,"Improve attendance, DSA, projects."
2834,3834,Medium,Low,Medium,Medium,"Improve attendance, DSA, projects."
2835,3835,Medium,Low,High,High,"Improve attendance, DSA, projects."
2836,3836,Low,Low,Medium,Medium,"Improve attendance, DSA, projects."
2837,3837,Low,Low,Medium,Medium,"Improve attendance, DSA, projects."
2838,3838,Low,Low,Medium,Medium,"Improve attendance, DSA, projects."
2839,3839,Medium,Low,Medium,Medium,"Improve attendance, DSA, projects."
2840,3840,Low,Low,Medium,Medium,"Improve attendance, DSA, projects."
2841,3841,Low,Low,Medium,Medium,"Improve attendance, DSA, projects."
2842,3842,Low,Low,Medium,Medium,"Improve attendance, DSA, projects."
2843,3843,Low,Low,Medium,Medium,"Improve attendance, DSA, projects."
2844,3844,Low,Low,Medium,Medium,"Improve attendance, DSA, projects."
2845,3845,Medium,Low,Medium,Medium,"Improve attendance, DSA, projects."
2846,3846,High,Low,High,High,"Improve attendance, DSA, projects."
2847,3847,Medium,Low,High,High,"Improve attendance, DSA, projects."
2848,3848,High,Low,High,High,"Improve attendance, DSA, projects."
2849,3849,Medium,Low,High,High,"Improve attendance, DSA, projects."
2850,3850,High,Low,High,High,"Improve attendance, DSA, projects."
2851,3851,Medium,Low,Medium,Medium,"Improve attendance, DSA, projects."
2852,3852,Medium,Low,High,High,"Improve attendance, DSA, projects."
2853,3853,Medium,Low,High,High,"Improve attendance, DSA, projects."
2854,3854,Medium,Low,Medium,Medium,"Improve attendance, DSA, projects."
2855,3855,Medium,Low,High,High,"Improve attendance, DSA, projects."
2856,3856,Medium,Low,High,High,"Improve attendance, DSA, projects."
2857,3857,High,Low,High,High,"Improve attendance, DSA, projects."
2858,3858,Low,Low,Low,Low,Keep consistency.
2859,3859,Medium,Low,Medium,Medium,"Improve attendance, DSA, projects."
2860,3860,Low,Low,Medium,Medium,"Improve attendance, DSA, projects."
2861,3861,High,Low,High,High,"Improve attendance, DSA, projects."
2862,3862,Medium,Low,High,High,"Improve attendance, DSA, projects."
2863,3863,Medium,Low,Medium,Medium,"Improve attendance, DSA, projects."
2864,3864,Medium,Low,High,High,"Improve attendance, DSA, projects."
2865,3865,Medium,Low,High,High,"Improve attendance, DSA, projects."
2866,3866,Medium,Low,High,High,"Improve attendance, DSA, projects."
2867,3867,High,Low,High,High,"Improve attendance, DSA, projects."
2868,3868,Medium,Low,Medium,Medium,"Improve attendance, DSA, projects."
2869,3869,High,Low,High,High,"Improve attendance, DSA, projects."
2870,3870,High,Low,High,High,"Improve attendance, DSA, projects."
2871,3871,Medium,Low,Medium,Medium,"Improve attendance, DSA, projects."
2872,3872,Medium,Low,High,High,"Improve attendance, DSA, projects."
2873,3873,Medium,Low,Medium,Medium,"Improve attendance, DSA, projects."
2874,3874,Low,Low,Medium,Medium,"Improve attendance, DSA, projects."
2875,3875,Medium,Low,Medium,Medium,"Improve attendance, DSA, projects."
2876,3876,High,Low,High,High,"Improve attendance, DSA, projects."
2877,3877,High,Low,High,High,"Improve attendance, DSA, projects."
2878,3878,High,Low,High,High,"Improve attendance, DSA, projects."
2879,3879,High,Low,High,High,"Improve attendance, DSA, projects."
2880,3880,High,Low,High,High,"Improve attendance, DSA, projects."
2881,3881,Low,Low,Medium,Medium,"Improve attendance, DSA, projects."
2882,3882,Medium,Low,High,High,"Improve attendance, DSA, projects."
2883,3883,Medium,Low,High,High,"Improve attendance, DSA, projects."
2884,3884,Medium,Low,High,High,"Improve attendance, DSA, projects."
2885,3885,Low,Low,Medium,Medium,"Improve attendance, DSA, projects."
2886,3886,High,Low,High,High,"Improve attendance, DSA, projects."
2887,3887,Low,Low,Low,Low,Keep consistency.
2888,3888,Low,Low,Medium,Medium,"Improve attendance, DSA, projects."
2889,3889,High,Low,High,High,"Improve attendance, DSA, projects."
2890,3890,Low,Low,Medium,Medium,"Improve attendance, DSA, projects."
2891,3891,Medium,Low,Medium,Medium,"Improve attendance, DSA, projects."
2892,3892,Low,Low,Medium,Medium,"Improve attendance, DSA, projects."
2893,3893,Medium,Low,Medium,Medium,"Improve attendance, DSA, projects."
2894,3894,Medium,Low,Medium,Medium,"Improve attendance, DSA, projects."
2895,3895,Low,Low,Medium,Medium,"Improve attendance, DSA, projects."
2896,3896,Medium,Low,High,High,"Improve attendance, DSA, projects."
2897,3897,Medium,Low,Medium,Medium,"Improve attendance, DSA, projects."
2898,3898,Medium,Low,High,High,"Improve attendance, DSA, projects."
2899,3899,High,Low,High,High,"Improve attendance, DSA, projects."
2900,3900,Medium,Low,High,High,"Improve attendance, DSA, projects."
2901,3901,Medium,Low,High,High,"Improve attendance, DSA, projects."
2902,3902,Low,Low,Low,Low,Keep consistency.
2903,3903,Low,Low,Low,Low,Keep consistency.
2904,3904,Medium,Low,Medium,Medium,"Improve attendance, DSA, projects."
2905,3905,High,Low,High,High,"Improve attendance, DSA, projects."
2906,3906,Low,Low,Medium,Medium,"Improve attendance, DSA, projects."
2907,3907,Medium,Low,High,High,"Improve attendance, DSA, projects."
2908,3908,Medium,Low,High,High,"Improve attendance, DSA, projects."
2909,3909,High,Low,High,High,"Improve attendance, DSA, projects."
2910,3910,Medium,Low,High,High,"Improve attendance, DSA, projects."
2911,3911,Low,Low,Low,Low,Keep consistency.
2912,3912,Medium,Low,High,High,"Improve attendance, DSA, projects."
2913,3913,High,Low,High,High,"Improve attendance, DSA, projects."
2914,3914,Medium,Low,High,High,"Improve attendance, DSA, projects."
2915,3915,Low,Low,Medium,Medium,"Improve attendance, DSA, projects."
2916,3916,High,Low,High,High,"Improve attendance, DSA, projects."
2917,3917,Low,Low,Medium,Medium,"Improve attendance, DSA, projects."
2918,3918,High,Low,High,High,"Improve attendance, DSA, projects."
2919,3919,Medium,Low,Medium,Medium,"Improve attendance, DSA, projects."
2920,3920,High,Low,High,High,"Improve attendance, DSA, projects."
2921,3921,High,Low,High,High,"Improve attendance, DSA, projects."
2922,3922,High,Low,High,High,"Improve attendance, DSA, projects."
2923,3923,High,Low,High,High,"Improve attendance, DSA, projects."
2924,3924,High,Low,High,High,"Improve attendance, DSA, projects."
2925,3925,Medium,Low,Medium,Medium,"Improve attendance, DSA, projects."
2926,3926,High,Low,High,High,"Improve attendance, DSA, projects."
2927,3927,Medium,Low,High,High,"Improve attendance, DSA, projects."
2928,3928,Medium,Low,Medium,Medium,"Improve attendance, DSA, projects."
2929,3929,Medium,Low,Medium,Medium,"Improve attendance, DSA, projects."
2930,3930,Low,Low,Medium,Medium,"Improve attendance, DSA, projects."
2931,3931,High,Low,High,High,"Improve attendance, DSA, projects."
2932,3932,Medium,Low,High,High,"Improve attendance, DSA, projects."
2933,3933,Low,Low,Medium,Medium,"Improve attendance, DSA, projects."
2934,3934,Low,Low,Medium,Medium,"Improve attendance, DSA, projects."
2935,3935,Medium,Low,High,High,"Improve attendance, DSA, projects."
2936,3936,High,Low,High,High,"Improve attendance, DSA, projects."
2937,3937,High,Low,High,High,"Improve attendance, DSA, projects."
2938,3938,Low,Low,Medium,Medium,"Improve attendance, DSA, projects."
2939,3939,Medium,Low,High,High,"Improve attendance, DSA, projects."
2940,3940,Low,Low,Medium,Medium,"Improve attendance, DSA, projects."
2941,3941,Low,Low,Medium,Medium,"Improve attendance, DSA, projects."
2942,3942,High,Low,High,High,"Improve attendance, DSA, projects."
2943,3943,Low,Low,Medium,Medium,"Improve attendance, DSA, projects."
2944,3944,High,Low,High,High,"Improve attendance, DSA, projects."
2945,3945,Medium,Low,High,High,"Improve attendance, DSA, projects."
2946,3946,Medium,Low,High,High,"Improve attendance, DSA, projects."
2947,3947,Medium,Low,High,High,"Improve attendance, DSA, projects."
2948,3948,Medium,Low,Medium,Medium,"Improve attendance, DSA, projects."
2949,3949,Low,Low,Medium,Medium,"Improve attendance, DSA, projects."
2950,3950,High,Low,High,High,"Improve attendance, DSA, projects."
2951,3951,Low,Low,Low,Low,Keep consistency.
2952,3952,Medium,Low,Medium,Medium,"Improve attendance, DSA, projects."
2953,3953,High,Low,High,High,"Improve attendance, DSA, projects."
2954,3954,Low,Low,Low,Low,Keep consistency.
2955,3955,High,Low,High,High,"Improve attendance, DSA, projects."
2956,3956,Low,Low,Medium,Medium,"Improve attendance, DSA, projects."
2957,3957,High,Low,High,High,"Improve attendance, DSA, projects."
2958,3958,High,Low,High,High,"Improve attendance, DSA, projects."
2959,3959,High,Low,High,High,"Improve attendance, DSA, projects."
2960,3960,Medium,Low,High,High,"Improve attendance, DSA, projects."
2961,3961,Medium,Low,High,High,"Improve attendance, DSA, projects."
2962,3962,Medium,Low,High,High,"Improve attendance, DSA, projects."
2963,3963,Medium,Low,High,High,"Improve attendance, DSA, projects."
2964,3964,Medium,Low,Medium,Medium,"Improve attendance, DSA, projects."
2965,3965,Low,Low,Medium,Medium,"Improve attendance, DSA, projects."
2966,3966,High,Low,High,High,"Improve attendance, DSA, projects."
2967,3967,Medium,Low,High,High,"Improve attendance, DSA, projects."
2968,3968,Low,Low,Medium,Medium,"Improve attendance, DSA, projects."
2969,3969,Medium,Low,High,High,"Improve attendance, DSA, projects."
2970,3970,Medium,Low,Medium,Medium,"Improve attendance, DSA, projects."
2971,3971,Medium,Low,High,High,"Improve attendance, DSA, projects."
2972,3972,Medium,Low,Medium,Medium,"Improve attendance, DSA, projects."
2973,3973,Medium,Low,High,High,"Improve attendance, DSA, projects."
2974,3974,Medium,Low,Medium,Medium,"Improve attendance, DSA, projects."
2975,3975,Medium,Low,Medium,Medium,"Improve attendance, DSA, projects."
2976,3976,Low,Low,Medium,Medium,"Improve attendance, DSA, projects."
2977,3977,High,Low,High,High,"Improve attendance, DSA, projects."
2978,3978,Low,Low,Medium,Medium,"Improve attendance, DSA, projects."
2979,3979,Medium,Low,Medium,Medium,"Improve attendance, DSA, projects."
2980,3980,High,Low,High,High,"Improve attendance, DSA, projects."
2981,3981,High,Low,High,High,"Improve attendance, DSA, projects."
2982,3982,High,Low,High,High,"Improve attendance, DSA, projects."
2983,3983,Medium,Low,High,High,"Improve attendance, DSA, projects."
2984,3984,Medium,Low,Medium,Medium,"Improve attendance, DSA, projects."
2985,3985,High,Low,High,High,"Improve attendance, DSA, projects."
2986,3986,High,Low,High,High,"Improve attendance, DSA, projects."
2987,3987,Medium,Low,Medium,Medium,"Improve attendance, DSA, projects."
2988,3988,Low,Low,Medium,Medium,"Improve attendance, DSA, projects."
2989,3989,Medium,Low,High,High,"Improve attendance, DSA, projects."
2990,3990,High,Low,High,High,"Improve attendance, DSA, projects."
2991,3991,Medium,Low,High,High,"Improve attendance, DSA, projects."
2992,3992,Medium,Low,High,High,"Improve attendance, DSA, projects."
2993,3993,Medium,Low,High,High,"Improve attendance, DSA, projects."
2994,3994,Medium,Low,High,High,"Improve attendance, DSA, projects."
2995,3995,Low,Low,Medium,Medium,"Improve attendance, DSA, projects."
2996,3996,Medium,Low,Medium,Medium,"Improve attendance, DSA, projects."
2997,3997,Medium,Low,Medium,Medium,"Improve attendance, DSA, projects."
2998,3998,Low,Low,Medium,Medium,"Improve attendance, DSA, projects."
2999,3999,Medium,Low,High,High,"Improve attendance, DSA, projects."
3000,4000,Medium,Low,High,High,"Improve attendance, DSA, projects."
3001,4001,High,Low,High,High,"Improve attendance, DSA, projects."
3002,4002,High,Low,High,High,"Improve attendance, DSA, projects."
3003,4003,High,Low,High,High,"Improve attendance, DSA, projects."
3004,4004,High,Low,High,High,"Improve attendance, DSA, projects."
3005,4005,Low,Low,Medium,Medium,"Improve attendance, DSA, projects."
3006,4006,Medium,Low,Medium,Medium,"Improve attendance, DSA, projects."
3007,4007,High,Low,High,High,"Improve attendance, DSA, projects."
3008,4008,Medium,Low,Medium,Medium,"Improve attendance, DSA, projects."
3009,4009,Medium,Low,High,High,"Improve attendance, DSA, projects."
3010,4010,Medium,Low,High,High,"Improve attendance, DSA, projects."
3011,4011,High,Low,High,High,"Improve attendance, DSA, projects."
3012,4012,Low,Low,Medium,Medium,"Improve attendance, DSA, projects."
3013,4013,Low,Low,Medium,Medium,"Improve attendance, DSA, projects."
3014,4014,Low,Low,Low,Low,Keep consistency.
3015,4015,Medium,Low,High,High,"Improve attendance, DSA, projects."
3016,4016,Medium,Low,Medium,Medium,"Improve attendance, DSA, projects."
3017,4017,Low,Low,Medium,Medium,"Improve attendance, DSA, projects."
3018,4018,Medium,Low,High,High,"Improve attendance, DSA, projects."
3019,4019,Low,Low,Medium,Medium,"Improve attendance, DSA, projects."
3020,4020,High,Low,High,High,"Improve attendance, DSA, projects."
3021,4021,Low,Low,Medium,Medium,"Improve attendance, DSA, projects."
3022,4022,Low,Low,Medium,Medium,"Improve attendance, DSA, projects."
3023,4023,Medium,Low,Medium,Medium,"Improve attendance, DSA, projects."
3024,4024,Low,Low,Medium,Medium,"Improve attendance, DSA, projects."
3025,4025,Medium,Low,Medium,Medium,"Improve attendance, DSA, projects."
3026,4026,Medium,Low,Medium,Medium,"Improve attendance, DSA, projects."
3027,4027,Medium,Low,Medium,Medium,"Improve attendance, DSA, projects."
3028,4028,Low,Low,Medium,Medium,"Improve attendance, DSA, projects."
3029,4029,Medium,Low,High,High,"Improve attendance, DSA, projects."
3030,4030,Low,Low,Medium,Medium,"Improve attendance, DSA, projects."
3031,4031,Medium,Low,Medium,Medium,"Improve attendance, DSA, projects."
3032,4032,High,Low,High,High,"Improve attendance, DSA, projects."
3033,4033,Medium,Low,High,High,"Improve attendance, DSA, projects."
3034,4034,Medium,Low,Medium,Medium,"Improve attendance, DSA, projects."
3035,4035,Medium,Low,High,High,"Improve attendance, DSA, projects."
3036,4036,Low,Low,Medium,Medium,"Improve attendance, DSA, projects."
3037,4037,Low,Low,Medium,Medium,"Improve attendance, DSA, projects."
3038,4038,Low,Low,Low,Low,Keep consistency.
3039,4039,Medium,Low,Medium,Medium,"Improve attendance, DSA, projects."
3040,4040,Low,Low,Medium,Medium,"Improve attendance, DSA, projects."
3041,4041,Low,Low,Medium,Medium,"Improve attendance, DSA, projects."
3042,4042,Medium,Low,High,High,"Improve attendance, DSA, projects."
3043,4043,Medium,Low,Medium,Medium,"Improve attendance, DSA, projects."
3044,4044,Medium,Low,High,High,"Improve attendance, DSA, projects."
3045,4045,Medium,Low,High,High,"Improve attendance, DSA, projects."
3046,4046,Medium,Low,High,High,"Improve attendance, DSA, projects."
3047,4047,Medium,Low,Medium,Medium,"Improve attendance, DSA, projects."
3048,4048,Medium,Low,Medium,Medium,"Improve attendance, DSA, projects."
3049,4049,High,Low,High,High,"Improve attendance, DSA, projects."
3050,4050,Medium,Low,High,High,"Improve attendance, DSA, projects."
3051,4051,Low,Low,Medium,Medium,"Improve attendance, DSA, projects."
3052,4052,Low,Low,Medium,Medium,"Improve attendance, DSA, projects."
3053,4053,Medium,Low,Medium,Medium,"Improve attendance, DSA, projects."
3054,4054,Medium,Low,High,High,"Improve attendance, DSA, projects."
3055,4055,Medium,Low,High,High,"Improve attendance, DSA, projects."
3056,4056,Medium,Low,Medium,Medium,"Improve attendance, DSA, projects."
3057,4057,Medium,Low,Medium,Medium,"Improve attendance, DSA, projects."
3058,4058,Low,Low,Low,Low,Keep consistency.
3059,4059,High,Low,High,High,"Improve attendance, DSA, projects."
3060,4060,Medium,Low,High,High,"Improve attendance, DSA, projects."
3061,4061,High,Low,High,High,"Improve attendance, DSA, projects."
3062,4062,Low,Low,Medium,Medium,"Improve attendance, DSA, projects."
3063,4063,Medium,Low,Medium,Medium,"Improve attendance, DSA, projects."
3064,4064,Low,Low,Medium,Medium,"Improve attendance, DSA, projects."
3065,4065,Low,Low,Medium,Medium,"Improve attendance, DSA, projects."
3066,4066,Medium,Low,High,High,"Improve attendance, DSA, projects."
3067,4067,Low,Low,Low,Low,Keep consistency.
3068,4068,Medium,Low,High,High,"Improve attendance, DSA, projects."
3069,4069,Medium,Low,Medium,Medium,"Improve attendance, DSA, projects."
3070,4070,High,Low,High,High,"Improve attendance, DSA, projects."
3071,4071,Medium,Low,Medium,Medium,"Improve attendance, DSA, projects."
3072,4072,Medium,Low,High,High,"Improve attendance, DSA, projects."
3073,4073,Medium,Low,Medium,Medium,"Improve attendance, DSA, projects."
3074,4074,Medium,Low,Medium,Medium,"Improve attendance, DSA, projects."
3075,4075,Low,Low,Medium,Medium,"Improve attendance, DSA, projects."
3076,4076,Medium,Low,Medium,Medium,"Improve attendance, DSA, projects."
3077,4077,Low,Low,Medium,Medium,"Improve attendance, DSA, projects."
3078,4078,Medium,Low,Medium,Medium,"Improve attendance, DSA, projects."
3079,4079,Medium,Low,High,High,"Improve attendance, DSA, projects."
3080,4080,Medium,Low,High,High,"Improve attendance, DSA, projects."
3081,4081,High,Low,High,High,"Improve attendance, DSA, projects."
3082,4082,Low,Low,Low,Low,Keep consistency.
3083,4083,Low,Low,Medium,Medium,"Improve attendance, DSA, projects."
3084,4084,Medium,Low,High,High,"Improve attendance, DSA, projects."
3085,4085,High,Low,High,High,"Improve attendance, DSA, projects."
3086,4086,Medium,Low,High,High,"Improve attendance, DSA, projects."
3087,4087,Medium,Low,High,High,"Improve attendance, DSA, projects."
3088,4088,Low,Low,Medium,Medium,"Improve attendance, DSA, projects."
3089,4089,High,Low,High,High,"Improve attendance, DSA, projects."
3090,4090,High,Low,High,High,"Improve attendance, DSA, projects."
3091,4091,Medium,Low,Medium,Medium,"Improve attendance, DSA, projects."
3092,4092,Medium,Low,Medium,Medium,"Improve attendance, DSA, projects."
3093,4093,High,Low,High,High,"Improve attendance, DSA, projects."
3094,4094,High,Low,High,High,"Improve attendance, DSA, projects."
3095,4095,Medium,Low,High,High,"Improve attendance, DSA, projects."
3096,4096,Medium,Low,Medium,Medium,"Improve attendance, DSA, projects."
3097,4097,Low,Low,Low,Low,Keep consistency.
3098,4098,High,Low,High,High,"Improve attendance, DSA, projects."
3099,4099,Low,Low,Low,Low,Keep consistency.
3100,4100,Low,Low,Medium,Medium,"Improve attendance, DSA, projects."
3101,4101,Medium,Low,High,High,"Improve attendance, DSA, projects."
3102,4102,Medium,Low,High,High,"Improve attendance, DSA, projects."
3103,4103,Medium,Low,High,High,"Improve attendance, DSA, projects."
3104,4104,Low,Low,Medium,Medium,"Improve attendance, DSA, projects."
3105,4105,Low,Low,Medium,Medium,"Improve attendance, DSA, projects."
3106,4106,Low,Low,Medium,Medium,"Improve attendance, DSA, projects."
3107,4107,High,Low,High,High,"Improve attendance, DSA, projects."
3108,4108,Medium,Low,Medium,Medium,"Improve attendance, DSA, projects."
3109,4109,Medium,Low,Medium,Medium,"Improve attendance, DSA, projects."
3110,4110,Low,Low,Medium,Medium,"Improve attendance, DSA, projects."
3111,4111,Medium,Low,Medium,Medium,"Improve attendance, DSA, projects."
3112,4112,Medium,Low,High,High,"Improve attendance, DSA, projects."
3113,4113,Medium,Low,Medium,Medium,"Improve attendance, DSA, projects."
3114,4114,Medium,Low,High,High,"Improve attendance, DSA, projects."
3115,4115,Medium,Low,High,High,"Improve attendance, DSA, projects."
3116,4116,Low,Low,Medium,Medium,"Improve attendance, DSA, projects."
3117,4117,Low,Low,Low,Low,Keep consistency.
3118,4118,High,Low,High,High,"Improve attendance, DSA, projects."
3119,4119,Medium,Low,Medium,Medium,"Improve attendance, DSA, projects."
3120,4120,Low,Low,Low,Low,Keep consistency.
3121,4121,High,Low,High,High,"Improve attendance, DSA, projects."
3122,4122,High,Low,High,High,"Improve attendance, DSA, projects."
3123,4123,Medium,Low,High,High,"Improve attendance, DSA, projects."
3124,4124,High,Low,High,High,"Improve attendance, DSA, projects."
3125,4125,Medium,Low,High,High,"Improve attendance, DSA, projects."
3126,4126,Medium,Low,High,High,"Improve attendance, DSA, projects."
3127,4127,Medium,Low,Medium,Medium,"Improve attendance, DSA, projects."
3128,4128,High,Low,High,High,"Improve attendance, DSA, projects."
3129,4129,High,Low,High,High,"Improve attendance, DSA, projects."
3130,4130,Medium,Low,Medium,Medium,"Improve attendance, DSA, projects."
3131,4131,Low,Low,Medium,Medium,"Improve attendance, DSA, projects."
3132,4132,High,Low,High,High,"Improve attendance, DSA, projects."
3133,4133,High,Low,High,High,"Improve attendance, DSA, projects."
3134,4134,Medium,Low,Medium,Medium,"Improve attendance, DSA, projects."
3135,4135,High,Low,High,High,"Improve attendance, DSA, projects."
3136,4136,High,Low,High,High,"Improve attendance, DSA, projects."
3137,4137,Medium,Low,Medium,Medium,"Improve attendance, DSA, projects."
3138,4138,Medium,Low,High,High,"Improve attendance, DSA, projects."
3139,4139,Medium,Low,High,High,"Improve attendance, DSA, projects."
3140,4140,Medium,Low,High,High,"Improve attendance, DSA, projects."
3141,4141,High,Low,High,High,"Improve attendance, DSA, projects."
3142,4142,Low,Low,Medium,Medium,"Improve attendance, DSA, projects."
3143,4143,Medium,Low,High,High,"Improve attendance, DSA, projects."
3144,4144,Medium,Low,Medium,Medium,"Improve attendance, DSA, projects."
3145,4145,Medium,Low,High,High,"Improve attendance, DSA, projects."
3146,4146,Medium,Low,High,High,"Improve attendance, DSA, projects."
3147,4147,Medium,Low,High,High,"Improve attendance, DSA, projects."
3148,4148,Medium,Low,High,High,"Improve attendance, DSA, projects."
3149,4149,Medium,Low,High,High,"Improve attendance, DSA, projects."
3150,4150,Low,Low,Medium,Medium,"Improve attendance, DSA, projects."
3151,4151,Medium,Low,High,High,"Improve attendance, DSA, projects."
3152,4152,Low,Low,Medium,Medium,"Improve attendance, DSA, projects."
3153,4153,Low,Low,Medium,Medium,"Improve attendance, DSA, projects."
3154,4154,Medium,Low,Medium,Medium,"Improve attendance, DSA, projects."
3155,4155,Low,Low,Medium,Medium,"Improve attendance, DSA, projects."
3156,4156,Medium,Low,Medium,Medium,"Improve attendance, DSA, projects."
3157,4157,Low,Low,Medium,Medium,"Improve attendance, DSA, projects."
3158,4158,Low,Low,Low,Low,Keep consistency.
3159,4159,Medium,Low,High,High,"Improve attendance, DSA, projects."
3160,4160,Medium,Low,Medium,Medium,"Improve attendance, DSA, projects."
3161,4161,Medium,Low,Medium,Medium,"Improve attendance, DSA, projects."
3162,4162,Medium,Low,High,High,"Improve attendance, DSA, projects."
3163,4163,Low,Low,Low,Low,Keep consistency.
3164,4164,Low,Low,Low,Low,Keep consistency.
3165,4165,Medium,Low,High,High,"Improve attendance, DSA, projects."
3166,4166,Low,Low,Medium,Medium,"Improve attendance, DSA, projects."
3167,4167,Medium,Low,Medium,Medium,"Improve attendance, DSA, projects."
3168,4168,Low,Low,Medium,Medium,"Improve attendance, DSA, projects."
3169,4169,Low,Low,Low,Low,Keep consistency.
3170,4170,Medium,Low,Medium,Medium,"Improve attendance, DSA, projects."
3171,4171,Medium,Low,High,High,"Improve attendance, DSA, projects."
3172,4172,Medium,Low,High,High,"Improve attendance, DSA, projects."
3173,4173,Medium,Low,Medium,Medium,"Improve attendance, DSA, projects."
3174,4174,Medium,Low,High,High,"Improve attendance, DSA, projects."
3175,4175,Low,Low,Medium,Medium,"Improve attendance, DSA, projects."
3176,4176,Low,Low,Medium,Medium,"Improve attendance, DSA, projects."
3177,4177,Medium,Low,High,High,"Improve attendance, DSA, projects."
3178,4178,Medium,Low,Medium,Medium,"Improve attendance, DSA, projects."
3179,4179,Medium,Low,High,High,"Improve attendance, DSA, projects."
3180,4180,Low,Low,Medium,Medium,"Improve attendance, DSA, projects."
3181,4181,Low,Low,Medium,Medium,"Improve attendance, DSA, projects."
3182,4182,Low,Low,Medium,Medium,"Improve attendance, DSA, projects."
3183,4183,Medium,Low,High,High,"Improve attendance, DSA, projects."
3184,4184,Medium,Low,Medium,Medium,"Improve attendance, DSA, projects."
3185,4185,High,Low,High,High,"Improve attendance, DSA, projects."
3186,4186,Medium,Low,High,High,"Improve attendance, DSA, projects."
3187,4187,Low,Low,Medium,Medium,"Improve attendance, DSA, projects."
3188,4188,Medium,Low,Medium,Medium,"Improve attendance, DSA, projects."
3189,4189,Low,Low,Medium,Medium,"Improve attendance, DSA, projects."
3190,4190,High,Low,High,High,"Improve attendance, DSA, projects."
3191,4191,Low,Low,Medium,Medium,"Improve attendance, DSA, projects."
3192,4192,High,Low,High,High,"Improve attendance, DSA, projects."
3193,4193,Medium,Low,Medium,Medium,"Improve attendance, DSA, projects."
3194,4194,Low,Low,Medium,Medium,"Improve attendance, DSA, projects."
3195,4195,Low,Low,Medium,Medium,"Improve attendance, DSA, projects."
3196,4196,Low,Low,Low,Low,Keep consistency.
3197,4197,High,Low,High,High,"Improve attendance, DSA, projects."
3198,4198,High,Low,High,High,"Improve attendance, DSA, projects."
3199,4199,Medium,Low,Medium,Medium,"Improve attendance, DSA, projects."
3200,4200,Medium,Low,High,High,"Improve attendance, DSA, projects."
3201,4201,Medium,Low,High,High,"Improve attendance, DSA, projects."
3202,4202,Medium,Low,Medium,Medium,"Improve attendance, DSA, projects."
3203,4203,Low,Low,Medium,Medium,"Improve attendance, DSA, projects."
3204,4204,High,Low,High,High,"Improve attendance, DSA, projects."
3205,4205,Low,Low,Medium,Medium,"Improve attendance, DSA, projects."
3206,4206,Medium,Low,Medium,Medium,"Improve attendance, DSA, projects."
3207,4207,Medium,Low,Medium,Medium,"Improve attendance, DSA, projects."
3208,4208,Medium,Low,High,High,"Improve attendance, DSA, projects."
3209,4209,High,Low,High,High,"Improve attendance, DSA, projects."
3210,4210,Medium,Low,High,High,"Improve attendance, DSA, projects."
3211,4211,Low,Low,Medium,Medium,"Improve attendance, DSA, projects."
3212,4212,Low,Low,Medium,Medium,"Improve attendance, DSA, projects."
3213,4213,High,Low,High,High,"Improve attendance, DSA, projects."
3214,4214,Low,Low,Medium,Medium,"Improve attendance, DSA, projects."
3215,4215,Low,Low,Low,Low,Keep consistency.
3216,4216,Low,Low,Medium,Medium,"Improve attendance, DSA, projects."
3217,4217,Medium,Low,Medium,Medium,"Improve attendance, DSA, projects."
3218,4218,High,Low,High,High,"Improve attendance, DSA, projects."
3219,4219,High,Low,High,High,"Improve attendance, DSA, projects."
3220,4220,Medium,High,High,High,"Improve attendance, DSA, projects."
3221,4221,Low,Low,Medium,Medium,"Improve attendance, DSA, projects."
3222,4222,Medium,Low,Medium,Medium,"Improve attendance, DSA, projects."
3223,4223,High,Low,High,High,"Improve attendance, DSA, projects."
3224,4224,Medium,Low,High,High,"Improve attendance, DSA, projects."
3225,4225,Medium,Low,High,High,"Improve attendance, DSA, projects."
3226,4226,Medium,Low,High,High,"Improve attendance, DSA, projects."
3227,4227,Low,Low,Low,Low,Keep consistency.
3228,4228,Low,Low,Medium,Medium,"Improve attendance, DSA, projects."
3229,4229,Medium,Low,High,High,"Improve attendance, DSA, projects."
3230,4230,High,Low,High,High,"Improve attendance, DSA, projects."
3231,4231,Medium,Low,Medium,Medium,"Improve attendance, DSA, projects."
3232,4232,Medium,Low,High,High,"Improve attendance, DSA, projects."
3233,4233,Low,Low,Medium,Medium,"Improve attendance, DSA, projects."
3234,4234,Medium,Low,Medium,Medium,"Improve attendance, DSA, projects."
3235,4235,Low,Low,Low,Low,Keep consistency.
3236,4236,Medium,Low,Medium,Medium,"Improve attendance, DSA, projects."
3237,4237,Low,Low,Medium,Medium,"Improve attendance, DSA, projects."
3238,4238,Medium,Low,High,High,"Improve attendance, DSA, projects."
3239,4239,Low,Low,Low,Low,Keep consistency.
3240,4240,High,Low,High,High,"Improve attendance, DSA, projects."
3241,4241,Medium,Low,High,High,"Improve attendance, DSA, projects."
3242,4242,Medium,Low,Medium,Medium,"Improve attendance, DSA, projects."
3243,4243,Medium,Low,High,High,"Improve attendance, DSA, projects."
3244,4244,Medium,Low,High,High,"Improve attendance, DSA, projects."
3245,4245,Medium,Low,Medium,Medium,"Improve attendance, DSA, projects."
3246,4246,Low,Low,Medium,Medium,"Improve attendance, DSA, projects."
3247,4247,Low,Low,Medium,Medium,"Improve attendance, DSA, projects."
3248,4248,Medium,Low,High,High,"Improve attendance, DSA, projects."
3249,4249,Low,Low,Medium,Medium,"Improve attendance, DSA, projects."
3250,4250,Low,Low,Medium,Medium,"Improve attendance, DSA, projects."
3251,4251,Medium,Low,Medium,Medium,"Improve attendance, DSA, projects."
3252,4252,Medium,Low,High,High,"Improve attendance, DSA, projects."
3253,4253,Medium,Low,High,High,"Improve attendance, DSA, projects."
3254,4254,Low,Low,Medium,Medium,"Improve attendance, DSA, projects."
3255,4255,High,Low,High,High,"Improve attendance, DSA, projects."
3256,4256,Medium,Low,High,High,"Improve attendance, DSA, projects."
3257,4257,Medium,Low,High,High,"Improve attendance, DSA, projects."
3258,4258,Low,Low,Medium,Medium,"Improve attendance, DSA, projects."
3259,4259,Low,Low,Medium,Medium,"Improve attendance, DSA, projects."
3260,4260,High,Low,High,High,"Improve attendance, DSA, projects."
3261,4261,Medium,Low,High,High,"Improve attendance, DSA, projects."
3262,4262,Low,Low,Medium,Medium,"Improve attendance, DSA, projects."
3263,4263,Medium,Low,Medium,Medium,"Improve attendance, DSA, projects."
3264,4264,Medium,Low,High,High,"Improve attendance, DSA, projects."
3265,4265,Low,Low,Low,Low,Keep consistency.
3266,4266,High,Low,High,High,"Improve attendance, DSA, projects."
3267,4267,Medium,Low,High,High,"Improve attendance, DSA, projects."
3268,4268,High,Low,High,High,"Improve attendance, DSA, projects."
3269,4269,High,Low,High,High,"Improve attendance, DSA, projects."
3270,4270,Medium,Low,High,High,"Improve attendance, DSA, projects."
3271,4271,Medium,Low,Medium,Medium,"Improve attendance, DSA, projects."
3272,4272,High,Low,High,High,"Improve attendance, DSA, projects."
3273,4273,Low,Low,Medium,Medium,"Improve attendance, DSA, projects."
3274,4274,Medium,Low,High,High,"Improve attendance, DSA, projects."
3275,4275,Low,Low,Medium,Medium,"Improve attendance, DSA, projects."
3276,4276,Low,Low,Medium,Medium,"Improve attendance, DSA, projects."
3277,4277,Low,Low,Medium,Medium,"Improve attendance, DSA, projects."
3278,4278,High,Low,High,High,"Improve attendance, DSA, projects."
3279,4279,Medium,Low,Medium,Medium,"Improve attendance, DSA, projects."
3280,4280,Low,Low,Medium,Medium,"Improve attendance, DSA, projects."
3281,4281,Low,Low,Medium,Medium,"Improve attendance, DSA, projects."
3282,4282,High,High,High,High,"Improve attendance, DSA, projects."
3283,4283,Low,Low,Medium,Medium,"Improve attendance, DSA, projects."
3284,4284,Medium,Low,High,High,"Improve attendance, DSA, projects."
3285,4285,Medium,Low,Medium,Medium,"Improve attendance, DSA, projects."
3286,4286,Medium,Low,Medium,Medium,"Improve attendance, DSA, projects."
3287,4287,Low,Low,Medium,Medium,"Improve attendance, DSA, projects."
3288,4288,Low,Low,Medium,Medium,"Improve attendance, DSA, projects."
3289,4289,Medium,Low,Medium,Medium,"Improve attendance, DSA, projects."
3290,4290,Low,Low,Medium,Medium,"Improve attendance, DSA, projects."
3291,4291,High,Low,High,High,"Improve attendance, DSA, projects."
3292,4292,Medium,Low,Medium,Medium,"Improve attendance, DSA, projects."
3293,4293,Medium,Low,High,High,"Improve attendance, DSA, projects."
3294,4294,Medium,Low,Medium,Medium,"Improve attendance, DSA, projects."
3295,4295,Medium,Low,Medium,Medium,"Improve attendance, DSA, projects."
3296,4296,High,Low,High,High,"Improve attendance, DSA, projects."
3297,4297,High,Low,High,High,"Improve attendance, DSA, projects."
3298,4298,Low,Low,Medium,Medium,"Improve attendance, DSA, projects."
3299,4299,Low,Low,Medium,Medium,"Improve attendance, DSA, projects."
3300,4300,High,Low,High,High,"Improve attendance, DSA, projects."
3301,4301,High,Low,High,High,"Improve attendance, DSA, projects."
3302,4302,Low,Low,Medium,Medium,"Improve attendance, DSA, projects."
3303,4303,Low,Low,Medium,Medium,"Improve attendance, DSA, projects."
3304,4304,Medium,Low,High,High,"Improve attendance, DSA, projects."
3305,4305,Medium,Low,High,High,"Improve attendance, DSA, projects."
3306,4306,Low,Low,Medium,Medium,"Improve attendance, DSA, projects."
3307,4307,Medium,Low,High,High,"Improve attendance, DSA, projects."
3308,4308,Low,Low,Medium,Medium,"Improve attendance, DSA, projects."
3309,4309,Medium,Low,High,High,"Improve attendance, DSA, projects."
3310,4310,Medium,Low,Medium,Medium,"Improve attendance, DSA, projects."
3311,4311,Medium,Low,Medium,Medium,"Improve attendance, DSA, projects."
3312,4312,High,Low,High,High,"Improve attendance, DSA, projects."
3313,4313,High,Low,High,High,"Improve attendance, DSA, projects."
3314,4314,Medium,Low,High,High,"Improve attendance, DSA, projects."
3315,4315,Medium,Low,Medium,Medium,"Improve attendance, DSA, projects."
3316,4316,High,Low,High,High,"Improve attendance, DSA, projects."
3317,4317,Low,Low,Medium,Medium,"Improve attendance, DSA, projects."
3318,4318,Medium,Low,High,High,"Improve attendance, DSA, projects."
3319,4319,Low,Low,Medium,Medium,"Improve attendance, DSA, projects."
3320,4320,Medium,Low,High,High,"Improve attendance, DSA, projects."
3321,4321,High,Low,High,High,"Improve attendance, DSA, projects."
3322,4322,Low,Low,Low,Low,Keep consistency.
3323,4323,Low,Low,Low,Low,Keep consistency.
3324,4324,Medium,Low,Medium,Medium,"Improve attendance, DSA, projects."
3325,4325,High,Low,High,High,"Improve attendance, DSA, projects."
3326,4326,High,Low,High,High,"Improve attendance, DSA, projects."
3327,4327,Medium,Low,High,High,"Improve attendance, DSA, projects."
3328,4328,Low,Low,Low,Low,Keep consistency.
3329,4329,Medium,Low,Medium,Medium,"Improve attendance, DSA, projects."
3330,4330,Medium,Low,High,High,"Improve attendance, DSA, projects."
3331,4331,Medium,Low,High,High,"Improve attendance, DSA, projects."
3332,4332,Low,Low,Medium,Medium,"Improve attendance, DSA, projects."
3333,4333,Medium,Low,Medium,Medium,"Improve attendance, DSA, projects."
3334,4334,Medium,Low,Medium,Medium,"Improve attendance, DSA, projects."
3335,4335,Low,Low,Low,Low,Keep consistency.
3336,4336,Medium,Low,High,High,"Improve attendance, DSA, projects."
3337,4337,Low,Low,Medium,Medium,"Improve attendance, DSA, projects."
3338,4338,Low,Low,Medium,Medium,"Improve attendance, DSA, projects."
3339,4339,High,Low,High,High,"Improve attendance, DSA, projects."
3340,4340,Medium,Low,Medium,Medium,"Improve attendance, DSA, projects."
3341,4341,Medium,Low,Medium,Medium,"Improve attendance, DSA, projects."
3342,4342,Medium,Low,Medium,Medium,"Improve attendance, DSA, projects."
3343,4343,High,Low,High,High,"Improve attendance, DSA, projects."
3344,4344,High,Low,High,High,"Improve attendance, DSA, projects."
3345,4345,Medium,Low,High,High,"Improve attendance, DSA, projects."
3346,4346,Low,Low,Medium,Medium,"Improve attendance, DSA, projects."
3347,4347,Low,Low,Medium,Medium,"Improve attendance, DSA, projects."
3348,4348,Low,Low,Medium,Medium,"Improve attendance, DSA, projects."
3349,4349,Medium,Low,High,High,"Improve attendance, DSA, projects."
3350,4350,Medium,Low,Medium,Medium,"Improve attendance, DSA, projects."
3351,4351,Medium,Low,High,High,"Improve attendance, DSA, projects."
3352,4352,Medium,Low,High,High,"Improve attendance, DSA, projects."
3353,4353,Low,Low,Medium,Medium,"Improve attendance, DSA, projects."
3354,4354,Medium,Low,Medium,Medium,"Improve attendance, DSA, projects."
3355,4355,High,Low,High,High,"Improve attendance, DSA, projects."
3356,4356,Medium,Low,High,High,"Improve attendance, DSA, projects."
3357,4357,Low,Low,Low,Low,Keep consistency.
3358,4358,Low,Low,Medium,Medium,"Improve attendance, DSA, projects."
3359,4359,High,Low,High,High,"Improve attendance, DSA, projects."
3360,4360,Medium,Low,High,High,"Improve attendance, DSA, projects."
3361,4361,Low,Low,Medium,Medium,"Improve attendance, DSA, projects."
3362,4362,Medium,Low,Medium,Medium,"Improve attendance, DSA, projects."
3363,4363,High,Low,High,High,"Improve attendance, DSA, projects."
3364,4364,Medium,Low,Medium,Medium,"Improve attendance, DSA, projects."
3365,4365,Medium,Low,Medium,Medium,"Improve attendance, DSA, projects."
3366,4366,High,Low,High,High,"Improve attendance, DSA, projects."
3367,4367,Medium,Low,High,High,"Improve attendance, DSA, projects."
3368,4368,High,Low,High,High,"Improve attendance, DSA, projects."
3369,4369,Medium,Low,High,High,"Improve attendance, DSA, projects."
3370,4370,Low,Low,Medium,Medium,"Improve attendance, DSA, projects."
3371,4371,Medium,Low,High,High,"Improve attendance, DSA, projects."
3372,4372,Medium,Low,High,High,"Improve attendance, DSA, projects."
3373,4373,High,Low,High,High,"Improve attendance, DSA, projects."
3374,4374,Medium,Low,High,High,"Improve attendance, DSA, projects."
3375,4375,Low,Low,Medium,Medium,"Improve attendance, DSA, projects."
3376,4376,Medium,Low,Medium,Medium,"Improve attendance, DSA, projects."
3377,4377,High,Low,High,High,"Improve attendance, DSA, projects."
3378,4378,Low,Low,Medium,Medium,"Improve attendance, DSA, projects."
3379,4379,Low,Low,Medium,Medium,"Improve attendance, DSA, projects."
3380,4380,Low,Low,Low,Low,Keep consistency.
3381,4381,High,High,High,High,"Improve attendance, DSA, projects."
3382,4382,Medium,Low,High,High,"Improve attendance, DSA, projects."
3383,4383,Medium,Low,High,High,"Improve attendance, DSA, projects."
3384,4384,High,Low,High,High,"Improve attendance, DSA, projects."
3385,4385,Medium,Low,High,High,"Improve attendance, DSA, projects."
3386,4386,Medium,Low,Medium,Medium,"Improve attendance, DSA, projects."
3387,4387,Medium,Low,High,High,"Improve attendance, DSA, projects."
3388,4388,Medium,Low,Medium,Medium,"Improve attendance, DSA, projects."
3389,4389,Low,Low,Low,Low,Keep consistency.
3390,4390,Low,Low,Medium,Medium,"Improve attendance, DSA, projects."
3391,4391,Medium,Low,High,High,"Improve attendance, DSA, projects."
3392,4392,Low,Low,Medium,Medium,"Improve attendance, DSA, projects."
3393,4393,Medium,Low,High,High,"Improve attendance, DSA, projects."
3394,4394,Medium,Low,High,High,"Improve attendance, DSA, projects."
3395,4395,Medium,Low,High,High,"Improve attendance, DSA, projects."
3396,4396,Medium,Low,High,High,"Improve attendance, DSA, projects."
3397,4397,Medium,Low,High,High,"Improve attendance, DSA, projects."
3398,4398,Low,Low,Low,Low,Keep consistency.
3399,4399,Medium,Low,High,High,"Improve attendance, DSA, projects."
3400,4400,Low,Low,Medium,Medium,"Improve attendance, DSA, projects."
3401,4401,Medium,Low,Medium,Medium,"Improve attendance, DSA, projects."
3402,4402,Medium,Low,Medium,Medium,"Improve attendance, DSA, projects."
3403,4403,Medium,Low,Medium,Medium,"Improve attendance, DSA, projects."
3404,4404,Medium,Low,Medium,Medium,"Improve attendance, DSA, projects."
3405,4405,Low,Low,Medium,Medium,"Improve attendance, DSA, projects."
3406,4406,Low,Low,Medium,Medium,"Improve attendance, DSA, projects."
3407,4407,Medium,Low,Medium,Medium,"Improve attendance, DSA, projects."
3408,4408,High,Low,High,High,"Improve attendance, DSA, projects."
3409,4409,High,Low,High,High,"Improve attendance, DSA, projects."
3410,4410,High,Low,High,High,"Improve attendance, DSA, projects."
3411,4411,Low,Low,Medium,Medium,"Improve attendance, DSA, projects."
3412,4412,Medium,Low,High,High,"Improve attendance, DSA, projects."
3413,4413,Medium,Low,High,High,"Improve attendance, DSA, projects."
3414,4414,Medium,Low,Medium,Medium,"Improve attendance, DSA, projects."
3415,4415,Medium,Low,High,High,"Improve attendance, DSA, projects."
3416,4416,Low,Low,Medium,Medium,"Improve attendance, DSA, projects."
3417,4417,High,Low,High,High,"Improve attendance, DSA, projects."
3418,4418,High,Low,High,High,"Improve attendance, DSA, projects."
3419,4419,High,Low,High,High,"Improve attendance, DSA, projects."
3420,4420,Low,Low,Medium,Medium,"Improve attendance, DSA, projects."
3421,4421,Medium,Low,High,High,"Improve attendance, DSA, projects."
3422,4422,High,Low,High,High,"Improve attendance, DSA, projects."
3423,4423,Low,Low,Medium,Medium,"Improve attendance, DSA, projects."
3424,4424,Low,Low,Low,Low,Keep consistency.
3425,4425,High,Low,High,High,"Improve attendance, DSA, projects."
3426,4426,Medium,Low,High,High,"Improve attendance, DSA, projects."
3427,4427,Medium,Low,High,High,"Improve attendance, DSA, projects."
3428,4428,Medium,Low,High,High,"Improve attendance, DSA, projects."
3429,4429,Medium,Low,High,High,"Improve attendance, DSA, projects."
3430,4430,High,Low,High,High,"Improve attendance, DSA, projects."
3431,4431,Medium,Low,Medium,Medium,"Improve attendance, DSA, projects."
3432,4432,Medium,Low,Medium,Medium,"Improve attendance, DSA, projects."
3433,4433,Medium,Low,Medium,Medium,"Improve attendance, DSA, projects."
3434,4434,Low,Low,Low,Low,Keep consistency.
3435,4435,High,Low,High,High,"Improve attendance, DSA, projects."
3436,4436,Medium,High,High,High,"Improve attendance, DSA, projects."
3437,4437,Medium,Low,High,High,"Improve attendance, DSA, projects."
3438,4438,Low,Low,Low,Low,Keep consistency.
3439,4439,Low,Low,Medium,Medium,"Improve attendance, DSA, projects."
3440,4440,Low,Low,Low,Low,Keep consistency.
3441,4441,Medium,Low,High,High,"Improve attendance, DSA, projects."
3442,4442,High,Low,High,High,"Improve attendance, DSA, projects."
3443,4443,Medium,Low,High,High,"Improve attendance, DSA, projects."
3444,4444,High,Low,High,High,"Improve attendance, DSA, projects."
3445,4445,Medium,Low,High,High,"Improve attendance, DSA, projects."
3446,4446,Medium,Low,High,High,"Improve attendance, DSA, projects."
3447,4447,Medium,Low,Medium,Medium,"Improve attendance, DSA, projects."
3448,4448,High,Low,High,High,"Improve attendance, DSA, projects."
3449,4449,High,Low,High,High,"Improve attendance, DSA, projects."
3450,4450,High,High,High,High,"Improve attendance, DSA, projects."
3451,4451,Medium,Low,High,High,"Improve attendance, DSA, projects."
3452,4452,Low,Low,Medium,Medium,"Improve attendance, DSA, projects."
3453,4453,High,High,High,High,"Improve attendance, DSA, projects."
3454,4454,Medium,Low,Medium,Medium,"Improve attendance, DSA, projects."
3455,4455,Medium,Low,High,High,"Improve attendance, DSA, projects."
3456,4456,Low,Low,Medium,Medium,"Improve attendance, DSA, projects."
3457,4457,High,Low,High,High,"Improve attendance, DSA, projects."
3458,4458,Medium,Low,Medium,Medium,"Improve attendance, DSA, projects."
3459,4459,High,Low,High,High,"Improve attendance, DSA, projects."
3460,4460,Medium,Low,High,High,"Improve attendance, DSA, projects."
3461,4461,Medium,Low,Medium,Medium,"Improve attendance, DSA, projects."
3462,4462,Low,Low,Medium,Medium,"Improve attendance, DSA, projects."
3463,4463,Medium,Low,High,High,"Improve attendance, DSA, projects."
3464,4464,Low,Low,Medium,Medium,"Improve attendance, DSA, projects."
3465,4465,High,Low,High,High,"Improve attendance, DSA, projects."
3466,4466,Low,Low,Medium,Medium,"Improve attendance, DSA, projects."
3467,4467,Low,Low,Medium,Medium,"Improve attendance, DSA, projects."
3468,4468,High,Low,High,High,"Improve attendance, DSA, projects."
3469,4469,Low,Low,Medium,Medium,"Improve attendance, DSA, projects."
3470,4470,Medium,Low,High,High,"Improve attendance, DSA, projects."
3471,4471,Medium,Low,Medium,Medium,"Improve attendance, DSA, projects."
3472,4472,Medium,Low,Medium,Medium,"Improve attendance, DSA, projects."
3473,4473,Medium,Low,High,High,"Improve attendance, DSA, projects."
3474,4474,High,Low,High,High,"Improve attendance, DSA, projects."
3475,4475,Medium,Low,High,High,"Improve attendance, DSA, projects."
3476,4476,Low,Low,Medium,Medium,"Improve attendance, DSA, projects."
3477,4477,Medium,Low,Medium,Medium,"Improve attendance, DSA, projects."
3478,4478,Low,Low,Medium,Medium,"Improve attendance, DSA, projects."
3479,4479,Medium,Low,High,High,"Improve attendance, DSA, projects."
3480,4480,Low,Low,Medium,Medium,"Improve attendance, DSA, projects."
3481,4481,High,Low,High,High,"Improve attendance, DSA, projects."
3482,4482,Medium,Low,Medium,Medium,"Improve attendance, DSA, projects."
3483,4483,High,Low,High,High,"Improve attendance, DSA, projects."
3484,4484,Medium,Low,High,High,"Improve attendance, DSA, projects."
3485,4485,Low,Low,Low,Low,Keep consistency.
3486,4486,Low,Low,Medium,Medium,"Improve attendance, DSA, projects."
3487,4487,Low,Low,Medium,Medium,"Improve attendance, DSA, projects."
3488,4488,Medium,Low,High,High,"Improve attendance, DSA, projects."
3489,4489,Medium,Low,Medium,Medium,"Improve attendance, DSA, projects."
3490,4490,Medium,Low,Medium,Medium,"Improve attendance, DSA, projects."
3491,4491,Medium,Low,High,High,"Improve attendance, DSA, projects."
3492,4492,Medium,Low,Medium,Medium,"Improve attendance, DSA, projects."
3493,4493,Low,Low,Medium,Medium,"Improve attendance, DSA, projects."
3494,4494,Medium,Low,High,High,"Improve attendance, DSA, projects."
3495,4495,Medium,Low,High,High,"Improve attendance, DSA, projects."
3496,4496,High,Low,High,High,"Improve attendance, DSA, projects."
3497,4497,Low,Low,Medium,Medium,"Improve attendance, DSA, projects."
3498,4498,Low,Low,Medium,Medium,"Improve attendance, DSA, projects."
3499,4499,Low,Low,Medium,Medium,"Improve attendance, DSA, projects."
3500,4500,Medium,Low,Medium,Medium,"Improve attendance, DSA, projects."
3501,4501,Medium,Low,High,High,"Improve attendance, DSA, projects."
3502,4502,Medium,Low,High,High,"Improve attendance, DSA, projects."
3503,4503,Low,Low,Medium,Medium,"Improve attendance, DSA, projects."
3504,4504,Low,Low,Low,Low,Keep consistency.
3505,4505,Medium,Low,High,High,"Improve attendance, DSA, projects."
3506,4506,High,Low,High,High,"Improve attendance, DSA, projects."
3507,4507,Medium,Low,High,High,"Improve attendance, DSA, projects."
3508,4508,High,Low,High,High,"Improve attendance, DSA, projects."
3509,4509,Medium,Low,Medium,Medium,"Improve attendance, DSA, projects."
3510,4510,Medium,Low,Medium,Medium,"Improve attendance, DSA, projects."
3511,4511,Medium,Low,High,High,"Improve attendance, DSA, projects."
3512,4512,Medium,Low,Medium,Medium,"Improve attendance, DSA, projects."
3513,4513,Medium,Low,Medium,Medium,"Improve attendance, DSA, projects."
3514,4514,Low,Low,Low,Low,Keep consistency.
3515,4515,Medium,Low,Medium,Medium,"Improve attendance, DSA, projects."
3516,4516,Medium,Low,High,High,"Improve attendance, DSA, projects."
3517,4517,High,Low,High,High,"Improve attendance, DSA, projects."
3518,4518,Medium,Low,Medium,Medium,"Improve attendance, DSA, projects."
3519,4519,Medium,Low,Medium,Medium,"Improve attendance, DSA, projects."
3520,4520,High,Low,High,High,"Improve attendance, DSA, projects."
3521,4521,Medium,Low,High,High,"Improve attendance, DSA, projects."
3522,4522,Medium,Low,High,High,"Improve attendance, DSA, projects."
3523,4523,Low,Low,Medium,Medium,"Improve attendance, DSA, projects."
3524,4524,Medium,Low,Medium,Medium,"Improve attendance, DSA, projects."
3525,4525,Medium,Low,High,High,"Improve attendance, DSA, projects."
3526,4526,High,Low,High,High,"Improve attendance, DSA, projects."
3527,4527,Medium,Low,High,High,"Improve attendance, DSA, projects."
3528,4528,High,Low,High,High,"Improve attendance, DSA, projects."
3529,4529,Medium,Low,High,High,"Improve attendance, DSA, projects."
3530,4530,Medium,Low,High,High,"Improve attendance, DSA, projects."
3531,4531,Medium,Low,High,High,"Improve attendance, DSA, projects."
3532,4532,High,Low,High,High,"Improve attendance, DSA, projects."
3533,4533,Low,Low,Medium,Medium,"Improve attendance, DSA, projects."
3534,4534,Medium,Low,Medium,Medium,"Improve attendance, DSA, projects."
3535,4535,High,Low,High,High,"Improve attendance, DSA, projects."
3536,4536,Medium,Low,Medium,Medium,"Improve attendance, DSA, projects."
3537,4537,Medium,Low,Medium,Medium,"Improve attendance, DSA, projects."
3538,4538,High,Low,High,High,"Improve attendance, DSA, projects."
3539,4539,Medium,Low,Medium,Medium,"Improve attendance, DSA, projects."
3540,4540,Medium,Low,Medium,Medium,"Improve attendance, DSA, projects."
3541,4541,Low,Low,Medium,Medium,"Improve attendance, DSA, projects."
3542,4542,Medium,Low,High,High,"Improve attendance, DSA, projects."
3543,4543,High,Low,High,High,"Improve attendance, DSA, projects."
3544,4544,Low,Low,Low,Low,Keep consistency.
3545,4545,Medium,Low,Medium,Medium,"Improve attendance, DSA, projects."
3546,4546,High,Low,High,High,"Improve attendance, DSA, projects."
3547,4547,High,Low,High,High,"Improve attendance, DSA, projects."
3548,4548,Low,Low,Medium,Medium,"Improve attendance, DSA, projects."
3549,4549,High,Low,High,High,"Improve attendance, DSA, projects."
3550,4550,High,Low,High,High,"Improve attendance, DSA, projects."
3551,4551,Low,Low,Medium,Medium,"Improve attendance, DSA, projects."
3552,4552,Low,Low,Low,Low,Keep consistency.
3553,4553,Low,Low,Medium,Medium,"Improve attendance, DSA, projects."
3554,4554,Low,Low,Medium,Medium,"Improve attendance, DSA, projects."
3555,4555,Medium,Low,High,High,"Improve attendance, DSA, projects."
3556,4556,Low,Low,Medium,Medium,"Improve attendance, DSA, projects."
3557,4557,Low,Low,Medium,Medium,"Improve attendance, DSA, projects."
3558,4558,Medium,Low,High,High,"Improve attendance, DSA, projects."
3559,4559,Medium,Low,High,High,"Improve attendance, DSA, projects."
3560,4560,Medium,Low,High,High,"Improve attendance, DSA, projects."
3561,4561,Medium,Low,Medium,Medium,"Improve attendance, DSA, projects."
3562,4562,Low,Low,Medium,Medium,"Improve attendance, DSA, projects."
3563,4563,High,Low,High,High,"Improve attendance, DSA, projects."
3564,4564,Medium,Low,High,High,"Improve attendance, DSA, projects."
3565,4565,Low,Low,Medium,Medium,"Improve attendance, DSA, projects."
3566,4566,Medium,Low,Medium,Medium,"Improve attendance, DSA, projects."
3567,4567,Medium,Low,High,High,"Improve attendance, DSA, projects."
3568,4568,Low,Low,Medium,Medium,"Improve attendance, DSA, projects."
3569,4569,Medium,Low,High,High,"Improve attendance, DSA, projects."
3570,4570,Medium,Low,Medium,Medium,"Improve attendance, DSA, projects."
3571,4571,Medium,Low,Medium,Medium,"Improve attendance, DSA, projects."
3572,4572,High,Low,High,High,"Improve attendance, DSA, projects."
3573,4573,Low,Low,Low,Low,Keep consistency.
3574,4574,Medium,Low,Medium,Medium,"Improve attendance, DSA, projects."
3575,4575,Medium,Low,High,High,"Improve attendance, DSA, projects."
3576,4576,Low,Low,Medium,Medium,"Improve attendance, DSA, projects."
3577,4577,Low,Low,Low,Low,Keep consistency.
3578,4578,Low,Low,Medium,Medium,"Improve attendance, DSA, projects."
3579,4579,High,Low,High,High,"Improve attendance, DSA, projects."
3580,4580,Medium,Low,High,High,"Improve attendance, DSA, projects."
3581,4581,High,Low,High,High,"Improve attendance, DSA, projects."
3582,4582,Low,Low,Low,Low,Keep consistency.
3583,4583,Medium,Low,High,High,"Improve attendance, DSA, projects."
3584,4584,Low,Low,Medium,Medium,"Improve attendance, DSA, projects."
3585,4585,Medium,Low,Medium,Medium,"Improve attendance, DSA, projects."
3586,4586,Low,Low,Medium,Medium,"Improve attendance, DSA, projects."
3587,4587,Medium,Low,Medium,Medium,"Improve attendance, DSA, projects."
3588,4588,High,Low,High,High,"Improve attendance, DSA, projects."
3589,4589,Low,Low,Low,Low,Keep consistency.
3590,4590,Medium,Low,High,High,"Improve attendance, DSA, projects."
3591,4591,High,Low,High,High,"Improve attendance, DSA, projects."
3592,4592,High,Low,High,High,"Improve attendance, DSA, projects."
3593,4593,Low,Low,Medium,Medium,"Improve attendance, DSA, projects."
3594,4594,Low,Low,Medium,Medium,"Improve attendance, DSA, projects."
3595,4595,Low,Low,Low,Low,Keep consistency.
3596,4596,Medium,Low,Medium,Medium,"Improve attendance, DSA, projects."
3597,4597,Low,Low,Medium,Medium,"Improve attendance, DSA, projects."
3598,4598,Low,Low,Medium,Medium,"Improve attendance, DSA, projects."
3599,4599,Medium,Low,High,High,"Improve attendance, DSA, projects."
3600,4600,Medium,Low,High,High,"Improve attendance, DSA, projects."
3601,4601,Medium,Low,High,High,"Improve attendance, DSA, projects."
3602,4602,Low,Low,Medium,Medium,"Improve attendance, DSA, projects."
3603,4603,Medium,Low,High,High,"Improve attendance, DSA, projects."
3604,4604,Medium,Low,High,High,"Improve attendance, DSA, projects."
3605,4605,Low,Low,Medium,Medium,"Improve attendance, DSA, projects."
3606,4606,Low,Low,Medium,Medium,"Improve attendance, DSA, projects."
3607,4607,Medium,Low,High,High,"Improve attendance, DSA, projects."
3608,4608,Low,Low,Medium,Medium,"Improve attendance, DSA, projects."
3609,4609,Low,Low,Medium,Medium,"Improve attendance, DSA, projects."
3610,4610,Medium,Low,High,High,"Improve attendance, DSA, projects."
3611,4611,Medium,Low,High,High,"Improve attendance, DSA, projects."
3612,4612,Low,Low,Medium,Medium,"Improve attendance, DSA, projects."
3613,4613,Medium,Low,High,High,"Improve attendance, DSA, projects."
3614,4614,High,Low,High,High,"Improve attendance, DSA, projects."
3615,4615,Medium,Low,Medium,Medium,"Improve attendance, DSA, projects."
3616,4616,Low,Low,Medium,Medium,"Improve attendance, DSA, projects."
3617,4617,High,Low,High,High,"Improve attendance, DSA, projects."
3618,4618,Low,Low,Low,Low,Keep consistency.
3619,4619,Medium,Low,Medium,Medium,"Improve attendance, DSA, projects."
3620,4620,Low,Low,Medium,Medium,"Improve attendance, DSA, projects."
3621,4621,High,Low,High,High,"Improve attendance, DSA, projects."
3622,4622,Medium,Low,High,High,"Improve attendance, DSA, projects."
3623,4623,Low,Low,Medium,Medium,"Improve attendance, DSA, projects."
3624,4624,Medium,Low,High,High,"Improve attendance, DSA, projects."
3625,4625,Low,Low,Medium,Medium,"Improve attendance, DSA, projects."
3626,4626,Medium,Low,High,High,"Improve attendance, DSA, projects."
3627,4627,Low,Low,Medium,Medium,"Improve attendance, DSA, projects."
3628,4628,Low,Low,Low,Low,Keep consistency.
3629,4629,Low,Low,Medium,Medium,"Improve attendance, DSA, projects."
3630,4630,Medium,Low,High,High,"Improve attendance, DSA, projects."
3631,4631,Low,Low,Medium,Medium,"Improve attendance, DSA, projects."
3632,4632,Low,Low,Medium,Medium,"Improve attendance, DSA, projects."
3633,4633,Low,Low,Medium,Medium,"Improve attendance, DSA, projects."
3634,4634,Medium,Low,High,High,"Improve attendance, DSA, projects."
3635,4635,Medium,Low,Medium,Medium,"Improve attendance, DSA, projects."
3636,4636,Low,Low,Low,Low,Keep consistency.
3637,4637,Medium,Low,High,High,"Improve attendance, DSA, projects."
3638,4638,Low,Low,Medium,Medium,"Improve attendance, DSA, projects."
3639,4639,Low,Low,Medium,Medium,"Improve attendance, DSA, projects."
3640,4640,High,Low,High,High,"Improve attendance, DSA, projects."
3641,4641,Low,Low,Medium,Medium,"Improve attendance, DSA, projects."
3642,4642,Medium,Low,Medium,Medium,"Improve attendance, DSA, projects."
3643,4643,Medium,Low,High,High,"Improve attendance, DSA, projects."
3644,4644,High,Low,High,High,"Improve attendance, DSA, projects."
3645,4645,High,Low,High,High,"Improve attendance, DSA, projects."
3646,4646,Low,Low,Low,Low,Keep consistency.
3647,4647,Medium,Low,Medium,Medium,"Improve attendance, DSA, projects."
3648,4648,Medium,Low,High,High,"Improve attendance, DSA, projects."
3649,4649,Low,Low,Medium,Medium,"Improve attendance, DSA, projects."
3650,4650,High,Low,High,High,"Improve attendance, DSA, projects."
3651,4651,Medium,Low,Medium,Medium,"Improve attendance, DSA, projects."
3652,4652,Medium,Low,Medium,Medium,"Improve attendance, DSA, projects."
3653,4653,High,Low,High,High,"Improve attendance, DSA, projects."
3654,4654,High,Low,High,High,"Improve attendance, DSA, projects."
3655,4655,High,Low,High,High,"Improve attendance, DSA, projects."
3656,4656,Medium,Low,High,High,"Improve attendance, DSA, projects."
3657,4657,High,Low,High,High,"Improve attendance, DSA, projects."
3658,4658,High,Low,High,High,"Improve attendance, DSA, projects."
3659,4659,Medium,Low,Medium,Medium,"Improve attendance, DSA, projects."
3660,4660,Medium,Low,High,High,"Improve attendance, DSA, projects."
3661,4661,Medium,Low,High,High,"Improve attendance, DSA, projects."
3662,4662,Medium,Low,High,High,"Improve attendance, DSA, projects."
3663,4663,Low,Low,Medium,Medium,"Improve attendance, DSA, projects."
3664,4664,Low,Low,Medium,Medium,"Improve attendance, DSA, projects."
3665,4665,Medium,Low,High,High,"Improve attendance, DSA, projects."
3666,4666,Low,Low,Medium,Medium,"Improve attendance, DSA, projects."
3667,4667,Medium,Low,Medium,Medium,"Improve attendance, DSA, projects."
3668,4668,High,Low,High,High,"Improve attendance, DSA, projects."
3669,4669,High,Low,High,High,"Improve attendance, DSA, projects."
3670,4670,Low,Low,Medium,Medium,"Improve attendance, DSA, projects."
3671,4671,Medium,Low,High,High,"Improve attendance, DSA, projects."
3672,4672,Low,Low,Medium,Medium,"Improve attendance, DSA, projects."
3673,4673,Low,Low,Medium,Medium,"Improve attendance, DSA, projects."
3674,4674,Medium,Low,High,High,"Improve attendance, DSA, projects."
3675,4675,Low,Low,Medium,Medium,"Improve attendance, DSA, projects."
3676,4676,High,Low,High,High,"Improve attendance, DSA, projects."
3677,4677,Low,Low,Low,Low,Keep consistency.
3678,4678,Low,Low,Medium,Medium,"Improve attendance, DSA, projects."
3679,4679,Low,Low,Medium,Medium,"Improve attendance, DSA, projects."
3680,4680,High,Low,High,High,"Improve attendance, DSA, projects."
3681,4681,Low,Low,Medium,Medium,"Improve attendance, DSA, projects."
3682,4682,High,High,High,High,"Improve attendance, DSA, projects."
3683,4683,Medium,Low,High,High,"Improve attendance, DSA, projects."
3684,4684,Medium,Low,Medium,Medium,"Improve attendance, DSA, projects."
3685,4685,Medium,Low,High,High,"Improve attendance, DSA, projects."
3686,4686,Low,Low,Medium,Medium,"Improve attendance, DSA, projects."
3687,4687,Medium,Low,Medium,Medium,"Improve attendance, DSA, projects."
3688,4688,Low,Low,Medium,Medium,"Improve attendance, DSA, projects."
3689,4689,Low,Low,Medium,Medium,"Improve attendance, DSA, projects."
3690,4690,Low,Low,Medium,Medium,"Improve attendance, DSA, projects."
3691,4691,Low,Low,Medium,Medium,"Improve attendance, DSA, projects."
3692,4692,Medium,Low,High,High,"Improve attendance, DSA, projects."
3693,4693,Low,Low,Low,Low,Keep consistency.
3694,4694,Low,Low,Low,Low,Keep consistency.
3695,4695,Medium,Low,High,High,"Improve attendance, DSA, projects."
3696,4696,Medium,Low,Medium,Medium,"Improve attendance, DSA, projects."
3697,4697,Medium,Low,High,High,"Improve attendance, DSA, projects."
3698,4698,Medium,Low,Medium,Medium,"Improve attendance, DSA, projects."
3699,4699,Medium,Low,Medium,Medium,"Improve attendance, DSA, projects."
3700,4700,Medium,Low,High,High,"Improve attendance, DSA, projects."
3701,4701,Low,Low,Medium,Medium,"Improve attendance, DSA, projects."
3702,4702,Low,Low,Low,Low,Keep consistency.
3703,4703,High,Low,High,High,"Improve attendance, DSA, projects."
3704,4704,High,Low,High,High,"Improve attendance, DSA, projects."
3705,4705,Low,Low,Low,Low,Keep consistency.
3706,4706,Medium,Low,High,High,"Improve attendance, DSA, projects."
3707,4707,High,Low,High,High,"Improve attendance, DSA, projects."
3708,4708,Low,Low,Medium,Medium,"Improve attendance, DSA, projects."
3709,4709,High,Low,High,High,"Improve attendance, DSA, projects."
3710,4710,High,Low,High,High,"Improve attendance, DSA, projects."
3711,4711,High,Low,High,High,"Improve attendance, DSA, projects."
3712,4712,High,Low,High,High,"Improve attendance, DSA, projects."
3713,4713,Low,Low,Low,Low,Keep consistency.
3714,4714,Low,Low,Medium,Medium,"Improve attendance, DSA, projects."
3715,4715,High,Low,High,High,"Improve attendance, DSA, projects."
3716,4716,Medium,Low,High,High,"Improve attendance, DSA, projects."
3717,4717,Low,Low,Medium,Medium,"Improve attendance, DSA, projects."
3718,4718,Medium,Low,Medium,Medium,"Improve attendance, DSA, projects."
3719,4719,Medium,Low,High,High,"Improve attendance, DSA, projects."
3720,4720,Medium,Low,High,High,"Improve attendance, DSA, projects."
3721,4721,Medium,Low,Medium,Medium,"Improve attendance, DSA, projects."
3722,4722,Medium,Low,Medium,Medium,"Improve attendance, DSA, projects."
3723,4723,High,Low,High,High,"Improve attendance, DSA, projects."
3724,4724,High,Low,High,High,"Improve attendance, DSA, projects."
3725,4725,Medium,Low,Medium,Medium,"Improve attendance, DSA, projects."
3726,4726,Medium,Low,Medium,Medium,"Improve attendance, DSA, projects."
3727,4727,High,Low,High,High,"Improve attendance, DSA, projects."
3728,4728,Medium,Low,Medium,Medium,"Improve attendance, DSA, projects."
3729,4729,Medium,Low,Medium,Medium,"Improve attendance, DSA, projects."
3730,4730,Medium,Low,High,High,"Improve attendance, DSA, projects."
3731,4731,Medium,Low,High,High,"Improve attendance, DSA, projects."
3732,4732,Medium,Low,Medium,Medium,"Improve attendance, DSA, projects."
3733,4733,Low,Low,Medium,Medium,"Improve attendance, DSA, projects."
3734,4734,Low,Low,Low,Low,Keep consistency.
3735,4735,Medium,Low,Medium,Medium,"Improve attendance, DSA, projects."
3736,4736,Medium,Low,High,High,"Improve attendance, DSA, projects."
3737,4737,Medium,Low,High,High,"Improve attendance, DSA, projects."
3738,4738,Low,Low,Medium,Medium,"Improve attendance, DSA, projects."
3739,4739,Medium,Low,High,High,"Improve attendance, DSA, projects."
3740,4740,Low,Low,Low,Low,Keep consistency.
3741,4741,Medium,Low,High,High,"Improve attendance, DSA, projects."
3742,4742,Medium,Low,High,High,"Improve attendance, DSA, projects."
3743,4743,Medium,Low,Medium,Medium,"Improve attendance, DSA, projects."
3744,4744,Medium,Low,High,High,"Improve attendance, DSA, projects."
3745,4745,Medium,Low,High,High,"Improve attendance, DSA, projects."
3746,4746,High,High,High,High,"Improve attendance, DSA, projects."
3747,4747,High,Low,High,High,"Improve attendance, DSA, projects."
3748,4748,Low,Low,Low,Low,Keep consistency.
3749,4749,High,Low,High,High,"Improve attendance, DSA, projects."
3750,4750,High,Low,High,High,"Improve attendance, DSA, projects."
3751,4751,High,Low,High,High,"Improve attendance, DSA, projects."
3752,4752,Medium,Low,High,High,"Improve attendance, DSA, projects."
3753,4753,Medium,Low,Medium,Medium,"Improve attendance, DSA, projects."
3754,4754,Medium,Low,High,High,"Improve attendance, DSA, projects."
3755,4755,High,Low,High,High,"Improve attendance, DSA, projects."
3756,4756,Medium,Low,High,High,"Improve attendance, DSA, projects."
3757,4757,High,Low,High,High,"Improve attendance, DSA, projects."
3758,4758,Medium,Low,Medium,Medium,"Improve attendance, DSA, projects."
3759,4759,Medium,Low,Medium,Medium,"Improve attendance, DSA, projects."
3760,4760,Medium,Low,High,High,"Improve attendance, DSA, projects."
3761,4761,Medium,Low,Medium,Medium,"Improve attendance, DSA, projects."
3762,4762,Low,Low,Medium,Medium,"Improve attendance, DSA, projects."
3763,4763,High,Low,High,High,"Improve attendance, DSA, projects."
3764,4764,High,Low,High,High,"Improve attendance, DSA, projects."
3765,4765,High,Low,High,High,"Improve attendance, DSA, projects."
3766,4766,High,Low,High,High,"Improve attendance, DSA, projects."
3767,4767,Medium,Low,High,High,"Improve attendance, DSA, projects."
3768,4768,Low,Low,Medium,Medium,"Improve attendance, DSA, projects."
3769,4769,Medium,Low,Medium,Medium,"Improve attendance, DSA, projects."
3770,4770,Medium,Low,High,High,"Improve attendance, DSA, projects."
3771,4771,Medium,Low,Medium,Medium,"Improve attendance, DSA, projects."
3772,4772,Medium,Low,Medium,Medium,"Improve attendance, DSA, projects."
3773,4773,Medium,Low,High,High,"Improve attendance, DSA, projects."
3774,4774,High,Low,High,High,"Improve attendance, DSA, projects."
3775,4775,Medium,Low,Medium,Medium,"Improve attendance, DSA, projects."
3776,4776,High,Low,High,High,"Improve attendance, DSA, projects."
3777,4777,Low,Low,Low,Low,Keep consistency.
3778,4778,High,Low,High,High,"Improve attendance, DSA, projects."
3779,4779,Medium,Low,High,High,"Improve attendance, DSA, projects."
3780,4780,High,Low,High,High,"Improve attendance, DSA, projects."
3781,4781,Medium,Low,High,High,"Improve attendance, DSA, projects."
3782,4782,Medium,Low,Medium,Medium,"Improve attendance, DSA, projects."
3783,4783,High,Low,High,High,"Improve attendance, DSA, projects."
3784,4784,Medium,Low,High,High,"Improve attendance, DSA, projects."
3785,4785,Medium,Low,High,High,"Improve attendance, DSA, projects."
3786,4786,Medium,Low,Medium,Medium,"Improve attendance, DSA, projects."
3787,4787,Medium,Low,Medium,Medium,"Improve attendance, DSA, projects."
3788,4788,Low,Low,Low,Low,Keep consistency.
3789,4789,Medium,Low,Medium,Medium,"Improve attendance, DSA, projects."
3790,4790,Low,Low,Medium,Medium,"Improve attendance, DSA, projects."
3791,4791,Medium,Low,Medium,Medium,"Improve attendance, DSA, projects."
3792,4792,High,Low,High,High,"Improve attendance, DSA, projects."
3793,4793,Medium,Low,High,High,"Improve attendance, DSA, projects."
3794,4794,Medium,Low,Medium,Medium,"Improve attendance, DSA, projects."
3795,4795,High,Low,High,High,"Improve attendance, DSA, projects."
3796,4796,High,Low,High,High,"Improve attendance, DSA, projects."
3797,4797,High,Low,High,High,"Improve attendance, DSA, projects."
3798,4798,Medium,Low,Medium,Medium,"Improve attendance, DSA, projects."
3799,4799,Medium,Low,High,High,"Improve attendance, DSA, projects."
3800,4800,High,Low,High,High,"Improve attendance, DSA, projects."
3801,4801,Medium,Low,High,High,"Improve attendance, DSA, projects."
3802,4802,Medium,Low,High,High,"Improve attendance, DSA, projects."
3803,4803,High,Low,High,High,"Improve attendance, DSA, projects."
3804,4804,Medium,Low,Medium,Medium,"Improve attendance, DSA, projects."
3805,4805,Low,Low,Medium,Medium,"Improve attendance, DSA, projects."
3806,4806,Medium,Low,High,High,"Improve attendance, DSA, projects."
3807,4807,Medium,Low,Medium,Medium,"Improve attendance, DSA, projects."
3808,4808,Low,Low,Medium,Medium,"Improve attendance, DSA, projects."
3809,4809,Medium,Low,High,High,"Improve attendance, DSA, projects."
3810,4810,High,Low,High,High,"Improve attendance, DSA, projects."
3811,4811,Medium,Low,High,High,"Improve attendance, DSA, projects."
3812,4812,High,Low,High,High,"Improve attendance, DSA, projects."
3813,4813,High,Low,High,High,"Improve attendance, DSA, projects."
3814,4814,Low,Low,Medium,Medium,"Improve attendance, DSA, projects."
3815,4815,Low,Low,Medium,Medium,"Improve attendance, DSA, projects."
3816,4816,Low,Low,Medium,Medium,"Improve attendance, DSA, projects."
3817,4817,Low,Low,Low,Low,Keep consistency.
3818,4818,Medium,Low,Medium,Medium,"Improve attendance, DSA, projects."
3819,4819,Medium,Low,Medium,Medium,"Improve attendance, DSA, projects."
3820,4820,Low,Low,Low,Low,Keep consistency.
3821,4821,Medium,Low,Medium,Medium,"Improve attendance, DSA, projects."
3822,4822,High,Low,High,High,"Improve attendance, DSA, projects."
3823,4823,Low,Low,Medium,Medium,"Improve attendance, DSA, projects."
3824,4824,Low,Low,Low,Low,Keep consistency.
3825,4825,High,Low,High,High,"Improve attendance, DSA, projects."
3826,4826,Low,Low,Medium,Medium,"Improve attendance, DSA, projects."
3827,4827,Medium,Low,High,High,"Improve attendance, DSA, projects."
3828,4828,High,Low,High,High,"Improve attendance, DSA, projects."
3829,4829,Low,Low,Medium,Medium,"Improve attendance, DSA, projects."
3830,4830,Low,Low,Medium,Medium,"Improve attendance, DSA, projects."
3831,4831,Low,Low,Medium,Medium,"Improve attendance, DSA, projects."
3832,4832,Low,Low,Medium,Medium,"Improve attendance, DSA, projects."
3833,4833,Medium,Low,High,High,"Improve attendance, DSA, projects."
3834,4834,Medium,Low,Medium,Medium,"Improve attendance, DSA, projects."
3835,4835,Low,Low,Low,Low,Keep consistency.
3836,4836,Medium,Low,High,High,"Improve attendance, DSA, projects."
3837,4837,Medium,Low,Medium,Medium,"Improve attendance, DSA, projects."
3838,4838,Medium,Low,High,High,"Improve attendance, DSA, projects."
3839,4839,High,Low,High,High,"Improve attendance, DSA, projects."
3840,4840,High,Low,High,High,"Improve attendance, DSA, projects."
3841,4841,Medium,Low,Medium,Medium,"Improve attendance, DSA, projects."
3842,4842,Medium,Low,High,High,"Improve attendance, DSA, projects."
3843,4843,Medium,Low,Medium,Medium,"Improve attendance, DSA, projects."
3844,4844,Low,Low,Medium,Medium,"Improve attendance, DSA, projects."
3845,4845,High,Low,High,High,"Improve attendance, DSA, projects."
3846,4846,High,Low,High,High,"Improve attendance, DSA, projects."
3847,4847,Medium,Low,Medium,Medium,"Improve attendance, DSA, projects."
3848,4848,Medium,Low,Medium,Medium,"Improve attendance, DSA, projects."
3849,4849,Medium,Low,Medium,Medium,"Improve attendance, DSA, projects."
3850,4850,Medium,Low,Medium,Medium,"Improve attendance, DSA, projects."
3851,4851,Medium,Low,High,High,"Improve attendance, DSA, projects."
3852,4852,Low,Low,Medium,Medium,"Improve attendance, DSA, projects."
3853,4853,Medium,Low,Medium,Medium,"Improve attendance, DSA, projects."
3854,4854,Medium,Low,Medium,Medium,"Improve attendance, DSA, projects."
3855,4855,Medium,Low,High,High,"Improve attendance, DSA, projects."
3856,4856,Medium,Low,Medium,Medium,"Improve attendance, DSA, projects."
3857,4857,Medium,Low,Medium,Medium,"Improve attendance, DSA, projects."
3858,4858,High,Low,High,High,"Improve attendance, DSA, projects."
3859,4859,Medium,Low,High,High,"Improve attendance, DSA, projects."
3860,4860,Low,Low,Medium,Medium,"Improve attendance, DSA, projects."
3861,4861,Low,Low,Medium,Medium,"Improve attendance, DSA, projects."
3862,4862,Medium,High,High,High,"Improve attendance, DSA, projects."
3863,4863,Medium,Low,High,High,"Improve attendance, DSA, projects."
3864,4864,Medium,Low,Medium,Medium,"Improve attendance, DSA, projects."
3865,4865,Low,Low,Medium,Medium,"Improve attendance, DSA, projects."
3866,4866,Low,Low,Medium,Medium,"Improve attendance, DSA, projects."
3867,4867,Medium,Low,High,High,"Improve attendance, DSA, projects."
3868,4868,Low,Low,Medium,Medium,"Improve attendance, DSA, projects."
3869,4869,Medium,Low,High,High,"Improve attendance, DSA, projects."
3870,4870,High,Low,High,High,"Improve attendance, DSA, projects."
3871,4871,Low,Low,Low,Low,Keep consistency.
3872,4872,High,Low,High,High,"Improve attendance, DSA, projects."
3873,4873,Low,Low,Medium,Medium,"Improve attendance, DSA, projects."
3874,4874,Low,Low,Medium,Medium,"Improve attendance, DSA, projects."
3875,4875,Medium,Low,Medium,Medium,"Improve attendance, DSA, projects."
3876,4876,Medium,Low,High,High,"Improve attendance, DSA, projects."
3877,4877,Medium,Low,High,High,"Improve attendance, DSA, projects."
3878,4878,Medium,Low,High,High,"Improve attendance, DSA, projects."
3879,4879,High,Low,High,High,"Improve attendance, DSA, projects."
3880,4880,Medium,Low,High,High,"Improve attendance, DSA, projects."
3881,4881,Medium,Low,High,High,"Improve attendance, DSA, projects."
3882,4882,Low,Low,Medium,Medium,"Improve attendance, DSA, projects."
3883,4883,Medium,Low,High,High,"Improve attendance, DSA, projects."
3884,4884,Medium,Low,High,High,"Improve attendance, DSA, projects."
3885,4885,High,Low,High,High,"Improve attendance, DSA, projects."
3886,4886,Medium,Low,Medium,Medium,"Improve attendance, DSA, projects."
3887,4887,Medium,Low,Medium,Medium,"Improve attendance, DSA, projects."
3888,4888,Low,Low,Medium,Medium,"Improve attendance, DSA, projects."
3889,4889,Medium,Low,High,High,"Improve attendance, DSA, projects."
3890,4890,Medium,Low,Medium,Medium,"Improve attendance, DSA, projects."
3891,4891,Medium,Low,High,High,"Improve attendance, DSA, projects."
3892,4892,Low,Low,Low,Low,Keep consistency.
3893,4893,Low,Low,Medium,Medium,"Improve attendance, DSA, projects."
3894,4894,High,Low,High,High,"Improve attendance, DSA, projects."
3895,4895,Medium,Low,High,High,"Improve attendance, DSA, projects."
3896,4896,Medium,Low,Medium,Medium,"Improve attendance, DSA, projects."
3897,4897,Low,Low,Low,Low,Keep consistency.
3898,4898,High,Low,High,High,"Improve attendance, DSA, projects."
3899,4899,Medium,Low,Medium,Medium,"Improve attendance, DSA, projects."
3900,4900,Medium,Low,High,High,"Improve attendance, DSA, projects."
3901,4901,Low,Low,Medium,Medium,"Improve attendance, DSA, projects."
3902,4902,Low,Low,Medium,Medium,"Improve attendance, DSA, projects."
3903,4903,Medium,Low,Medium,Medium,"Improve attendance, DSA, projects."
3904,4904,Medium,Low,High,High,"Improve attendance, DSA, projects."
3905,4905,High,Low,High,High,"Improve attendance, DSA, projects."
3906,4906,Low,Low,Medium,Medium,"Improve attendance, DSA, projects."
3907,4907,Medium,Low,High,High,"Improve attendance, DSA, projects."
3908,4908,Medium,Low,Medium,Medium,"Improve attendance, DSA, projects."
3909,4909,Low,Low,Low,Low,Keep consistency.
3910,4910,High,Low,High,High,"Improve attendance, DSA, projects."
3911,4911,High,Low,High,High,"Improve attendance, DSA, projects."
3912,4912,Low,Low,Medium,Medium,"Improve attendance, DSA, projects."
3913,4913,Low,Low,Low,Low,Keep consistency.
3914,4914,High,Low,High,High,"Improve attendance, DSA, projects."
3915,4915,Medium,Low,High,High,"Improve attendance, DSA, projects."
3916,4916,Medium,Low,High,High,"Improve attendance, DSA, projects."
3917,4917,Medium,Low,High,High,"Improve attendance, DSA, projects."
3918,4918,Medium,Low,Medium,Medium,"Improve attendance, DSA, projects."
3919,4919,Medium,Low,Medium,Medium,"Improve attendance, DSA, projects."
3920,4920,High,Low,High,High,"Improve attendance, DSA, projects."
3921,4921,Low,Low,Low,Low,Keep consistency.
3922,4922,Medium,Low,Medium,Medium,"Improve attendance, DSA, projects."
3923,4923,Low,Low,Medium,Medium,"Improve attendance, DSA, projects."
3924,4924,Medium,Low,Medium,Medium,"Improve attendance, DSA, projects."
3925,4925,Low,Low,Medium,Medium,"Improve attendance, DSA, projects."
3926,4926,High,Low,High,High,"Improve attendance, DSA, projects."
3927,4927,Low,Low,Medium,Medium,"Improve attendance, DSA, projects."
3928,4928,Low,Low,Medium,Medium,"Improve attendance, DSA, projects."
3929,4929,Medium,Low,Medium,Medium,"Improve attendance, DSA, projects."
3930,4930,Medium,Low,High,High,"Improve attendance, DSA, projects."
3931,4931,High,Low,High,High,"Improve attendance, DSA, projects."
3932,4932,Medium,Low,Medium,Medium,"Improve attendance, DSA, projects."
3933,4933,High,Low,High,High,"Improve attendance, DSA, projects."
3934,4934,Low,Low,Low,Low,Keep consistency.
3935,4935,Medium,Low,Medium,Medium,"Improve attendance, DSA, projects."
3936,4936,Medium,Low,Medium,Medium,"Improve attendance, DSA, projects."
3937,4937,High,High,High,High,"Improve attendance, DSA, projects."
3938,4938,Medium,Low,Medium,Medium,"Improve attendance, DSA, projects."
3939,4939,High,Low,High,High,"Improve attendance, DSA, projects."
3940,4940,Low,Low,Medium,Medium,"Improve attendance, DSA, projects."
3941,4941,Medium,Low,Medium,Medium,"Improve attendance, DSA, projects."
3942,4942,Low,Low,Medium,Medium,"Improve attendance, DSA, projects."
3943,4943,Low,Low,Medium,Medium,"Improve attendance, DSA, projects."
3944,4944,Medium,Low,High,High,"Improve attendance, DSA, projects."
3945,4945,High,Low,High,High,"Improve attendance, DSA, projects."
3946,4946,Medium,Low,High,High,"Improve attendance, DSA, projects."
3947,4947,Medium,Low,Medium,Medium,"Improve attendance, DSA, projects."
3948,4948,Medium,Low,High,High,"Improve attendance, DSA, projects."
3949,4949,Medium,Low,High,High,"Improve attendance, DSA, projects."
3950,4950,Low,Low,Medium,Medium,"Improve attendance, DSA, projects."
3951,4951,High,Low,High,High,"Improve attendance, DSA, projects."
3952,4952,Low,Low,Low,Low,Keep consistency.
3953,4953,Low,Low,Medium,Medium,"Improve attendance, DSA, projects."
3954,4954,Medium,Low,Medium,Medium,"Improve attendance, DSA, projects."
3955,4955,Medium,Low,High,High,"Improve attendance, DSA, projects."
3956,4956,Low,Low,Medium,Medium,"Improve attendance, DSA, projects."
3957,4957,High,Low,High,High,"Improve attendance, DSA, projects."
3958,4958,High,Low,High,High,"Improve attendance, DSA, projects."
3959,4959,Medium,Low,High,High,"Improve attendance, DSA, projects."
3960,4960,High,Low,High,High,"Improve attendance, DSA, projects."
3961,4961,High,Low,High,High,"Improve attendance, DSA, projects."
3962,4962,Medium,Low,High,High,"Improve attendance, DSA, projects."
3963,4963,Medium,Low,High,High,"Improve attendance, DSA, projects."
3964,4964,Medium,Low,High,High,"Improve attendance, DSA, projects."
3965,4965,Medium,Low,Medium,Medium,"Improve attendance, DSA, projects."
3966,4966,Medium,Low,High,High,"Improve attendance, DSA, projects."
3967,4967,Medium,Low,High,High,"Improve attendance, DSA, projects."
3968,4968,Medium,Low,High,High,"Improve attendance, DSA, projects."
3969,4969,High,Low,High,High,"Improve attendance, DSA, projects."
3970,4970,Low,Low,Medium,Medium,"Improve attendance, DSA, projects."
3971,4971,Medium,Low,Medium,Medium,"Improve attendance, DSA, projects."
3972,4972,Low,Low,Medium,Medium,"Improve attendance, DSA, projects."
3973,4973,Low,Low,Medium,Medium,"Improve attendance, DSA, projects."
3974,4974,Medium,Low,Medium,Medium,"Improve attendance, DSA, projects."
3975,4975,Low,Low,Medium,Medium,"Improve attendance, DSA, projects."
3976,4976,Low,Low,Medium,Medium,"Improve attendance, DSA, projects."
3977,4977,Medium,Low,Medium,Medium,"Improve attendance, DSA, projects."
3978,4978,Medium,Low,Medium,Medium,"Improve attendance, DSA, projects."
3979,4979,Low,Low,Medium,Medium,"Improve attendance, DSA, projects."
3980,4980,High,Low,High,High,"Improve attendance, DSA, projects."
3981,4981,Medium,Low,Medium,Medium,"Improve attendance, DSA, projects."
3982,4982,High,Low,High,High,"Improve attendance, DSA, projects."
3983,4983,High,Low,High,High,"Improve attendance, DSA, projects."
3984,4984,High,Low,High,High,"Improve attendance, DSA, projects."
3985,4985,High,Low,High,High,"Improve attendance, DSA, projects."
3986,4986,Low,Low,Medium,Medium,"Improve attendance, DSA, projects."
3987,4987,Medium,Low,High,High,"Improve attendance, DSA, projects."
3988,4988,Low,Low,Low,Low,Keep consistency.
3989,4989,Low,Low,Low,Low,Keep consistency.
3990,4990,High,Low,High,High,"Improve attendance, DSA, projects."
3991,4991,Medium,Low,High,High,"Improve attendance, DSA, projects."
3992,4992,High,Low,High,High,"Improve attendance, DSA, projects."
3993,4993,High,Low,High,High,"Improve attendance, DSA, projects."
3994,4994,High,Low,High,High,"Improve attendance, DSA, projects."
3995,4995,Medium,Low,Medium,Medium,"Improve attendance, DSA, projects."
3996,4996,Low,Low,Medium,Medium,"Improve attendance, DSA, projects."
3997,4997,Medium,Low,High,High,"Improve attendance, DSA, projects."
3998,4998,Low,Low,Low,Low,Keep consistency.
3999,4999,Medium,Low,Medium,Medium,"Improve attendance, DSA, projects."
4000,5000,Medium,Low,Medium,Medium,"Improve attendance, DSA, projects."
4001,5001,Low,Low,Low,Low,Keep consistency.
4002,5002,Medium,Low,Medium,Medium,"Improve attendance, DSA, projects."
4003,5003,Medium,Low,High,High,"Improve attendance, DSA, projects."
4004,5004,Medium,Low,High,High,"Improve attendance, DSA, projects."
4005,5005,Low,Low,Low,Low,Keep consistency.
4006,5006,Medium,Low,High,High,"Improve attendance, DSA, projects."
4007,5007,Medium,Low,High,High,"Improve attendance, DSA, projects."
4008,5008,Medium,Low,High,High,"Improve attendance, DSA, projects."
4009,5009,Low,Low,Medium,Medium,"Improve attendance, DSA, projects."
4010,5010,Low,Low,Medium,Medium,"Improve attendance, DSA, projects."
4011,5011,High,Low,High,High,"Improve attendance, DSA, projects."
4012,5012,High,Low,High,High,"Improve attendance, DSA, projects."
4013,5013,Medium,Low,High,High,"Improve attendance, DSA, projects."
4014,5014,Medium,Low,High,High,"Improve attendance, DSA, projects."
4015,5015,High,Low,High,High,"Improve attendance, DSA, projects."
4016,5016,Low,Low,Low,Low,Keep consistency.
4017,5017,Low,Low,Medium,Medium,"Improve attendance, DSA, projects."
4018,5018,Medium,Low,Medium,Medium,"Improve attendance, DSA, projects."
4019,5019,Medium,Low,High,High,"Improve attendance, DSA, projects."
4020,5020,Low,Low,Medium,Medium,"Improve attendance, DSA, projects."
4021,5021,Low,Low,Medium,Medium,"Improve attendance, DSA, projects."
4022,5022,High,High,High,High,"Improve attendance, DSA, projects."
4023,5023,High,Low,High,High,"Improve attendance, DSA, projects."
4024,5024,Medium,Low,Medium,Medium,"Improve attendance, DSA, projects."
4025,5025,High,Low,High,High,"Improve attendance, DSA, projects."
4026,5026,High,Low,High,High,"Improve attendance, DSA, projects."
4027,5027,Low,Low,Medium,Medium,"Improve attendance, DSA, projects."
4028,5028,Low,Low,Medium,Medium,"Improve attendance, DSA, projects."
4029,5029,Medium,Low,High,High,"Improve attendance, DSA, projects."
4030,5030,Low,Low,Medium,Medium,"Improve attendance, DSA, projects."
4031,5031,Medium,Low,High,High,"Improve attendance, DSA, projects."
4032,5032,Medium,Low,Medium,Medium,"Improve attendance, DSA, projects."
4033,5033,Medium,Low,High,High,"Improve attendance, DSA, projects."
4034,5034,Medium,Low,High,High,"Improve attendance, DSA, projects."
4035,5035,High,Low,High,High,"Improve attendance, DSA, projects."
4036,5036,Medium,Low,High,High,"Improve attendance, DSA, projects."
4037,5037,Medium,Low,High,High,"Improve attendance, DSA, projects."
4038,5038,Low,Low,Medium,Medium,"Improve attendance, DSA, projects."
4039,5039,Medium,Low,Medium,Medium,"Improve attendance, DSA, projects."
4040,5040,High,Low,High,High,"Improve attendance, DSA, projects."
4041,5041,Medium,Low,High,High,"Improve attendance, DSA, projects."
4042,5042,High,High,High,High,"Improve attendance, DSA, projects."
4043,5043,Low,Low,Medium,Medium,"Improve attendance, DSA, projects."
4044,5044,Medium,Low,Medium,Medium,"Improve attendance, DSA, projects."
4045,5045,High,Low,High,High,"Improve attendance, DSA, projects."
4046,5046,High,Low,High,High,"Improve attendance, DSA, projects."
4047,5047,Medium,Low,High,High,"Improve attendance, DSA, projects."
4048,5048,Low,Low,Low,Low,Keep consistency.
4049,5049,Low,Low,Medium,Medium,"Improve attendance, DSA, projects."
4050,5050,Medium,Low,Medium,Medium,"Improve attendance, DSA, projects."
4051,5051,Low,Low,Low,Low,Keep consistency.
4052,5052,Medium,High,High,High,"Improve attendance, DSA, projects."
4053,5053,Medium,Low,High,High,"Improve attendance, DSA, projects."
4054,5054,Medium,Low,High,High,"Improve attendance, DSA, projects."
4055,5055,Low,Low,Medium,Medium,"Improve attendance, DSA, projects."
4056,5056,Medium,Low,Medium,Medium,"Improve attendance, DSA, projects."
4057,5057,Low,Low,Medium,Medium,"Improve attendance, DSA, projects."
4058,5058,Medium,Low,Medium,Medium,"Improve attendance, DSA, projects."
4059,5059,Medium,Low,High,High,"Improve attendance, DSA, projects."
4060,5060,Low,Low,Medium,Medium,"Improve attendance, DSA, projects."
4061,5061,High,Low,High,High,"Improve attendance, DSA, projects."
4062,5062,Medium,Low,Medium,Medium,"Improve attendance, DSA, projects."
4063,5063,Medium,Low,High,High,"Improve attendance, DSA, projects."
4064,5064,Medium,Low,High,High,"Improve attendance, DSA, projects."
4065,5065,Medium,Low,Medium,Medium,"Improve attendance, DSA, projects."
4066,5066,Low,Low,Medium,Medium,"Improve attendance, DSA, projects."
4067,5067,Medium,Low,High,High,"Improve attendance, DSA, projects."
4068,5068,High,Low,High,High,"Improve attendance, DSA, projects."
4069,5069,Medium,Low,High,High,"Improve attendance, DSA, projects."
4070,5070,High,Low,High,High,"Improve attendance, DSA, projects."
4071,5071,Medium,Low,High,High,"Improve attendance, DSA, projects."
4072,5072,Medium,Low,High,High,"Improve attendance, DSA, projects."
4073,5073,Medium,Low,Medium,Medium,"Improve attendance, DSA, projects."
4074,5074,Low,Low,Medium,Medium,"Improve attendance, DSA, projects."
4075,5075,Low,Low,Low,Low,Keep consistency.
4076,5076,High,Low,High,High,"Improve attendance, DSA, projects."
4077,5077,Low,Low,Medium,Medium,"Improve attendance, DSA, projects."
4078,5078,High,Low,High,High,"Improve attendance, DSA, projects."
4079,5079,Low,Low,Medium,Medium,"Improve attendance, DSA, projects."
4080,5080,Low,Low,Low,Low,Keep consistency.
4081,5081,Medium,Low,Medium,Medium,"Improve attendance, DSA, projects."
4082,5082,Medium,Low,High,High,"Improve attendance, DSA, projects."
4083,5083,High,Low,High,High,"Improve attendance, DSA, projects."
4084,5084,Medium,Low,Medium,Medium,"Improve attendance, DSA, projects."
4085,5085,Low,Low,Low,Low,Keep consistency.
4086,5086,Low,Low,Low,Low,Keep consistency.
4087,5087,Medium,Low,High,High,"Improve attendance, DSA, projects."
4088,5088,Low,Low,Low,Low,Keep consistency.
4089,5089,Low,Low,Low,Low,Keep consistency.
4090,5090,High,High,High,High,"Improve attendance, DSA, projects."
4091,5091,Low,Low,Low,Low,Keep consistency.
4092,5092,Medium,Low,High,High,"Improve attendance, DSA, projects."
4093,5093,High,Low,High,High,"Improve attendance, DSA, projects."
4094,5094,Low,Low,Medium,Medium,"Improve attendance, DSA, projects."
4095,5095,Low,Low,Medium,Medium,"Improve attendance, DSA, projects."
4096,5096,Medium,Low,High,High,"Improve attendance, DSA, projects."
4097,5097,Medium,Low,Medium,Medium,"Improve attendance, DSA, projects."
4098,5098,Medium,Low,High,High,"Improve attendance, DSA, projects."
4099,5099,Medium,Low,Medium,Medium,"Improve attendance, DSA, projects."
4100,5100,High,High,High,High,"Improve attendance, DSA, projects."
4101,5101,Medium,Low,Medium,Medium,"Improve attendance, DSA, projects."
4102,5102,Medium,Low,High,High,"Improve attendance, DSA, projects."
4103,5103,Low,Low,Medium,Medium,"Improve attendance, DSA, projects."
4104,5104,Low,Low,Medium,Medium,"Improve attendance, DSA, projects."
4105,5105,High,Low,High,High,"Improve attendance, DSA, projects."
4106,5106,High,Low,High,High,"Improve attendance, DSA, projects."
4107,5107,Low,Low,Medium,Medium,"Improve attendance, DSA, projects."
4108,5108,High,Low,High,High,"Improve attendance, DSA, projects."
4109,5109,Low,Low,Medium,Medium,"Improve attendance, DSA, projects."
4110,5110,Medium,Low,High,High,"Improve attendance, DSA, projects."
4111,5111,Medium,Low,High,High,"Improve attendance, DSA, projects."
4112,5112,Medium,Low,Medium,Medium,"Improve attendance, DSA, projects."
4113,5113,Low,Low,Low,Low,Keep consistency.
4114,5114,Medium,Low,High,High,"Improve attendance, DSA, projects."
4115,5115,Medium,Low,Medium,Medium,"Improve attendance, DSA, projects."
4116,5116,Low,Low,Medium,Medium,"Improve attendance, DSA, projects."
4117,5117,Medium,Low,High,High,"Improve attendance, DSA, projects."
4118,5118,Medium,Low,Medium,Medium,"Improve attendance, DSA, projects."
4119,5119,High,Low,High,High,"Improve attendance, DSA, projects."
4120,5120,Medium,Low,High,High,"Improve attendance, DSA, projects."
4121,5121,Medium,Low,Medium,Medium,"Improve attendance, DSA, projects."
4122,5122,Low,Low,Low,Low,Keep consistency.
4123,5123,Low,Low,Medium,Medium,"Improve attendance, DSA, projects."
4124,5124,High,Low,High,High,"Improve attendance, DSA, projects."
4125,5125,Low,Low,Medium,Medium,"Improve attendance, DSA, projects."
4126,5126,Low,Low,Medium,Medium,"Improve attendance, DSA, projects."
4127,5127,Low,Low,Low,Low,Keep consistency.
4128,5128,High,Low,High,High,"Improve attendance, DSA, projects."
4129,5129,Medium,Low,High,High,"Improve attendance, DSA, projects."
4130,5130,High,Low,High,High,"Improve attendance, DSA, projects."
4131,5131,Medium,Low,High,High,"Improve attendance, DSA, projects."
4132,5132,Medium,Low,High,High,"Improve attendance, DSA, projects."
4133,5133,Low,Low,Medium,Medium,"Improve attendance, DSA, projects."
4134,5134,Low,Low,Low,Low,Keep consistency.
4135,5135,High,Low,High,High,"Improve attendance, DSA, projects."
4136,5136,Medium,Low,Medium,Medium,"Improve attendance, DSA, projects."
4137,5137,High,Low,High,High,"Improve attendance, DSA, projects."
4138,5138,High,Low,High,High,"Improve attendance, DSA, projects."
4139,5139,Low,Low,Low,Low,Keep consistency.
4140,5140,Low,Low,Medium,Medium,"Improve attendance, DSA, projects."
4141,5141,High,Low,High,High,"Improve attendance, DSA, projects."
4142,5142,Low,Low,Medium,Medium,"Improve attendance, DSA, projects."
4143,5143,High,Low,High,High,"Improve attendance, DSA, projects."
4144,5144,Low,Low,Medium,Medium,"Improve attendance, DSA, projects."
4145,5145,High,Low,High,High,"Improve attendance, DSA, projects."
4146,5146,Medium,Low,Medium,Medium,"Improve attendance, DSA, projects."
4147,5147,Medium,Low,Medium,Medium,"Improve attendance, DSA, projects."
4148,5148,Medium,Low,High,High,"Improve attendance, DSA, projects."
4149,5149,Medium,Low,High,High,"Improve attendance, DSA, projects."
4150,5150,Low,Low,Medium,Medium,"Improve attendance, DSA, projects."
4151,5151,Medium,Low,High,High,"Improve attendance, DSA, projects."
4152,5152,Low,Low,Medium,Medium,"Improve attendance, DSA, projects."
4153,5153,Medium,Low,Medium,Medium,"Improve attendance, DSA, projects."
4154,5154,Medium,Low,Medium,Medium,"Improve attendance, DSA, projects."
4155,5155,High,Low,High,High,"Improve attendance, DSA, projects."
4156,5156,Medium,Low,High,High,"Improve attendance, DSA, projects."
4157,5157,Medium,Low,Medium,Medium,"Improve attendance, DSA, projects."
4158,5158,High,Low,High,High,"Improve attendance, DSA, projects."
4159,5159,Low,Low,Low,Low,Keep consistency.
4160,5160,Medium,Low,High,High,"Improve attendance, DSA, projects."
4161,5161,Medium,Low,Medium,Medium,"Improve attendance, DSA, projects."
4162,5162,High,Low,High,High,"Improve attendance, DSA, projects."
4163,5163,Low,Low,Low,Low,Keep consistency.
4164,5164,Low,Low,Medium,Medium,"Improve attendance, DSA, projects."
4165,5165,Low,Low,Medium,Medium,"Improve attendance, DSA, projects."
4166,5166,High,Low,High,High,"Improve attendance, DSA, projects."
4167,5167,Low,Low,Medium,Medium,"Improve attendance, DSA, projects."
4168,5168,Medium,Low,Medium,Medium,"Improve attendance, DSA, projects."
4169,5169,Medium,Low,Medium,Medium,"Improve attendance, DSA, projects."
4170,5170,Medium,Low,High,High,"Improve attendance, DSA, projects."
4171,5171,High,Low,High,High,"Improve attendance, DSA, projects."
4172,5172,Low,Low,Medium,Medium,"Improve attendance, DSA, projects."
4173,5173,Medium,Low,High,High,"Improve attendance, DSA, projects."
4174,5174,High,Low,High,High,"Improve attendance, DSA, projects."
4175,5175,Low,Low,Medium,Medium,"Improve attendance, DSA, projects."
4176,5176,Low,Low,Medium,Medium,"Improve attendance, DSA, projects."
4177,5177,Low,Low,Medium,Medium,"Improve attendance, DSA, projects."
4178,5178,Low,Low,Medium,Medium,"Improve attendance, DSA, projects."
4179,5179,Low,Low,Low,Low,Keep consistency.
4180,5180,Medium,Low,Medium,Medium,"Improve attendance, DSA, projects."
4181,5181,Low,Low,Medium,Medium,"Improve attendance, DSA, projects."
4182,5182,High,Low,High,High,"Improve attendance, DSA, projects."
4183,5183,Low,Low,Medium,Medium,"Improve attendance, DSA, projects."
4184,5184,Low,Low,Low,Low,Keep consistency.
4185,5185,Medium,Low,Medium,Medium,"Improve attendance, DSA, projects."
4186,5186,Low,Low,Medium,Medium,"Improve attendance, DSA, projects."
4187,5187,Low,Low,Medium,Medium,"Improve attendance, DSA, projects."
4188,5188,Medium,Low,High,High,"Improve attendance, DSA, projects."
4189,5189,High,Low,High,High,"Improve attendance, DSA, projects."
4190,5190,Medium,Low,Medium,Medium,"Improve attendance, DSA, projects."
4191,5191,Medium,Low,Medium,Medium,"Improve attendance, DSA, projects."
4192,5192,Medium,Low,High,High,"Improve attendance, DSA, projects."
4193,5193,Low,Low,Low,Low,Keep consistency.
4194,5194,Medium,Low,High,High,"Improve attendance, DSA, projects."
4195,5195,Medium,Low,Medium,Medium,"Improve attendance, DSA, projects."
4196,5196,High,Low,High,High,"Improve attendance, DSA, projects."
4197,5197,Medium,Low,High,High,"Improve attendance, DSA, projects."
4198,5198,High,Low,High,High,"Improve attendance, DSA, projects."
4199,5199,Low,Low,Low,Low,Keep consistency.
4200,5200,Medium,Low,Medium,Medium,"Improve attendance, DSA, projects."
4201,5201,Medium,Low,Medium,Medium,"Improve attendance, DSA, projects."
4202,5202,Medium,High,Medium,Medium,"Improve attendance, DSA, projects."
4203,5203,Low,Low,Medium,Medium,"Improve attendance, DSA, projects."
4204,5204,Low,Low,Medium,Medium,"Improve attendance, DSA, projects."
4205,5205,Low,Low,Medium,Medium,"Improve attendance, DSA, projects."
4206,5206,Medium,Low,Medium,Medium,"Improve attendance, DSA, projects."
4207,5207,High,Low,High,High,"Improve attendance, DSA, projects."
4208,5208,Medium,High,High,High,"Improve attendance, DSA, projects."
4209,5209,Medium,Low,Medium,Medium,"Improve attendance, DSA, projects."
4210,5210,Low,Low,Medium,Medium,"Improve attendance, DSA, projects."
4211,5211,Low,Low,Low,Low,Keep consistency.
4212,5212,Low,Low,Low,Low,Keep consistency.
4213,5213,High,Low,High,High,"Improve attendance, DSA, projects."
4214,5214,Low,Low,Low,Low,Keep consistency.
4215,5215,Medium,Low,Medium,Medium,"Improve attendance, DSA, projects."
4216,5216,Medium,Low,High,High,"Improve attendance, DSA, projects."
4217,5217,Low,Low,Medium,Medium,"Improve attendance, DSA, projects."
4218,5218,High,Low,High,High,"Improve attendance, DSA, projects."
4219,5219,Medium,Low,High,High,"Improve attendance, DSA, projects."
4220,5220,Low,Low,Medium,Medium,"Improve attendance, DSA, projects."
4221,5221,Low,Low,Low,Low,Keep consistency.
4222,5222,Medium,Low,Medium,Medium,"Improve attendance, DSA, projects."
4223,5223,Medium,Low,High,High,"Improve attendance, DSA, projects."
4224,5224,High,Low,High,High,"Improve attendance, DSA, projects."
4225,5225,Low,Low,Medium,Medium,"Improve attendance, DSA, projects."
4226,5226,Low,Low,Low,Low,Keep consistency.
4227,5227,Medium,Low,Medium,Medium,"Improve attendance, DSA, projects."
4228,5228,Medium,Low,High,High,"Improve attendance, DSA, projects."
4229,5229,Medium,Low,Medium,Medium,"Improve attendance, DSA, projects."
4230,5230,High,Low,High,High,"Improve attendance, DSA, projects."
4231,5231,Medium,Low,High,High,"Improve attendance, DSA, projects."
4232,5232,Low,Low,Medium,Medium,"Improve attendance, DSA, projects."
4233,5233,Low,Low,Medium,Medium,"Improve attendance, DSA, projects."
4234,5234,Low,Low,Medium,Medium,"Improve attendance, DSA, projects."
4235,5235,Medium,Low,Medium,Medium,"Improve attendance, DSA, projects."
4236,5236,High,Low,High,High,"Improve attendance, DSA, projects."
4237,5237,Medium,Low,High,High,"Improve attendance, DSA, projects."
4238,5238,High,Low,High,High,"Improve attendance, DSA, projects."
4239,5239,Medium,Low,High,High,"Improve attendance, DSA, projects."
4240,5240,Medium,Low,High,High,"Improve attendance, DSA, projects."
4241,5241,Medium,Low,Medium,Medium,"Improve attendance, DSA, projects."
4242,5242,Low,Low,Medium,Medium,"Improve attendance, DSA, projects."
4243,5243,High,Low,High,High,"Improve attendance, DSA, projects."
4244,5244,Low,Low,Low,Low,Keep consistency.
4245,5245,Medium,Low,High,High,"Improve attendance, DSA, projects."
4246,5246,Low,Low,Medium,Medium,"Improve attendance, DSA, projects."
4247,5247,Low,Low,Medium,Medium,"Improve attendance, DSA, projects."
4248,5248,Medium,Low,Medium,Medium,"Improve attendance, DSA, projects."
4249,5249,Medium,Low,Medium,Medium,"Improve attendance, DSA, projects."
4250,5250,Medium,Low,Medium,Medium,"Improve attendance, DSA, projects."
4251,5251,Low,Low,Medium,Medium,"Improve attendance, DSA, projects."
4252,5252,High,Low,High,High,"Improve attendance, DSA, projects."
4253,5253,Medium,Low,Medium,Medium,"Improve attendance, DSA, projects."
4254,5254,Medium,Low,Medium,Medium,"Improve attendance, DSA, projects."
4255,5255,Medium,Low,Medium,Medium,"Improve attendance, DSA, projects."
4256,5256,Medium,Low,High,High,"Improve attendance, DSA, projects."
4257,5257,Medium,Low,Medium,Medium,"Improve attendance, DSA, projects."
4258,5258,Medium,Low,High,High,"Improve attendance, DSA, projects."
4259,5259,Medium,Low,High,High,"Improve attendance, DSA, projects."
4260,5260,Low,Low,Medium,Medium,"Improve attendance, DSA, projects."
4261,5261,Medium,Low,Medium,Medium,"Improve attendance, DSA, projects."
4262,5262,Low,Low,Medium,Medium,"Improve attendance, DSA, projects."
4263,5263,Low,Low,Medium,Medium,"Improve attendance, DSA, projects."
4264,5264,Medium,Low,High,High,"Improve attendance, DSA, projects."
4265,5265,Medium,Low,High,High,"Improve attendance, DSA, projects."
4266,5266,Medium,Low,High,High,"Improve attendance, DSA, projects."
4267,5267,Low,Low,Medium,Medium,"Improve attendance, DSA, projects."
4268,5268,Medium,Low,Medium,Medium,"Improve attendance, DSA, projects."
4269,5269,Low,Low,Medium,Medium,"Improve attendance, DSA, projects."
4270,5270,Medium,Low,High,High,"Improve attendance, DSA, projects."
4271,5271,Medium,Low,High,High,"Improve attendance, DSA, projects."
4272,5272,Medium,Low,Medium,Medium,"Improve attendance, DSA, projects."
4273,5273,Low,Low,Medium,Medium,"Improve attendance, DSA, projects."
4274,5274,Medium,Low,High,High,"Improve attendance, DSA, projects."
4275,5275,Low,Low,Medium,Medium,"Improve attendance, DSA, projects."
4276,5276,Medium,Low,High,High,"Improve attendance, DSA, projects."
4277,5277,Medium,Low,High,High,"Improve attendance, DSA, projects."
4278,5278,Medium,Low,High,High,"Improve attendance, DSA, projects."
4279,5279,High,Low,High,High,"Improve attendance, DSA, projects."
4280,5280,High,Low,High,High,"Improve attendance, DSA, projects."
4281,5281,High,Low,High,High,"Improve attendance, DSA, projects."
4282,5282,High,Low,High,High,"Improve attendance, DSA, projects."
4283,5283,High,Low,High,High,"Improve attendance, DSA, projects."
4284,5284,Medium,Low,High,High,"Improve attendance, DSA, projects."
4285,5285,Medium,Low,High,High,"Improve attendance, DSA, projects."
4286,5286,High,Low,High,High,"Improve attendance, DSA, projects."
4287,5287,Low,Low,Low,Low,Keep consistency.
4288,5288,Low,Low,Medium,Medium,"Improve attendance, DSA, projects."
4289,5289,Low,Low,Medium,Medium,"Improve attendance, DSA, projects."
4290,5290,Low,Low,Low,Low,Keep consistency.
4291,5291,Low,Low,Medium,Medium,"Improve attendance, DSA, projects."
4292,5292,Low,Low,Medium,Medium,"Improve attendance, DSA, projects."
4293,5293,Medium,Low,High,High,"Improve attendance, DSA, projects."
4294,5294,Medium,Low,High,High,"Improve attendance, DSA, projects."
4295,5295,Medium,Low,Medium,Medium,"Improve attendance, DSA, projects."
4296,5296,Medium,Low,Medium,Medium,"Improve attendance, DSA, projects."
4297,5297,Medium,Low,Medium,Medium,"Improve attendance, DSA, projects."
4298,5298,Medium,Low,High,High,"Improve attendance, DSA, projects."
4299,5299,Medium,Low,High,High,"Improve attendance, DSA, projects."
4300,5300,Low,Low,Low,Low,Keep consistency.
4301,5301,Low,Low,Low,Low,Keep consistency.
4302,5302,High,Low,High,High,"Improve attendance, DSA, projects."
4303,5303,High,Low,High,High,"Improve attendance, DSA, projects."
4304,5304,Medium,Low,High,High,"Improve attendance, DSA, projects."
4305,5305,High,Low,High,High,"Improve attendance, DSA, projects."
4306,5306,High,Low,High,High,"Improve attendance, DSA, projects."
4307,5307,High,Low,High,High,"Improve attendance, DSA, projects."
4308,5308,Low,Low,Low,Low,Keep consistency.
4309,5309,Low,Low,Low,Low,Keep consistency.
4310,5310,Medium,Low,High,High,"Improve attendance, DSA, projects."
4311,5311,High,Low,High,High,"Improve attendance, DSA, projects."
4312,5312,Low,Low,Medium,Medium,"Improve attendance, DSA, projects."
4313,5313,High,Low,High,High,"Improve attendance, DSA, projects."
4314,5314,High,Low,High,High,"Improve attendance, DSA, projects."
4315,5315,High,Low,High,High,"Improve attendance, DSA, projects."
4316,5316,High,Low,High,High,"Improve attendance, DSA, projects."
4317,5317,Medium,Low,High,High,"Improve attendance, DSA, projects."
4318,5318,Low,Low,Medium,Medium,"Improve attendance, DSA, projects."
4319,5319,Low,Low,Medium,Medium,"Improve attendance, DSA, projects."
4320,5320,Low,Low,Medium,Medium,"Improve attendance, DSA, projects."
4321,5321,Medium,Low,High,High,"Improve attendance, DSA, projects."
4322,5322,Medium,Low,Medium,Medium,"Improve attendance, DSA, projects."
4323,5323,Low,Low,Medium,Medium,"Improve attendance, DSA, projects."
4324,5324,Medium,Low,Medium,Medium,"Improve attendance, DSA, projects."
4325,5325,Low,Low,Low,Low,Keep consistency.
4326,5326,Medium,Low,Medium,Medium,"Improve attendance, DSA, projects."
4327,5327,High,Low,High,High,"Improve attendance, DSA, projects."
4328,5328,Low,Low,Medium,Medium,"Improve attendance, DSA, projects."
4329,5329,High,Low,High,High,"Improve attendance, DSA, projects."
4330,5330,Medium,Low,High,High,"Improve attendance, DSA, projects."
4331,5331,Medium,Low,High,High,"Improve attendance, DSA, projects."
4332,5332,High,Low,High,High,"Improve attendance, DSA, projects."
4333,5333,High,Low,High,High,"Improve attendance, DSA, projects."
4334,5334,High,Low,High,High,"Improve attendance, DSA, projects."
4335,5335,Medium,Low,High,High,"Improve attendance, DSA, projects."
4336,5336,Medium,Low,High,High,"Improve attendance, DSA, projects."
4337,5337,Medium,Low,High,High,"Improve attendance, DSA, projects."
4338,5338,Medium,Low,Medium,Medium,"Improve attendance, DSA, projects."
4339,5339,High,Low,High,High,"Improve attendance, DSA, projects."
4340,5340,Low,Low,Medium,Medium,"Improve attendance, DSA, projects."
4341,5341,Medium,Low,Medium,Medium,"Improve attendance, DSA, projects."
4342,5342,Medium,Low,Medium,Medium,"Improve attendance, DSA, projects."
4343,5343,Medium,Low,High,High,"Improve attendance, DSA, projects."
4344,5344,Medium,Low,High,High,"Improve attendance, DSA, projects."
4345,5345,Medium,Low,Medium,Medium,"Improve attendance, DSA, projects."
4346,5346,High,Low,High,High,"Improve attendance, DSA, projects."
4347,5347,Low,Low,Low,Low,Keep consistency.
4348,5348,Low,Low,Medium,Medium,"Improve attendance, DSA, projects."
4349,5349,Low,Low,Medium,Medium,"Improve attendance, DSA, projects."
4350,5350,Medium,Low,High,High,"Improve attendance, DSA, projects."
4351,5351,High,Low,High,High,"Improve attendance, DSA, projects."
4352,5352,Medium,Low,High,High,"Improve attendance, DSA, projects."
4353,5353,High,Low,High,High,"Improve attendance, DSA, projects."
4354,5354,High,Low,High,High,"Improve attendance, DSA, projects."
4355,5355,Medium,Low,Medium,Medium,"Improve attendance, DSA, projects."
4356,5356,Low,Low,Low,Low,Keep consistency.
4357,5357,Low,Low,Low,Low,Keep consistency.
4358,5358,Low,Low,Medium,Medium,"Improve attendance, DSA, projects."
4359,5359,Medium,Low,High,High,"Improve attendance, DSA, projects."
4360,5360,Medium,High,Medium,Medium,"Improve attendance, DSA, projects."
4361,5361,Medium,Low,Medium,Medium,"Improve attendance, DSA, projects."
4362,5362,Medium,Low,High,High,"Improve attendance, DSA, projects."
4363,5363,Low,Low,Medium,Medium,"Improve attendance, DSA, projects."
4364,5364,Medium,Low,Medium,Medium,"Improve attendance, DSA, projects."
4365,5365,Low,Low,Medium,Medium,"Improve attendance, DSA, projects."
4366,5366,Low,Low,Medium,Medium,"Improve attendance, DSA, projects."
4367,5367,Low,Low,Medium,Medium,"Improve attendance, DSA, projects."
4368,5368,Low,Low,Medium,Medium,"Improve attendance, DSA, projects."
4369,5369,Low,Low,Medium,Medium,"Improve attendance, DSA, projects."
4370,5370,High,Low,High,High,"Improve attendance, DSA, projects."
4371,5371,Low,Low,Medium,Medium,"Improve attendance, DSA, projects."
4372,5372,High,Low,High,High,"Improve attendance, DSA, projects."
4373,5373,Low,Low,Medium,Medium,"Improve attendance, DSA, projects."
4374,5374,Medium,Low,Medium,Medium,"Improve attendance, DSA, projects."
4375,5375,Low,Low,Medium,Medium,"Improve attendance, DSA, projects."
4376,5376,Medium,Low,Medium,Medium,"Improve attendance, DSA, projects."
4377,5377,Medium,Low,High,High,"Improve attendance, DSA, projects."
4378,5378,Medium,Low,Medium,Medium,"Improve attendance, DSA, projects."
4379,5379,Medium,Low,High,High,"Improve attendance, DSA, projects."
4380,5380,High,Low,High,High,"Improve attendance, DSA, projects."
4381,5381,Medium,Low,Medium,Medium,"Improve attendance, DSA, projects."
4382,5382,Low,Low,Low,Low,Keep consistency.
4383,5383,Medium,Low,Medium,Medium,"Improve attendance, DSA, projects."
4384,5384,Medium,Low,High,High,"Improve attendance, DSA, projects."
4385,5385,Medium,Low,High,High,"Improve attendance, DSA, projects."
4386,5386,Low,Low,Low,Low,Keep consistency.
4387,5387,Medium,Low,High,High,"Improve attendance, DSA, projects."
4388,5388,Medium,Low,Medium,Medium,"Improve attendance, DSA, projects."
4389,5389,High,Low,High,High,"Improve attendance, DSA, projects."
4390,5390,Medium,Low,Medium,Medium,"Improve attendance, DSA, projects."
4391,5391,Medium,Low,Medium,Medium,"Improve attendance, DSA, projects."
4392,5392,Medium,Low,High,High,"Improve attendance, DSA, projects."
4393,5393,Medium,Low,High,High,"Improve attendance, DSA, projects."
4394,5394,Low,Low,Medium,Medium,"Improve attendance, DSA, projects."
4395,5395,Low,Low,Low,Low,Keep consistency.
4396,5396,Low,Low,Medium,Medium,"Improve attendance, DSA, projects."
4397,5397,High,Low,High,High,"Improve attendance, DSA, projects."
4398,5398,Medium,Low,High,High,"Improve attendance, DSA, projects."
4399,5399,Low,Low,Medium,Medium,"Improve attendance, DSA, projects."
4400,5400,Medium,Low,High,High,"Improve attendance, DSA, projects."
4401,5401,Medium,Low,Medium,Medium,"Improve attendance, DSA, projects."
4402,5402,Low,Low,Low,Low,Keep consistency.
4403,5403,Medium,Low,Medium,Medium,"Improve attendance, DSA, projects."
4404,5404,Medium,Low,Medium,Medium,"Improve attendance, DSA, projects."
4405,5405,Medium,Low,Medium,Medium,"Improve attendance, DSA, projects."
4406,5406,Medium,Low,High,High,"Improve attendance, DSA, projects."
4407,5407,Low,Low,Low,Low,Keep consistency.
4408,5408,High,Low,High,High,"Improve attendance, DSA, projects."
4409,5409,Medium,Low,Medium,Medium,"Improve attendance, DSA, projects."
4410,5410,Medium,Low,Medium,Medium,"Improve attendance, DSA, projects."
4411,5411,High,Low,High,High,"Improve attendance, DSA, projects."
4412,5412,Low,Low,Medium,Medium,"Improve attendance, DSA, projects."
4413,5413,Medium,Low,High,High,"Improve attendance, DSA, projects."
4414,5414,High,Low,High,High,"Improve attendance, DSA, projects."
4415,5415,Medium,Low,High,High,"Improve attendance, DSA, projects."
4416,5416,Low,Low,Medium,Medium,"Improve attendance, DSA, projects."
4417,5417,Medium,Low,Medium,Medium,"Improve attendance, DSA, projects."
4418,5418,High,Low,High,High,"Improve attendance, DSA, projects."
4419,5419,Medium,Low,Medium,Medium,"Improve attendance, DSA, projects."
4420,5420,Medium,Low,Medium,Medium,"Improve attendance, DSA, projects."
4421,5421,Medium,Low,Medium,Medium,"Improve attendance, DSA, projects."
4422,5422,Medium,Low,High,High,"Improve attendance, DSA, projects."
4423,5423,High,Low,High,High,"Improve attendance, DSA, projects."
4424,5424,Medium,Low,Medium,Medium,"Improve attendance, DSA, projects."
4425,5425,Low,Low,Medium,Medium,"Improve attendance, DSA, projects."
4426,5426,Medium,Low,Medium,Medium,"Improve attendance, DSA, projects."
4427,5427,High,Low,High,High,"Improve attendance, DSA, projects."
4428,5428,Low,Low,Medium,Medium,"Improve attendance, DSA, projects."
4429,5429,High,Low,High,High,"Improve attendance, DSA, projects."
4430,5430,Medium,Low,Medium,Medium,"Improve attendance, DSA, projects."
4431,5431,Medium,Low,Medium,Medium,"Improve attendance, DSA, projects."
4432,5432,Low,Low,Medium,Medium,"Improve attendance, DSA, projects."
4433,5433,Medium,Low,High,High,"Improve attendance, DSA, projects."
4434,5434,High,Low,High,High,"Improve attendance, DSA, projects."
4435,5435,Low,Low,Low,Low,Keep consistency.
4436,5436,Medium,Low,Medium,Medium,"Improve attendance, DSA, projects."
4437,5437,Medium,Low,Medium,Medium,"Improve attendance, DSA, projects."
4438,5438,High,Low,High,High,"Improve attendance, DSA, projects."
4439,5439,Medium,Low,Medium,Medium,"Improve attendance, DSA, projects."
4440,5440,Low,Low,Low,Low,Keep consistency.
4441,5441,High,Low,High,High,"Improve attendance, DSA, projects."
4442,5442,Medium,Low,High,High,"Improve attendance, DSA, projects."
4443,5443,High,Low,High,High,"Improve attendance, DSA, projects."
4444,5444,High,Low,High,High,"Improve attendance, DSA, projects."
4445,5445,High,Low,High,High,"Improve attendance, DSA, projects."
4446,5446,Medium,Low,High,High,"Improve attendance, DSA, projects."
4447,5447,Low,Low,Medium,Medium,"Improve attendance, DSA, projects."
4448,5448,Medium,Low,High,High,"Improve attendance, DSA, projects."
4449,5449,High,Low,High,High,"Improve attendance, DSA, projects."
4450,5450,Medium,Low,Medium,Medium,"Improve attendance, DSA, projects."
4451,5451,Medium,Low,Medium,Medium,"Improve attendance, DSA, projects."
4452,5452,Medium,Low,Medium,Medium,"Improve attendance, DSA, projects."
4453,5453,Medium,Low,High,High,"Improve attendance, DSA, projects."
4454,5454,Medium,Low,High,High,"Improve attendance, DSA, projects."
4455,5455,Low,Low,Medium,Medium,"Improve attendance, DSA, projects."
4456,5456,Low,Low,Medium,Medium,"Improve attendance, DSA, projects."
4457,5457,High,Low,High,High,"Improve attendance, DSA, projects."
4458,5458,Medium,Low,Medium,Medium,"Improve attendance, DSA, projects."
4459,5459,High,Low,High,High,"Improve attendance, DSA, projects."
4460,5460,Low,Low,Medium,Medium,"Improve attendance, DSA, projects."
4461,5461,Medium,Low,High,High,"Improve attendance, DSA, projects."
4462,5462,Medium,Low,Medium,Medium,"Improve attendance, DSA, projects."
4463,5463,Low,Low,Medium,Medium,"Improve attendance, DSA, projects."
4464,5464,Medium,Low,Medium,Medium,"Improve attendance, DSA, projects."
4465,5465,Medium,Low,Medium,Medium,"Improve attendance, DSA, projects."
4466,5466,Low,Low,Medium,Medium,"Improve attendance, DSA, projects."
4467,5467,High,Low,High,High,"Improve attendance, DSA, projects."
4468,5468,High,Low,High,High,"Improve attendance, DSA, projects."
4469,5469,Medium,Low,High,High,"Improve attendance, DSA, projects."
4470,5470,Low,Low,Medium,Medium,"Improve attendance, DSA, projects."
4471,5471,High,Low,High,High,"Improve attendance, DSA, projects."
4472,5472,High,Low,High,High,"Improve attendance, DSA, projects."
4473,5473,Medium,Low,Medium,Medium,"Improve attendance, DSA, projects."
4474,5474,Medium,Low,Medium,Medium,"Improve attendance, DSA, projects."
4475,5475,Medium,Low,High,High,"Improve attendance, DSA, projects."
4476,5476,Low,Low,Medium,Medium,"Improve attendance, DSA, projects."
4477,5477,High,Low,High,High,"Improve attendance, DSA, projects."
4478,5478,Medium,Low,High,High,"Improve attendance, DSA, projects."
4479,5479,Low,Low,Medium,Medium,"Improve attendance, DSA, projects."
4480,5480,Medium,Low,Medium,Medium,"Improve attendance, DSA, projects."
4481,5481,High,Low,High,High,"Improve attendance, DSA, projects."
4482,5482,High,Low,High,High,"Improve attendance, DSA, projects."
4483,5483,Medium,Low,High,High,"Improve attendance, DSA, projects."
4484,5484,Medium,Low,Medium,Medium,"Improve attendance, DSA, projects."
4485,5485,Medium,Low,Medium,Medium,"Improve attendance, DSA, projects."
4486,5486,Medium,Low,High,High,"Improve attendance, DSA, projects."
4487,5487,High,Low,High,High,"Improve attendance, DSA, projects."
4488,5488,Low,Low,Medium,Medium,"Improve attendance, DSA, projects."
4489,5489,Medium,Low,Medium,Medium,"Improve attendance, DSA, projects."
4490,5490,Low,Low,Medium,Medium,"Improve attendance, DSA, projects."
4491,5491,Low,Low,Medium,Medium,"Improve attendance, DSA, projects."
4492,5492,Medium,Low,High,High,"Improve attendance, DSA, projects."
4493,5493,Low,Low,Low,Low,Keep consistency.
4494,5494,Low,Low,Medium,Medium,"Improve attendance, DSA, projects."
4495,5495,Medium,Low,Medium,Medium,"Improve attendance, DSA, projects."
4496,5496,High,Low,High,High,"Improve attendance, DSA, projects."
4497,5497,Medium,Low,Medium,Medium,"Improve attendance, DSA, projects."
4498,5498,Medium,Low,Medium,Medium,"Improve attendance, DSA, projects."
4499,5499,Medium,Low,High,High,"Improve attendance, DSA, projects."
4500,5500,Medium,Low,High,High,"Improve attendance, DSA, projects."
4501,5501,Medium,Low,High,High,"Improve attendance, DSA, projects."
4502,5502,High,Low,High,High,"Improve attendance, DSA, projects."
4503,5503,High,Low,High,High,"Improve attendance, DSA, projects."
4504,5504,High,Low,High,High,"Improve attendance, DSA, projects."
4505,5505,Low,Low,Medium,Medium,"Improve attendance, DSA, projects."
4506,5506,Low,Low,Medium,Medium,"Improve attendance, DSA, projects."
4507,5507,Low,Low,Low,Low,Keep consistency.
4508,5508,Medium,Low,High,High,"Improve attendance, DSA, projects."
4509,5509,High,Low,High,High,"Improve attendance, DSA, projects."
4510,5510,Low,Low,Medium,Medium,"Improve attendance, DSA, projects."
4511,5511,Medium,Low,Medium,Medium,"Improve attendance, DSA, projects."
4512,5512,Medium,Low,Medium,Medium,"Improve attendance, DSA, projects."
4513,5513,High,Low,High,High,"Improve attendance, DSA, projects."
4514,5514,Medium,Low,High,High,"Improve attendance, DSA, projects."
4515,5515,High,High,High,High,"Improve attendance, DSA, projects."
4516,5516,Low,Low,Low,Low,Keep consistency.
4517,5517,Medium,Low,High,High,"Improve attendance, DSA, projects."
4518,5518,High,Low,High,High,"Improve attendance, DSA, projects."
4519,5519,High,Low,High,High,"Improve attendance, DSA, projects."
4520,5520,High,Low,High,High,"Improve attendance, DSA, projects."
4521,5521,Medium,Low,Medium,Medium,"Improve attendance, DSA, projects."
4522,5522,High,Low,High,High,"Improve attendance, DSA, projects."
4523,5523,High,Low,High,High,"Improve attendance, DSA, projects."
4524,5524,High,Low,High,High,"Improve attendance, DSA, projects."
4525,5525,Medium,Low,High,High,"Improve attendance, DSA, projects."
4526,5526,Medium,Low,Medium,Medium,"Improve attendance, DSA, projects."
4527,5527,Medium,Low,High,High,"Improve attendance, DSA, projects."
4528,5528,High,Low,High,High,"Improve attendance, DSA, projects."
4529,5529,Medium,Low,Medium,Medium,"Improve attendance, DSA, projects."
4530,5530,High,Low,High,High,"Improve attendance, DSA, projects."
4531,5531,Medium,Low,Medium,Medium,"Improve attendance, DSA, projects."
4532,5532,Medium,Low,Medium,Medium,"Improve attendance, DSA, projects."
4533,5533,Medium,Low,High,High,"Improve attendance, DSA, projects."
4534,5534,High,Low,High,High,"Improve attendance, DSA, projects."
4535,5535,Low,Low,Medium,Medium,"Improve attendance, DSA, projects."
4536,5536,High,Low,High,High,"Improve attendance, DSA, projects."
4537,5537,Medium,Low,High,High,"Improve attendance, DSA, projects."
4538,5538,Medium,Low,Medium,Medium,"Improve attendance, DSA, projects."
4539,5539,Medium,Low,High,High,"Improve attendance, DSA, projects."
4540,5540,High,Low,High,High,"Improve attendance, DSA, projects."
4541,5541,Medium,High,High,High,"Improve attendance, DSA, projects."
4542,5542,High,Low,High,High,"Improve attendance, DSA, projects."
4543,5543,Medium,Low,Medium,Medium,"Improve attendance, DSA, projects."
4544,5544,Medium,Low,Medium,Medium,"Improve attendance, DSA, projects."
4545,5545,Low,Low,Low,Low,Keep consistency.
4546,5546,Low,Low,Medium,Medium,"Improve attendance, DSA, projects."
4547,5547,Low,Low,Medium,Medium,"Improve attendance, DSA, projects."
4548,5548,Medium,Low,High,High,"Improve attendance, DSA, projects."
4549,5549,Medium,Low,High,High,"Improve attendance, DSA, projects."
4550,5550,Medium,Low,High,High,"Improve attendance, DSA, projects."
4551,5551,Medium,Low,High,High,"Improve attendance, DSA, projects."
4552,5552,Medium,Low,High,High,"Improve attendance, DSA, projects."
4553,5553,Low,Low,Medium,Medium,"Improve attendance, DSA, projects."
4554,5554,Medium,Low,High,High,"Improve attendance, DSA, projects."
4555,5555,Low,Low,Medium,Medium,"Improve attendance, DSA, projects."
4556,5556,Low,Low,Medium,Medium,"Improve attendance, DSA, projects."
4557,5557,Medium,Low,Medium,Medium,"Improve attendance, DSA, projects."
4558,5558,Low,Low,Medium,Medium,"Improve attendance, DSA, projects."
4559,5559,High,Low,High,High,"Improve attendance, DSA, projects."
4560,5560,Medium,Low,High,High,"Improve attendance, DSA, projects."
4561,5561,Low,Low,Medium,Medium,"Improve attendance, DSA, projects."
4562,5562,Medium,Low,Medium,Medium,"Improve attendance, DSA, projects."
4563,5563,Low,Low,Low,Low,Keep consistency.
4564,5564,Low,Low,Low,Low,Keep consistency.
4565,5565,Medium,Low,High,High,"Improve attendance, DSA, projects."
4566,5566,High,Low,High,High,"Improve attendance, DSA, projects."
4567,5567,High,Low,High,High,"Improve attendance, DSA, projects."
4568,5568,High,Low,High,High,"Improve attendance, DSA, projects."
4569,5569,High,Low,High,High,"Improve attendance, DSA, projects."
4570,5570,Medium,Low,High,High,"Improve attendance, DSA, projects."
4571,5571,Medium,Low,High,High,"Improve attendance, DSA, projects."
4572,5572,Low,Low,Medium,Medium,"Improve attendance, DSA, projects."
4573,5573,High,Low,High,High,"Improve attendance, DSA, projects."
4574,5574,Low,Low,Medium,Medium,"Improve attendance, DSA, projects."
4575,5575,High,Low,High,High,"Improve attendance, DSA, projects."
4576,5576,Medium,Low,Medium,Medium,"Improve attendance, DSA, projects."
4577,5577,High,Low,High,High,"Improve attendance, DSA, projects."
4578,5578,High,Low,High,High,"Improve attendance, DSA, projects."
4579,5579,Medium,Low,High,High,"Improve attendance, DSA, projects."
4580,5580,Low,Low,Medium,Medium,"Improve attendance, DSA, projects."
4581,5581,Low,Low,Medium,Medium,"Improve attendance, DSA, projects."
4582,5582,Medium,High,High,High,"Improve attendance, DSA, projects."
4583,5583,Medium,Low,High,High,"Improve attendance, DSA, projects."
4584,5584,Low,Low,Medium,Medium,"Improve attendance, DSA, projects."
4585,5585,Medium,Low,Medium,Medium,"Improve attendance, DSA, projects."
4586,5586,Medium,Low,Medium,Medium,"Improve attendance, DSA, projects."
4587,5587,Low,Low,Medium,Medium,"Improve attendance, DSA, projects."
4588,5588,High,Low,High,High,"Improve attendance, DSA, projects."
4589,5589,Medium,Low,High,High,"Improve attendance, DSA, projects."
4590,5590,High,Low,High,High,"Improve attendance, DSA, projects."
4591,5591,Medium,Low,High,High,"Improve attendance, DSA, projects."
4592,5592,Medium,Low,High,High,"Improve attendance, DSA, projects."
4593,5593,Medium,Low,High,High,"Improve attendance, DSA, projects."
4594,5594,High,Low,High,High,"Improve attendance, DSA, projects."
4595,5595,High,Low,High,High,"Improve attendance, DSA, projects."
4596,5596,Medium,Low,Medium,Medium,"Improve attendance, DSA, projects."
4597,5597,High,Low,High,High,"Improve attendance, DSA, projects."
4598,5598,Low,Low,Medium,Medium,"Improve attendance, DSA, projects."
4599,5599,Medium,Low,Medium,Medium,"Improve attendance, DSA, projects."
4600,5600,Low,Low,Medium,Medium,"Improve attendance, DSA, projects."
4601,5601,High,Low,High,High,"Improve attendance, DSA, projects."
4602,5602,Low,Low,Medium,Medium,"Improve attendance, DSA, projects."
4603,5603,Medium,Low,High,High,"Improve attendance, DSA, projects."
4604,5604,High,Low,High,High,"Improve attendance, DSA, projects."
4605,5605,Low,Low,Medium,Medium,"Improve attendance, DSA, projects."
4606,5606,Medium,Low,High,High,"Improve attendance, DSA, projects."
4607,5607,Medium,Low,High,High,"Improve attendance, DSA, projects."
4608,5608,Low,Low,Medium,Medium,"Improve attendance, DSA, projects."
4609,5609,Medium,Low,High,High,"Improve attendance, DSA, projects."
4610,5610,Low,Low,Medium,Medium,"Improve attendance, DSA, projects."
4611,5611,High,Low,High,High,"Improve attendance, DSA, projects."
4612,5612,Medium,Low,Medium,Medium,"Improve attendance, DSA, projects."
4613,5613,Medium,Low,High,High,"Improve attendance, DSA, projects."
4614,5614,Medium,Low,High,High,"Improve attendance, DSA, projects."
4615,5615,High,Low,High,High,"Improve attendance, DSA, projects."
4616,5616,High,Low,High,High,"Improve attendance, DSA, projects."
4617,5617,Low,Low,Low,Low,Keep consistency.
4618,5618,Medium,Low,High,High,"Improve attendance, DSA, projects."
4619,5619,Medium,Low,Medium,Medium,"Improve attendance, DSA, projects."
4620,5620,Medium,Low,Medium,Medium,"Improve attendance, DSA, projects."
4621,5621,Medium,Low,Medium,Medium,"Improve attendance, DSA, projects."
4622,5622,Medium,Low,Medium,Medium,"Improve attendance, DSA, projects."
4623,5623,High,Low,High,High,"Improve attendance, DSA, projects."
4624,5624,Low,Low,Medium,Medium,"Improve attendance, DSA, projects."
4625,5625,Medium,Low,Medium,Medium,"Improve attendance, DSA, projects."
4626,5626,Low,Low,Medium,Medium,"Improve attendance, DSA, projects."
4627,5627,Low,Low,Low,Low,Keep consistency.
4628,5628,Medium,Low,High,High,"Improve attendance, DSA, projects."
4629,5629,Low,Low,Low,Low,Keep consistency.
4630,5630,Medium,Low,Medium,Medium,"Improve attendance, DSA, projects."
4631,5631,Low,Low,Medium,Medium,"Improve attendance, DSA, projects."
4632,5632,Low,Low,Medium,Medium,"Improve attendance, DSA, projects."
4633,5633,Low,Low,Medium,Medium,"Improve attendance, DSA, projects."
4634,5634,Low,Low,Low,Low,Keep consistency.
4635,5635,High,Low,High,High,"Improve attendance, DSA, projects."
4636,5636,Medium,Low,High,High,"Improve attendance, DSA, projects."
4637,5637,Medium,Low,Medium,Medium,"Improve attendance, DSA, projects."
4638,5638,Low,Low,Medium,Medium,"Improve attendance, DSA, projects."
4639,5639,Low,Low,Medium,Medium,"Improve attendance, DSA, projects."
4640,5640,High,High,High,High,"Improve attendance, DSA, projects."
4641,5641,Medium,Low,High,High,"Improve attendance, DSA, projects."
4642,5642,Medium,Low,Medium,Medium,"Improve attendance, DSA, projects."
4643,5643,High,Low,High,High,"Improve attendance, DSA, projects."
4644,5644,Low,Low,Low,Low,Keep consistency.
4645,5645,Low,Low,Medium,Medium,"Improve attendance, DSA, projects."
4646,5646,Medium,Low,High,High,"Improve attendance, DSA, projects."
4647,5647,Low,Low,Medium,Medium,"Improve attendance, DSA, projects."
4648,5648,Medium,Low,High,High,"Improve attendance, DSA, projects."
4649,5649,Low,Low,Medium,Medium,"Improve attendance, DSA, projects."
4650,5650,Medium,Low,Medium,Medium,"Improve attendance, DSA, projects."
4651,5651,High,Low,High,High,"Improve attendance, DSA, projects."
4652,5652,Medium,Low,Medium,Medium,"Improve attendance, DSA, projects."
4653,5653,Medium,Low,High,High,"Improve attendance, DSA, projects."
4654,5654,Medium,Low,High,High,"Improve attendance, DSA, projects."
4655,5655,High,Low,High,High,"Improve attendance, DSA, projects."
4656,5656,Low,Low,Medium,Medium,"Improve attendance, DSA, projects."
4657,5657,Low,Low,Medium,Medium,"Improve attendance, DSA, projects."
4658,5658,Medium,Low,High,High,"Improve attendance, DSA, projects."
4659,5659,Low,Low,Medium,Medium,"Improve attendance, DSA, projects."
4660,5660,High,Low,High,High,"Improve attendance, DSA, projects."
4661,5661,Low,Low,Medium,Medium,"Improve attendance, DSA, projects."
4662,5662,High,Low,High,High,"Improve attendance, DSA, projects."
4663,5663,High,Low,High,High,"Improve attendance, DSA, projects."
4664,5664,Medium,Low,Medium,Medium,"Improve attendance, DSA, projects."
4665,5665,Low,Low,Medium,Medium,"Improve attendance, DSA, projects."
4666,5666,High,Low,High,High,"Improve attendance, DSA, projects."
4667,5667,Low,Low,Medium,Medium,"Improve attendance, DSA, projects."
4668,5668,Medium,Low,Medium,Medium,"Improve attendance, DSA, projects."
4669,5669,Low,Low,Medium,Medium,"Improve attendance, DSA, projects."
4670,5670,Low,Low,Medium,Medium,"Improve attendance, DSA, projects."
4671,5671,Medium,Low,Medium,Medium,"Improve attendance, DSA, projects."
4672,5672,High,Low,High,High,"Improve attendance, DSA, projects."
4673,5673,Medium,Low,High,High,"Improve attendance, DSA, projects."
4674,5674,Medium,Low,Medium,Medium,"Improve attendance, DSA, projects."
4675,5675,Low,Low,Medium,Medium,"Improve attendance, DSA, projects."
4676,5676,High,Low,High,High,"Improve attendance, DSA, projects."
4677,5677,Low,Low,Low,Low,Keep consistency.
4678,5678,High,Low,High,High,"Improve attendance, DSA, projects."
4679,5679,Medium,Low,Medium,Medium,"Improve attendance, DSA, projects."
4680,5680,High,Low,High,High,"Improve attendance, DSA, projects."
4681,5681,Medium,Low,Medium,Medium,"Improve attendance, DSA, projects."
4682,5682,Low,Low,Medium,Medium,"Improve attendance, DSA, projects."
4683,5683,High,Low,High,High,"Improve attendance, DSA, projects."
4684,5684,Medium,Low,High,High,"Improve attendance, DSA, projects."
4685,5685,Low,Low,Medium,Medium,"Improve attendance, DSA, projects."
4686,5686,Medium,Low,High,High,"Improve attendance, DSA, projects."
4687,5687,Medium,Low,High,High,"Improve attendance, DSA, projects."
4688,5688,Medium,Low,High,High,"Improve attendance, DSA, projects."
4689,5689,Low,Low,Medium,Medium,"Improve attendance, DSA, projects."
4690,5690,High,Low,High,High,"Improve attendance, DSA, projects."
4691,5691,High,Low,High,High,"Improve attendance, DSA, projects."
4692,5692,Medium,Low,High,High,"Improve attendance, DSA, projects."
4693,5693,Low,Low,Low,Low,Keep consistency.
4694,5694,Medium,Low,High,High,"Improve attendance, DSA, projects."
4695,5695,Medium,Low,High,High,"Improve attendance, DSA, projects."
4696,5696,High,Low,High,High,"Improve attendance, DSA, projects."
4697,5697,Medium,Low,High,High,"Improve attendance, DSA, projects."
4698,5698,Low,Low,Medium,Medium,"Improve attendance, DSA, projects."
4699,5699,Medium,Low,Medium,Medium,"Improve attendance, DSA, projects."
4700,5700,Medium,Low,High,High,"Improve attendance, DSA, projects."
4701,5701,Medium,Low,High,High,"Improve attendance, DSA, projects."
4702,5702,High,Low,High,High,"Improve attendance, DSA, projects."
4703,5703,Medium,Low,Medium,Medium,"Improve attendance, DSA, projects."
4704,5704,Medium,Low,High,High,"Improve attendance, DSA, projects."
4705,5705,Medium,Low,Medium,Medium,"Improve attendance, DSA, projects."
4706,5706,Medium,Low,High,High,"Improve attendance, DSA, projects."
4707,5707,High,Low,High,High,"Improve attendance, DSA, projects."
4708,5708,Low,Low,Medium,Medium,"Improve attendance, DSA, projects."
4709,5709,High,Low,High,High,"Improve attendance, DSA, projects."
4710,5710,Low,Low,Medium,Medium,"Improve attendance, DSA, projects."
4711,5711,Medium,Low,High,High,"Improve attendance, DSA, projects."
4712,5712,Medium,Low,High,High,"Improve attendance, DSA, projects."
4713,5713,Low,Low,Low,Low,Keep consistency.
4714,5714,High,Low,High,High,"Improve attendance, DSA, projects."
4715,5715,Low,Low,Low,Low,Keep consistency.
4716,5716,Low,Low,Medium,Medium,"Improve attendance, DSA, projects."
4717,5717,High,Low,High,High,"Improve attendance, DSA, projects."
4718,5718,Low,Low,Low,Low,Keep consistency.
4719,5719,High,Low,High,High,"Improve attendance, DSA, projects."
4720,5720,High,High,High,High,"Improve attendance, DSA, projects."
4721,5721,Low,Low,Medium,Medium,"Improve attendance, DSA, projects."
4722,5722,Medium,Low,High,High,"Improve attendance, DSA, projects."
4723,5723,Low,Low,Medium,Medium,"Improve attendance, DSA, projects."
4724,5724,Medium,Low,High,High,"Improve attendance, DSA, projects."
4725,5725,Low,Low,Medium,Medium,"Improve attendance, DSA, projects."
4726,5726,Low,Low,Medium,Medium,"Improve attendance, DSA, projects."
4727,5727,Low,Low,Low,Low,Keep consistency.
4728,5728,Medium,Low,High,High,"Improve attendance, DSA, projects."
4729,5729,High,Low,High,High,"Improve attendance, DSA, projects."
4730,5730,Low,Low,Medium,Medium,"Improve attendance, DSA, projects."
4731,5731,Medium,Low,High,High,"Improve attendance, DSA, projects."
4732,5732,Medium,Low,Medium,Medium,"Improve attendance, DSA, projects."
4733,5733,Medium,Low,High,High,"Improve attendance, DSA, projects."
4734,5734,Medium,Low,Medium,Medium,"Improve attendance, DSA, projects."
4735,5735,High,Low,High,High,"Improve attendance, DSA, projects."
4736,5736,Low,Low,Low,Low,Keep consistency.
4737,5737,Medium,Low,High,High,"Improve attendance, DSA, projects."
4738,5738,Medium,Low,High,High,"Improve attendance, DSA, projects."
4739,5739,Low,Low,Medium,Medium,"Improve attendance, DSA, projects."
4740,5740,Low,Low,Medium,Medium,"Improve attendance, DSA, projects."
4741,5741,High,Low,High,High,"Improve attendance, DSA, projects."
4742,5742,High,Low,High,High,"Improve attendance, DSA, projects."
4743,5743,Low,Low,Medium,Medium,"Improve attendance, DSA, projects."
4744,5744,Low,Low,Medium,Medium,"Improve attendance, DSA, projects."
4745,5745,High,Low,High,High,"Improve attendance, DSA, projects."
4746,5746,Low,Low,Medium,Medium,"Improve attendance, DSA, projects."
4747,5747,Medium,Low,High,High,"Improve attendance, DSA, projects."
4748,5748,High,Low,High,High,"Improve attendance, DSA, projects."
4749,5749,Medium,Low,Medium,Medium,"Improve attendance, DSA, projects."
4750,5750,High,Low,High,High,"Improve attendance, DSA, projects."
4751,5751,Low,Low,Medium,Medium,"Improve attendance, DSA, projects."
4752,5752,Medium,Low,High,High,"Improve attendance, DSA, projects."
4753,5753,High,Low,High,High,"Improve attendance, DSA, projects."
4754,5754,Medium,Low,High,High,"Improve attendance, DSA, projects."
4755,5755,Medium,Low,Medium,Medium,"Improve attendance, DSA, projects."
4756,5756,Low,Low,Medium,Medium,"Improve attendance, DSA, projects."
4757,5757,Low,Low,Medium,Medium,"Improve attendance, DSA, projects."
4758,5758,Low,Low,Low,Low,Keep consistency.
4759,5759,High,Low,High,High,"Improve attendance, DSA, projects."
4760,5760,Medium,Low,High,High,"Improve attendance, DSA, projects."
4761,5761,High,Low,High,High,"Improve attendance, DSA, projects."
4762,5762,Low,Low,Medium,Medium,"Improve attendance, DSA, projects."
4763,5763,Medium,Low,High,High,"Improve attendance, DSA, projects."
4764,5764,Medium,Low,High,High,"Improve attendance, DSA, projects."
4765,5765,Medium,Low,High,High,"Improve attendance, DSA, projects."
4766,5766,High,Low,High,High,"Improve attendance, DSA, projects."
4767,5767,Medium,Low,High,High,"Improve attendance, DSA, projects."
4768,5768,Medium,Low,High,High,"Improve attendance, DSA, projects."
4769,5769,Medium,Low,High,High,"Improve attendance, DSA, projects."
4770,5770,Medium,Low,Medium,Medium,"Improve attendance, DSA, projects."
4771,5771,Low,Low,Medium,Medium,"Improve attendance, DSA, projects."
4772,5772,High,Low,High,High,"Improve attendance, DSA, projects."
4773,5773,Medium,Low,High,High,"Improve attendance, DSA, projects."
4774,5774,Medium,Low,Medium,Medium,"Improve attendance, DSA, projects."
4775,5775,Medium,Low,Medium,Medium,"Improve attendance, DSA, projects."
4776,5776,Medium,High,High,High,"Improve attendance, DSA, projects."
4777,5777,Low,Low,Medium,Medium,"Improve attendance, DSA, projects."
4778,5778,Medium,Low,High,High,"Improve attendance, DSA, projects."
4779,5779,Medium,Low,High,High,"Improve attendance, DSA, projects."
4780,5780,Low,Low,Medium,Medium,"Improve attendance, DSA, projects."
4781,5781,Medium,Low,Medium,Medium,"Improve attendance, DSA, projects."
4782,5782,Medium,Low,High,High,"Improve attendance, DSA, projects."
4783,5783,Medium,Low,Medium,Medium,"Improve attendance, DSA, projects."
4784,5784,Low,Low,Medium,Medium,"Improve attendance, DSA, projects."
4785,5785,Medium,Low,High,High,"Improve attendance, DSA, projects."
4786,5786,High,Low,High,High,"Improve attendance, DSA, projects."
4787,5787,High,Low,High,High,"Improve attendance, DSA, projects."
4788,5788,Medium,Low,Medium,Medium,"Improve attendance, DSA, projects."
4789,5789,High,Low,High,High,"Improve attendance, DSA, projects."
4790,5790,Low,Low,Medium,Medium,"Improve attendance, DSA, projects."
4791,5791,High,Low,High,High,"Improve attendance, DSA, projects."
4792,5792,Medium,Low,High,High,"Improve attendance, DSA, projects."
4793,5793,High,Low,High,High,"Improve attendance, DSA, projects."
4794,5794,Low,Low,Low,Low,Keep consistency.
4795,5795,Low,Low,Medium,Medium,"Improve attendance, DSA, projects."
4796,5796,High,Low,High,High,"Improve attendance, DSA, projects."
4797,5797,Medium,Low,Medium,Medium,"Improve attendance, DSA, projects."
4798,5798,Medium,Low,High,High,"Improve attendance, DSA, projects."
4799,5799,Medium,Low,Medium,Medium,"Improve attendance, DSA, projects."
4800,5800,Medium,Low,High,High,"Improve attendance, DSA, projects."
4801,5801,Medium,Low,Medium,Medium,"Improve attendance, DSA, projects."
4802,5802,Medium,Low,High,High,"Improve attendance, DSA, projects."
4803,5803,High,Low,High,High,"Improve attendance, DSA, projects."
4804,5804,Medium,Low,High,High,"Improve attendance, DSA, projects."
4805,5805,Low,Low,Medium,Medium,"Improve attendance, DSA, projects."
4806,5806,Medium,Low,High,High,"Improve attendance, DSA, projects."
4807,5807,Low,Low,Medium,Medium,"Improve attendance, DSA, projects."
4808,5808,Low,Low,Low,Low,Keep consistency.
4809,5809,High,Low,High,High,"Improve attendance, DSA, projects."
4810,5810,Medium,Low,High,High,"Improve attendance, DSA, projects."
4811,5811,Low,Low,Low,Low,Keep consistency.
4812,5812,Low,Low,Medium,Medium,"Improve attendance, DSA, projects."
4813,5813,Medium,Low,High,High,"Improve attendance, DSA, projects."
4814,5814,High,Low,High,High,"Improve attendance, DSA, projects."
4815,5815,Medium,Low,High,High,"Improve attendance, DSA, projects."
4816,5816,Low,Low,Medium,Medium,"Improve attendance, DSA, projects."
4817,5817,Low,Low,Medium,Medium,"Improve attendance, DSA, projects."
4818,5818,Medium,Low,High,High,"Improve attendance, DSA, projects."
4819,5819,Low,Low,Medium,Medium,"Improve attendance, DSA, projects."
4820,5820,Low,Low,Medium,Medium,"Improve attendance, DSA, projects."
4821,5821,High,Low,High,High,"Improve attendance, DSA, projects."
4822,5822,Low,Low,Medium,Medium,"Improve attendance, DSA, projects."
4823,5823,Medium,Low,High,High,"Improve attendance, DSA, projects."
4824,5824,Medium,Low,High,High,"Improve attendance, DSA, projects."
4825,5825,Medium,Low,High,High,"Improve attendance, DSA, projects."
4826,5826,Medium,Low,High,High,"Improve attendance, DSA, projects."
4827,5827,Medium,Low,Medium,Medium,"Improve attendance, DSA, projects."
4828,5828,High,Low,High,High,"Improve attendance, DSA, projects."
4829,5829,Medium,Low,High,High,"Improve attendance, DSA, projects."
4830,5830,High,Low,High,High,"Improve attendance, DSA, projects."
4831,5831,High,Low,High,High,"Improve attendance, DSA, projects."
4832,5832,Medium,Low,Medium,Medium,"Improve attendance, DSA, projects."
4833,5833,High,Low,High,High,"Improve attendance, DSA, projects."
4834,5834,Low,Low,Medium,Medium,"Improve attendance, DSA, projects."
4835,5835,Medium,Low,High,High,"Improve attendance, DSA, projects."
4836,5836,Low,Low,Medium,Medium,"Improve attendance, DSA, projects."
4837,5837,Low,Low,Medium,Medium,"Improve attendance, DSA, projects."
4838,5838,Low,Low,Medium,Medium,"Improve attendance, DSA, projects."
4839,5839,Low,Low,Medium,Medium,"Improve attendance, DSA, projects."
4840,5840,Medium,Low,High,High,"Improve attendance, DSA, projects."
4841,5841,Low,Low,Medium,Medium,"Improve attendance, DSA, projects."
4842,5842,High,Low,High,High,"Improve attendance, DSA, projects."
4843,5843,Medium,Low,High,High,"Improve attendance, DSA, projects."
4844,5844,Low,Low,Medium,Medium,"Improve attendance, DSA, projects."
4845,5845,Medium,Low,Medium,Medium,"Improve attendance, DSA, projects."
4846,5846,Medium,Low,High,High,"Improve attendance, DSA, projects."
4847,5847,Medium,Low,High,High,"Improve attendance, DSA, projects."
4848,5848,Medium,Low,High,High,"Improve attendance, DSA, projects."
4849,5849,Low,Low,Medium,Medium,"Improve attendance, DSA, projects."
4850,5850,Low,Low,Medium,Medium,"Improve attendance, DSA, projects."
4851,5851,Low,Low,Medium,Medium,"Improve attendance, DSA, projects."
4852,5852,Medium,Low,Medium,Medium,"Improve attendance, DSA, projects."
4853,5853,Medium,Low,High,High,"Improve attendance, DSA, projects."
4854,5854,High,Low,High,High,"Improve attendance, DSA, projects."
4855,5855,Medium,Low,Medium,Medium,"Improve attendance, DSA, projects."
4856,5856,High,Low,High,High,"Improve attendance, DSA, projects."
4857,5857,High,Low,High,High,"Improve attendance, DSA, projects."
4858,5858,Medium,Low,Medium,Medium,"Improve attendance, DSA, projects."
4859,5859,Medium,Low,High,High,"Improve attendance, DSA, projects."
4860,5860,Low,Low,Medium,Medium,"Improve attendance, DSA, projects."
4861,5861,High,Low,High,High,"Improve attendance, DSA, projects."
4862,5862,Medium,Low,High,High,"Improve attendance, DSA, projects."
4863,5863,Low,Low,Medium,Medium,"Improve attendance, DSA, projects."
4864,5864,High,Low,High,High,"Improve attendance, DSA, projects."
4865,5865,Medium,Low,Medium,Medium,"Improve attendance, DSA, projects."
4866,5866,Medium,Low,Medium,Medium,"Improve attendance, DSA, projects."
4867,5867,Medium,Low,Medium,Medium,"Improve attendance, DSA, projects."
4868,5868,Low,Low,Medium,Medium,"Improve attendance, DSA, projects."
4869,5869,Low,Low,Medium,Medium,"Improve attendance, DSA, projects."
4870,5870,High,Low,High,High,"Improve attendance, DSA, projects."
4871,5871,High,Low,High,High,"Improve attendance, DSA, projects."
4872,5872,High,Low,High,High,"Improve attendance, DSA, projects."
4873,5873,Medium,Low,High,High,"Improve attendance, DSA, projects."
4874,5874,Low,Low,Medium,Medium,"Improve attendance, DSA, projects."
4875,5875,Medium,Low,Medium,Medium,"Improve attendance, DSA, projects."
4876,5876,Low,Low,Low,Low,Keep consistency.
4877,5877,Low,Low,Low,Low,Keep consistency.
4878,5878,Medium,Low,Medium,Medium,"Improve attendance, DSA, projects."
4879,5879,Low,Low,Low,Low,Keep consistency.
4880,5880,Low,Low,Low,Low,Keep consistency.
4881,5881,Low,Low,Medium,Medium,"Improve attendance, DSA, projects."
4882,5882,Medium,Low,Medium,Medium,"Improve attendance, DSA, projects."
4883,5883,Medium,Low,Medium,Medium,"Improve attendance, DSA, projects."
4884,5884,Medium,Low,High,High,"Improve attendance, DSA, projects."
4885,5885,Low,Low,Low,Low,Keep consistency.
4886,5886,Medium,Low,High,High,"Improve attendance, DSA, projects."
4887,5887,High,Low,High,High,"Improve attendance, DSA, projects."
4888,5888,High,Low,High,High,"Improve attendance, DSA, projects."
4889,5889,Medium,Low,Medium,Medium,"Improve attendance, DSA, projects."
4890,5890,Medium,Low,Medium,Medium,"Improve attendance, DSA, projects."
4891,5891,Low,Low,Medium,Medium,"Improve attendance, DSA, projects."
4892,5892,Medium,Low,Medium,Medium,"Improve attendance, DSA, projects."
4893,5893,Medium,Low,Medium,Medium,"Improve attendance, DSA, projects."
4894,5894,High,Low,High,High,"Improve attendance, DSA, projects."
4895,5895,Low,Low,Low,Low,Keep consistency.
4896,5896,Medium,Low,Medium,Medium,"Improve attendance, DSA, projects."
4897,5897,Medium,Low,High,High,"Improve attendance, DSA, projects."
4898,5898,Low,Low,Medium,Medium,"Improve attendance, DSA, projects."
4899,5899,Medium,Low,Medium,Medium,"Improve attendance, DSA, projects."
4900,5900,Medium,Low,High,High,"Improve attendance, DSA, projects."
4901,5901,Low,Low,Medium,Medium,"Improve attendance, DSA, projects."
4902,5902,High,Low,High,High,"Improve attendance, DSA, projects."
4903,5903,Medium,Low,High,High,"Improve attendance, DSA, projects."
4904,5904,Low,Low,Medium,Medium,"Improve attendance, DSA, projects."
4905,5905,Medium,Low,High,High,"Improve attendance, DSA, projects."
4906,5906,Medium,Low,High,High,"Improve attendance, DSA, projects."
4907,5907,Medium,Low,High,High,"Improve attendance, DSA, projects."
4908,5908,Medium,Low,High,High,"Improve attendance, DSA, projects."
4909,5909,Medium,Low,High,High,"Improve attendance, DSA, projects."
4910,5910,Medium,Low,High,High,"Improve attendance, DSA, projects."
4911,5911,High,Low,High,High,"Improve attendance, DSA, projects."
4912,5912,Low,Low,Medium,Medium,"Improve attendance, DSA, projects."
4913,5913,High,Low,High,High,"Improve attendance, DSA, projects."
4914,5914,Low,Low,Medium,Medium,"Improve attendance, DSA, projects."
4915,5915,Medium,Low,Medium,Medium,"Improve attendance, DSA, projects."
4916,5916,Low,Low,Medium,Medium,"Improve attendance, DSA, projects."
4917,5917,Low,Low,Medium,Medium,"Improve attendance, DSA, projects."
4918,5918,Medium,Low,Medium,Medium,"Improve attendance, DSA, projects."
4919,5919,Low,Low,Medium,Medium,"Improve attendance, DSA, projects."
4920,5920,Low,Low,Medium,Medium,"Improve attendance, DSA, projects."
4921,5921,High,Low,High,High,"Improve attendance, DSA, projects."
4922,5922,Medium,Low,High,High,"Improve attendance, DSA, projects."
4923,5923,Low,Low,Medium,Medium,"Improve attendance, DSA, projects."
4924,5924,Medium,Low,High,High,"Improve attendance, DSA, projects."
4925,5925,High,Low,High,High,"Improve attendance, DSA, projects."
4926,5926,Medium,Low,High,High,"Improve attendance, DSA, projects."
4927,5927,High,Low,High,High,"Improve attendance, DSA, projects."
4928,5928,Medium,Low,Medium,Medium,"Improve attendance, DSA, projects."
4929,5929,Low,Low,Medium,Medium,"Improve attendance, DSA, projects."
4930,5930,Low,Low,Medium,Medium,"Improve attendance, DSA, projects."
4931,5931,High,Low,High,High,"Improve attendance, DSA, projects."
4932,5932,High,Low,High,High,"Improve attendance, DSA, projects."
4933,5933,Medium,Low,Medium,Medium,"Improve attendance, DSA, projects."
4934,5934,Medium,Low,Medium,Medium,"Improve attendance, DSA, projects."
4935,5935,Low,Low,Medium,Medium,"Improve attendance, DSA, projects."
4936,5936,Medium,Low,Medium,Medium,"Improve attendance, DSA, projects."
4937,5937,Medium,Low,Medium,Medium,"Improve attendance, DSA, projects."
4938,5938,Medium,Low,Medium,Medium,"Improve attendance, DSA, projects."
4939,5939,High,Low,High,High,"Improve attendance, DSA, projects."
4940,5940,Low,Low,Medium,Medium,"Improve attendance, DSA, projects."
4941,5941,Medium,Low,High,High,"Improve attendance, DSA, projects."
4942,5942,Medium,Low,High,High,"Improve attendance, DSA, projects."
4943,5943,Low,Low,Medium,Medium,"Improve attendance, DSA, projects."
4944,5944,High,Low,High,High,"Improve attendance, DSA, projects."
4945,5945,Medium,Low,High,High,"Improve attendance, DSA, projects."
4946,5946,Medium,Low,High,High,"Improve attendance, DSA, projects."
4947,5947,High,Low,High,High,"Improve attendance, DSA, projects."
4948,5948,Medium,Low,Medium,Medium,"Improve attendance, DSA, projects."
4949,5949,Low,Low,Medium,Medium,"Improve attendance, DSA, projects."
4950,5950,High,Low,High,High,"Improve attendance, DSA, projects."
4951,5951,Low,Low,Low,Low,Keep consistency.
4952,5952,Low,Low,Medium,Medium,"Improve attendance, DSA, projects."
4953,5953,High,Low,High,High,"Improve attendance, DSA, projects."
4954,5954,High,Low,High,High,"Improve attendance, DSA, projects."
4955,5955,Medium,Low,High,High,"Improve attendance, DSA, projects."
4956,5956,High,Low,High,High,"Improve attendance, DSA, projects."
4957,5957,High,Low,High,High,"Improve attendance, DSA, projects."
4958,5958,Medium,Low,High,High,"Improve attendance, DSA, projects."
4959,5959,High,Low,High,High,"Improve attendance, DSA, projects."
4960,5960,Medium,Low,Medium,Medium,"Improve attendance, DSA, projects."
4961,5961,Low,Low,Medium,Medium,"Improve attendance, DSA, projects."
4962,5962,Medium,Low,Medium,Medium,"Improve attendance, DSA, projects."
4963,5963,Medium,Low,High,High,"Improve attendance, DSA, projects."
4964,5964,Medium,Low,Medium,Medium,"Improve attendance, DSA, projects."
4965,5965,Low,Low,Medium,Medium,"Improve attendance, DSA, projects."
4966,5966,Low,Low,Medium,Medium,"Improve attendance, DSA, projects."
4967,5967,Low,Low,Medium,Medium,"Improve attendance, DSA, projects."
4968,5968,High,Low,High,High,"Improve attendance, DSA, projects."
4969,5969,Low,Low,Medium,Medium,"Improve attendance, DSA, projects."
4970,5970,Medium,Low,High,High,"Improve attendance, DSA, projects."
4971,5971,Medium,Low,High,High,"Improve attendance, DSA, projects."
4972,5972,Low,Low,Medium,Medium,"Improve attendance, DSA, projects."
4973,5973,Low,Low,Medium,Medium,"Improve attendance, DSA, projects."
4974,5974,High,Low,High,High,"Improve attendance, DSA, projects."
4975,5975,Medium,Low,High,High,"Improve attendance, DSA, projects."
4976,5976,High,Low,High,High,"Improve attendance, DSA, projects."
4977,5977,Low,Low,Medium,Medium,"Improve attendance, DSA, projects."
4978,5978,Medium,Low,Medium,Medium,"Improve attendance, DSA, projects."
4979,5979,Medium,Low,High,High,"Improve attendance, DSA, projects."
4980,5980,Low,Low,Medium,Medium,"Improve attendance, DSA, projects."
4981,5981,Low,Low,Low,Low,Keep consistency.
4982,5982,Medium,Low,High,High,"Improve attendance, DSA, projects."
4983,5983,Low,Low,Medium,Medium,"Improve attendance, DSA, projects."
4984,5984,Low,Low,Low,Low,Keep consistency.
4985,5985,Medium,Low,High,High,"Improve attendance, DSA, projects."
4986,5986,Medium,Low,Medium,Medium,"Improve attendance, DSA, projects."
4987,5987,Medium,Low,Medium,Medium,"Improve attendance, DSA, projects."
4988,5988,Medium,Low,Medium,Medium,"Improve attendance, DSA, projects."
4989,5989,Medium,Low,High,High,"Improve attendance, DSA, projects."
4990,5990,High,Low,High,High,"Improve attendance, DSA, projects."
4991,5991,High,Low,High,High,"Improve attendance, DSA, projects."
4992,5992,Low,Low,Medium,Medium,"Improve attendance, DSA, projects."
4993,5993,Low,Low,Medium,Medium,"Improve attendance, DSA, projects."
4994,5994,Medium,Low,High,High,"Improve attendance, DSA, projects."
4995,5995,Medium,Low,High,High,"Improve attendance, DSA, projects."
4996,5996,Low,Low,Medium,Medium,"Improve attendance, DSA, projects."
4997,5997,Low,Low,Medium,Medium,"Improve attendance, DSA, projects."
4998,5998,Medium,Low,Medium,Medium,"Improve attendance, DSA, projects."
4999,5999,High,Low,High,High,"Improve attendance, DSA, projects."
5000,6000,High,Low,High,High,"Improve attendance, DSA, projects."
