skill_id,student_id,python,java,sql,machine_learning,data_science,communication,coding_score
1,1001,73,74,66,71,64,81,197
2,1002,61,54,59,54,49,56,217
3,1003,65,74,59,50,66,53,113
4,1004,71,75,72,65,67,59,292
5,1005,73,76,76,67,65,75,303
6,1006,74,70,80,61,62,75,215
7,1007,62,54,58,47,57,61,63
8,1008,58,67,56,47,55,57,201
9,1009,66,75,58,63,71,59,126
10,1010,74,68,81,67,63,65,105
11,1011,67,68,73,67,68,51,190
12,1012,87,78,86,75,80,70,358
13,1013,85,89,81,80,73,79,446
14,1014,95,100,99,87,93,100,441
15,1015,70,73,70,64,59,60,154
16,1016,80,74,73,78,72,77,330
17,1017,55,52,61,40,60,46,82
18,1018,70,69,69,61,56,61,100
19,1019,80,70,74,70,67,86,250
20,1020,68,76,67,52,53,55,158
21,1021,84,76,84,73,75,85,486
22,1022,80,85,81,78,74,83,218
23,1023,100,98,100,86,100,100,406
24,1024,68,61,66,50,62,52,185
25,1025,82,85,74,84,79,98,424
26,1026,67,66,74,66,64,78,214
27,1027,80,70,85,74,78,79,172
28,1028,98,100,100,80,85,98,397
29,1029,76,82,81,61,64,84,313
30,1030,64,62,63,59,60,56,183
31,1031,82,91,79,71,82,71,275
32,1032,100,91,100,94,96,94,488
33,1033,83,73,88,72,88,83,199
34,1034,74,66,66,63,62,55,91
35,1035,54,60,52,48,44,54,164
36,1036,59,52,60,50,52,47,120
37,1037,78,68,85,67,77,79,270
38,1038,89,80,87,79,75,90,282
39,1039,86,88,86,81,80,81,360
40,1040,50,44,42,33,52,60,138
41,1041,65,56,72,57,51,56,183
42,1042,76,72,69,75,62,73,101
43,1043,69,73,66,66,66,72,71
44,1044,93,98,94,80,85,88,448
45,1045,66,66,70,53,59,73,238
46,1046,54,53,62,44,48,40,127
47,1047,60,61,61,45,61,56,126
48,1048,97,100,100,98,98,81,396
49,1049,67,72,59,61,65,66,85
50,1050,83,81,82,71,73,82,325
51,1051,73,66,68,74,63,70,234
52,1052,82,92,76,84,87,76,152
53,1053,100,100,92,95,100,100,349
54,1054,68,74,68,68,58,68,255
55,1055,81,88,89,68,78,92,226
56,1056,78,75,86,66,71,87,328
57,1057,94,93,99,84,85,100,512
58,1058,91,100,90,78,96,81,377
59,1059,72,74,79,57,58,71,364
60,1060,100,100,100,100,86,94,475
61,1061,80,76,87,82,82,77,185
62,1062,86,96,87,78,86,78,293
63,1063,59,53,58,46,58,56,71
64,1064,93,98,86,90,92,97,475
65,1065,60,60,55,58,60,43,89
66,1066,50,48,58,43,41,50,37
67,1067,47,53,51,48,36,38,14
68,1068,73,76,66,70,76,76,227
69,1069,82,75,76,70,70,83,331
70,1070,56,55,57,57,46,53,119
71,1071,61,60,61,44,65,73,207
72,1072,85,83,90,72,88,78,434
73,1073,74,76,80,62,67,73,133
74,1074,52,58,48,41,38,48,126
75,1075,95,93,100,80,94,96,411
76,1076,77,79,74,73,67,73,143
77,1077,58,62,53,55,53,52,212
78,1078,87,79,93,79,82,88,402
79,1079,74,74,80,71,62,79,201
80,1080,77,87,69,73,78,76,218
81,1081,89,98,96,79,79,92,427
82,1082,93,94,86,80,89,98,379
83,1083,79,76,76,66,67,75,312
84,1084,50,43,45,44,39,49,44
85,1085,63,63,67,62,49,60,239
86,1086,86,77,79,88,90,75,461
87,1087,54,46,60,54,56,61,106
88,1088,72,79,76,72,69,76,287
89,1089,98,91,100,87,87,87,450
90,1090,75,84,70,69,74,69,210
91,1091,67,76,66,59,58,83,224
92,1092,89,92,92,87,86,91,293
93,1093,63,69,68,65,53,48,260
94,1094,94,100,94,96,96,100,392
95,1095,63,57,62,56,56,66,259
96,1096,65,69,66,60,69,65,145
97,1097,61,68,64,46,56,53,117
98,1098,59,66,55,58,58,62,0
99,1099,78,84,76,64,66,76,292
100,1100,78,77,72,67,72,80,331
101,1101,77,87,72,64,71,90,384
102,1102,65,75,66,48,68,65,151
103,1103,83,93,89,81,69,80,435
104,1104,68,73,75,57,60,72,257
105,1105,77,73,72,68,62,73,359
106,1106,66,74,66,51,71,72,17
107,1107,98,93,93,89,100,95,402
108,1108,100,94,100,100,97,100,486
109,1109,69,71,70,51,68,73,27
110,1110,75,75,83,77,60,69,310
111,1111,100,100,95,88,100,93,417
112,1112,100,92,96,93,100,97,431
113,1113,69,67,64,58,65,59,204
114,1114,94,92,91,80,96,94,474
115,1115,78,80,85,65,77,65,438
116,1116,64,73,57,66,53,65,50
117,1117,100,100,100,100,92,94,460
118,1118,75,74,76,65,78,77,163
119,1119,64,74,64,53,49,65,221
120,1120,51,47,53,43,36,37,109
121,1121,63,63,60,47,48,65,77
122,1122,97,95,100,95,98,95,401
123,1123,74,75,70,61,64,66,70
124,1124,86,88,91,80,91,90,402
125,1125,91,86,93,92,95,96,397
126,1126,98,100,92,93,93,100,409
127,1127,69,63,77,64,54,74,119
128,1128,58,65,61,48,43,57,159
129,1129,80,77,88,70,84,76,270
130,1130,76,78,79,60,73,63,224
131,1131,62,68,59,55,54,59,127
132,1132,50,42,50,44,44,48,147
133,1133,79,70,76,70,81,77,226
134,1134,76,77,75,70,79,64,389
135,1135,73,78,70,57,72,69,316
136,1136,82,86,75,70,77,77,284
137,1137,58,64,63,41,52,52,229
138,1138,100,100,93,90,92,100,343
139,1139,60,67,57,57,52,54,62
140,1140,76,70,69,63,75,83,401
141,1141,70,74,66,57,68,65,243
142,1142,72,66,79,62,64,71,231
143,1143,56,63,62,41,58,59,205
144,1144,100,94,100,85,88,93,467
145,1145,97,90,90,94,100,100,497
146,1146,71,70,73,55,70,62,289
147,1147,84,75,91,82,79,95,313
148,1148,97,100,100,99,98,86,412
149,1149,83,85,85,77,80,88,288
150,1150,54,45,55,46,41,59,135
151,1151,48,47,55,40,49,50,75
152,1152,100,100,100,91,96,100,430
153,1153,62,62,69,48,47,78,162
154,1154,71,71,68,71,71,84,353
155,1155,54,56,49,44,50,47,188
156,1156,60,70,55,50,59,58,169
157,1157,58,60,62,50,55,46,160
158,1158,69,77,69,55,58,65,277
159,1159,77,78,71,70,62,76,297
160,1160,61,68,59,52,64,59,167
161,1161,90,88,84,92,90,82,319
162,1162,78,87,70,62,74,58,292
163,1163,65,59,68,62,65,82,226
164,1164,94,97,90,80,79,86,499
165,1165,77,74,75,70,74,79,308
166,1166,82,84,76,71,74,88,297
167,1167,98,100,100,88,84,98,460
168,1168,66,73,67,62,63,63,269
169,1169,55,56,55,46,49,55,70
170,1170,84,87,77,71,88,69,445
171,1171,98,99,100,80,90,100,356
172,1172,86,76,86,81,74,92,368
173,1173,59,68,53,53,53,70,188
174,1174,80,76,72,74,72,76,259
175,1175,79,87,78,62,66,77,283
176,1176,58,68,65,48,43,63,195
177,1177,96,94,99,92,96,96,478
178,1178,90,94,86,74,89,100,411
179,1179,88,90,90,71,84,81,286
180,1180,77,82,80,75,77,75,211
181,1181,96,86,92,97,89,88,313
182,1182,89,83,89,84,77,81,375
183,1183,71,67,76,55,74,79,305
184,1184,72,72,71,67,59,67,277
185,1185,52,57,58,44,55,44,90
186,1186,94,86,100,94,80,99,467
187,1187,54,54,48,52,50,50,90
188,1188,100,100,100,82,92,100,443
189,1189,98,100,100,96,100,96,461
190,1190,100,99,100,92,100,96,379
191,1191,87,89,92,84,74,86,410
192,1192,62,71,55,53,49,68,96
193,1193,66,69,68,59,54,72,96
194,1194,80,70,80,78,80,78,465
195,1195,63,61,66,54,59,57,43
196,1196,71,62,74,58,66,59,251
197,1197,59,49,58,52,46,51,177
198,1198,72,69,70,60,68,72,225
199,1199,81,90,74,70,77,99,201
200,1200,97,100,92,97,93,92,472
201,1201,63,60,68,51,64,61,229
202,1202,81,84,89,64,81,77,395
203,1203,94,100,99,85,88,96,400
204,1204,70,71,75,62,66,68,104
205,1205,50,47,52,37,52,39,95
206,1206,87,85,79,80,84,80,511
207,1207,83,76,79,82,85,86,176
208,1208,61,54,58,49,65,68,14
209,1209,59,65,52,55,61,61,82
210,1210,100,100,98,100,97,100,390
211,1211,91,98,98,81,78,75,329
212,1212,91,100,94,76,77,100,369
213,1213,67,74,63,60,72,76,14
214,1214,82,92,79,80,75,71,400
215,1215,47,44,53,44,48,64,73
216,1216,66,60,73,66,60,68,224
217,1217,100,99,99,100,87,95,473
218,1218,86,93,83,68,89,96,441
219,1219,54,57,58,41,50,52,70
220,1220,98,88,97,91,90,100,382
221,1221,51,50,45,49,50,51,105
222,1222,60,57,58,55,53,67,62
223,1223,75,69,69,59,61,51,309
224,1224,41,32,35,26,36,35,106
225,1225,71,69,66,56,68,75,297
226,1226,72,78,68,70,57,78,165
227,1227,73,69,79,66,67,69,227
228,1228,46,43,48,38,46,35,112
229,1229,73,70,75,56,63,79,161
230,1230,88,84,86,70,91,89,343
231,1231,74,64,73,59,69,79,245
232,1232,70,72,67,55,63,61,151
233,1233,83,76,91,81,83,87,265
234,1234,51,52,50,45,36,60,218
235,1235,62,54,59,49,55,65,184
236,1236,100,100,96,93,100,89,381
237,1237,63,63,65,64,48,68,111
238,1238,95,100,91,89,97,90,305
239,1239,95,96,99,83,85,87,506
240,1240,61,60,61,47,63,74,128
241,1241,88,90,88,74,76,92,268
242,1242,75,70,78,68,63,64,403
243,1243,90,87,93,79,88,94,424
244,1244,50,56,57,40,40,53,116
245,1245,48,42,49,43,53,47,32
246,1246,77,69,78,59,73,85,167
247,1247,89,96,89,74,92,97,477
248,1248,88,80,83,73,85,83,296
249,1249,63,54,58,62,61,62,186
250,1250,86,86,85,79,74,91,260
251,1251,65,61,69,61,55,64,41
252,1252,79,85,81,78,78,81,347
253,1253,81,81,76,79,70,87,372
254,1254,59,63,64,59,60,69,122
255,1255,96,100,98,97,94,100,404
256,1256,84,78,82,70,75,71,314
257,1257,95,89,88,95,93,95,459
258,1258,89,91,91,71,86,91,394
259,1259,80,85,79,73,83,76,313
260,1260,97,94,89,99,87,95,465
261,1261,60,61,52,58,53,60,104
262,1262,88,82,95,73,79,78,366
263,1263,50,45,46,51,46,54,95
264,1264,92,94,86,78,84,88,416
265,1265,74,73,72,76,74,70,222
266,1266,86,93,80,80,75,95,413
267,1267,86,76,92,81,77,82,364
268,1268,70,78,75,72,60,65,102
269,1269,66,65,72,65,64,63,71
270,1270,65,63,68,61,57,58,98
271,1271,72,72,64,54,71,68,117
272,1272,82,82,89,70,80,90,436
273,1273,76,72,77,70,71,82,342
274,1274,100,90,99,92,92,93,338
275,1275,55,54,58,53,56,56,45
276,1276,59,64,62,42,50,50,122
277,1277,63,63,70,47,63,58,121
278,1278,74,65,75,76,71,81,374
279,1279,100,91,96,82,100,100,451
280,1280,64,70,59,61,67,68,289
281,1281,58,64,66,45,59,58,159
282,1282,69,62,67,65,57,48,165
283,1283,78,84,82,64,76,77,221
284,1284,97,94,100,87,97,93,407
285,1285,75,83,67,70,73,75,379
286,1286,50,54,45,42,52,49,177
287,1287,70,69,74,67,67,74,160
288,1288,71,78,71,53,69,81,310
289,1289,52,55,50,41,52,65,114
290,1290,67,69,70,67,57,63,149
291,1291,79,71,71,81,74,79,281
292,1292,78,75,82,71,65,83,194
293,1293,64,62,66,47,53,63,253
294,1294,78,85,81,74,71,67,210
295,1295,84,74,83,67,76,89,447
296,1296,60,66,62,62,45,63,183
297,1297,66,58,72,65,68,75,63
298,1298,78,75,80,60,75,76,230
299,1299,71,61,78,58,63,69,123
300,1300,98,95,100,83,83,97,324
301,1301,70,61,69,69,71,67,186
302,1302,69,65,63,51,71,63,293
303,1303,48,43,40,30,52,51,81
304,1304,76,71,78,70,75,67,243
305,1305,92,99,87,93,94,96,373
306,1306,37,41,30,31,24,41,43
307,1307,100,100,93,83,94,100,389
308,1308,73,74,65,57,60,74,348
309,1309,92,95,89,90,97,100,378
310,1310,57,54,58,40,52,65,49
311,1311,54,57,58,43,47,47,107
312,1312,91,85,83,78,91,100,414
313,1313,66,58,73,62,57,70,232
314,1314,100,100,100,88,93,100,416
315,1315,80,81,82,82,67,82,278
316,1316,79,89,72,70,70,69,291
317,1317,89,93,96,82,90,97,400
318,1318,74,77,81,75,59,79,344
319,1319,100,100,100,94,100,95,500
320,1320,75,80,71,58,65,79,245
321,1321,99,100,100,85,99,100,426
322,1322,68,68,74,60,69,64,139
323,1323,44,50,47,29,30,45,134
324,1324,85,90,84,86,85,81,341
325,1325,88,97,86,89,86,89,349
326,1326,82,77,75,82,77,81,203
327,1327,99,93,100,92,91,95,466
328,1328,57,62,62,54,42,48,114
329,1329,52,58,45,35,49,37,107
330,1330,61,54,63,48,56,52,165
331,1331,96,94,97,85,95,79,358
332,1332,89,94,87,87,92,78,446
333,1333,52,49,53,48,40,45,28
334,1334,76,70,69,73,69,77,271
335,1335,81,72,80,65,86,86,365
336,1336,51,46,47,44,40,46,186
337,1337,66,67,70,59,53,54,64
338,1338,100,94,100,98,98,100,482
339,1339,87,94,82,77,87,76,434
340,1340,95,100,95,79,82,99,423
341,1341,75,81,74,68,74,89,187
342,1342,68,78,68,51,55,53,183
343,1343,58,64,65,50,55,57,99
344,1344,80,73,85,78,70,100,354
345,1345,43,42,49,26,40,36,155
346,1346,90,80,89,86,94,88,447
347,1347,54,64,48,53,54,51,142
348,1348,80,85,85,77,76,80,264
349,1349,71,67,77,70,63,72,97
350,1350,78,68,86,68,65,68,253
351,1351,64,57,62,57,59,71,101
352,1352,56,57,50,49,50,69,144
353,1353,65,71,61,55,68,62,152
354,1354,61,63,53,45,54,64,123
355,1355,79,89,76,77,64,84,248
356,1356,96,94,100,81,83,96,470
357,1357,99,91,91,98,85,100,430
358,1358,100,100,100,85,94,100,417
359,1359,94,95,86,93,89,100,435
360,1360,52,54,46,49,38,46,92
361,1361,90,99,98,78,93,79,392
362,1362,55,54,58,43,55,46,91
363,1363,85,88,89,83,81,88,284
364,1364,91,88,95,77,76,73,457
365,1365,73,64,67,64,62,77,78
366,1366,65,56,71,55,55,60,175
367,1367,85,90,90,73,80,85,361
368,1368,95,89,91,81,98,89,396
369,1369,100,100,95,100,100,96,458
370,1370,57,50,55,45,54,56,143
371,1371,89,91,82,89,86,96,373
372,1372,98,99,92,99,97,97,454
373,1373,93,97,88,82,80,80,375
374,1374,60,66,63,55,61,54,365
375,1375,60,63,63,43,64,59,123
376,1376,81,74,86,70,66,87,339
377,1377,89,89,91,71,81,99,282
378,1378,76,81,68,62,75,56,308
379,1379,50,46,57,42,46,64,157
380,1380,68,69,73,58,67,70,245
381,1381,64,58,71,50,62,75,241
382,1382,57,62,51,51,62,58,137
383,1383,69,60,71,69,73,67,44
384,1384,84,92,78,75,75,85,232
385,1385,83,85,86,85,68,84,368
386,1386,53,55,49,46,45,66,142
387,1387,62,72,58,59,66,62,155
388,1388,90,92,93,79,81,100,515
389,1389,82,84,79,64,77,74,347
390,1390,75,75,73,69,72,62,316
391,1391,74,70,81,70,75,87,364
392,1392,99,100,93,100,91,99,362
393,1393,53,52,49,47,53,56,18
394,1394,86,77,80,85,89,78,316
395,1395,92,90,94,90,82,89,416
396,1396,87,88,80,89,86,88,310
397,1397,54,47,53,39,58,48,87
398,1398,85,93,78,73,90,75,323
399,1399,95,100,97,83,97,97,449
400,1400,78,70,80,65,83,67,265
401,1401,62,68,64,63,49,79,75
402,1402,38,33,39,26,34,36,58
403,1403,62,61,57,56,64,57,20
404,1404,73,73,66,55,67,60,109
405,1405,91,96,92,79,93,88,256
406,1406,82,76,83,79,84,83,409
407,1407,72,82,80,71,69,68,223
408,1408,78,78,76,70,67,72,250
409,1409,53,46,45,45,40,44,116
410,1410,57,65,54,58,43,60,234
411,1411,97,96,89,80,100,100,402
412,1412,70,71,77,64,63,67,271
413,1413,72,74,66,61,57,72,111
414,1414,76,67,73,69,79,66,332
415,1415,62,66,64,62,65,62,215
416,1416,83,78,83,79,83,84,296
417,1417,43,47,40,39,48,43,89
418,1418,71,72,70,62,69,71,242
419,1419,64,59,70,62,60,51,199
420,1420,85,95,78,76,83,75,297
421,1421,64,58,56,61,61,72,202
422,1422,74,80,73,76,68,71,191
423,1423,80,73,74,79,67,74,369
424,1424,86,77,88,73,88,79,389
425,1425,50,42,46,39,36,58,166
426,1426,55,62,60,53,44,48,56
427,1427,55,54,52,51,40,50,188
428,1428,70,64,78,65,71,66,183
429,1429,87,77,93,83,88,92,291
430,1430,100,100,100,99,100,99,404
431,1431,89,92,83,76,81,92,280
432,1432,77,84,75,69,75,86,168
433,1433,97,90,99,90,91,100,465
434,1434,81,76,78,68,83,83,320
435,1435,87,94,93,73,72,91,379
436,1436,57,67,57,44,43,63,74
437,1437,72,71,67,71,58,79,197
438,1438,83,84,86,65,86,77,217
439,1439,76,72,69,69,78,78,180
440,1440,82,72,77,65,77,79,353
441,1441,73,69,77,69,76,59,249
442,1442,87,91,95,80,81,100,428
443,1443,80,89,72,79,80,83,352
444,1444,65,61,65,57,67,51,125
445,1445,82,74,85,81,80,83,231
446,1446,66,70,67,67,51,74,10
447,1447,99,96,100,91,86,100,480
448,1448,90,90,97,85,81,91,278
449,1449,93,87,93,90,95,89,448
450,1450,65,67,67,49,60,54,232
451,1451,91,93,91,78,77,92,450
452,1452,83,76,82,68,77,82,297
453,1453,58,64,60,56,48,57,89
454,1454,65,70,57,63,57,59,93
455,1455,89,93,84,89,76,88,315
456,1456,75,67,76,73,76,88,254
457,1457,62,64,59,51,51,57,221
458,1458,81,85,79,72,71,72,371
459,1459,76,85,84,69,69,68,200
460,1460,61,54,53,58,58,64,202
461,1461,64,72,69,60,49,72,238
462,1462,100,97,96,85,97,97,458
463,1463,95,86,89,88,90,89,403
464,1464,79,83,83,70,81,84,468
465,1465,79,87,84,64,83,92,273
466,1466,69,73,69,53,69,71,253
467,1467,73,81,69,60,71,74,184
468,1468,81,89,86,74,67,87,304
469,1469,79,76,75,74,83,77,80
470,1470,88,83,80,81,84,95,368
471,1471,72,76,72,65,74,78,94
472,1472,100,98,100,84,95,100,502
473,1473,82,72,83,80,80,84,329
474,1474,62,53,55,58,55,54,82
475,1475,91,100,87,92,81,100,360
476,1476,90,88,85,85,86,100,387
477,1477,79,75,85,67,73,69,374
478,1478,96,91,100,90,87,100,437
479,1479,79,80,76,63,84,65,405
480,1480,64,55,66,55,63,73,233
481,1481,93,87,99,76,95,98,386
482,1482,90,95,82,83,93,84,358
483,1483,98,100,95,90,90,89,347
484,1484,74,84,68,57,59,84,353
485,1485,46,41,42,45,48,35,55
486,1486,72,74,78,70,62,70,137
487,1487,100,93,95,87,87,96,406
488,1488,100,93,92,100,89,100,437
489,1489,63,58,58,45,68,69,63
490,1490,55,47,51,37,60,47,0
491,1491,78,73,78,69,76,71,254
492,1492,56,63,53,56,61,56,88
493,1493,55,49,57,57,57,62,62
494,1494,100,100,96,100,91,99,469
495,1495,76,75,80,75,74,67,316
496,1496,60,58,54,48,50,69,166
497,1497,87,94,83,76,84,86,375
498,1498,81,80,87,75,81,87,322
499,1499,47,48,46,31,44,37,28
500,1500,55,63,51,49,44,37,101
501,1501,67,75,67,58,64,74,124
502,1502,64,60,58,62,49,70,39
503,1503,49,45,45,36,36,56,0
504,1504,85,90,89,84,79,87,334
505,1505,71,81,63,71,69,73,150
506,1506,49,52,45,49,42,35,72
507,1507,95,94,100,78,93,73,428
508,1508,65,74,61,54,56,68,126
509,1509,82,92,75,66,85,83,377
510,1510,81,91,84,82,84,83,468
511,1511,52,46,52,52,50,47,81
512,1512,62,62,63,50,62,56,194
513,1513,75,74,69,65,76,75,334
514,1514,65,71,63,53,65,71,57
515,1515,67,70,66,65,72,60,235
516,1516,84,94,86,70,82,88,354
517,1517,80,79,78,80,76,68,333
518,1518,50,59,44,39,48,46,204
519,1519,75,85,83,73,64,76,245
520,1520,98,100,100,82,84,98,433
521,1521,36,30,44,24,25,40,102
522,1522,93,97,93,78,87,100,423
523,1523,92,98,97,88,80,89,373
524,1524,57,47,60,59,58,47,120
525,1525,80,77,79,77,81,85,302
526,1526,59,56,61,45,63,54,230
527,1527,99,98,94,86,88,100,331
528,1528,74,74,74,56,61,80,229
529,1529,100,99,96,92,100,100,385
530,1530,80,83,74,73,72,70,165
531,1531,68,75,70,56,57,67,127
532,1532,78,81,72,60,64,78,330
533,1533,47,43,42,40,32,43,159
534,1534,79,72,80,65,65,79,332
535,1535,50,55,52,42,40,49,17
536,1536,63,70,65,63,59,47,130
537,1537,79,87,82,61,80,78,209
538,1538,86,79,80,78,72,69,278
539,1539,61,53,58,60,55,67,116
540,1540,86,84,91,68,91,87,278
541,1541,68,76,74,57,56,63,385
542,1542,86,95,87,82,87,83,353
543,1543,92,84,91,77,78,99,506
544,1544,77,71,70,63,68,83,179
545,1545,66,70,72,63,55,78,53
546,1546,79,73,74,74,64,91,335
547,1547,83,78,80,74,87,81,273
548,1548,51,54,44,51,41,53,163
549,1549,77,83,81,74,73,79,385
550,1550,81,86,88,76,74,67,394
551,1551,76,86,77,77,78,79,203
552,1552,61,63,59,62,60,65,280
553,1553,79,85,76,61,70,84,82
554,1554,73,76,77,72,58,88,176
555,1555,93,89,98,84,89,89,455
556,1556,100,100,100,88,100,94,451
557,1557,53,50,50,47,46,55,218
558,1558,100,95,100,83,94,100,483
559,1559,90,81,96,90,84,95,435
560,1560,64,70,68,51,51,65,82
561,1561,57,63,60,45,45,45,195
562,1562,82,72,76,78,74,81,430
563,1563,67,63,75,59,62,76,143
564,1564,66,71,73,59,70,57,87
565,1565,68,59,75,54,71,62,221
566,1566,78,78,80,79,76,63,324
567,1567,67,72,63,60,63,83,220
568,1568,77,76,82,78,70,88,192
569,1569,70,78,77,59,60,68,211
570,1570,77,72,73,75,69,87,188
571,1571,96,96,92,96,97,100,446
572,1572,55,47,58,44,50,50,27
573,1573,77,76,84,76,77,61,77
574,1574,87,88,88,74,84,90,265
575,1575,72,67,79,69,69,66,326
576,1576,91,91,90,85,93,85,359
577,1577,96,95,98,81,89,94,454
578,1578,100,100,100,82,100,100,472
579,1579,93,100,93,83,84,94,418
580,1580,65,67,62,59,69,63,66
581,1581,66,65,61,59,71,45,133
582,1582,84,81,84,77,70,84,266
583,1583,89,84,85,81,86,82,412
584,1584,98,99,100,95,95,100,383
585,1585,79,75,72,80,80,74,185
586,1586,90,91,82,72,86,77,466
587,1587,97,99,100,93,88,95,425
588,1588,58,56,54,55,63,38,278
589,1589,66,61,73,55,57,65,278
590,1590,98,100,97,87,94,100,496
591,1591,60,52,60,47,45,61,191
592,1592,68,74,67,61,59,73,224
593,1593,83,77,85,72,75,72,357
594,1594,59,53,51,54,64,61,246
595,1595,95,94,91,81,94,76,447
596,1596,90,95,91,80,77,88,439
597,1597,97,100,100,79,93,95,335
598,1598,54,53,57,46,47,44,50
599,1599,77,84,70,68,79,71,81
600,1600,90,81,87,85,86,85,229
601,1601,75,73,80,71,62,73,183
602,1602,82,83,88,67,67,90,348
603,1603,97,92,99,79,86,100,321
604,1604,72,76,77,69,72,56,268
605,1605,63,71,65,57,53,49,58
606,1606,82,72,74,70,84,65,312
607,1607,91,93,99,85,77,90,267
608,1608,73,68,73,63,67,57,258
609,1609,92,99,98,74,93,80,354
610,1610,85,77,90,86,71,78,273
611,1611,65,75,61,65,54,50,161
612,1612,94,91,96,86,90,94,358
613,1613,91,98,86,77,87,90,319
614,1614,85,94,78,83,87,100,436
615,1615,76,68,78,65,80,77,204
616,1616,94,88,100,86,97,100,451
617,1617,86,80,92,68,78,83,337
618,1618,100,100,98,87,97,96,410
619,1619,67,63,71,60,62,71,89
620,1620,82,81,88,70,77,77,289
621,1621,84,86,86,78,87,75,313
622,1622,80,75,83,67,79,88,303
623,1623,72,73,66,68,57,67,89
624,1624,76,86,81,68,76,83,320
625,1625,80,90,82,71,71,93,288
626,1626,74,65,71,59,76,73,206
627,1627,80,81,86,64,76,87,177
628,1628,85,88,90,77,86,84,430
629,1629,71,80,79,73,68,74,207
630,1630,73,63,78,55,64,60,325
631,1631,66,58,66,59,56,67,281
632,1632,100,95,100,96,90,99,399
633,1633,94,88,100,89,88,92,415
634,1634,80,75,79,77,82,87,343
635,1635,73,83,75,71,77,75,330
636,1636,97,93,92,89,98,100,405
637,1637,69,75,71,71,74,69,188
638,1638,93,88,96,92,96,100,333
639,1639,87,83,93,84,75,86,216
640,1640,96,97,90,91,81,91,372
641,1641,100,100,98,94,86,96,518
642,1642,72,64,79,74,60,60,61
643,1643,67,74,71,57,62,72,306
644,1644,87,92,80,78,72,86,384
645,1645,85,84,85,73,77,81,448
646,1646,89,96,85,86,85,89,430
647,1647,75,75,78,65,65,71,282
648,1648,80,73,81,71,78,83,457
649,1649,74,74,72,69,68,85,234
650,1650,52,43,53,51,40,58,170
651,1651,81,75,82,64,82,86,326
652,1652,74,80,75,68,74,64,204
653,1653,83,75,85,71,76,69,256
654,1654,95,97,91,97,93,100,369
655,1655,73,76,78,70,58,57,179
656,1656,100,100,99,88,100,96,403
657,1657,100,100,96,83,87,87,395
658,1658,87,84,80,78,87,88,251
659,1659,70,72,78,58,65,59,147
660,1660,67,63,70,65,67,63,94
661,1661,71,77,78,61,66,71,229
662,1662,73,75,68,74,70,56,231
663,1663,60,59,67,52,65,59,168
664,1664,76,79,79,74,69,74,225
665,1665,85,83,92,84,72,95,414
666,1666,100,96,98,85,100,92,438
667,1667,82,89,74,79,84,72,347
668,1668,100,100,95,89,94,100,518
669,1669,86,85,90,74,78,87,423
670,1670,91,81,89,73,94,78,229
671,1671,59,58,63,54,53,50,190
672,1672,73,77,74,69,61,72,149
673,1673,100,100,100,98,88,100,383
674,1674,82,90,87,83,84,75,485
675,1675,61,52,59,52,57,67,86
676,1676,79,87,76,72,67,75,420
677,1677,88,95,83,70,79,88,274
678,1678,86,76,89,73,75,74,366
679,1679,56,46,55,44,55,59,50
680,1680,74,75,68,72,79,85,238
681,1681,100,100,100,100,100,100,440
682,1682,80,75,78,76,67,72,325
683,1683,78,85,70,79,72,81,369
684,1684,35,43,30,33,29,35,59
685,1685,42,40,46,33,45,37,0
686,1686,76,84,68,69,75,67,397
687,1687,64,71,71,65,60,61,184
688,1688,71,78,69,69,66,61,192
689,1689,71,78,65,60,67,70,396
690,1690,96,100,95,79,83,93,470
691,1691,87,84,81,79,89,84,353
692,1692,58,51,59,46,57,55,193
693,1693,91,90,90,82,82,97,380
694,1694,84,86,81,72,71,82,286
695,1695,62,59,57,46,56,49,195
696,1696,51,56,56,41,54,45,132
697,1697,89,98,82,79,89,100,351
698,1698,90,92,90,91,84,98,290
699,1699,100,100,95,100,100,100,437
700,1700,84,79,91,80,74,87,204
701,1701,46,50,54,47,32,53,64
702,1702,65,57,65,63,64,64,223
703,1703,74,64,75,68,67,70,236
704,1704,39,30,39,32,24,37,67
705,1705,80,70,85,72,85,82,220
706,1706,70,73,68,70,68,63,111
707,1707,62,56,60,51,52,54,207
708,1708,82,83,88,80,74,69,377
709,1709,90,91,93,89,86,92,308
710,1710,62,69,64,57,48,51,84
711,1711,62,58,55,50,66,60,211
712,1712,52,42,60,53,50,38,131
713,1713,74,77,79,61,76,69,244
714,1714,65,75,73,59,60,75,91
715,1715,88,94,89,87,73,86,361
716,1716,84,75,91,75,85,81,479
717,1717,70,74,70,69,73,70,450
718,1718,61,58,58,49,59,66,237
719,1719,58,53,65,57,47,64,66
720,1720,99,96,95,86,91,100,349
721,1721,70,65,78,68,69,72,193
722,1722,82,83,75,68,76,81,256
723,1723,46,44,47,34,39,39,106
724,1724,60,68,64,60,58,50,226
725,1725,95,91,94,82,88,89,396
726,1726,84,80,85,73,71,87,288
727,1727,91,100,94,82,95,94,488
728,1728,61,59,54,59,65,58,130
729,1729,75,72,69,69,67,81,274
730,1730,57,67,52,44,53,71,231
731,1731,100,97,100,90,86,96,451
732,1732,87,84,91,76,84,83,325
733,1733,61,57,63,45,59,35,70
734,1734,51,48,48,48,40,58,135
735,1735,100,100,100,96,96,100,430
736,1736,51,44,57,36,55,60,219
737,1737,78,79,83,65,68,73,414
738,1738,95,86,100,77,93,93,332
739,1739,86,94,85,74,81,83,440
740,1740,87,78,81,82,75,77,317
741,1741,84,85,83,83,69,84,377
742,1742,67,59,68,64,69,71,270
743,1743,78,72,72,70,71,85,114
744,1744,75,82,69,67,61,73,200
745,1745,54,51,56,43,58,51,97
746,1746,100,100,100,86,100,81,505
747,1747,45,49,47,42,38,58,0
748,1748,86,81,83,85,79,74,395
749,1749,82,92,86,80,70,87,359
750,1750,83,73,91,67,79,94,272
751,1751,75,70,70,68,63,64,305
752,1752,60,59,57,54,63,49,221
753,1753,66,59,60,49,61,58,97
754,1754,100,93,100,96,100,86,446
755,1755,84,81,77,82,88,69,413
756,1756,62,66,69,50,48,52,219
757,1757,89,99,89,77,88,84,371
758,1758,56,55,52,44,56,59,122
759,1759,86,85,82,68,90,100,353
760,1760,74,66,69,60,78,65,325
761,1761,86,94,83,82,85,79,434
762,1762,62,65,66,61,57,66,75
763,1763,69,64,63,51,74,79,337
764,1764,86,78,89,77,88,89,339
765,1765,67,77,66,58,63,66,252
766,1766,97,91,93,99,97,81,498
767,1767,92,94,90,75,79,100,387
768,1768,97,100,100,80,98,100,396
769,1769,93,94,86,86,93,70,437
770,1770,77,76,79,62,69,85,339
771,1771,63,73,68,45,52,66,144
772,1772,73,74,78,58,68,60,245
773,1773,94,98,90,95,82,96,384
774,1774,99,100,94,100,94,100,479
775,1775,87,87,82,71,91,82,386
776,1776,92,90,88,88,80,77,241
777,1777,100,94,100,82,100,100,421
778,1778,76,86,82,61,65,65,336
779,1779,59,51,52,60,64,59,134
780,1780,97,96,94,98,100,100,344
781,1781,61,60,58,58,53,67,91
782,1782,98,93,98,83,83,100,405
783,1783,71,71,78,69,60,62,234
784,1784,47,46,42,37,38,52,63
785,1785,83,90,83,85,75,78,392
786,1786,59,51,61,58,46,49,167
787,1787,60,62,52,54,59,75,289
788,1788,78,72,71,76,81,67,456
789,1789,88,89,81,82,83,68,480
790,1790,100,100,100,84,100,100,390
791,1791,65,67,58,67,58,66,179
792,1792,90,92,89,77,78,83,458
793,1793,96,89,98,98,83,76,446
794,1794,53,61,59,50,46,60,144
795,1795,95,100,96,84,84,100,462
796,1796,78,80,85,77,69,85,316
797,1797,58,60,59,55,48,53,220
798,1798,50,41,47,50,47,63,151
799,1799,86,93,88,70,79,97,339
800,1800,66,72,72,56,62,57,68
801,1801,60,56,55,61,53,59,182
802,1802,55,52,56,54,55,46,113
803,1803,78,78,85,64,75,64,243
804,1804,90,100,89,88,87,86,350
805,1805,84,93,90,86,75,72,323
806,1806,76,75,69,73,73,83,209
807,1807,71,61,65,71,61,81,169
808,1808,78,87,75,78,73,85,347
809,1809,64,59,61,47,53,64,79
810,1810,74,75,81,65,72,72,143
811,1811,67,73,67,50,60,49,183
812,1812,56,58,58,38,61,52,32
813,1813,94,88,92,91,84,89,440
814,1814,77,74,69,66,76,67,228
815,1815,75,83,72,58,79,74,212
816,1816,67,69,71,68,66,71,59
817,1817,68,60,61,70,65,75,264
818,1818,92,85,93,75,86,88,479
819,1819,96,87,94,95,94,96,462
820,1820,61,51,68,49,48,62,118
821,1821,84,84,83,84,88,88,471
822,1822,62,64,70,47,51,58,148
823,1823,65,61,59,63,56,71,202
824,1824,76,70,74,66,74,78,366
825,1825,70,67,72,61,55,72,31
826,1826,93,91,87,90,84,93,455
827,1827,78,69,86,78,68,78,221
828,1828,72,66,79,73,60,79,158
829,1829,80,86,87,76,69,78,224
830,1830,74,72,67,56,70,83,224
831,1831,60,69,58,51,53,49,69
832,1832,76,78,77,64,65,75,407
833,1833,98,89,90,82,98,93,445
834,1834,76,67,84,75,75,74,244
835,1835,79,85,87,77,72,77,323
836,1836,92,82,99,84,94,96,392
837,1837,64,70,67,60,69,67,115
838,1838,92,97,94,84,81,94,430
839,1839,73,72,73,63,66,58,174
840,1840,75,81,81,60,71,61,262
841,1841,65,69,63,54,64,53,135
842,1842,81,73,84,80,81,86,273
843,1843,57,49,53,43,46,47,173
844,1844,71,76,64,73,76,59,396
845,1845,81,82,74,66,67,77,379
846,1846,92,83,94,90,81,88,280
847,1847,49,40,46,35,51,43,0
848,1848,55,51,51,39,47,69,33
849,1849,77,72,76,59,78,75,220
850,1850,85,76,92,70,80,75,463
851,1851,62,55,70,58,67,68,115
852,1852,91,82,86,89,93,95,439
853,1853,63,70,67,49,65,66,107
854,1854,77,69,75,76,69,68,260
855,1855,57,56,61,55,46,57,225
856,1856,100,100,99,86,97,95,348
857,1857,71,61,76,70,66,66,178
858,1858,52,53,52,52,44,60,66
859,1859,90,97,95,73,84,89,418
860,1860,94,88,88,81,82,91,451
861,1861,83,73,75,81,78,80,247
862,1862,80,73,74,64,83,76,107
863,1863,91,81,84,91,79,85,357
864,1864,64,60,57,61,54,66,148
865,1865,65,64,58,59,56,60,213
866,1866,87,97,79,89,77,93,303
867,1867,100,92,100,92,97,100,498
868,1868,99,100,100,81,100,100,472
869,1869,100,100,99,100,91,100,375
870,1870,61,71,53,55,65,47,161
871,1871,82,77,88,72,70,98,176
872,1872,74,74,70,62,69,72,125
873,1873,76,67,70,69,74,72,247
874,1874,61,66,67,52,57,64,3
875,1875,61,58,56,61,64,73,90
876,1876,58,58,53,49,47,62,249
877,1877,65,69,73,63,64,69,112
878,1878,81,87,88,68,72,88,372
879,1879,81,90,76,69,82,77,243
880,1880,87,83,87,82,88,83,303
881,1881,66,62,70,65,70,69,83
882,1882,64,62,68,59,51,61,93
883,1883,71,67,72,55,64,77,231
884,1884,64,58,69,64,49,61,170
885,1885,77,80,70,77,73,72,228
886,1886,89,92,95,75,76,76,439
887,1887,60,51,57,52,55,63,332
888,1888,57,48,54,48,54,61,125
889,1889,77,77,69,67,81,72,278
890,1890,53,61,45,48,45,59,150
891,1891,65,68,69,49,61,73,154
892,1892,80,71,87,75,72,80,172
893,1893,86,86,90,69,74,79,282
894,1894,72,63,69,55,57,88,173
895,1895,60,70,65,46,54,58,194
896,1896,80,81,74,78,82,89,480
897,1897,78,68,76,64,67,83,438
898,1898,81,78,74,78,70,88,295
899,1899,81,73,83,67,70,87,241
900,1900,73,79,80,60,75,79,237
901,1901,68,58,68,69,60,67,76
902,1902,52,61,49,41,44,61,120
903,1903,72,71,73,67,73,75,240
904,1904,100,100,100,97,92,92,399
905,1905,58,50,61,47,48,54,94
906,1906,61,53,60,55,46,65,347
907,1907,69,72,63,61,70,78,134
908,1908,92,96,87,93,84,92,211
909,1909,97,87,93,89,88,100,429
910,1910,86,78,94,72,79,77,325
911,1911,96,100,90,89,92,83,436
912,1912,87,96,86,84,80,90,436
913,1913,81,81,75,74,79,75,219
914,1914,92,90,87,93,94,92,415
915,1915,72,81,79,54,77,64,285
916,1916,53,59,53,46,50,49,121
917,1917,80,86,80,80,82,66,199
918,1918,60,56,59,56,64,58,207
919,1919,91,93,83,90,81,100,343
920,1920,55,48,51,51,57,64,88
921,1921,80,87,77,72,65,87,354
922,1922,88,95,88,84,74,92,378
923,1923,71,71,66,63,59,65,171
924,1924,67,77,61,68,52,81,270
925,1925,69,66,62,58,74,65,136
926,1926,72,67,70,73,69,73,351
927,1927,80,89,76,78,75,85,318
928,1928,55,53,50,54,51,52,113
929,1929,80,70,84,63,70,73,166
930,1930,73,77,81,65,64,84,297
931,1931,58,58,52,44,57,61,355
932,1932,85,95,78,87,78,87,440
933,1933,68,74,72,61,70,74,250
934,1934,91,92,90,77,91,96,373
935,1935,72,65,80,64,62,69,158
936,1936,87,87,92,82,80,77,449
937,1937,75,65,82,71,76,75,276
938,1938,64,57,71,46,65,61,125
939,1939,71,76,71,58,64,65,272
940,1940,55,57,52,48,45,58,150
941,1941,69,59,63,53,60,71,161
942,1942,95,95,100,96,87,92,449
943,1943,75,75,73,67,76,71,184
944,1944,79,75,83,77,83,75,311
945,1945,75,67,80,73,75,63,385
946,1946,79,72,73,61,81,78,149
947,1947,80,70,82,66,70,79,190
948,1948,93,98,96,86,96,96,370
949,1949,85,81,77,74,84,83,292
950,1950,91,83,90,80,89,97,373
951,1951,83,73,81,82,69,91,413
952,1952,78,72,84,61,64,87,92
953,1953,73,69,68,55,59,89,262
954,1954,59,68,51,42,51,54,177
955,1955,76,86,81,62,66,82,338
956,1956,73,67,68,59,65,72,105
957,1957,100,100,100,93,100,97,345
958,1958,73,70,79,55,63,89,211
959,1959,88,78,90,70,92,84,309
960,1960,76,85,75,76,75,73,274
961,1961,90,96,93,92,81,85,454
962,1962,83,83,77,70,78,71,231
963,1963,94,90,92,85,84,100,334
964,1964,94,84,86,77,99,98,395
965,1965,64,63,58,56,67,77,204
966,1966,90,90,88,88,77,95,352
967,1967,95,90,100,82,81,94,499
968,1968,63,68,70,61,59,68,118
969,1969,81,85,76,77,73,79,144
970,1970,88,79,89,79,78,91,315
971,1971,72,70,76,59,70,67,265
972,1972,55,65,54,40,45,52,136
973,1973,50,57,44,47,55,37,72
974,1974,66,72,62,61,65,67,98
975,1975,66,61,73,62,66,54,180
976,1976,91,98,86,77,76,89,318
977,1977,77,70,73,77,62,71,237
978,1978,69,63,64,67,74,67,459
979,1979,97,94,90,99,99,88,402
980,1980,52,45,48,48,43,54,134
981,1981,84,90,80,77,78,87,393
982,1982,98,100,100,97,88,95,407
983,1983,75,69,71,77,65,76,105
984,1984,62,57,70,57,55,41,94
985,1985,43,48,46,26,30,45,63
986,1986,48,41,46,34,47,68,131
987,1987,84,78,76,84,84,82,395
988,1988,76,82,82,71,76,74,263
989,1989,80,87,84,70,70,89,186
990,1990,62,57,62,58,49,66,231
991,1991,89,98,94,88,83,91,292
992,1992,61,64,64,60,61,57,218
993,1993,54,54,49,43,56,66,59
994,1994,62,66,68,50,48,58,50
995,1995,86,80,84,86,76,84,308
996,1996,49,58,48,50,48,52,137
997,1997,72,76,80,63,60,74,221
998,1998,88,86,90,88,81,86,339
999,1999,56,55,64,44,46,60,148
1000,2000,70,67,72,70,62,76,308
1001,2001,92,97,87,78,84,100,422
1002,2002,95,93,87,90,91,86,451
1003,2003,69,63,73,71,74,75,238
1004,2004,81,77,73,68,80,87,390
1005,2005,84,85,90,86,79,89,369
1006,2006,71,64,65,71,73,74,297
1007,2007,68,74,73,55,64,69,291
1008,2008,62,72,58,44,63,49,159
1009,2009,87,97,82,77,81,85,372
1010,2010,89,86,90,74,74,87,455
1011,2011,78,79,86,79,67,72,378
1012,2012,61,62,65,61,63,53,167
1013,2013,58,59,64,40,58,64,98
1014,2014,72,65,76,55,64,71,55
1015,2015,95,94,89,88,86,92,328
1016,2016,98,100,91,81,89,98,295
1017,2017,100,97,100,95,100,96,403
1018,2018,61,55,62,45,46,36,54
1019,2019,68,58,60,51,62,77,198
1020,2020,76,79,74,73,74,66,242
1021,2021,89,82,94,80,93,92,376
1022,2022,64,74,72,61,64,66,8
1023,2023,73,64,75,56,74,80,266
1024,2024,70,80,64,70,57,67,289
1025,2025,75,73,69,76,75,76,134
1026,2026,69,70,73,64,72,65,172
1027,2027,68,62,70,64,63,75,65
1028,2028,81,84,77,73,84,80,299
1029,2029,57,61,52,54,52,59,168
1030,2030,64,61,59,65,66,67,194
1031,2031,86,94,93,84,71,95,414
1032,2032,87,91,81,77,85,80,329
1033,2033,94,91,86,88,87,85,348
1034,2034,80,73,76,75,84,70,265
1035,2035,68,67,61,61,62,76,148
1036,2036,64,73,59,55,53,60,275
1037,2037,74,78,71,76,73,68,171
1038,2038,60,58,57,42,51,56,313
1039,2039,84,83,82,74,82,85,270
1040,2040,86,84,90,70,76,78,380
1041,2041,71,81,79,62,72,59,345
1042,2042,88,98,84,86,73,79,475
1043,2043,50,44,46,40,52,54,38
1044,2044,79,71,73,79,80,72,193
1045,2045,73,66,69,62,77,77,276
1046,2046,72,72,70,71,60,71,305
1047,2047,63,54,61,56,66,47,28
1048,2048,84,88,78,68,88,86,343
1049,2049,76,74,71,64,69,70,294
1050,2050,99,89,100,91,94,100,258
1051,2051,78,80,82,66,81,80,294
1052,2052,78,72,73,64,78,85,228
1053,2053,99,96,98,91,92,96,555
1054,2054,56,48,57,52,43,58,246
1055,2055,44,42,49,36,39,44,25
1056,2056,76,74,79,78,81,88,162
1057,2057,98,93,92,83,100,100,466
1058,2058,67,61,71,67,69,63,188
1059,2059,58,54,58,56,62,43,245
1060,2060,62,60,60,64,48,70,315
1061,2061,98,93,96,81,86,100,501
1062,2062,92,97,90,88,92,92,336
1063,2063,54,46,58,42,39,40,80
1064,2064,65,63,62,52,54,58,174
1065,2065,100,90,95,90,98,100,470
1066,2066,68,76,67,64,58,76,171
1067,2067,73,79,72,71,69,64,375
1068,2068,63,56,60,47,63,66,118
1069,2069,100,100,100,99,97,99,403
1070,2070,100,93,92,92,98,100,455
1071,2071,97,100,100,90,100,99,416
1072,2072,58,49,50,44,45,57,274
1073,2073,89,82,91,83,93,81,278
1074,2074,73,83,78,63,65,69,211
1075,2075,95,100,93,81,89,99,459
1076,2076,100,100,98,86,89,93,408
1077,2077,89,86,84,73,91,95,400
1078,2078,87,77,81,87,84,82,417
1079,2079,56,63,57,55,50,61,232
1080,2080,97,100,89,87,97,94,210
1081,2081,40,45,47,37,32,47,56
1082,2082,87,93,95,87,92,84,444
1083,2083,93,85,92,91,95,82,332
1084,2084,86,77,86,84,86,76,172
1085,2085,76,75,75,71,63,71,78
1086,2086,63,56,66,48,68,59,97
1087,2087,97,90,97,86,98,90,390
1088,2088,72,81,71,58,67,67,133
1089,2089,58,64,52,41,45,57,299
1090,2090,68,66,68,60,70,89,127
1091,2091,61,71,64,46,51,58,244
1092,2092,62,56,59,64,53,65,189
1093,2093,62,67,67,51,57,61,119
1094,2094,91,83,91,73,88,96,315
1095,2095,95,90,100,92,84,86,371
1096,2096,86,95,78,75,80,86,251
1097,2097,100,97,100,86,95,100,477
1098,2098,58,53,58,57,55,44,159
1099,2099,78,73,83,76,70,74,429
1100,2100,79,78,81,75,79,70,142
1101,2101,67,57,63,59,72,71,241
1102,2102,69,61,67,59,64,62,172
1103,2103,97,100,94,97,84,87,337
1104,2104,92,83,84,79,85,100,393
1105,2105,67,72,64,69,55,71,236
1106,2106,92,84,85,80,79,96,483
1107,2107,53,48,53,37,46,50,63
1108,2108,69,66,63,52,65,70,307
1109,2109,61,62,65,55,57,61,105
1110,2110,87,93,81,70,78,83,182
1111,2111,86,96,87,83,83,83,260
1112,2112,57,57,56,42,60,47,199
1113,2113,58,59,56,49,58,66,145
1114,2114,87,81,80,88,79,79,381
1115,2115,56,58,59,53,56,46,79
1116,2116,46,37,52,28,42,42,87
1117,2117,56,47,53,46,59,67,188
1118,2118,56,66,61,52,52,52,128
1119,2119,67,69,68,51,54,69,102
1120,2120,100,100,100,85,96,100,480
1121,2121,60,63,62,57,46,62,197
1122,2122,63,59,70,63,49,51,246
1123,2123,81,74,88,71,73,87,377
1124,2124,71,63,79,57,68,81,110
1125,2125,58,49,66,52,50,70,134
1126,2126,98,100,100,86,89,91,416
1127,2127,76,67,73,76,76,82,322
1128,2128,100,100,100,92,97,100,423
1129,2129,73,70,80,60,60,71,346
1130,2130,56,50,60,46,53,46,89
1131,2131,47,43,48,30,34,37,21
1132,2132,72,76,78,59,66,71,178
1133,2133,61,68,57,50,58,64,9
1134,2134,94,100,91,95,96,96,492
1135,2135,86,90,91,80,83,86,470
1136,2136,66,59,65,63,70,73,173
1137,2137,71,67,73,65,68,70,309
1138,2138,96,100,97,87,92,79,448
1139,2139,59,61,59,48,46,59,112
1140,2140,52,56,53,39,47,50,118
1141,2141,74,82,80,64,65,57,274
1142,2142,97,98,98,92,83,86,446
1143,2143,77,86,78,62,70,69,147
1144,2144,77,84,69,69,79,77,269
1145,2145,79,80,80,70,82,86,191
1146,2146,73,73,80,60,64,95,189
1147,2147,74,64,70,71,70,68,165
1148,2148,77,67,69,62,79,91,222
1149,2149,53,61,57,47,52,41,52
1150,2150,59,66,55,59,53,50,68
1151,2151,78,88,86,72,78,74,356
1152,2152,66,73,70,57,61,85,122
1153,2153,100,100,93,85,87,100,388
1154,2154,66,63,58,64,56,60,128
1155,2155,57,64,59,40,61,56,197
1156,2156,59,51,51,44,55,62,257
1157,2157,74,84,71,72,64,64,161
1158,2158,68,76,64,62,71,82,198
1159,2159,84,93,81,82,81,90,344
1160,2160,89,81,97,89,84,100,415
1161,2161,98,92,95,90,100,94,443
1162,2162,75,71,82,69,73,77,300
1163,2163,63,62,71,60,61,61,164
1164,2164,78,71,78,72,73,89,399
1165,2165,62,59,63,47,51,63,59
1166,2166,71,66,73,73,73,59,110
1167,2167,76,70,68,67,80,70,181
1168,2168,70,79,62,71,74,77,216
1169,2169,82,74,88,73,68,81,363
1170,2170,100,90,97,85,94,100,489
1171,2171,70,66,74,53,58,63,151
1172,2172,78,73,70,80,65,82,411
1173,2173,76,70,74,77,65,81,155
1174,2174,64,69,57,63,58,60,277
1175,2175,98,97,99,100,94,100,414
1176,2176,75,72,78,68,64,76,80
1177,2177,68,77,60,56,61,84,163
1178,2178,89,84,85,80,81,84,327
1179,2179,66,69,72,52,71,61,105
1180,2180,87,95,80,89,82,100,368
1181,2181,76,67,82,63,77,70,303
1182,2182,62,67,59,60,66,58,132
1183,2183,94,90,94,84,82,84,468
1184,2184,89,87,92,84,75,94,381
1185,2185,69,66,69,62,62,73,170
1186,2186,68,72,61,59,73,73,294
1187,2187,95,93,100,92,98,100,305
1188,2188,93,92,85,77,97,100,477
1189,2189,93,99,85,75,81,87,455
1190,2190,47,37,46,47,38,58,28
1191,2191,69,79,77,56,55,71,416
1192,2192,57,48,51,51,50,61,59
1193,2193,55,56,50,41,40,53,191
1194,2194,62,62,63,45,59,59,0
1195,2195,83,92,89,75,68,87,284
1196,2196,70,66,69,62,71,68,150
1197,2197,76,84,82,74,64,86,195
1198,2198,74,69,69,63,59,69,107
1199,2199,72,69,78,58,57,52,64
1200,2200,70,80,63,63,69,75,218
1201,2201,66,62,59,58,52,72,180
1202,2202,100,93,99,98,97,99,474
1203,2203,64,66,65,63,65,62,250
1204,2204,75,65,71,63,62,75,133
1205,2205,54,60,49,45,56,54,63
1206,2206,97,100,91,85,93,100,437
1207,2207,87,78,85,70,90,89,316
1208,2208,70,67,70,55,69,61,227
1209,2209,69,64,62,65,71,68,194
1210,2210,100,100,100,100,95,100,487
1211,2211,84,85,77,81,69,77,407
1212,2212,46,53,51,33,47,41,168
1213,2213,91,92,98,92,88,96,470
1214,2214,67,73,63,66,63,58,92
1215,2215,51,54,43,41,56,46,144
1216,2216,46,55,41,30,33,35,11
1217,2217,63,64,60,52,51,60,106
1218,2218,60,70,63,53,53,65,153
1219,2219,80,74,88,79,72,76,337
1220,2220,86,80,93,76,88,93,292
1221,2221,87,82,88,75,72,93,397
1222,2222,92,88,93,89,91,100,351
1223,2223,74,82,71,64,70,82,182
1224,2224,61,62,54,57,64,46,152
1225,2225,85,78,89,70,79,87,383
1226,2226,69,70,70,68,58,74,209
1227,2227,87,87,95,88,86,79,503
1228,2228,79,70,71,66,81,75,353
1229,2229,94,84,98,83,96,85,420
1230,2230,92,92,92,94,82,100,331
1231,2231,89,91,86,81,89,100,288
1232,2232,79,76,77,66,69,70,298
1233,2233,69,68,72,56,61,73,243
1234,2234,52,48,49,36,52,35,156
1235,2235,62,57,68,59,59,62,70
1236,2236,71,68,77,62,66,63,197
1237,2237,54,48,58,47,57,43,98
1238,2238,81,77,79,74,71,89,389
1239,2239,85,78,85,74,87,88,437
1240,2240,76,74,84,69,71,93,334
1241,2241,79,77,85,81,66,94,421
1242,2242,60,65,59,42,59,63,68
1243,2243,88,81,95,72,73,100,331
1244,2244,62,59,64,57,54,58,155
1245,2245,68,74,74,53,65,54,259
1246,2246,70,74,74,54,61,65,184
1247,2247,68,78,62,53,56,67,49
1248,2248,72,77,74,55,76,76,382
1249,2249,82,76,87,80,76,90,212
1250,2250,70,69,63,66,59,63,269
1251,2251,69,64,63,65,56,67,322
1252,2252,82,90,75,75,82,90,312
1253,2253,81,89,87,81,69,79,209
1254,2254,93,88,98,89,90,94,430
1255,2255,61,55,58,47,65,49,116
1256,2256,81,71,82,65,70,87,335
1257,2257,74,78,75,66,67,71,303
1258,2258,100,100,100,94,88,95,429
1259,2259,81,73,84,76,83,73,307
1260,2260,82,75,74,71,77,74,199
1261,2261,46,51,49,35,42,35,74
1262,2262,67,59,65,65,60,81,133
1263,2263,68,64,74,65,68,75,242
1264,2264,80,89,79,68,83,70,307
1265,2265,69,61,65,64,57,61,124
1266,2266,82,82,89,84,75,70,190
1267,2267,100,100,100,100,100,88,331
1268,2268,63,61,70,53,56,78,166
1269,2269,92,99,99,82,94,90,338
1270,2270,54,45,50,51,54,55,0
1271,2271,87,83,83,69,85,89,382
1272,2272,61,64,57,56,62,49,331
1273,2273,78,75,81,76,68,84,211
1274,2274,84,78,87,73,84,100,348
1275,2275,78,77,71,69,73,86,316
1276,2276,100,96,92,97,92,100,374
1277,2277,83,78,90,75,88,80,321
1278,2278,83,92,78,70,69,88,229
1279,2279,84,83,81,85,89,70,390
1280,2280,72,70,79,61,74,80,114
1281,2281,67,69,72,58,60,66,112
1282,2282,57,60,63,55,62,65,215
1283,2283,72,76,76,66,70,61,267
1284,2284,100,96,95,100,87,100,444
1285,2285,70,77,70,56,62,72,181
1286,2286,83,89,79,68,82,92,383
1287,2287,54,64,50,56,46,56,122
1288,2288,94,84,98,83,87,92,404
1289,2289,100,100,98,83,100,95,481
1290,2290,61,60,55,59,58,55,97
1291,2291,76,67,69,68,71,73,115
1292,2292,96,98,100,81,97,96,260
1293,2293,100,93,92,99,87,86,508
1294,2294,61,63,58,48,62,41,105
1295,2295,63,57,65,63,52,71,161
1296,2296,79,70,76,81,65,85,241
1297,2297,81,77,74,65,71,85,236
1298,2298,79,85,80,81,64,92,307
1299,2299,68,73,66,64,66,56,106
1300,2300,65,57,71,48,65,52,73
1301,2301,83,86,76,75,79,79,295
1302,2302,91,93,87,77,86,82,249
1303,2303,77,84,70,79,64,76,122
1304,2304,100,100,100,99,96,90,507
1305,2305,67,57,64,64,64,58,170
1306,2306,55,63,47,57,53,50,95
1307,2307,63,62,56,61,54,58,102
1308,2308,79,85,81,64,83,83,359
1309,2309,77,82,83,73,78,67,344
1310,2310,61,54,65,47,63,63,102
1311,2311,72,78,77,57,67,69,224
1312,2312,78,82,81,80,63,81,380
1313,2313,51,57,55,49,45,42,217
1314,2314,60,61,66,58,55,50,202
1315,2315,88,87,92,75,75,80,461
1316,2316,83,91,77,70,78,95,202
1317,2317,77,67,82,64,69,75,144
1318,2318,66,61,69,52,65,51,113
1319,2319,62,58,56,53,51,62,75
1320,2320,69,63,63,55,72,60,194
1321,2321,66,75,65,57,62,55,285
1322,2322,59,67,65,48,58,54,229
1323,2323,70,79,73,55,59,66,352
1324,2324,92,85,90,79,81,89,291
1325,2325,76,75,74,64,73,94,292
1326,2326,82,84,77,74,77,90,290
1327,2327,73,71,67,66,68,74,301
1328,2328,63,67,55,49,53,53,30
1329,2329,70,79,76,62,56,66,229
1330,2330,81,75,87,82,81,80,376
1331,2331,68,73,61,53,53,73,109
1332,2332,81,84,78,70,76,87,243
1333,2333,63,61,59,49,62,61,257
1334,2334,93,89,99,79,83,87,486
1335,2335,62,59,62,63,65,60,139
1336,2336,85,79,85,67,77,93,565
1337,2337,63,59,56,50,64,56,145
1338,2338,77,82,75,59,62,61,359
1339,2339,47,39,51,32,32,35,141
1340,2340,83,75,79,80,82,84,391
1341,2341,81,86,84,63,76,68,163
1342,2342,56,54,48,50,42,54,127
1343,2343,57,63,56,41,61,60,70
1344,2344,89,82,84,76,80,93,318
1345,2345,69,77,75,70,54,76,34
1346,2346,82,74,86,81,86,82,330
1347,2347,70,66,64,61,74,61,243
1348,2348,64,70,63,50,66,67,130
1349,2349,56,50,63,40,46,50,72
1350,2350,85,85,83,85,85,91,314
1351,2351,49,43,45,32,38,59,51
1352,2352,65,55,65,51,58,67,218
1353,2353,68,58,70,50,54,77,205
1354,2354,47,37,54,39,43,42,164
1355,2355,81,81,82,72,72,72,388
1356,2356,92,86,92,81,97,86,388
1357,2357,78,68,82,71,74,83,195
1358,2358,75,68,76,67,77,66,102
1359,2359,77,86,74,72,73,80,329
1360,2360,55,49,63,46,45,45,196
1361,2361,85,81,87,87,78,80,226
1362,2362,76,77,80,64,78,71,231
1363,2363,73,67,72,62,71,71,126
1364,2364,69,65,77,56,62,61,124
1365,2365,88,89,96,85,87,79,365
1366,2366,75,83,69,71,64,80,252
1367,2367,76,74,81,68,73,70,250
1368,2368,63,63,60,45,49,49,118
1369,2369,66,68,61,68,67,75,68
1370,2370,100,95,92,99,94,89,467
1371,2371,70,64,70,68,61,74,218
1372,2372,92,90,87,76,92,90,252
1373,2373,46,56,42,34,38,49,92
1374,2374,78,81,86,75,72,83,290
1375,2375,82,76,85,83,79,88,401
1376,2376,97,100,100,79,100,94,405
1377,2377,99,99,94,96,96,93,515
1378,2378,59,63,58,48,62,65,197
1379,2379,65,64,57,58,51,65,218
1380,2380,88,85,87,89,88,73,343
1381,2381,100,100,97,88,87,80,380
1382,2382,74,79,82,70,76,66,118
1383,2383,45,40,43,39,31,35,95
1384,2384,97,89,92,91,84,98,322
1385,2385,86,88,91,81,90,80,237
1386,2386,76,84,80,71,81,86,154
1387,2387,67,59,62,61,58,59,387
1388,2388,69,72,75,55,71,73,234
1389,2389,75,68,83,57,75,71,120
1390,2390,57,47,54,43,60,48,60
1391,2391,76,78,79,62,65,73,135
1392,2392,92,84,84,92,88,74,540
1393,2393,61,62,62,47,47,74,160
1394,2394,100,100,100,86,100,100,301
1395,2395,64,55,64,49,57,78,102
1396,2396,76,69,76,72,64,78,255
1397,2397,86,83,79,68,89,90,448
1398,2398,62,64,58,58,48,56,94
1399,2399,75,66,79,70,61,65,204
1400,2400,65,65,59,62,54,50,237
1401,2401,49,51,49,36,53,48,162
1402,2402,69,71,77,68,60,73,147
1403,2403,55,54,59,51,53,56,51
1404,2404,78,86,86,63,63,69,193
1405,2405,51,44,52,51,49,38,137
1406,2406,65,63,60,65,70,84,113
1407,2407,53,52,48,41,47,63,11
1408,2408,50,52,46,51,43,44,82
1409,2409,75,69,80,59,65,66,365
1410,2410,43,38,46,32,46,46,156
1411,2411,62,64,57,60,61,72,74
1412,2412,100,100,100,87,85,100,438
1413,2413,85,85,79,71,72,91,188
1414,2414,75,80,68,63,74,81,182
1415,2415,58,62,55,58,51,61,175
1416,2416,62,59,57,55,53,52,149
1417,2417,40,46,37,32,36,36,213
1418,2418,63,72,56,51,67,48,297
1419,2419,88,89,85,75,93,90,260
1420,2420,56,51,54,48,49,48,42
1421,2421,77,71,84,61,73,73,133
1422,2422,83,93,86,67,69,83,252
1423,2423,88,93,93,84,88,86,262
1424,2424,92,99,93,74,89,97,437
1425,2425,91,86,86,82,81,84,425
1426,2426,88,83,92,89,86,80,456
1427,2427,69,73,76,58,54,61,157
1428,2428,57,54,59,45,53,58,137
1429,2429,78,76,77,72,76,82,244
1430,2430,72,78,74,72,77,61,370
1431,2431,90,95,97,79,79,99,288
1432,2432,74,70,79,73,79,77,98
1433,2433,75,82,73,73,79,80,221
1434,2434,72,75,70,60,76,53,185
1435,2435,82,77,75,75,68,79,418
1436,2436,61,55,57,62,57,70,118
1437,2437,79,86,76,76,64,70,479
1438,2438,72,67,67,73,58,71,229
1439,2439,69,70,64,64,65,70,64
1440,2440,70,77,66,72,66,62,241
1441,2441,91,92,83,84,91,100,374
1442,2442,85,85,78,78,79,76,252
1443,2443,73,69,78,62,65,67,115
1444,2444,78,70,85,64,74,77,305
1445,2445,93,88,93,88,85,97,332
1446,2446,45,46,47,40,40,44,91
1447,2447,81,87,79,71,82,75,295
1448,2448,80,71,83,81,78,86,189
1449,2449,79,75,80,70,84,92,279
1450,2450,45,50,41,34,31,35,61
1451,2451,60,62,62,59,61,61,58
1452,2452,94,100,95,88,82,81,401
1453,2453,61,63,64,55,57,43,158
1454,2454,54,57,57,41,48,41,82
1455,2455,60,66,61,56,64,48,186
1456,2456,73,68,71,73,72,62,185
1457,2457,64,55,66,47,56,74,202
1458,2458,85,76,81,74,77,89,346
1459,2459,73,82,69,61,65,74,171
1460,2460,80,73,72,63,84,76,372
1461,2461,75,67,80,77,68,79,102
1462,2462,54,56,50,44,43,45,83
1463,2463,89,86,96,89,87,100,440
1464,2464,74,65,75,60,62,79,288
1465,2465,74,66,78,71,70,72,166
1466,2466,79,85,85,63,82,78,111
1467,2467,75,71,81,64,80,88,239
1468,2468,59,54,58,55,61,60,66
1469,2469,78,68,72,63,76,76,284
1470,2470,83,86,84,71,78,75,363
1471,2471,61,65,59,53,61,64,139
1472,2472,96,89,100,91,90,100,350
1473,2473,62,62,67,47,52,75,116
1474,2474,67,71,64,56,61,70,135
1475,2475,100,96,95,97,86,98,351
1476,2476,90,82,94,76,87,88,415
1477,2477,66,67,67,48,66,67,135
1478,2478,75,78,80,74,75,76,125
1479,2479,100,100,93,84,100,100,447
1480,2480,66,70,66,63,57,75,148
1481,2481,81,76,73,69,71,78,376
1482,2482,81,71,79,71,81,95,174
1483,2483,65,69,64,66,60,70,198
1484,2484,79,69,77,77,80,87,319
1485,2485,78,83,72,74,71,80,341
1486,2486,75,85,67,59,64,74,112
1487,2487,90,81,85,88,92,100,359
1488,2488,65,55,69,56,60,74,171
1489,2489,81,84,80,68,73,85,311
1490,2490,75,67,74,76,60,58,301
1491,2491,80,90,85,65,66,74,212
1492,2492,94,93,98,88,98,84,538
1493,2493,59,62,55,45,58,67,99
1494,2494,61,52,61,55,58,67,184
1495,2495,55,49,47,50,40,60,94
1496,2496,64,71,62,49,63,64,145
1497,2497,94,87,91,82,97,100,456
1498,2498,74,76,71,57,78,77,199
1499,2499,60,61,60,49,54,70,67
1500,2500,53,55,54,37,49,72,56
1501,2501,89,87,94,83,85,100,460
1502,2502,86,83,88,71,75,81,332
1503,2503,89,83,96,90,78,76,415
1504,2504,78,68,81,70,63,73,263
1505,2505,90,97,96,79,85,86,427
1506,2506,62,64,56,48,50,73,271
1507,2507,77,72,74,77,79,79,224
1508,2508,47,44,46,37,43,37,94
1509,2509,60,68,66,46,60,52,0
1510,2510,80,72,81,64,79,64,275
1511,2511,75,83,72,74,65,76,197
1512,2512,79,82,77,64,69,74,388
1513,2513,70,67,68,68,65,62,243
1514,2514,43,46,49,44,43,43,136
1515,2515,84,92,83,83,87,83,209
1516,2516,72,67,77,66,66,79,68
1517,2517,66,71,67,61,69,71,259
1518,2518,67,59,68,62,54,73,171
1519,2519,80,87,77,69,74,77,442
1520,2520,86,81,91,76,77,76,407
1521,2521,78,87,71,67,73,82,324
1522,2522,55,56,51,39,46,50,162
1523,2523,73,77,77,75,78,72,328
1524,2524,79,78,74,72,79,66,246
1525,2525,91,92,86,85,92,95,373
1526,2526,86,78,89,72,90,79,282
1527,2527,56,54,50,46,52,46,194
1528,2528,88,91,80,84,81,80,376
1529,2529,69,68,63,53,64,78,348
1530,2530,61,68,69,47,53,64,296
1531,2531,79,71,83,80,82,93,89
1532,2532,68,78,66,56,72,65,213
1533,2533,39,32,42,21,38,50,87
1534,2534,69,62,76,61,67,57,467
1535,2535,59,52,65,41,44,49,116
1536,2536,39,48,45,37,31,39,107
1537,2537,95,100,99,89,97,92,505
1538,2538,73,70,66,62,63,74,180
1539,2539,89,82,96,90,90,95,332
1540,2540,47,38,43,45,50,46,29
1541,2541,85,77,78,78,72,77,393
1542,2542,55,63,49,43,56,62,93
1543,2543,78,86,72,74,66,67,261
1544,2544,75,72,75,68,67,73,212
1545,2545,86,86,92,72,84,87,413
1546,2546,80,89,80,62,82,78,299
1547,2547,84,93,92,83,85,70,232
1548,2548,100,93,93,100,100,100,412
1549,2549,93,84,86,95,91,78,409
1550,2550,88,80,83,76,90,82,437
1551,2551,73,75,77,56,61,83,218
1552,2552,73,68,65,67,74,71,253
1553,2553,91,100,86,78,88,89,443
1554,2554,75,69,80,75,75,87,260
1555,2555,75,84,70,73,60,72,280
1556,2556,57,61,49,45,59,63,113
1557,2557,85,80,93,82,73,97,259
1558,2558,63,59,70,48,60,72,89
1559,2559,65,71,58,65,58,58,161
1560,2560,73,74,68,61,78,74,322
1561,2561,54,59,52,43,44,53,106
1562,2562,51,46,48,37,46,43,265
1563,2563,61,64,62,63,65,62,258
1564,2564,86,76,78,84,78,92,405
1565,2565,71,72,77,69,66,69,244
1566,2566,92,89,96,79,96,82,320
1567,2567,68,71,65,50,56,61,122
1568,2568,69,73,61,54,70,58,141
1569,2569,89,84,85,91,89,91,349
1570,2570,73,73,69,66,63,64,286
1571,2571,66,71,72,60,63,64,163
1572,2572,89,89,91,83,80,74,411
1573,2573,86,78,78,68,77,94,195
1574,2574,47,56,45,48,51,35,60
1575,2575,87,77,79,88,76,90,338
1576,2576,91,98,90,84,93,83,304
1577,2577,100,100,100,85,85,96,433
1578,2578,98,97,100,97,85,99,366
1579,2579,63,59,64,57,60,74,211
1580,2580,83,84,83,71,79,77,306
1581,2581,64,63,67,65,59,55,82
1582,2582,85,90,81,82,86,86,254
1583,2583,76,66,76,67,65,74,318
1584,2584,75,82,83,72,63,84,209
1585,2585,59,57,65,59,59,54,152
1586,2586,79,89,73,65,64,59,406
1587,2587,62,54,56,47,61,46,142
1588,2588,42,48,36,25,27,35,0
1589,2589,86,82,85,82,76,97,401
1590,2590,62,53,58,60,55,54,113
1591,2591,83,77,85,77,88,87,321
1592,2592,86,84,81,72,76,86,385
1593,2593,91,92,86,90,81,93,397
1594,2594,71,65,76,64,57,67,145
1595,2595,64,57,70,49,63,57,59
1596,2596,67,59,68,56,64,59,244
1597,2597,68,63,70,51,58,64,125
1598,2598,77,73,72,78,68,68,246
1599,2599,55,45,59,43,56,55,98
1600,2600,68,65,75,63,68,70,246
1601,2601,64,72,68,52,56,50,122
1602,2602,65,57,57,51,67,65,5
1603,2603,55,64,54,37,55,50,98
1604,2604,50,43,52,41,38,42,111
1605,2605,79,69,74,80,79,72,465
1606,2606,59,49,57,54,58,64,93
1607,2607,94,96,92,78,95,96,402
1608,2608,93,90,93,90,96,98,444
1609,2609,99,91,100,98,100,100,404
1610,2610,79,78,87,73,80,81,351
1611,2611,89,94,93,82,92,100,372
1612,2612,67,69,73,62,61,59,189
1613,2613,78,86,80,62,69,84,323
1614,2614,66,75,62,50,71,73,102
1615,2615,64,56,61,63,58,43,324
1616,2616,77,72,72,78,71,79,343
1617,2617,87,80,82,72,83,79,348
1618,2618,77,76,78,68,82,75,115
1619,2619,59,67,64,51,56,57,98
1620,2620,78,88,85,76,66,79,353
1621,2621,98,89,100,89,85,84,475
1622,2622,85,94,90,85,83,83,428
1623,2623,98,93,97,91,100,100,504
1624,2624,84,83,82,75,72,83,252
1625,2625,85,76,85,67,73,82,366
1626,2626,81,90,75,73,79,91,359
1627,2627,51,50,48,40,36,48,156
1628,2628,92,89,95,79,79,85,290
1629,2629,86,80,90,88,88,85,225
1630,2630,83,88,90,78,85,78,296
1631,2631,86,82,84,77,82,71,309
1632,2632,82,87,83,79,76,100,219
1633,2633,76,78,68,65,62,80,211
1634,2634,88,84,80,73,76,83,405
1635,2635,66,72,60,64,59,68,221
1636,2636,67,62,62,63,65,70,145
1637,2637,80,89,77,72,78,78,214
1638,2638,62,72,58,59,58,57,110
1639,2639,68,61,68,65,58,71,364
1640,2640,47,43,42,42,47,60,137
1641,2641,79,75,71,67,84,77,457
1642,2642,98,99,93,89,100,86,486
1643,2643,92,100,88,93,89,88,471
1644,2644,85,93,92,80,78,81,363
1645,2645,81,88,82,63,69,82,329
1646,2646,65,55,63,64,69,64,178
1647,2647,64,58,68,54,65,77,253
1648,2648,65,58,73,54,53,71,208
1649,2649,84,91,80,85,80,81,465
1650,2650,63,67,63,45,61,41,361
1651,2651,91,90,83,78,82,97,332
1652,2652,72,81,68,54,75,75,174
1653,2653,100,100,92,100,100,100,438
1654,2654,77,74,69,72,78,83,215
1655,2655,84,88,90,80,69,85,251
1656,2656,69,71,73,61,71,53,212
1657,2657,81,79,80,68,80,83,298
1658,2658,68,72,67,54,58,51,161
1659,2659,78,84,79,60,67,76,237
1660,2660,56,47,64,44,52,47,117
1661,2661,66,74,74,63,67,61,155
1662,2662,61,62,59,51,65,53,178
1663,2663,73,70,79,75,66,71,111
1664,2664,62,54,58,56,53,68,58
1665,2665,66,60,71,53,65,83,247
1666,2666,77,68,75,75,80,71,278
1667,2667,50,59,51,35,37,44,19
1668,2668,84,78,79,76,76,81,330
1669,2669,49,56,51,43,36,37,72
1670,2670,76,67,73,60,67,82,253
1671,2671,52,43,57,41,52,70,69
1672,2672,74,72,70,73,72,60,61
1673,2673,97,100,89,94,95,91,473
1674,2674,80,90,73,78,66,80,333
1675,2675,82,88,84,81,79,75,373
1676,2676,85,90,78,79,85,82,370
1677,2677,89,89,89,76,80,70,340
1678,2678,92,83,96,93,96,87,381
1679,2679,81,73,78,69,71,74,355
1680,2680,89,84,93,86,94,100,397
1681,2681,60,55,55,56,54,59,151
1682,2682,75,79,72,72,61,89,336
1683,2683,56,60,54,53,49,60,120
1684,2684,90,85,88,77,83,86,388
1685,2685,66,74,67,59,69,71,178
1686,2686,67,57,68,55,58,52,173
1687,2687,66,59,58,63,61,75,160
1688,2688,88,94,85,88,79,80,322
1689,2689,84,79,81,66,84,80,298
1690,2690,100,100,100,90,95,99,461
1691,2691,77,85,69,61,69,58,425
1692,2692,54,64,46,55,58,46,105
1693,2693,76,74,69,76,80,80,398
1694,2694,73,74,80,69,61,76,325
1695,2695,89,95,85,78,91,91,435
1696,2696,71,67,71,61,69,82,260
1697,2697,73,81,80,63,77,59,259
1698,2698,91,97,94,85,90,98,326
1699,2699,64,68,63,60,49,68,157
1700,2700,91,91,98,80,92,75,488
1701,2701,100,100,100,100,99,90,406
1702,2702,100,100,100,96,89,99,480
1703,2703,60,60,63,50,53,57,90
1704,2704,92,94,93,89,78,86,365
1705,2705,82,89,80,76,85,79,307
1706,2706,53,51,45,48,46,67,123
1707,2707,61,51,54,48,61,59,193
1708,2708,74,84,69,73,59,78,247
1709,2709,85,95,92,78,76,97,359
1710,2710,60,66,58,51,51,67,70
1711,2711,62,58,55,63,51,82,133
1712,2712,98,98,93,89,83,99,387
1713,2713,83,88,87,72,74,85,352
1714,2714,58,49,64,52,58,73,126
1715,2715,84,91,83,79,81,74,296
1716,2716,76,86,71,66,78,77,293
1717,2717,66,59,68,62,61,81,167
1718,2718,87,96,83,82,77,76,258
1719,2719,85,89,93,83,70,90,377
1720,2720,75,71,76,63,72,73,260
1721,2721,98,91,100,92,85,99,343
1722,2722,81,82,88,75,78,80,189
1723,2723,80,72,83,79,72,81,187
1724,2724,100,100,93,98,96,100,407
1725,2725,44,52,46,45,29,46,104
1726,2726,93,94,99,84,85,100,508
1727,2727,65,56,60,51,56,62,238
1728,2728,91,86,99,92,88,89,342
1729,2729,74,72,66,67,70,73,380
1730,2730,64,63,70,47,56,58,152
1731,2731,73,72,66,56,66,75,223
1732,2732,93,94,98,85,90,100,401
1733,2733,92,85,87,79,83,95,455
1734,2734,93,89,91,78,80,85,353
1735,2735,75,82,71,58,69,77,286
1736,2736,77,83,75,69,73,72,257
1737,2737,92,97,95,76,97,94,421
1738,2738,55,58,53,56,58,46,108
1739,2739,88,91,96,73,85,93,304
1740,2740,90,80,90,75,75,89,372
1741,2741,80,74,78,73,84,70,329
1742,2742,80,72,77,79,70,88,208
1743,2743,80,82,78,68,77,80,251
1744,2744,82,78,89,81,77,81,233
1745,2745,72,75,70,73,63,68,144
1746,2746,49,52,44,37,35,44,14
1747,2747,82,84,85,78,69,78,147
1748,2748,55,55,50,37,56,60,158
1749,2749,57,61,64,45,56,51,171
1750,2750,87,87,92,85,85,97,359
1751,2751,70,78,71,70,61,59,124
1752,2752,100,95,100,99,94,100,362
1753,2753,58,58,63,50,45,52,66
1754,2754,55,61,47,49,59,58,212
1755,2755,90,97,83,90,92,87,377
1756,2756,72,67,72,65,63,69,260
1757,2757,72,79,76,74,74,67,134
1758,2758,64,74,60,52,55,46,172
1759,2759,76,86,78,66,70,82,253
1760,2760,72,62,71,64,75,62,325
1761,2761,74,80,77,71,68,71,365
1762,2762,96,91,100,89,89,81,460
1763,2763,78,81,83,74,76,72,414
1764,2764,61,64,67,63,57,48,91
1765,2765,82,89,87,78,77,72,281
1766,2766,97,100,100,99,89,97,294
1767,2767,68,77,63,59,72,65,63
1768,2768,65,67,72,51,56,83,161
1769,2769,91,95,91,93,83,96,475
1770,2770,60,62,56,58,46,67,199
1771,2771,61,57,56,59,59,74,43
1772,2772,62,71,70,52,65,64,190
1773,2773,95,93,93,84,96,93,412
1774,2774,77,72,82,70,64,80,329
1775,2775,96,100,88,86,82,100,419
1776,2776,78,86,73,61,63,89,273
1777,2777,92,86,87,85,93,97,424
1778,2778,60,60,65,50,57,57,223
1779,2779,80,75,79,79,78,80,232
1780,2780,68,63,69,67,72,64,234
1781,2781,56,65,61,56,43,60,85
1782,2782,67,63,72,58,60,71,194
1783,2783,79,78,73,77,72,91,165
1784,2784,68,64,63,64,70,55,253
1785,2785,85,78,82,79,87,95,401
1786,2786,91,95,87,88,95,100,406
1787,2787,56,47,64,46,48,45,210
1788,2788,100,95,100,85,100,91,460
1789,2789,82,76,87,78,72,94,367
1790,2790,96,100,90,84,98,81,473
1791,2791,73,73,79,64,64,72,147
1792,2792,79,70,73,68,81,87,163
1793,2793,100,96,100,100,94,86,390
1794,2794,94,86,86,94,92,91,441
1795,2795,58,60,54,45,46,57,211
1796,2796,83,85,89,68,74,92,302
1797,2797,79,89,82,63,73,75,312
1798,2798,82,81,87,72,73,78,329
1799,2799,47,55,43,34,46,44,88
1800,2800,89,87,96,80,86,82,479
1801,2801,88,84,85,84,82,100,410
1802,2802,100,96,100,89,100,88,394
1803,2803,87,87,90,77,85,83,385
1804,2804,74,64,76,66,73,66,230
1805,2805,58,51,59,56,43,59,273
1806,2806,69,75,66,59,59,73,240
1807,2807,56,54,49,57,57,69,90
1808,2808,68,71,71,56,61,74,211
1809,2809,94,84,100,93,83,100,338
1810,2810,74,80,71,61,65,84,170
1811,2811,52,55,57,43,37,46,117
1812,2812,60,51,54,50,63,75,120
1813,2813,75,77,67,67,80,73,264
1814,2814,91,98,97,82,83,87,391
1815,2815,89,92,92,91,81,87,337
1816,2816,97,100,97,80,94,100,264
1817,2817,85,82,80,82,74,92,297
1818,2818,71,63,65,67,57,74,268
1819,2819,71,81,76,57,67,75,164
1820,2820,80,88,87,68,71,81,344
1821,2821,42,44,44,43,30,42,55
1822,2822,63,60,59,51,50,70,185
1823,2823,88,90,91,74,89,89,319
1824,2824,77,76,82,72,77,74,217
1825,2825,61,70,64,52,54,65,88
1826,2826,83,87,88,85,84,73,334
1827,2827,55,55,49,41,41,60,183
1828,2828,67,69,75,55,53,58,130
1829,2829,77,70,79,67,63,68,248
1830,2830,81,78,80,64,67,77,277
1831,2831,74,82,67,56,62,53,414
1832,2832,61,70,64,43,60,65,123
1833,2833,64,63,67,48,60,54,168
1834,2834,59,61,54,54,50,72,242
1835,2835,79,74,78,79,66,76,283
1836,2836,72,62,80,68,69,70,281
1837,2837,88,97,83,84,83,96,386
1838,2838,93,85,85,85,96,94,311
1839,2839,67,61,66,63,63,83,135
1840,2840,58,66,50,58,46,51,77
1841,2841,91,94,87,90,82,97,500
1842,2842,61,52,59,43,46,61,238
1843,2843,77,67,80,79,64,80,273
1844,2844,77,74,77,78,70,84,98
1845,2845,82,84,74,69,83,78,209
1846,2846,77,85,80,78,66,58,215
1847,2847,46,46,45,38,49,52,55
1848,2848,70,65,78,66,56,70,254
1849,2849,64,62,65,64,50,68,103
1850,2850,97,97,96,80,82,95,422
1851,2851,74,71,67,74,73,74,271
1852,2852,59,64,51,44,54,61,324
1853,2853,74,75,71,62,75,79,360
1854,2854,84,94,77,78,69,66,306
1855,2855,70,80,78,72,71,54,340
1856,2856,65,70,71,63,64,55,122
1857,2857,76,69,72,65,77,74,108
1858,2858,77,82,69,59,67,87,219
1859,2859,55,48,50,37,52,57,73
1860,2860,100,100,99,100,100,100,441
1861,2861,58,62,63,56,59,60,74
1862,2862,70,61,66,55,56,68,273
1863,2863,91,94,96,82,86,90,436
1864,2864,63,62,69,59,56,50,200
1865,2865,97,91,93,79,99,81,408
1866,2866,58,51,50,52,43,60,90
1867,2867,100,100,93,100,100,100,342
1868,2868,83,81,90,71,73,91,275
1869,2869,87,80,88,79,83,84,404
1870,2870,63,67,64,63,66,62,120
1871,2871,65,67,60,47,57,54,200
1872,2872,77,79,72,72,77,85,286
1873,2873,94,100,95,78,86,93,428
1874,2874,75,67,76,74,77,77,246
1875,2875,72,75,78,73,65,63,79
1876,2876,75,68,78,72,69,95,343
1877,2877,62,67,62,50,67,56,104
1878,2878,89,83,81,73,90,87,194
1879,2879,85,77,80,79,74,78,291
1880,2880,57,47,51,59,54,53,111
1881,2881,68,74,67,64,55,72,175
1882,2882,53,48,50,42,52,57,158
1883,2883,89,84,91,89,87,99,465
1884,2884,86,85,83,79,91,82,365
1885,2885,75,67,82,62,68,65,382
1886,2886,74,65,80,61,71,74,211
1887,2887,68,63,65,54,68,68,146
1888,2888,62,67,58,48,48,60,113
1889,2889,83,76,83,75,85,79,250
1890,2890,79,89,82,69,80,75,105
1891,2891,63,66,59,64,52,57,260
1892,2892,60,53,61,56,56,63,341
1893,2893,68,72,73,54,56,45,190
1894,2894,72,72,64,73,58,70,358
1895,2895,76,79,68,73,64,72,358
1896,2896,73,76,73,64,69,68,328
1897,2897,88,84,80,81,87,92,381
1898,2898,88,88,94,73,73,97,417
1899,2899,54,54,48,50,40,49,35
1900,2900,80,79,83,69,84,83,367
1901,2901,72,77,75,66,66,72,234
1902,2902,90,96,82,88,91,89,398
1903,2903,62,66,56,62,59,44,95
1904,2904,85,81,84,70,72,84,418
1905,2905,90,96,98,86,77,100,278
1906,2906,85,83,91,71,79,74,254
1907,2907,95,100,94,90,82,96,426
1908,2908,81,83,85,75,86,84,437
1909,2909,90,96,91,73,76,83,442
1910,2910,80,71,74,63,69,81,312
1911,2911,80,70,84,69,84,73,267
1912,2912,79,76,85,81,77,73,476
1913,2913,96,98,90,79,100,91,335
1914,2914,100,100,100,92,100,91,437
1915,2915,82,89,84,64,70,86,385
1916,2916,65,64,73,50,65,64,109
1917,2917,64,65,61,53,61,67,179
1918,2918,86,91,78,85,77,100,423
1919,2919,100,100,97,92,95,96,409
1920,2920,77,69,76,61,76,92,382
1921,2921,67,61,68,66,69,50,222
1922,2922,77,68,84,76,70,69,237
1923,2923,69,76,71,69,70,81,57
1924,2924,80,87,78,64,65,86,210
1925,2925,66,56,69,63,68,59,248
1926,2926,89,91,95,71,83,83,407
1927,2927,52,54,49,52,47,43,159
1928,2928,74,77,69,72,64,82,64
1929,2929,78,75,72,64,67,95,331
1930,2930,66,63,61,59,57,75,164
1931,2931,80,82,76,77,77,71,203
1932,2932,67,74,61,55,60,65,258
1933,2933,70,80,65,61,57,72,117
1934,2934,78,85,79,77,82,100,247
1935,2935,78,84,72,69,69,65,366
1936,2936,68,74,61,59,72,67,216
1937,2937,53,45,54,44,39,47,39
1938,2938,82,89,77,80,70,68,345
1939,2939,88,78,89,82,90,93,205
1940,2940,76,77,81,66,64,73,160
1941,2941,83,83,85,78,72,96,296
1942,2942,68,58,75,62,70,63,34
1943,2943,69,73,75,62,62,64,180
1944,2944,81,84,84,74,81,78,234
1945,2945,80,80,80,67,79,80,273
1946,2946,67,76,70,60,54,64,228
1947,2947,75,85,82,65,67,79,294
1948,2948,64,62,71,58,58,70,217
1949,2949,86,86,94,82,79,93,367
1950,2950,91,100,96,87,93,84,351
1951,2951,89,96,88,71,76,80,318
1952,2952,64,64,70,61,54,52,305
1953,2953,84,76,81,75,69,79,308
1954,2954,72,65,72,70,64,71,95
1955,2955,45,37,46,44,46,35,16
1956,2956,90,99,85,86,81,81,378
1957,2957,89,87,86,78,93,85,369
1958,2958,82,90,81,67,83,72,479
1959,2959,76,81,78,70,75,82,59
1960,2960,80,90,77,65,74,74,465
1961,2961,77,73,82,72,81,69,271
1962,2962,75,83,77,58,75,82,340
1963,2963,83,81,80,78,88,85,433
1964,2964,57,64,58,51,51,69,110
1965,2965,74,73,79,72,79,75,286
1966,2966,74,79,67,72,59,71,436
1967,2967,56,64,62,39,61,67,140
1968,2968,96,100,94,96,86,100,330
1969,2969,68,63,62,70,56,65,290
1970,2970,58,56,66,47,60,54,118
1971,2971,77,83,73,69,62,71,421
1972,2972,90,81,86,83,86,98,438
1973,2973,99,99,100,100,100,95,403
1974,2974,63,60,68,59,54,54,284
1975,2975,84,75,81,74,78,71,312
1976,2976,68,60,66,60,55,72,137
1977,2977,62,53,70,45,57,61,169
1978,2978,65,61,66,52,65,76,106
1979,2979,89,95,97,80,75,89,450
1980,2980,68,77,70,65,60,69,304
1981,2981,76,77,83,71,80,81,199
1982,2982,53,58,61,38,55,45,95
1983,2983,83,75,88,84,81,83,354
1984,2984,42,40,38,34,28,36,55
1985,2985,65,62,69,64,59,66,100
1986,2986,82,90,80,65,71,87,217
1987,2987,63,71,60,62,61,62,77
1988,2988,65,74,57,53,57,58,78
1989,2989,66,57,60,66,68,71,152
1990,2990,93,90,99,90,82,80,468
1991,2991,58,52,66,44,48,72,63
1992,2992,90,85,87,85,92,81,467
1993,2993,67,61,71,60,53,75,281
1994,2994,86,91,81,70,91,84,219
1995,2995,69,76,72,70,54,81,325
1996,2996,55,52,56,55,55,72,71
1997,2997,86,84,89,82,73,69,325
1998,2998,75,72,76,76,69,63,278
1999,2999,75,76,72,69,78,76,260
2000,3000,70,76,78,54,57,65,158
2001,3001,55,60,60,51,57,54,148
2002,3002,60,64,66,60,51,63,110
2003,3003,85,88,77,78,81,90,282
2004,3004,100,92,99,88,95,100,500
2005,3005,62,61,65,48,62,78,189
2006,3006,100,100,100,98,98,86,452
2007,3007,78,77,72,63,75,67,485
2008,3008,69,78,73,59,68,70,193
2009,3009,46,47,52,34,34,56,111
2010,3010,95,94,90,93,84,94,389
2011,3011,90,97,88,83,93,86,278
2012,3012,68,74,66,59,67,56,232
2013,3013,45,50,40,42,49,59,29
2014,3014,70,60,78,66,61,71,287
2015,3015,86,82,91,79,72,85,344
2016,3016,62,72,54,64,61,59,199
2017,3017,64,68,63,59,55,73,44
2018,3018,88,87,96,73,79,81,329
2019,3019,92,82,87,89,87,89,281
2020,3020,76,82,81,71,69,83,362
2021,3021,59,67,55,48,62,65,172
2022,3022,58,59,64,46,54,59,133
2023,3023,63,68,57,64,65,49,114
2024,3024,87,94,79,82,80,85,431
2025,3025,98,100,100,96,100,93,408
2026,3026,55,65,60,37,44,64,38
2027,3027,88,97,83,78,84,90,404
2028,3028,100,100,97,87,100,100,483
2029,3029,69,76,77,65,69,75,356
2030,3030,59,50,55,59,55,76,312
2031,3031,62,59,55,50,54,70,186
2032,3032,88,91,96,83,83,86,386
2033,3033,96,97,100,96,97,98,428
2034,3034,73,81,81,58,77,75,241
2035,3035,61,71,54,59,64,48,188
2036,3036,49,56,52,50,36,42,96
2037,3037,74,70,77,57,60,85,268
2038,3038,59,63,66,46,52,50,187
2039,3039,63,69,55,51,56,68,130
2040,3040,83,76,75,77,88,84,291
2041,3041,49,50,45,34,34,35,127
2042,3042,89,94,82,83,92,97,357
2043,3043,95,100,100,82,93,92,364
2044,3044,73,73,71,72,65,74,466
2045,3045,56,64,50,56,56,57,203
2046,3046,80,83,88,62,71,84,258
2047,3047,87,82,86,76,91,85,289
2048,3048,76,71,75,77,61,81,322
2049,3049,68,72,64,51,73,71,283
2050,3050,57,53,51,52,52,63,243
2051,3051,74,67,82,73,75,68,165
2052,3052,53,51,49,48,52,41,66
2053,3053,72,81,80,54,71,75,242
2054,3054,65,57,67,48,55,63,170
2055,3055,73,82,76,75,72,67,132
2056,3056,71,71,69,59,68,77,385
2057,3057,62,57,67,64,50,77,39
2058,3058,43,33,50,32,43,45,121
2059,3059,80,79,82,67,74,79,341
2060,3060,67,64,67,65,58,66,80
2061,3061,43,50,48,32,40,40,65
2062,3062,59,51,54,47,50,47,192
2063,3063,98,98,100,99,83,93,221
2064,3064,76,81,82,72,76,72,383
2065,3065,70,66,67,63,63,64,125
2066,3066,90,93,90,91,77,89,396
2067,3067,54,58,53,54,44,55,78
2068,3068,80,85,72,74,67,86,175
2069,3069,91,100,84,93,93,100,495
2070,3070,70,63,70,59,58,68,259
2071,3071,60,64,65,59,54,52,114
2072,3072,68,74,72,54,73,81,269
2073,3073,66,59,68,49,63,71,218
2074,3074,72,62,77,62,57,83,174
2075,3075,73,77,67,62,63,76,184
2076,3076,100,97,93,92,92,96,430
2077,3077,64,74,61,61,58,66,159
2078,3078,90,81,83,74,75,97,457
2079,3079,65,64,58,66,67,66,161
2080,3080,55,53,59,54,57,37,162
2081,3081,63,73,67,62,53,76,276
2082,3082,89,95,85,84,87,91,397
2083,3083,55,62,51,44,54,42,75
2084,3084,100,100,98,92,100,96,423
2085,3085,90,86,85,82,88,87,423
2086,3086,57,50,63,48,61,65,263
2087,3087,80,90,88,71,66,85,310
2088,3088,81,74,89,75,78,82,86
2089,3089,63,66,63,59,53,57,137
2090,3090,71,71,77,69,56,56,173
2091,3091,78,76,81,65,72,89,249
2092,3092,83,76,76,75,71,70,326
2093,3093,91,87,94,86,78,85,274
2094,3094,88,79,90,73,73,90,356
2095,3095,91,87,87,85,86,83,243
2096,3096,73,79,73,66,61,85,256
2097,3097,89,88,86,86,87,80,384
2098,3098,100,92,94,92,98,100,445
2099,3099,53,44,51,50,39,50,136
2100,3100,82,82,85,77,87,86,267
2101,3101,65,62,69,52,63,75,203
2102,3102,68,58,60,70,72,60,95
2103,3103,63,59,60,53,66,64,233
2104,3104,94,100,91,79,99,91,325
2105,3105,86,76,85,76,85,82,375
2106,3106,85,95,83,85,88,86,246
2107,3107,74,80,77,56,59,80,359
2108,3108,90,85,92,77,82,86,409
2109,3109,92,92,100,77,90,86,451
2110,3110,65,55,64,66,60,53,87
2111,3111,92,86,96,92,80,90,250
2112,3112,76,75,81,64,81,61,383
2113,3113,80,70,80,70,74,76,211
2114,3114,85,77,77,67,74,89,230
2115,3115,74,66,73,74,60,80,62
2116,3116,77,81,74,79,81,85,410
2117,3117,65,68,65,60,55,56,52
2118,3118,54,55,53,39,50,54,120
2119,3119,100,96,100,89,86,100,522
2120,3120,58,56,58,49,63,54,104
2121,3121,72,79,67,66,72,75,162
2122,3122,82,76,87,67,72,100,179
2123,3123,58,54,54,59,43,60,124
2124,3124,100,92,100,86,93,100,504
2125,3125,92,97,89,76,86,85,402
2126,3126,78,70,84,72,78,70,339
2127,3127,56,49,63,48,60,58,197
2128,3128,73,73,81,68,72,71,254
2129,3129,96,88,100,92,90,99,404
2130,3130,95,85,100,97,98,96,292
2131,3131,59,59,64,59,55,55,27
2132,3132,66,68,59,64,65,72,234
2133,3133,100,98,97,91,87,100,462
2134,3134,81,83,80,65,69,79,232
2135,3135,89,84,81,72,77,78,374
2136,3136,87,92,91,76,75,78,236
2137,3137,80,78,79,81,80,71,221
2138,3138,52,44,60,51,39,50,100
2139,3139,73,74,76,56,65,84,242
2140,3140,61,69,67,51,51,71,188
2141,3141,85,83,80,75,86,97,410
2142,3142,67,75,59,56,52,70,245
2143,3143,69,76,76,58,55,74,135
2144,3144,90,83,98,84,84,87,408
2145,3145,80,83,79,71,81,94,409
2146,3146,73,66,78,56,59,51,331
2147,3147,94,90,94,79,87,100,410
2148,3148,79,82,81,65,68,80,221
2149,3149,85,91,90,75,81,81,413
2150,3150,84,80,80,71,86,88,325
2151,3151,58,51,62,56,62,47,130
2152,3152,93,86,91,78,86,79,404
2153,3153,79,75,83,66,82,70,263
2154,3154,78,74,80,73,79,74,251
2155,3155,98,94,100,80,100,88,492
2156,3156,49,51,43,41,35,48,61
2157,3157,63,68,71,59,67,60,190
2158,3158,96,87,89,97,94,84,313
2159,3159,73,81,78,57,59,74,111
2160,3160,59,65,54,52,53,51,17
2161,3161,66,72,67,52,59,78,213
2162,3162,98,92,100,82,97,87,374
2163,3163,71,63,71,70,65,91,249
2164,3164,86,89,83,77,88,89,334
2165,3165,68,59,76,66,61,63,279
2166,3166,97,92,95,96,85,93,261
2167,3167,74,77,66,64,69,71,204
2168,3168,94,100,88,87,91,87,329
2169,3169,72,74,65,57,77,49,249
2170,3170,82,80,87,64,68,68,322
2171,3171,77,87,76,68,64,80,315
2172,3172,51,56,53,49,41,57,136
2173,3173,58,51,56,53,44,46,86
2174,3174,78,77,74,67,80,75,369
2175,3175,95,97,100,77,91,85,436
2176,3176,90,83,82,79,83,74,396
2177,3177,59,63,63,57,63,59,48
2178,3178,79,71,74,75,82,80,432
2179,3179,86,96,93,71,91,86,423
2180,3180,72,71,80,64,63,80,182
2181,3181,96,100,96,84,87,93,525
2182,3182,80,82,88,71,68,73,178
2183,3183,72,66,72,54,65,74,221
2184,3184,52,62,50,45,40,46,154
2185,3185,64,71,71,52,49,65,84
2186,3186,88,82,92,74,81,76,409
2187,3187,65,55,63,53,60,75,96
2188,3188,86,90,86,77,75,82,286
2189,3189,58,58,61,45,43,65,121
2190,3190,66,57,66,61,62,71,200
2191,3191,70,60,73,63,71,67,227
2192,3192,83,73,78,68,69,73,460
2193,3193,84,76,78,71,78,77,346
2194,3194,75,77,69,73,64,81,200
2195,3195,76,84,82,59,75,81,149
2196,3196,85,86,91,69,82,84,369
2197,3197,92,98,98,92,94,95,436
2198,3198,70,73,75,55,64,69,268
2199,3199,73,83,77,69,77,88,259
2200,3200,93,87,86,80,92,100,462
2201,3201,56,66,49,54,51,60,137
2202,3202,74,83,70,60,63,68,239
2203,3203,94,93,91,88,90,100,462
2204,3204,58,56,58,50,54,54,175
2205,3205,92,85,96,92,88,100,320
2206,3206,100,91,95,95,91,83,380
2207,3207,51,55,44,41,42,41,67
2208,3208,64,61,66,63,56,56,161
2209,3209,47,47,42,41,41,47,170
2210,3210,58,62,52,49,53,56,68
2211,3211,89,82,88,91,88,87,283
2212,3212,100,100,92,100,99,84,479
2213,3213,94,100,89,91,99,90,452
2214,3214,54,45,60,42,52,49,142
2215,3215,100,99,100,98,100,96,433
2216,3216,72,66,66,72,68,84,261
2217,3217,77,70,71,70,78,76,307
2218,3218,75,84,69,64,64,70,170
2219,3219,82,84,90,79,85,83,241
2220,3220,58,51,50,44,51,63,48
2221,3221,75,80,74,69,77,71,337
2222,3222,86,95,88,71,87,78,207
2223,3223,43,50,37,37,48,46,62
2224,3224,58,54,58,51,63,63,222
2225,3225,94,94,91,78,81,100,470
2226,3226,93,92,96,93,92,97,480
2227,3227,74,84,77,71,75,77,269
2228,3228,69,68,62,59,56,74,240
2229,3229,54,59,56,55,52,51,158
2230,3230,53,48,49,35,50,52,117
2231,3231,60,60,57,47,65,69,136
2232,3232,91,99,85,73,79,83,461
2233,3233,61,51,69,58,50,53,183
2234,3234,48,40,52,31,52,52,18
2235,3235,87,86,82,74,86,83,265
2236,3236,78,72,72,80,67,88,179
2237,3237,64,71,66,48,51,70,198
2238,3238,73,68,65,74,68,76,395
2239,3239,60,67,63,52,61,62,97
2240,3240,92,100,100,81,96,93,358
2241,3241,82,72,78,75,70,57,438
2242,3242,74,72,79,67,79,75,314
2243,3243,93,88,95,95,98,100,388
2244,3244,83,89,86,71,68,78,471
2245,3245,74,72,74,68,75,81,320
2246,3246,88,86,85,90,83,93,295
2247,3247,82,72,89,81,87,73,199
2248,3248,87,85,87,79,89,79,471
2249,3249,84,93,92,71,70,90,243
2250,3250,68,59,60,65,70,57,254
2251,3251,78,88,83,63,66,75,248
2252,3252,100,100,100,87,85,100,467
2253,3253,100,100,97,91,90,100,435
2254,3254,73,73,70,60,75,65,317
2255,3255,53,53,53,44,43,55,85
2256,3256,64,70,57,47,61,67,141
2257,3257,56,48,61,40,53,72,180
2258,3258,73,76,65,72,68,79,272
2259,3259,85,81,79,73,87,70,290
2260,3260,100,95,98,100,92,100,444
2261,3261,74,75,75,74,66,69,321
2262,3262,94,84,100,86,94,90,338
2263,3263,93,98,87,81,83,100,339
2264,3264,65,70,62,50,51,71,117
2265,3265,57,60,54,53,62,44,114
2266,3266,99,100,91,100,94,96,430
2267,3267,93,100,100,91,82,94,338
2268,3268,86,84,88,69,76,78,318
2269,3269,66,59,69,57,66,64,341
2270,3270,81,76,78,79,68,74,221
2271,3271,57,59,53,40,45,65,167
2272,3272,68,73,75,51,54,56,268
2273,3273,69,64,66,70,57,69,236
2274,3274,91,81,95,93,80,93,252
2275,3275,100,100,95,95,87,94,446
2276,3276,88,86,93,81,88,92,479
2277,3277,85,86,77,76,83,79,261
2278,3278,61,65,66,54,65,62,211
2279,3279,77,84,85,61,77,87,183
2280,3280,93,83,95,81,92,77,475
2281,3281,54,54,49,55,39,50,108
2282,3282,60,60,56,54,51,54,147
2283,3283,72,68,80,72,73,66,316
2284,3284,73,79,78,58,62,58,317
2285,3285,70,80,64,66,73,61,113
2286,3286,76,69,82,71,66,76,173
2287,3287,75,72,77,70,62,80,274
2288,3288,68,59,68,65,71,63,214
2289,3289,95,88,100,83,87,99,398
2290,3290,65,67,73,53,65,63,283
2291,3291,64,61,60,53,50,71,147
2292,3292,100,99,100,91,96,100,312
2293,3293,94,100,93,82,96,96,265
2294,3294,69,59,62,65,57,69,86
2295,3295,88,80,93,88,73,74,328
2296,3296,54,46,60,41,41,46,43
2297,3297,71,69,77,59,60,84,142
2298,3298,80,82,88,66,82,90,407
2299,3299,71,72,65,64,76,75,79
2300,3300,64,57,72,51,50,75,213
2301,3301,100,90,100,94,99,100,427
2302,3302,85,84,80,78,71,70,306
2303,3303,100,100,100,97,94,100,423
2304,3304,86,93,90,80,75,82,425
2305,3305,75,70,83,74,68,77,155
2306,3306,97,88,100,95,86,100,373
2307,3307,78,76,84,76,75,71,498
2308,3308,65,66,65,65,57,66,100
2309,3309,80,88,85,76,84,72,140
2310,3310,86,85,90,76,78,82,307
2311,3311,72,63,77,73,77,83,196
2312,3312,96,100,100,90,94,100,316
2313,3313,54,53,59,40,46,44,76
2314,3314,75,73,68,59,62,74,328
2315,3315,65,60,59,48,64,65,84
2316,3316,53,60,58,44,48,59,35
2317,3317,72,64,73,71,74,62,227
2318,3318,100,100,96,91,97,96,429
2319,3319,75,77,70,71,79,58,224
2320,3320,71,72,65,58,72,76,67
2321,3321,43,46,39,41,46,53,141
2322,3322,80,84,78,65,83,88,292
2323,3323,60,63,56,52,54,73,200
2324,3324,95,93,89,78,97,100,384
2325,3325,87,86,80,89,89,81,304
2326,3326,73,72,74,55,62,68,217
2327,3327,81,79,85,71,81,81,265
2328,3328,73,75,80,66,66,75,119
2329,3329,75,80,79,68,63,77,215
2330,3330,79,85,85,66,66,77,303
2331,3331,89,86,95,71,75,93,381
2332,3332,80,74,78,68,74,78,261
2333,3333,73,63,73,57,59,78,255
2334,3334,62,58,57,58,58,53,129
2335,3335,68,76,63,55,69,66,172
2336,3336,86,77,89,79,75,91,273
2337,3337,78,78,84,61,80,75,140
2338,3338,70,79,74,59,72,60,242
2339,3339,82,80,78,79,74,80,338
2340,3340,64,73,63,62,51,60,152
2341,3341,53,59,53,55,44,35,12
2342,3342,56,53,59,40,49,52,107
2343,3343,82,91,75,66,87,87,348
2344,3344,69,61,73,53,70,51,163
2345,3345,83,79,91,77,72,87,372
2346,3346,79,86,83,64,75,76,186
2347,3347,77,87,79,70,72,82,304
2348,3348,72,80,65,64,59,74,221
2349,3349,94,100,89,82,95,88,376
2350,3350,98,100,90,90,83,90,479
2351,3351,58,65,59,59,54,56,138
2352,3352,74,74,75,64,59,86,389
2353,3353,64,61,56,51,49,57,61
2354,3354,74,72,82,73,60,71,311
2355,3355,76,71,79,75,64,80,242
2356,3356,100,100,100,97,86,100,470
2357,3357,76,78,74,66,77,73,225
2358,3358,61,65,59,55,57,69,78
2359,3359,82,84,77,67,83,83,380
2360,3360,53,46,57,47,52,55,157
2361,3361,76,83,77,68,65,78,310
2362,3362,96,100,88,78,93,100,439
2363,3363,77,70,71,79,71,68,381
2364,3364,57,66,54,57,49,52,207
2365,3365,81,75,78,72,79,85,182
2366,3366,91,85,88,83,85,89,460
2367,3367,73,66,71,61,75,59,311
2368,3368,57,48,56,39,54,66,163
2369,3369,76,82,70,67,65,80,249
2370,3370,77,70,80,76,71,91,203
2371,3371,49,52,57,48,38,50,5
2372,3372,79,80,72,78,82,82,411
2373,3373,97,100,94,79,97,99,467
2374,3374,82,83,90,75,85,96,237
2375,3375,68,75,65,53,53,67,241
2376,3376,47,52,41,40,36,43,84
2377,3377,68,68,75,64,71,58,187
2378,3378,87,80,79,87,85,84,481
2379,3379,94,96,92,85,87,100,351
2380,3380,72,74,79,63,67,69,320
2381,3381,83,78,78,65,71,80,269
2382,3382,52,56,55,47,56,46,94
2383,3383,97,100,91,99,87,100,390
2384,3384,74,67,75,56,62,83,284
2385,3385,76,73,70,65,78,79,278
2386,3386,69,72,66,66,62,71,259
2387,3387,79,81,85,78,75,90,217
2388,3388,65,62,69,50,50,75,133
2389,3389,94,88,99,77,91,100,435
2390,3390,93,92,85,81,82,77,357
2391,3391,81,71,78,80,74,94,458
2392,3392,92,92,98,89,94,89,278
2393,3393,75,71,77,62,78,77,281
2394,3394,63,69,60,65,68,48,132
2395,3395,86,83,91,72,85,80,462
2396,3396,53,53,46,46,49,51,87
2397,3397,78,77,78,67,74,70,341
2398,3398,77,67,78,67,82,86,263
2399,3399,70,61,66,56,72,78,329
2400,3400,86,77,81,83,76,81,261
2401,3401,100,100,100,90,85,95,466
2402,3402,82,82,80,66,68,89,161
2403,3403,82,77,88,80,86,89,468
2404,3404,60,52,59,52,61,61,98
2405,3405,62,58,57,56,66,62,147
2406,3406,55,45,62,48,52,50,113
2407,3407,94,88,91,92,90,95,444
2408,3408,55,61,48,44,59,58,173
2409,3409,93,100,88,88,97,97,488
2410,3410,59,55,63,53,60,56,102
2411,3411,88,90,82,75,73,75,259
2412,3412,56,49,51,52,53,60,74
2413,3413,51,58,58,34,39,52,139
2414,3414,57,54,52,51,50,54,90
2415,3415,60,53,64,50,54,50,86
2416,3416,96,94,90,97,99,83,444
2417,3417,75,76,79,71,76,63,177
2418,3418,85,90,79,72,82,79,412
2419,3419,87,94,79,84,76,74,217
2420,3420,73,65,72,66,66,86,387
2421,3421,87,83,80,69,88,93,405
2422,3422,75,72,83,67,60,77,181
2423,3423,83,85,85,77,86,86,327
2424,3424,77,67,73,76,69,75,367
2425,3425,74,80,81,76,72,73,364
2426,3426,68,72,67,57,61,63,303
2427,3427,67,59,61,69,55,58,135
2428,3428,74,83,76,57,60,81,260
2429,3429,63,56,64,52,55,51,199
2430,3430,68,72,61,58,55,66,246
2431,3431,88,98,88,77,88,73,366
2432,3432,68,62,74,56,65,61,170
2433,3433,96,100,95,88,90,94,454
2434,3434,69,64,64,64,64,72,317
2435,3435,91,98,85,88,83,82,431
2436,3436,68,66,70,56,59,78,183
2437,3437,57,64,54,44,43,60,189
2438,3438,85,86,82,83,90,80,257
2439,3439,62,70,57,51,54,68,196
2440,3440,90,99,91,73,75,93,368
2441,3441,69,61,76,67,66,77,194
2442,3442,90,81,91,88,82,85,475
2443,3443,47,56,49,31,50,40,54
2444,3444,79,81,85,79,84,90,494
2445,3445,84,94,80,77,85,73,341
2446,3446,72,70,73,61,72,71,310
2447,3447,66,69,59,61,53,57,158
2448,3448,62,72,55,59,53,69,143
2449,3449,75,65,71,58,78,85,226
2450,3450,80,75,72,62,76,77,241
2451,3451,90,88,83,74,93,80,438
2452,3452,76,82,75,77,76,68,446
2453,3453,66,61,61,65,57,57,134
2454,3454,61,60,56,48,65,60,126
2455,3455,81,91,87,77,69,83,270
2456,3456,68,78,76,60,55,67,242
2457,3457,56,65,63,54,42,55,149
2458,3458,74,83,67,68,75,73,136
2459,3459,76,72,73,60,68,92,223
2460,3460,50,43,48,47,43,58,162
2461,3461,66,58,72,57,60,57,101
2462,3462,60,65,56,52,52,70,134
2463,3463,68,67,74,59,59,56,212
2464,3464,62,61,61,64,60,71,151
2465,3465,69,69,71,58,59,66,155
2466,3466,94,100,100,91,84,100,424
2467,3467,60,54,60,54,55,45,122
2468,3468,97,89,95,82,86,95,421
2469,3469,71,79,67,57,75,80,228
2470,3470,100,100,95,99,89,100,471
2471,3471,100,94,96,96,97,87,503
2472,3472,96,92,98,95,99,97,431
2473,3473,66,72,65,51,63,60,77
2474,3474,79,71,72,73,72,92,198
2475,3475,93,100,100,93,98,93,413
2476,3476,93,87,89,84,83,100,337
2477,3477,80,73,88,71,69,76,212
2478,3478,75,65,75,75,78,77,247
2479,3479,100,95,100,91,91,100,476
2480,3480,53,46,50,48,47,63,38
2481,3481,98,88,100,98,89,96,358
2482,3482,84,87,79,77,80,85,359
2483,3483,65,56,67,55,62,50,85
2484,3484,84,87,77,77,74,99,421
2485,3485,70,70,72,71,68,65,125
2486,3486,86,96,94,71,91,76,357
2487,3487,62,61,63,49,47,75,110
2488,3488,47,47,50,45,33,51,131
2489,3489,79,86,71,79,65,82,247
2490,3490,58,57,56,45,54,51,176
2491,3491,54,50,60,41,48,51,169
2492,3492,79,87,74,67,67,78,468
2493,3493,46,37,54,40,36,55,50
2494,3494,76,83,68,62,80,59,221
2495,3495,68,68,72,61,59,72,4
2496,3496,79,83,74,64,75,71,250
2497,3497,57,50,59,39,43,67,70
2498,3498,58,63,65,51,56,57,29
2499,3499,49,45,53,37,50,59,0
2500,3500,79,76,78,62,72,74,351
2501,3501,63,59,62,51,68,71,174
2502,3502,61,62,66,45,47,60,167
2503,3503,66,70,62,61,67,70,304
2504,3504,73,74,80,60,62,83,123
2505,3505,46,45,53,33,45,58,126
2506,3506,57,66,52,55,47,44,74
2507,3507,91,82,86,78,77,78,294
2508,3508,49,39,48,39,35,53,94
2509,3509,93,94,96,80,97,91,261
2510,3510,56,56,56,39,49,58,237
2511,3511,83,90,88,78,85,84,391
2512,3512,63,70,66,49,55,55,318
2513,3513,99,91,100,81,94,87,424
2514,3514,60,64,57,49,59,69,104
2515,3515,90,93,86,74,85,85,400
2516,3516,62,70,54,60,66,82,81
2517,3517,80,80,82,68,70,90,344
2518,3518,64,67,56,62,53,72,139
2519,3519,55,57,59,41,44,52,68
2520,3520,71,71,71,58,59,77,337
2521,3521,49,51,41,41,53,59,20
2522,3522,100,94,100,83,91,97,413
2523,3523,73,65,66,72,75,77,260
2524,3524,85,94,88,70,83,95,340
2525,3525,99,100,91,81,85,92,402
2526,3526,66,59,69,52,53,63,149
2527,3527,82,79,85,79,72,73,249
2528,3528,62,54,55,46,62,60,248
2529,3529,79,76,81,61,72,90,217
2530,3530,57,59,51,59,54,58,236
2531,3531,84,81,88,83,70,85,364
2532,3532,52,50,45,46,39,45,92
2533,3533,93,97,92,79,98,90,430
2534,3534,74,71,66,64,72,82,229
2535,3535,64,62,72,54,55,75,265
2536,3536,93,100,96,95,84,85,373
2537,3537,56,55,52,38,56,62,131
2538,3538,63,55,55,47,66,62,219
2539,3539,73,71,73,63,69,67,205
2540,3540,76,83,78,68,69,75,228
2541,3541,63,59,61,61,66,69,85
2542,3542,70,76,71,56,58,61,77
2543,3543,71,77,79,66,72,62,185
2544,3544,61,68,65,58,56,59,153
2545,3545,75,83,81,59,65,91,306
2546,3546,85,76,83,77,89,91,355
2547,3547,93,89,98,90,97,86,376
2548,3548,100,100,100,82,100,100,467
2549,3549,100,100,100,91,100,97,438
2550,3550,54,63,53,44,45,45,100
2551,3551,70,62,69,72,75,57,361
2552,3552,80,83,73,72,66,83,294
2553,3553,67,61,75,57,61,69,218
2554,3554,88,94,88,88,86,76,505
2555,3555,70,72,76,67,74,76,123
2556,3556,71,71,66,55,59,75,219
2557,3557,71,64,70,67,63,72,165
2558,3558,74,70,70,64,66,78,341
2559,3559,66,72,58,58,59,66,40
2560,3560,69,74,66,64,65,70,100
2561,3561,65,70,71,63,54,64,172
2562,3562,62,55,56,63,54,66,245
2563,3563,88,84,86,79,82,97,485
2564,3564,58,51,51,60,57,62,97
2565,3565,92,94,85,80,88,92,372
2566,3566,100,97,98,100,85,100,419
2567,3567,57,56,63,40,44,48,189
2568,3568,74,70,80,63,70,86,213
2569,3569,79,77,87,73,77,74,217
2570,3570,50,58,45,51,35,40,129
2571,3571,57,53,49,41,44,51,121
2572,3572,80,81,88,82,81,93,349
2573,3573,67,70,61,60,52,68,176
2574,3574,76,69,69,77,69,88,322
2575,3575,87,89,91,87,80,84,414
2576,3576,83,92,80,82,80,66,285
2577,3577,61,66,59,44,62,54,247
2578,3578,81,87,87,63,85,84,431
2579,3579,73,70,76,65,73,77,322
2580,3580,41,47,39,31,28,50,70
2581,3581,85,95,79,67,72,87,336
2582,3582,74,77,82,61,74,89,386
2583,3583,83,91,89,71,87,75,278
2584,3584,75,84,70,74,70,73,321
2585,3585,84,78,76,83,83,77,387
2586,3586,91,100,83,74,84,87,325
2587,3587,67,65,66,59,64,70,242
2588,3588,70,68,71,69,71,64,207
2589,3589,72,62,71,66,57,65,211
2590,3590,98,97,100,90,100,100,382
2591,3591,69,62,67,53,65,74,67
2592,3592,98,100,94,94,84,100,533
2593,3593,70,68,70,59,69,75,87
2594,3594,97,90,99,90,82,86,392
2595,3595,74,70,78,67,59,71,126
2596,3596,86,93,82,79,79,73,292
2597,3597,54,64,62,40,56,45,233
2598,3598,86,78,81,82,76,90,324
2599,3599,54,61,51,39,39,43,140
2600,3600,66,68,68,53,54,56,297
2601,3601,65,69,61,49,60,67,321
2602,3602,83,80,78,85,77,76,341
2603,3603,83,81,90,69,74,84,313
2604,3604,66,66,62,58,59,56,276
2605,3605,79,81,85,74,67,85,281
2606,3606,76,83,77,76,62,70,229
2607,3607,62,54,59,59,55,76,133
2608,3608,98,100,90,88,97,88,485
2609,3609,64,73,61,60,62,57,130
2610,3610,52,51,51,54,39,69,110
2611,3611,89,90,87,86,85,88,345
2612,3612,61,55,54,61,48,59,140
2613,3613,82,80,82,78,78,68,375
2614,3614,90,87,85,77,78,87,319
2615,3615,72,79,79,68,76,57,217
2616,3616,95,89,91,81,83,100,405
2617,3617,83,85,79,82,82,86,413
2618,3618,72,81,72,73,64,81,194
2619,3619,68,71,61,55,55,73,159
2620,3620,64,67,71,53,68,54,177
2621,3621,72,74,66,73,73,72,263
2622,3622,78,75,86,80,68,74,256
2623,3623,100,91,100,87,85,100,482
2624,3624,95,100,92,93,99,97,450
2625,3625,82,79,81,83,73,77,225
2626,3626,86,87,87,77,86,86,465
2627,3627,47,46,42,32,39,39,129
2628,3628,93,100,86,75,82,100,302
2629,3629,87,97,86,86,74,97,368
2630,3630,76,81,74,69,70,79,358
2631,3631,67,59,75,60,69,64,168
2632,3632,54,63,59,36,54,41,184
2633,3633,88,82,93,79,89,84,404
2634,3634,68,73,68,60,63,64,233
2635,3635,88,88,87,77,90,84,408
2636,3636,95,86,100,97,97,80,376
2637,3637,48,56,47,33,53,52,39
2638,3638,83,92,83,65,77,91,418
2639,3639,89,97,90,76,80,89,425
2640,3640,59,65,66,61,49,65,83
2641,3641,69,78,75,54,71,68,367
2642,3642,65,75,72,67,63,58,86
2643,3643,100,96,100,82,100,100,427
2644,3644,80,81,82,65,83,87,260
2645,3645,62,69,63,59,65,73,128
2646,3646,88,92,88,89,83,94,406
2647,3647,100,98,100,100,89,100,383
2648,3648,81,81,83,66,85,82,332
2649,3649,72,71,72,54,69,83,91
2650,3650,62,62,60,64,48,56,28
2651,3651,59,54,66,57,63,52,0
2652,3652,57,66,50,41,55,63,249
2653,3653,74,76,80,57,59,76,155
2654,3654,73,67,74,62,62,60,212
2655,3655,94,100,100,92,97,81,387
2656,3656,75,83,80,63,62,68,218
2657,3657,94,99,99,86,96,97,465
2658,3658,77,74,72,74,73,91,112
2659,3659,53,54,54,40,39,61,138
2660,3660,69,65,76,54,60,54,281
2661,3661,85,83,82,68,70,80,501
2662,3662,54,48,56,47,57,58,97
2663,3663,69,79,73,61,74,66,147
2664,3664,74,78,71,56,61,73,149
2665,3665,65,60,72,57,60,57,305
2666,3666,71,78,70,69,62,82,229
2667,3667,61,66,59,58,61,52,253
2668,3668,81,73,83,76,82,71,345
2669,3669,80,86,83,77,76,78,425
2670,3670,68,71,70,56,59,67,227
2671,3671,96,100,100,79,95,97,387
2672,3672,88,88,83,84,83,87,456
2673,3673,82,91,87,73,82,82,387
2674,3674,56,49,51,40,55,69,104
2675,3675,61,59,53,63,60,65,26
2676,3676,95,90,91,83,80,100,426
2677,3677,98,91,100,88,100,85,506
2678,3678,64,73,62,55,69,55,167
2679,3679,94,93,93,95,89,91,221
2680,3680,78,68,75,66,71,94,165
2681,3681,100,100,97,86,100,87,374
2682,3682,76,73,84,72,78,81,188
2683,3683,83,80,84,76,75,96,441
2684,3684,80,72,88,74,79,75,457
2685,3685,71,78,72,59,57,66,63
2686,3686,86,76,78,77,91,88,414
2687,3687,68,76,75,56,64,61,151
2688,3688,53,52,47,43,54,49,189
2689,3689,74,82,76,74,78,71,235
2690,3690,90,82,92,87,95,100,434
2691,3691,64,68,58,50,62,61,75
2692,3692,75,84,82,74,78,87,178
2693,3693,66,65,58,68,65,78,165
2694,3694,75,68,75,63,71,80,313
2695,3695,72,70,79,58,70,76,268
2696,3696,56,58,53,47,54,63,139
2697,3697,77,76,85,62,79,72,93
2698,3698,87,81,84,88,81,81,375
2699,3699,100,100,100,94,94,100,456
2700,3700,94,92,98,83,81,88,387
2701,3701,66,61,61,54,63,71,337
2702,3702,93,100,92,85,85,89,345
2703,3703,53,46,57,50,39,51,22
2704,3704,69,67,75,61,74,64,218
2705,3705,80,80,76,73,75,85,207
2706,3706,68,60,73,66,65,81,156
2707,3707,71,79,64,56,59,76,271
2708,3708,64,54,61,51,56,59,283
2709,3709,57,48,55,48,61,62,25
2710,3710,74,65,66,63,76,59,91
2711,3711,100,100,99,90,88,91,515
2712,3712,84,92,78,84,83,79,245
2713,3713,81,72,88,76,80,77,212
2714,3714,100,95,98,92,94,93,500
2715,3715,82,78,78,75,72,80,228
2716,3716,88,78,88,80,75,87,389
2717,3717,71,65,67,69,66,73,232
2718,3718,75,73,82,72,77,75,258
2719,3719,66,56,58,56,62,58,288
2720,3720,86,76,89,83,84,100,285
2721,3721,77,74,75,78,67,79,243
2722,3722,62,71,70,55,58,75,236
2723,3723,74,69,76,68,77,60,275
2724,3724,65,72,73,49,66,52,93
2725,3725,62,59,69,47,64,55,148
2726,3726,83,92,77,66,68,90,338
2727,3727,90,99,97,85,94,93,508
2728,3728,72,82,68,71,64,72,10
2729,3729,88,97,83,73,79,93,360
2730,3730,78,80,79,62,78,78,313
2731,3731,91,96,86,83,76,98,402
2732,3732,74,76,71,63,62,64,341
2733,3733,82,79,83,81,71,83,320
2734,3734,80,78,81,74,82,74,289
2735,3735,64,68,72,57,55,49,215
2736,3736,96,98,97,82,84,91,464
2737,3737,73,78,67,56,64,92,276
2738,3738,65,61,61,52,61,59,32
2739,3739,85,93,90,71,85,86,499
2740,3740,99,100,91,98,85,88,369
2741,3741,74,72,69,59,69,76,215
2742,3742,51,58,58,51,36,43,136
2743,3743,59,51,53,50,50,76,65
2744,3744,84,87,84,69,81,84,314
2745,3745,62,71,69,46,61,50,81
2746,3746,73,65,80,58,64,85,173
2747,3747,68,68,68,56,56,65,212
2748,3748,60,61,55,45,63,53,154
2749,3749,77,69,83,75,77,67,250
2750,3750,77,79,77,60,69,69,158
2751,3751,79,86,86,80,69,76,195
2752,3752,87,83,90,75,87,79,331
2753,3753,54,64,50,46,51,42,300
2754,3754,63,65,61,57,63,62,157
2755,3755,85,77,79,71,81,75,358
2756,3756,62,65,63,51,49,59,270
2757,3757,69,59,73,66,61,72,112
2758,3758,95,96,88,78,83,100,364
2759,3759,71,77,72,63,61,61,314
2760,3760,54,46,50,52,41,54,80
2761,3761,63,69,62,60,56,68,305
2762,3762,57,50,63,46,54,64,120
2763,3763,69,69,61,52,54,55,156
2764,3764,68,58,71,59,58,66,175
2765,3765,45,42,46,37,40,52,101
2766,3766,86,89,80,76,81,95,360
2767,3767,72,66,64,54,67,79,139
2768,3768,75,78,75,76,71,76,305
2769,3769,85,91,85,78,83,94,243
2770,3770,98,100,95,91,97,94,467
2771,3771,90,83,87,81,77,80,368
2772,3772,89,86,89,75,85,82,171
2773,3773,85,83,90,78,70,75,326
2774,3774,99,100,100,96,100,98,369
2775,3775,60,60,54,58,45,61,72
2776,3776,68,61,60,54,69,73,171
2777,3777,56,64,62,47,41,50,116
2778,3778,84,82,80,85,80,79,340
2779,3779,96,89,88,87,92,88,371
2780,3780,89,82,90,82,85,92,360
2781,3781,82,78,81,79,82,67,338
2782,3782,81,76,85,74,77,95,299
2783,3783,57,60,50,40,46,51,117
2784,3784,91,93,95,89,92,86,393
2785,3785,55,46,51,45,44,63,240
2786,3786,62,69,65,47,67,68,181
2787,3787,54,63,57,51,53,58,56
2788,3788,88,91,85,88,78,89,306
2789,3789,84,80,79,84,69,100,355
2790,3790,50,40,44,33,50,54,120
2791,3791,100,95,100,83,100,96,495
2792,3792,76,66,76,73,78,65,371
2793,3793,91,88,95,85,85,70,397
2794,3794,94,97,88,93,79,96,415
2795,3795,80,82,81,80,73,83,291
2796,3796,71,66,63,68,58,79,75
2797,3797,79,81,72,72,67,87,310
2798,3798,70,77,78,55,60,74,1
2799,3799,64,73,60,61,65,72,181
2800,3800,84,94,77,68,82,73,265
2801,3801,52,55,50,43,55,46,204
2802,3802,100,100,100,89,94,100,445
2803,3803,74,72,80,67,78,69,279
2804,3804,88,80,95,90,83,83,445
2805,3805,92,97,94,91,93,99,378
2806,3806,58,61,52,50,43,71,259
2807,3807,92,94,100,84,77,96,375
2808,3808,62,56,68,54,62,53,56
2809,3809,87,85,83,83,76,80,431
2810,3810,80,90,86,76,73,74,400
2811,3811,76,69,79,66,72,78,234
2812,3812,78,74,72,71,74,84,254
2813,3813,78,84,79,74,73,99,220
2814,3814,89,84,81,77,79,99,361
2815,3815,71,76,66,58,70,73,148
2816,3816,60,51,68,62,47,61,41
2817,3817,90,81,88,92,90,95,310
2818,3818,48,38,55,36,44,44,103
2819,3819,76,75,75,72,78,78,221
2820,3820,70,64,68,53,74,80,292
2821,3821,64,60,64,57,51,68,62
2822,3822,65,62,68,58,70,40,125
2823,3823,93,89,90,88,85,97,421
2824,3824,61,67,63,43,62,61,264
2825,3825,65,62,63,65,59,72,101
2826,3826,67,68,73,57,67,67,130
2827,3827,58,48,55,42,62,57,140
2828,3828,76,69,69,70,73,84,304
2829,3829,70,68,72,70,60,68,180
2830,3830,100,92,99,88,91,100,423
2831,3831,59,57,67,60,44,59,140
2832,3832,86,88,84,79,86,100,478
2833,3833,90,91,98,77,93,92,238
2834,3834,74,74,72,70,59,85,356
2835,3835,72,70,64,67,72,85,132
2836,3836,87,90,93,87,74,92,398
2837,3837,90,84,97,91,79,100,338
2838,3838,83,77,80,82,73,88,336
2839,3839,76,79,72,61,73,82,263
2840,3840,86,91,90,76,80,85,304
2841,3841,97,100,100,97,85,89,417
2842,3842,95,88,92,89,85,100,480
2843,3843,92,87,93,84,86,89,426
2844,3844,95,86,94,97,90,90,364
2845,3845,72,72,67,68,60,77,339
2846,3846,59,69,67,57,55,58,89
2847,3847,64,54,70,65,67,61,224
2848,3848,51,43,50,38,47,39,70
2849,3849,80,88,78,70,76,81,148
2850,3850,58,63,66,40,62,74,49
2851,3851,72,62,68,57,57,65,316
2852,3852,67,67,59,69,68,57,187
2853,3853,69,65,68,69,65,63,243
2854,3854,76,82,77,73,71,80,261
2855,3855,65,68,63,49,60,64,85
2856,3856,56,54,56,52,55,57,219
2857,3857,67,66,72,59,63,65,0
2858,3858,100,98,100,90,100,97,443
2859,3859,82,72,80,76,87,88,334
2860,3860,91,81,88,81,94,82,464
2861,3861,70,76,71,52,72,71,99
2862,3862,73,70,70,58,68,54,223
2863,3863,99,94,97,85,85,97,334
2864,3864,64,68,72,64,66,65,184
2865,3865,78,73,83,77,82,53,153
2866,3866,62,64,60,55,49,66,254
2867,3867,57,54,61,58,59,62,67
2868,3868,77,76,78,79,70,82,332
2869,3869,50,47,50,51,41,45,160
2870,3870,49,55,44,51,49,55,73
2871,3871,85,77,77,71,80,90,266
2872,3872,76,79,75,69,67,72,208
2873,3873,66,65,61,66,57,72,262
2874,3874,95,95,87,86,100,83,388
2875,3875,86,96,78,86,84,89,343
2876,3876,57,49,55,43,52,53,0
2877,3877,48,43,50,30,38,44,96
2878,3878,61,52,61,60,60,65,106
2879,3879,65,71,63,51,67,66,43
2880,3880,50,60,57,38,48,52,84
2881,3881,93,90,97,93,85,100,418
2882,3882,66,63,61,51,53,66,286
2883,3883,75,74,73,63,77,86,243
2884,3884,75,68,79,65,78,73,213
2885,3885,79,69,81,66,68,80,406
2886,3886,67,76,75,60,59,64,124
2887,3887,100,100,98,100,86,100,402
2888,3888,83,77,88,78,75,71,328
2889,3889,62,57,68,47,51,60,75
2890,3890,86,91,91,87,84,90,454
2891,3891,77,80,72,69,67,67,259
2892,3892,83,80,91,85,85,89,453
2893,3893,79,79,75,78,68,67,338
2894,3894,100,100,100,82,100,100,337
2895,3895,92,84,86,90,90,87,447
2896,3896,59,55,65,55,48,60,240
2897,3897,88,92,91,77,78,96,354
2898,3898,58,63,50,51,49,56,234
2899,3899,53,58,45,53,56,58,99
2900,3900,66,74,59,59,71,71,127
2901,3901,54,60,54,50,42,56,164
2902,3902,97,87,100,79,95,100,466
2903,3903,96,92,88,96,94,89,454
2904,3904,83,74,83,65,86,73,366
2905,3905,62,55,64,48,52,78,180
2906,3906,94,90,100,95,83,91,268
2907,3907,83,80,84,68,69,85,175
2908,3908,62,63,61,57,66,50,98
2909,3909,45,43,45,36,32,46,87
2910,3910,72,66,74,70,76,82,210
2911,3911,100,100,92,98,90,100,507
2912,3912,73,69,75,60,59,86,199
2913,3913,55,64,60,43,53,60,66
2914,3914,70,74,67,61,66,60,246
2915,3915,88,90,85,72,89,82,359
2916,3916,59,54,63,51,50,63,99
2917,3917,80,75,83,69,81,75,303
2918,3918,73,81,78,68,68,83,67
2919,3919,82,78,79,74,87,90,408
2920,3920,58,60,56,49,54,46,90
2921,3921,74,68,70,58,65,60,147
2922,3922,55,62,60,46,60,54,117
2923,3923,63,55,64,55,50,64,120
2924,3924,57,67,61,59,44,64,83
2925,3925,85,82,78,72,82,96,346
2926,3926,74,75,76,65,61,75,160
2927,3927,67,58,66,62,70,71,219
2928,3928,81,77,82,68,76,82,267
2929,3929,89,79,95,86,87,88,195
2930,3930,100,91,94,82,97,100,442
2931,3931,68,67,73,52,72,67,205
2932,3932,59,50,59,43,45,57,199
2933,3933,74,69,78,58,69,69,395
2934,3934,89,86,91,74,85,79,314
2935,3935,63,56,66,54,57,63,207
2936,3936,50,60,47,43,41,51,119
2937,3937,65,58,59,57,51,54,158
2938,3938,95,99,94,80,98,100,421
2939,3939,57,47,55,48,53,66,270
2940,3940,81,90,83,63,80,82,377
2941,3941,86,94,90,79,77,85,272
2942,3942,63,60,70,61,63,58,85
2943,3943,90,94,96,79,90,92,421
2944,3944,57,61,57,53,62,65,118
2945,3945,63,69,59,46,66,57,171
2946,3946,61,52,68,49,57,69,143
2947,3947,49,42,55,42,46,49,234
2948,3948,76,66,69,70,71,75,292
2949,3949,80,90,81,76,77,72,399
2950,3950,68,76,66,68,58,58,69
2951,3951,100,98,99,85,89,97,439
2952,3952,75,76,80,60,79,70,259
2953,3953,67,67,65,69,63,64,85
2954,3954,97,91,93,93,98,86,478
2955,3955,58,66,60,48,62,47,57
2956,3956,95,89,100,92,90,87,353
2957,3957,47,48,41,32,40,39,44
2958,3958,54,47,47,39,47,53,112
2959,3959,54,64,60,54,39,62,172
2960,3960,81,83,78,82,82,73,253
2961,3961,80,71,73,74,82,93,151
2962,3962,70,71,74,69,74,68,264
2963,3963,46,40,43,31,31,40,101
2964,3964,75,85,76,69,78,71,280
2965,3965,78,79,83,74,82,75,320
2966,3966,77,68,74,62,65,77,51
2967,3967,79,80,74,81,71,81,247
2968,3968,85,94,83,72,79,84,479
2969,3969,60,54,57,55,64,56,151
2970,3970,76,75,84,71,80,78,342
2971,3971,44,48,37,31,36,49,142
2972,3972,79,80,81,73,69,84,344
2973,3973,77,73,78,70,67,78,185
2974,3974,81,77,77,67,80,85,247
2975,3975,81,85,76,83,68,93,269
2976,3976,100,100,92,85,100,89,415
2977,3977,85,82,93,75,87,81,163
2978,3978,73,73,66,66,78,75,331
2979,3979,86,79,87,78,72,64,384
2980,3980,42,40,40,25,44,35,61
2981,3981,61,59,53,60,62,58,25
2982,3982,65,65,63,48,65,68,82
2983,3983,72,75,68,64,73,77,207
2984,3984,88,93,90,87,79,71,247
2985,3985,77,68,81,76,63,55,106
2986,3986,52,50,48,38,53,56,140
2987,3987,87,77,79,72,76,89,397
2988,3988,93,100,100,76,87,92,375
2989,3989,69,59,77,70,74,78,218
2990,3990,72,64,80,64,74,79,114
2991,3991,74,70,71,62,69,58,170
2992,3992,69,78,64,62,65,66,265
2993,3993,62,64,66,52,61,62,157
2994,3994,68,62,68,68,64,59,179
2995,3995,80,84,75,62,76,82,415
2996,3996,100,100,100,100,100,100,393
2997,3997,77,83,78,62,67,74,313
2998,3998,94,84,98,78,84,93,355
2999,3999,69,69,77,64,62,66,249
3000,4000,67,61,71,50,69,56,198
3001,4001,64,59,60,64,63,60,211
3002,4002,59,60,57,44,59,67,122
3003,4003,56,57,51,50,47,54,86
3004,4004,58,49,66,57,49,71,51
3005,4005,98,89,100,84,91,82,392
3006,4006,81,91,82,68,80,85,287
3007,4007,79,75,87,79,70,63,104
3008,4008,90,98,84,78,84,85,253
3009,4009,69,74,64,53,60,54,202
3010,4010,62,65,68,64,56,60,126
3011,4011,69,68,67,59,67,68,67
3012,4012,83,93,79,71,76,84,422
3013,4013,91,99,96,93,93,92,333
3014,4014,95,90,96,85,80,100,416
3015,4015,63,57,55,56,52,69,248
3016,4016,84,87,79,83,69,77,291
3017,4017,89,84,87,73,90,84,458
3018,4018,68,73,69,65,72,61,223
3019,4019,88,88,89,77,76,95,426
3020,4020,67,72,75,60,52,78,105
3021,4021,92,97,90,74,83,85,431
3022,4022,97,91,100,98,99,99,435
3023,4023,90,89,82,85,86,80,391
3024,4024,90,80,93,72,79,100,335
3025,4025,79,80,80,66,83,94,335
3026,4026,76,74,77,68,74,71,312
3027,4027,87,78,85,88,81,97,287
3028,4028,78,87,72,64,74,65,447
3029,4029,74,74,82,75,61,69,229
3030,4030,89,99,86,89,94,88,435
3031,4031,78,80,83,60,69,71,281
3032,4032,50,56,55,33,54,47,75
3033,4033,73,70,72,59,76,64,203
3034,4034,86,78,90,85,81,85,296
3035,4035,84,92,82,84,71,93,182
3036,4036,79,69,85,62,71,81,268
3037,4037,88,89,86,90,80,76,484
3038,4038,100,100,94,84,99,86,476
3039,4039,82,72,90,70,85,86,262
3040,4040,79,76,86,71,72,76,228
3041,4041,89,85,85,75,80,76,479
3042,4042,76,67,82,61,81,75,161
3043,4043,79,82,78,73,66,79,275
3044,4044,69,75,64,61,60,72,218
3045,4045,68,58,64,68,58,70,217
3046,4046,74,74,73,66,66,74,275
3047,4047,88,87,82,85,82,84,245
3048,4048,88,87,91,85,79,81,305
3049,4049,52,53,47,37,46,35,51
3050,4050,71,73,72,60,64,76,294
3051,4051,100,100,100,100,88,98,452
3052,4052,88,80,87,84,88,89,432
3053,4053,79,75,82,66,76,81,338
3054,4054,74,72,82,56,62,51,260
3055,4055,56,47,48,42,51,58,228
3056,4056,80,72,72,65,77,78,252
3057,4057,83,82,79,77,70,80,213
3058,4058,92,87,97,90,94,94,535
3059,4059,60,70,54,61,52,64,146
3060,4060,56,66,48,48,51,58,140
3061,4061,66,74,73,66,54,60,102
3062,4062,91,84,90,78,96,86,436
3063,4063,73,73,73,62,78,85,246
3064,4064,87,95,80,89,91,89,371
3065,4065,88,97,81,81,88,88,401
3066,4066,71,76,73,63,65,72,232
3067,4067,100,100,100,100,100,100,463
3068,4068,55,63,48,51,57,46,173
3069,4069,87,83,82,88,80,81,428
3070,4070,54,59,49,55,56,72,103
3071,4071,77,73,78,68,80,86,295
3072,4072,64,61,56,52,64,69,158
3073,4073,90,89,93,85,94,100,292
3074,4074,81,91,82,71,69,77,288
3075,4075,97,100,92,99,83,95,444
3076,4076,75,76,70,61,80,73,305
3077,4077,90,97,96,76,76,100,461
3078,4078,87,94,90,81,87,92,289
3079,4079,69,79,73,51,60,49,295
3080,4080,53,55,55,54,48,57,202
3081,4081,61,61,69,43,61,69,92
3082,4082,88,98,82,83,75,91,421
3083,4083,77,86,71,71,71,77,414
3084,4084,54,52,55,44,57,57,174
3085,4085,48,50,51,32,38,35,106
3086,4086,75,65,80,74,70,58,291
3087,4087,73,75,71,73,64,78,278
3088,4088,90,84,93,77,88,100,343
3089,4089,62,72,54,51,66,60,47
3090,4090,80,76,83,74,65,75,132
3091,4091,85,76,93,80,84,70,349
3092,4092,73,76,76,58,64,81,344
3093,4093,49,41,56,37,37,42,107
3094,4094,64,74,72,48,61,69,96
3095,4095,70,61,67,67,70,51,94
3096,4096,79,72,76,69,72,83,251
3097,4097,94,97,100,94,82,100,436
3098,4098,56,57,51,52,45,51,74
3099,4099,100,97,100,86,100,100,430
3100,4100,84,87,86,78,75,79,406
3101,4101,77,78,71,71,76,79,262
3102,4102,58,51,59,54,62,48,124
3103,4103,65,72,63,56,52,59,211
3104,4104,78,68,74,74,82,66,314
3105,4105,86,83,79,76,80,88,423
3106,4106,94,87,92,95,79,87,369
3107,4107,67,77,74,50,66,70,85
3108,4108,82,73,77,69,80,79,261
3109,4109,94,95,86,93,94,91,284
3110,4110,86,78,85,69,83,99,497
3111,4111,84,88,83,80,82,82,256
3112,4112,77,67,71,65,78,80,233
3113,4113,85,89,78,69,77,80,297
3114,4114,67,75,69,67,53,66,199
3115,4115,72,77,77,62,70,70,193
3116,4116,86,91,84,75,90,97,245
3117,4117,98,100,98,88,88,100,430
3118,4118,57,49,52,47,47,56,72
3119,4119,86,78,82,74,81,78,287
3120,4120,100,100,100,91,87,93,452
3121,4121,53,44,52,37,54,58,129
3122,4122,67,58,60,63,70,56,88
3123,4123,74,77,70,73,63,77,210
3124,4124,58,53,52,46,49,58,182
3125,4125,65,75,65,60,66,79,166
3126,4126,71,73,76,57,58,59,149
3127,4127,83,79,83,84,76,75,297
3128,4128,56,64,61,42,42,73,86
3129,4129,43,46,41,44,48,51,119
3130,4130,80,85,79,76,69,78,229
3131,4131,96,87,98,94,84,98,430
3132,4132,47,57,42,37,37,35,0
3133,4133,73,75,69,73,77,85,110
3134,4134,87,79,81,71,86,87,329
3135,4135,59,66,52,49,47,49,162
3136,4136,56,57,50,41,53,57,108
3137,4137,83,77,81,72,79,78,327
3138,4138,78,75,81,72,65,72,213
3139,4139,77,76,85,66,82,71,249
3140,4140,64,64,59,55,56,69,138
3141,4141,50,41,52,47,45,43,130
3142,4142,69,66,75,51,55,81,361
3143,4143,66,70,58,54,65,75,204
3144,4144,99,90,94,93,93,100,306
3145,4145,69,73,62,53,66,69,126
3146,4146,74,64,78,76,73,66,167
3147,4147,72,64,75,59,70,78,253
3148,4148,71,67,70,63,56,92,189
3149,4149,61,58,53,53,53,63,211
3150,4150,95,87,87,83,85,88,391
3151,4151,63,55,61,58,60,59,138
3152,4152,92,88,92,94,78,76,427
3153,4153,88,78,91,90,83,100,457
3154,4154,94,100,88,89,97,85,276
3155,4155,80,82,76,79,85,68,370
3156,4156,79,74,87,74,78,86,356
3157,4157,80,89,72,74,76,83,392
3158,4158,92,95,93,78,85,93,480
3159,4159,70,68,67,65,74,72,207
3160,4160,85,90,89,79,88,79,422
3161,4161,76,67,72,69,81,83,213
3162,4162,73,80,66,67,66,75,243
3163,4163,93,88,89,89,85,100,415
3164,4164,100,100,92,100,100,100,381
3165,4165,73,73,69,71,59,69,219
3166,4166,100,100,98,86,89,100,391
3167,4167,86,80,82,78,76,95,365
3168,4168,91,94,95,73,87,78,454
3169,4169,100,96,100,96,98,88,504
3170,4170,91,91,96,93,80,99,291
3171,4171,65,55,57,47,52,74,181
3172,4172,66,69,64,63,63,56,102
3173,4173,81,85,85,72,84,90,275
3174,4174,58,53,56,49,52,63,28
3175,4175,84,81,87,72,82,88,333
3176,4176,95,100,100,91,89,88,456
3177,4177,67,74,62,59,53,54,296
3178,4178,72,79,77,66,59,76,377
3179,4179,70,63,74,72,75,58,237
3180,4180,90,89,85,73,80,90,450
3181,4181,91,93,86,82,90,88,342
3182,4182,100,97,94,100,99,91,449
3183,4183,73,73,78,62,70,67,276
3184,4184,83,75,78,81,77,92,352
3185,4185,56,47,52,43,43,57,156
3186,4186,73,83,72,66,60,60,252
3187,4187,82,78,75,78,78,79,443
3188,4188,82,84,87,79,85,73,243
3189,4189,92,82,95,75,87,91,364
3190,4190,58,50,62,43,46,53,76
3191,4191,79,71,86,72,83,87,403
3192,4192,61,67,56,62,57,58,184
3193,4193,79,78,84,65,74,82,277
3194,4194,93,96,94,80,98,100,398
3195,4195,97,100,100,85,88,99,362
3196,4196,100,90,100,95,97,100,482
3197,4197,73,69,74,64,67,70,140
3198,4198,63,69,69,47,56,57,110
3199,4199,96,87,100,83,93,95,290
3200,4200,59,66,65,61,53,47,129
3201,4201,70,73,65,71,58,64,225
3202,4202,94,87,86,80,88,97,321
3203,4203,100,100,93,82,100,93,394
3204,4204,62,58,70,54,47,59,84
3205,4205,96,92,100,92,81,100,392
3206,4206,82,90,87,78,84,84,280
3207,4207,92,100,90,83,82,93,328
3208,4208,58,64,62,49,46,57,220
3209,4209,59,67,52,50,60,59,114
3210,4210,75,85,78,75,79,79,272
3211,4211,92,96,84,74,95,92,435
3212,4212,100,100,100,95,100,88,396
3213,4213,58,65,57,55,51,49,180
3214,4214,88,89,90,71,74,79,382
3215,4215,92,98,85,89,88,92,492
3216,4216,85,88,80,79,75,81,424
3217,4217,67,64,62,65,66,69,291
3218,4218,61,52,69,46,58,63,106
3219,4219,71,73,67,73,60,81,171
3220,4220,64,73,58,56,69,54,121
3221,4221,80,79,84,69,84,78,437
3222,4222,82,89,84,76,80,88,237
3223,4223,54,64,62,54,54,55,153
3224,4224,79,87,72,68,75,83,170
3225,4225,66,63,59,49,52,67,312
3226,4226,61,70,56,58,56,72,186
3227,4227,87,82,88,88,87,94,517
3228,4228,90,93,85,86,87,100,426
3229,4229,83,78,77,73,76,98,183
3230,4230,65,55,58,55,65,58,158
3231,4231,73,69,70,73,71,70,242
3232,4232,77,80,81,72,66,88,272
3233,4233,86,90,94,78,76,90,432
3234,4234,83,75,78,76,76,94,204
3235,4235,95,100,90,81,89,91,487
3236,4236,82,85,80,68,79,90,346
3237,4237,91,100,94,92,86,87,403
3238,4238,56,53,62,57,49,56,237
3239,4239,100,97,100,85,96,92,432
3240,4240,62,71,66,46,52,62,148
3241,4241,74,83,80,73,63,71,265
3242,4242,74,67,75,71,65,74,276
3243,4243,58,54,58,59,56,65,129
3244,4244,56,54,62,58,46,43,129
3245,4245,87,77,79,86,88,85,334
3246,4246,96,92,100,78,81,94,434
3247,4247,100,100,100,100,85,96,413
3248,4248,63,54,55,55,51,64,292
3249,4249,93,100,89,77,97,94,395
3250,4250,89,92,89,79,85,88,448
3251,4251,84,93,78,67,82,84,247
3252,4252,77,80,72,78,65,78,85
3253,4253,77,79,69,76,62,78,229
3254,4254,67,58,67,62,62,64,360
3255,4255,54,57,51,51,47,55,48
3256,4256,72,67,77,55,67,77,279
3257,4257,64,60,67,49,60,65,278
3258,4258,90,82,90,76,89,80,380
3259,4259,88,91,87,74,77,83,431
3260,4260,55,47,63,49,57,61,125
3261,4261,56,50,48,53,56,64,177
3262,4262,97,98,93,83,86,88,400
3263,4263,71,62,70,61,75,72,345
3264,4264,71,73,67,53,61,71,258
3265,4265,100,96,100,87,95,100,463
3266,4266,49,45,46,37,39,59,53
3267,4267,76,76,72,67,77,70,210
3268,4268,57,50,65,40,56,65,79
3269,4269,60,69,57,45,62,53,106
3270,4270,69,63,70,69,71,66,249
3271,4271,78,84,73,74,77,80,257
3272,4272,53,56,48,37,38,56,72
3273,4273,87,83,80,75,83,95,446
3274,4274,64,55,72,52,68,63,154
3275,4275,78,86,79,76,69,78,394
3276,4276,87,91,80,85,86,100,345
3277,4277,86,90,89,88,80,70,408
3278,4278,64,62,57,53,60,79,161
3279,4279,85,79,84,69,82,89,326
3280,4280,92,100,94,92,88,82,341
3281,4281,94,91,93,94,97,91,380
3282,4282,55,55,52,55,48,66,91
3283,4283,88,90,84,76,78,77,342
3284,4284,60,58,64,61,63,53,154
3285,4285,80,89,80,81,66,78,295
3286,4286,82,89,81,70,80,84,360
3287,4287,77,82,76,72,81,85,370
3288,4288,91,83,90,91,83,91,364
3289,4289,87,96,84,83,79,83,340
3290,4290,94,87,100,94,92,100,307
3291,4291,60,70,61,52,59,68,102
3292,4292,91,99,96,92,88,88,209
3293,4293,72,71,69,68,70,63,265
3294,4294,68,75,68,52,67,83,285
3295,4295,77,71,83,64,66,74,361
3296,4296,84,83,87,74,87,93,106
3297,4297,58,55,56,43,50,76,76
3298,4298,92,91,100,74,96,90,387
3299,4299,100,100,93,88,85,90,416
3300,4300,54,53,46,44,52,45,116
3301,4301,69,76,76,60,64,65,101
3302,4302,89,84,93,78,88,95,460
3303,4303,88,94,88,73,88,94,365
3304,4304,74,67,72,68,74,77,251
3305,4305,70,66,62,68,56,73,217
3306,4306,95,100,87,83,87,100,411
3307,4307,84,82,85,80,72,80,185
3308,4308,92,96,100,75,77,92,415
3309,4309,73,66,66,75,73,74,119
3310,4310,91,100,93,89,84,98,423
3311,4311,96,98,94,96,97,94,338
3312,4312,65,58,69,50,54,72,142
3313,4313,60,68,64,53,51,62,131
3314,4314,67,70,64,56,54,64,273
3315,4315,86,90,90,71,73,100,271
3316,4316,66,71,66,51,51,62,78
3317,4317,85,81,90,78,80,90,456
3318,4318,52,61,45,53,44,43,145
3319,4319,85,95,77,86,72,88,326
3320,4320,64,63,61,61,51,56,78
3321,4321,63,61,68,59,53,69,90
3322,4322,92,87,99,82,90,86,454
3323,4323,90,87,98,83,86,98,498
3324,4324,78,70,80,60,74,82,327
3325,4325,79,77,79,62,80,94,211
3326,4326,60,69,57,60,51,65,50
3327,4327,71,81,79,62,57,76,208
3328,4328,100,100,100,89,92,100,468
3329,4329,71,73,78,55,72,65,300
3330,4330,69,65,73,58,69,63,228
3331,4331,73,76,69,73,77,68,155
3332,4332,86,91,82,79,80,81,343
3333,4333,78,73,74,80,74,92,212
3334,4334,85,87,84,83,73,84,352
3335,4335,94,87,91,87,82,93,517
3336,4336,57,50,65,45,44,57,141
3337,4337,97,94,96,99,84,100,333
3338,4338,82,76,81,75,82,83,458
3339,4339,61,52,69,46,61,52,132
3340,4340,80,88,81,81,75,87,255
3341,4341,81,73,89,68,77,81,400
3342,4342,79,81,72,62,76,89,340
3343,4343,59,57,61,49,51,63,133
3344,4344,62,63,68,55,54,59,138
3345,4345,77,74,73,60,64,85,199
3346,4346,98,100,98,97,91,100,340
3347,4347,97,100,90,85,97,93,348
3348,4348,87,77,91,69,85,95,443
3349,4349,49,43,42,33,47,37,143
3350,4350,90,100,88,90,75,100,300
3351,4351,85,91,91,82,80,82,253
3352,4352,60,67,52,60,52,58,268
3353,4353,89,94,84,84,74,93,341
3354,4354,76,77,76,67,65,93,233
3355,4355,73,80,65,71,67,62,208
3356,4356,63,73,61,51,55,51,150
3357,4357,100,97,93,84,97,100,453
3358,4358,90,89,88,84,89,77,380
3359,4359,71,69,67,70,75,78,90
3360,4360,65,73,58,50,54,70,243
3361,4361,87,79,88,73,79,86,373
3362,4362,75,76,69,76,65,62,390
3363,4363,61,64,57,45,66,61,145
3364,4364,90,84,91,85,80,81,375
3365,4365,75,66,77,70,64,77,308
3366,4366,61,59,68,50,58,59,82
3367,4367,75,68,69,63,69,66,215
3368,4368,70,79,67,60,65,82,21
3369,4369,63,72,71,53,60,58,188
3370,4370,83,84,85,79,72,91,343
3371,4371,68,72,72,66,59,56,145
3372,4372,70,79,62,68,70,74,244
3373,4373,62,62,69,46,67,68,188
3374,4374,65,64,72,61,52,75,114
3375,4375,86,90,79,87,72,90,420
3376,4376,94,99,97,87,82,98,235
3377,4377,70,61,78,56,60,69,203
3378,4378,98,92,94,100,84,85,393
3379,4379,94,98,93,86,92,71,351
3380,4380,99,89,99,86,87,100,411
3381,4381,48,54,40,48,51,48,96
3382,4382,73,81,72,74,61,78,144
3383,4383,78,68,82,63,71,66,225
3384,4384,67,63,70,68,65,65,153
3385,4385,68,76,63,60,65,69,159
3386,4386,81,79,82,68,68,76,304
3387,4387,74,66,73,66,72,71,238
3388,4388,91,92,86,84,92,86,335
3389,4389,93,90,99,85,91,84,456
3390,4390,77,74,76,74,80,76,357
3391,4391,72,80,78,58,67,72,153
3392,4392,96,95,96,79,96,89,409
3393,4393,62,52,62,59,64,61,129
3394,4394,60,69,52,59,46,48,263
3395,4395,81,90,80,77,77,92,126
3396,4396,73,68,69,56,69,77,235
3397,4397,68,70,65,51,57,59,260
3398,4398,90,81,97,74,95,98,468
3399,4399,49,52,50,47,42,47,324
3400,4400,96,100,89,81,99,96,431
3401,4401,77,84,73,76,79,70,294
3402,4402,81,79,81,75,81,84,283
3403,4403,83,85,88,85,87,85,217
3404,4404,80,80,82,82,69,77,330
3405,4405,82,72,89,79,81,85,430
3406,4406,76,72,76,63,70,76,303
3407,4407,84,88,85,84,81,86,379
3408,4408,68,78,68,70,70,61,122
3409,4409,60,53,66,60,49,62,22
3410,4410,39,34,33,27,29,38,61
3411,4411,77,79,78,75,62,75,375
3412,4412,67,64,75,64,71,68,222
3413,4413,75,67,74,66,78,69,206
3414,4414,83,80,89,68,81,77,265
3415,4415,54,44,50,40,54,63,230
3416,4416,84,88,81,78,81,90,397
3417,4417,75,75,77,75,74,88,171
3418,4418,74,76,80,68,69,71,85
3419,4419,65,75,64,62,54,73,80
3420,4420,93,100,89,91,98,74,343
3421,4421,69,77,69,58,56,49,224
3422,4422,53,51,59,35,48,52,15
3423,4423,95,100,94,87,97,95,383
3424,4424,95,98,95,88,83,96,409
3425,4425,60,55,66,48,63,80,101
3426,4426,75,83,67,69,61,72,203
3427,4427,67,73,75,51,63,84,242
3428,4428,64,65,59,48,56,46,206
3429,4429,73,79,75,73,60,73,194
3430,4430,61,61,56,44,54,65,141
3431,4431,74,70,80,75,74,86,299
3432,4432,71,75,63,57,61,69,313
3433,4433,80,80,86,70,84,78,247
3434,4434,96,90,89,82,98,88,439
3435,4435,74,83,80,74,62,67,109
3436,4436,65,69,61,55,60,79,89
3437,4437,71,69,73,72,75,67,266
3438,4438,95,100,90,83,91,89,397
3439,4439,97,90,89,87,91,87,424
3440,4440,100,96,100,93,89,100,453
3441,4441,59,59,60,57,46,76,217
3442,4442,67,69,72,67,57,68,137
3443,4443,68,61,71,56,53,70,161
3444,4444,71,73,63,53,62,74,157
3445,4445,64,57,58,65,59,65,231
3446,4446,53,50,47,36,56,39,114
3447,4447,74,75,80,59,59,80,348
3448,4448,70,67,71,56,65,72,182
3449,4449,77,79,76,72,69,85,175
3450,4450,60,56,67,46,61,57,147
3451,4451,72,64,66,57,71,75,125
3452,4452,84,79,86,80,77,76,330
3453,4453,61,70,57,52,62,64,140
3454,4454,73,83,65,67,78,79,310
3455,4455,76,77,70,68,71,71,293
3456,4456,90,100,83,80,89,83,438
3457,4457,68,71,70,65,59,75,81
3458,4458,77,75,71,69,70,63,273
3459,4459,70,79,62,52,65,76,54
3460,4460,80,70,74,75,85,80,269
3461,4461,74,68,76,70,63,68,301
3462,4462,90,89,94,83,94,85,349
3463,4463,59,58,52,60,61,66,107
3464,4464,84,84,76,74,75,77,355
3465,4465,78,81,74,61,69,76,235
3466,4466,70,62,77,61,56,68,371
3467,4467,89,93,92,83,78,92,364
3468,4468,52,49,56,43,48,54,45
3469,4469,82,73,77,71,80,80,343
3470,4470,65,61,68,67,68,75,290
3471,4471,86,86,82,70,78,79,305
3472,4472,91,90,93,77,78,88,391
3473,4473,53,61,57,51,50,57,188
3474,4474,60,61,57,48,57,48,148
3475,4475,63,53,63,49,58,54,202
3476,4476,81,72,80,71,79,95,304
3477,4477,76,84,75,64,69,85,368
3478,4478,91,81,87,79,94,100,363
3479,4479,60,64,55,57,53,54,223
3480,4480,78,69,70,70,67,76,404
3481,4481,69,66,73,70,55,73,85
3482,4482,77,67,78,76,71,75,254
3483,4483,47,38,52,45,36,43,56
3484,4484,81,87,78,72,66,82,261
3485,4485,100,100,100,83,95,92,460
3486,4486,89,83,95,91,90,89,356
3487,4487,90,87,95,86,77,87,372
3488,4488,73,72,67,65,73,82,232
3489,4489,72,77,79,69,61,64,317
3490,4490,68,59,61,64,59,70,286
3491,4491,75,74,75,67,62,62,217
3492,4492,74,79,79,72,78,83,311
3493,4493,86,88,82,68,77,94,419
3494,4494,75,82,77,76,72,86,231
3495,4495,47,40,51,39,52,37,117
3496,4496,53,63,60,46,42,52,61
3497,4497,90,84,97,88,89,77,403
3498,4498,76,85,74,67,81,66,373
3499,4499,79,75,79,63,74,84,389
3500,4500,75,82,72,76,74,69,354
3501,4501,77,81,70,61,80,66,178
3502,4502,71,72,78,69,65,57,219
3503,4503,76,79,80,74,65,74,425
3504,4504,100,100,100,89,85,100,485
3505,4505,52,51,52,38,44,53,171
3506,4506,69,61,63,70,64,69,116
3507,4507,51,43,56,41,47,54,178
3508,4508,78,71,82,63,71,86,79
3509,4509,79,74,84,68,70,74,250
3510,4510,78,74,76,68,83,88,279
3511,4511,81,81,86,72,78,79,227
3512,4512,81,87,89,78,68,85,338
3513,4513,73,68,81,68,70,71,331
3514,4514,99,100,93,86,94,93,380
3515,4515,97,88,89,98,85,90,323
3516,4516,65,57,65,67,66,79,189
3517,4517,58,68,58,51,63,56,95
3518,4518,89,79,90,88,92,82,213
3519,4519,88,80,88,80,86,84,259
3520,4520,87,86,82,83,80,100,143
3521,4521,75,77,73,57,66,63,281
3522,4522,67,67,75,53,66,61,155
3523,4523,98,100,100,95,93,86,448
3524,4524,75,74,80,63,68,66,389
3525,4525,70,69,69,60,68,76,208
3526,4526,65,62,60,49,68,73,211
3527,4527,73,65,78,74,72,68,316
3528,4528,62,69,67,49,56,67,135
3529,4529,67,64,73,59,56,91,304
3530,4530,72,65,70,68,67,69,227
3531,4531,55,55,56,38,60,55,142
3532,4532,67,75,59,68,54,67,154
3533,4533,76,72,76,63,79,80,475
3534,4534,95,95,93,97,92,86,369
3535,4535,66,73,68,65,60,74,43
3536,4536,85,92,84,84,79,90,202
3537,4537,78,83,70,74,80,90,258
3538,4538,64,58,67,47,55,64,117
3539,4539,71,77,75,71,65,61,320
3540,4540,80,71,79,72,73,85,303
3541,4541,90,87,84,84,87,91,381
3542,4542,65,69,68,65,67,60,185
3543,4543,59,49,56,48,64,61,58
3544,4544,100,100,93,90,95,99,413
3545,4545,64,62,59,52,67,66,331
3546,4546,51,57,55,42,47,51,211
3547,4547,68,62,66,58,70,71,62
3548,4548,93,100,98,95,81,100,301
3549,4549,58,56,61,46,45,52,154
3550,4550,55,47,52,57,53,49,127
3551,4551,97,90,100,89,83,83,471
3552,4552,100,100,100,89,100,100,484
3553,4553,90,86,98,87,87,100,397
3554,4554,80,85,84,68,81,74,503
3555,4555,78,73,80,72,76,73,248
3556,4556,85,86,80,79,87,82,348
3557,4557,80,88,83,65,67,84,365
3558,4558,56,55,57,52,58,60,223
3559,4559,61,60,67,58,46,64,262
3560,4560,67,74,70,55,57,72,171
3561,4561,77,79,70,66,63,89,261
3562,4562,98,95,90,96,95,100,465
3563,4563,57,60,60,51,54,70,136
3564,4564,80,76,76,67,77,67,199
3565,4565,100,100,96,85,97,94,384
3566,4566,83,92,82,78,76,79,261
3567,4567,79,76,75,80,71,65,188
3568,4568,82,91,82,78,75,79,403
3569,4569,67,58,64,56,53,67,200
3570,4570,74,72,76,73,62,86,285
3571,4571,82,87,74,68,84,82,293
3572,4572,68,66,63,64,62,65,184
3573,4573,100,100,100,84,99,86,442
3574,4574,72,65,68,58,61,70,338
3575,4575,60,59,58,52,56,62,176
3576,4576,90,93,95,75,77,99,361
3577,4577,98,98,94,81,85,100,463
3578,4578,81,90,86,70,70,81,375
3579,4579,58,62,61,45,43,60,179
3580,4580,76,72,74,64,73,85,149
3581,4581,55,60,59,55,42,53,110
3582,4582,97,95,90,91,83,95,425
3583,4583,54,54,56,45,41,42,160
3584,4584,90,96,91,75,94,94,320
3585,4585,95,91,100,81,90,97,342
3586,4586,78,80,77,66,80,72,391
3587,4587,73,72,71,56,65,72,259
3588,4588,50,52,55,51,47,53,79
3589,4589,87,81,89,83,77,80,500
3590,4590,82,83,76,78,76,75,149
3591,4591,67,76,75,65,64,67,95
3592,4592,61,63,69,52,61,54,46
3593,4593,90,80,92,77,76,77,436
3594,4594,92,100,99,76,94,82,439
3595,4595,99,100,97,89,84,100,492
3596,4596,83,82,83,67,77,86,263
3597,4597,86,86,92,82,71,86,353
3598,4598,77,67,70,75,72,84,445
3599,4599,58,48,64,55,45,46,51
3600,4600,72,74,75,69,71,66,214
3601,4601,76,84,76,65,72,75,238
3602,4602,78,85,75,75,77,81,378
3603,4603,72,72,77,71,59,64,130
3604,4604,76,66,69,70,71,72,262
3605,4605,82,82,84,69,77,79,381
3606,4606,79,80,87,73,75,83,290
3607,4607,63,65,64,56,48,68,147
3608,4608,87,80,80,88,85,86,362
3609,4609,100,93,100,96,86,93,363
3610,4610,59,56,57,52,63,48,167
3611,4611,69,68,67,70,64,66,209
3612,4612,73,78,81,67,67,67,411
3613,4613,70,63,74,72,67,52,240
3614,4614,56,61,51,53,45,56,65
3615,4615,84,93,82,75,89,83,314
3616,4616,83,88,76,66,83,79,351
3617,4617,47,38,43,33,51,54,49
3618,4618,92,100,93,83,80,97,497
3619,4619,77,76,82,59,63,79,326
3620,4620,92,93,99,91,81,92,385
3621,4621,73,82,72,61,78,75,73
3622,4622,74,84,67,70,60,90,242
3623,4623,68,68,74,62,54,64,349
3624,4624,92,85,96,92,90,84,191
3625,4625,92,94,84,76,93,96,398
3626,4626,72,82,80,60,68,59,274
3627,4627,96,86,100,92,86,100,395
3628,4628,100,95,96,100,99,100,513
3629,4629,86,87,78,70,72,92,429
3630,4630,71,69,64,68,71,67,189
3631,4631,82,91,79,82,82,76,352
3632,4632,92,89,84,82,80,86,357
3633,4633,92,100,84,78,94,100,367
3634,4634,64,58,56,59,64,80,202
3635,4635,87,83,87,88,75,90,218
3636,4636,99,91,100,81,100,98,460
3637,4637,63,68,60,55,50,55,202
3638,4638,100,91,100,88,95,100,390
3639,4639,86,83,91,81,91,94,328
3640,4640,59,54,52,42,47,64,151
3641,4641,85,93,85,78,81,86,356
3642,4642,88,96,80,88,82,97,266
3643,4643,55,48,56,46,45,45,230
3644,4644,62,71,63,49,59,68,82
3645,4645,64,67,68,54,53,66,54
3646,4646,98,90,100,93,95,92,527
3647,4647,73,80,72,56,77,75,302
3648,4648,83,77,76,75,76,88,214
3649,4649,92,87,87,75,94,91,464
3650,4650,53,55,50,42,41,43,104
3651,4651,85,89,92,79,86,84,298
3652,4652,74,78,82,56,61,73,316
3653,4653,67,72,71,67,67,62,111
3654,4654,41,45,46,35,41,36,123
3655,4655,63,65,69,53,64,51,139
3656,4656,73,63,71,56,61,70,238
3657,4657,65,61,62,54,56,53,65
3658,4658,59,51,53,54,47,49,119
3659,4659,76,79,76,70,64,88,314
3660,4660,55,46,51,45,46,45,182
3661,4661,72,78,65,67,74,60,227
3662,4662,77,78,84,65,63,79,185
3663,4663,85,86,79,78,86,96,373
3664,4664,77,68,75,79,64,85,396
3665,4665,67,77,59,62,52,66,287
3666,4666,89,81,96,78,87,80,418
3667,4667,90,95,83,78,75,100,354
3668,4668,66,60,71,60,58,61,119
3669,4669,48,47,50,39,39,40,141
3670,4670,97,100,91,91,84,100,391
3671,4671,55,64,60,47,44,54,182
3672,4672,89,81,94,84,76,81,411
3673,4673,79,78,77,62,64,81,358
3674,4674,56,63,51,48,57,50,160
3675,4675,81,76,80,72,81,93,431
3676,4676,43,34,36,32,48,40,96
3677,4677,99,94,96,86,87,100,452
3678,4678,81,80,76,76,79,73,355
3679,4679,62,60,54,56,64,63,405
3680,4680,60,51,63,45,63,57,112
3681,4681,96,87,94,95,84,88,320
3682,4682,63,57,57,47,65,63,45
3683,4683,61,68,60,49,59,50,233
3684,4684,78,88,70,66,68,81,282
3685,4685,71,81,73,58,71,70,184
3686,4686,71,62,79,69,66,59,281
3687,4687,86,89,85,75,76,76,295
3688,4688,89,85,82,89,93,100,405
3689,4689,79,84,78,63,68,83,391
3690,4690,94,96,89,88,88,100,359
3691,4691,90,83,85,83,95,95,467
3692,4692,72,68,75,74,68,63,179
3693,4693,97,98,89,94,100,94,409
3694,4694,94,100,100,77,88,100,475
3695,4695,71,63,76,71,75,57,272
3696,4696,75,67,74,57,64,75,255
3697,4697,66,58,70,57,66,74,244
3698,4698,92,87,89,89,83,95,356
3699,4699,74,77,82,71,66,74,284
3700,4700,63,67,68,51,68,56,220
3701,4701,83,82,75,72,71,87,404
3702,4702,100,100,100,98,94,96,403
3703,4703,60,60,59,55,53,51,78
3704,4704,70,61,70,65,74,74,153
3705,4705,100,100,100,92,100,90,458
3706,4706,46,40,51,44,35,49,136
3707,4707,53,54,58,47,54,49,143
3708,4708,90,82,98,82,79,75,432
3709,4709,62,69,59,49,56,54,84
3710,4710,64,71,71,46,53,62,159
3711,4711,72,79,78,72,71,78,97
3712,4712,61,51,53,63,53,58,102
3713,4713,89,91,91,91,79,99,443
3714,4714,81,74,74,65,86,80,371
3715,4715,62,70,58,59,63,63,167
3716,4716,71,67,66,61,73,74,329
3717,4717,91,96,87,82,83,100,450
3718,4718,75,67,72,62,79,71,276
3719,4719,65,63,68,48,57,78,151
3720,4720,72,79,76,71,61,83,136
3721,4721,91,88,88,87,79,87,412
3722,4722,78,69,72,66,72,84,238
3723,4723,63,60,71,49,62,52,115
3724,4724,64,59,67,59,50,76,99
3725,4725,83,84,84,78,69,73,302
3726,4726,74,66,72,61,74,79,279
3727,4727,69,73,74,62,58,76,77
3728,4728,66,57,70,61,61,71,358
3729,4729,92,100,91,80,80,86,396
3730,4730,74,65,70,73,79,81,215
3731,4731,78,85,75,75,75,68,225
3732,4732,75,79,75,75,61,73,209
3733,4733,97,94,89,89,85,86,384
3734,4734,96,100,88,95,96,89,461
3735,4735,80,74,86,79,75,79,318
3736,4736,74,77,76,60,61,69,214
3737,4737,77,85,83,79,66,73,223
3738,4738,93,84,94,84,89,83,444
3739,4739,64,65,66,57,61,65,163
3740,4740,100,90,95,99,91,100,429
3741,4741,78,87,78,69,76,81,113
3742,4742,74,72,79,64,60,57,165
3743,4743,84,80,89,70,86,84,361
3744,4744,75,71,75,67,78,62,311
3745,4745,72,77,80,55,65,66,267
3746,4746,72,79,65,69,68,71,158
3747,4747,51,54,48,43,53,61,29
3748,4748,98,88,100,83,87,96,506
3749,4749,62,65,56,48,53,70,41
3750,4750,68,74,61,56,66,74,184
3751,4751,71,62,65,55,59,91,182
3752,4752,63,60,70,47,55,64,301
3753,4753,81,81,82,83,81,78,327
3754,4754,72,73,68,61,70,61,209
3755,4755,50,46,57,33,43,36,56
3756,4756,74,73,74,72,62,63,256
3757,4757,56,55,56,54,46,52,58
3758,4758,88,96,93,80,73,94,332
3759,4759,100,100,100,95,88,97,342
3760,4760,75,80,77,69,72,73,185
3761,4761,82,89,78,83,70,96,382
3762,4762,82,83,78,66,86,74,353
3763,4763,73,66,72,65,61,96,113
3764,4764,70,62,68,71,74,76,28
3765,4765,58,60,55,59,53,44,132
3766,4766,51,47,50,50,43,64,64
3767,4767,65,74,68,61,50,47,182
3768,4768,100,96,92,100,88,100,379
3769,4769,80,88,86,82,77,85,294
3770,4770,78,73,85,73,73,80,260
3771,4771,75,81,77,65,72,68,341
3772,4772,88,90,93,77,77,70,362
3773,4773,68,77,73,60,56,58,204
3774,4774,62,54,57,52,50,76,62
3775,4775,80,72,88,82,66,79,265
3776,4776,57,51,52,53,54,45,107
3777,4777,96,88,100,93,100,99,488
3778,4778,59,58,66,50,51,50,151
3779,4779,52,56,47,54,45,63,132
3780,4780,51,45,49,50,55,45,102
3781,4781,77,72,72,72,68,97,184
3782,4782,66,58,62,63,57,76,359
3783,4783,54,58,60,43,50,42,119
3784,4784,77,75,75,63,62,70,229
3785,4785,64,63,57,60,51,73,127
3786,4786,90,88,94,85,75,79,329
3787,4787,92,83,90,91,81,94,323
3788,4788,92,86,84,83,92,100,415
3789,4789,82,85,74,77,80,71,341
3790,4790,83,90,79,67,87,78,478
3791,4791,83,75,78,78,85,88,294
3792,4792,57,57,62,57,42,52,134
3793,4793,70,69,64,53,72,70,251
3794,4794,82,80,82,67,81,83,321
3795,4795,60,63,55,54,57,55,129
3796,4796,77,76,80,60,75,88,195
3797,4797,70,79,70,63,73,77,137
3798,4798,71,61,76,62,76,61,327
3799,4799,52,56,44,40,51,58,158
3800,4800,53,62,54,46,52,50,15
3801,4801,76,80,73,77,77,67,199
3802,4802,76,83,69,78,73,73,159
3803,4803,56,64,59,51,46,52,112
3804,4804,84,90,80,82,76,83,374
3805,4805,79,82,86,63,70,88,310
3806,4806,70,68,66,58,58,73,150
3807,4807,75,81,76,70,60,69,305
3808,4808,88,93,96,84,89,81,387
3809,4809,61,60,54,55,46,68,227
3810,4810,50,58,45,34,50,53,100
3811,4811,59,57,56,41,55,53,240
3812,4812,54,63,52,43,39,63,42
3813,4813,65,67,68,56,68,62,80
3814,4814,85,79,92,81,77,90,348
3815,4815,96,97,91,98,83,92,376
3816,4816,85,88,77,86,87,91,368
3817,4817,96,98,94,96,87,99,439
3818,4818,83,80,85,72,77,94,318
3819,4819,84,84,81,70,79,66,330
3820,4820,100,99,95,95,94,96,526
3821,4821,80,79,78,63,67,92,233
3822,4822,71,71,69,69,69,76,212
3823,4823,81,88,78,63,81,96,316
3824,4824,100,99,100,83,87,99,478
3825,4825,63,61,65,57,54,68,141
3826,4826,78,81,79,76,72,74,395
3827,4827,63,69,71,48,67,65,161
3828,4828,50,45,56,50,37,40,54
3829,4829,85,85,79,84,81,81,451
3830,4830,79,85,81,75,72,83,418
3831,4831,90,88,96,74,88,78,455
3832,4832,91,89,99,89,80,91,510
3833,4833,74,73,66,56,73,70,148
3834,4834,74,80,80,70,64,74,292
3835,4835,100,91,100,95,100,100,453
3836,4836,54,53,54,38,43,55,136
3837,4837,78,68,85,68,67,78,256
3838,4838,63,65,66,53,68,45,78
3839,4839,55,61,49,45,46,52,87
3840,4840,46,40,53,40,42,42,84
3841,4841,90,97,83,83,87,87,452
3842,4842,83,74,81,84,72,76,171
3843,4843,77,73,85,67,70,83,273
3844,4844,89,94,82,76,74,93,403
3845,4845,68,62,67,53,68,57,161
3846,4846,59,55,65,60,44,48,196
3847,4847,74,80,70,58,79,90,327
3848,4848,82,87,80,75,80,76,314
3849,4849,83,92,83,76,88,76,325
3850,4850,97,95,100,99,85,91,431
3851,4851,73,66,69,63,77,72,177
3852,4852,89,86,90,79,94,73,438
3853,4853,83,92,90,68,79,83,417
3854,4854,76,68,71,66,66,79,336
3855,4855,59,52,57,43,63,52,208
3856,4856,96,86,100,79,81,80,251
3857,4857,76,67,83,77,70,77,247
3858,4858,44,35,45,26,29,41,114
3859,4859,66,62,72,66,70,69,258
3860,4860,79,83,83,76,77,79,366
3861,4861,100,100,96,89,100,100,380
3862,4862,67,69,73,62,70,73,50
3863,4863,83,83,84,74,83,95,214
3864,4864,69,76,73,65,55,77,271
3865,4865,94,89,91,86,83,91,396
3866,4866,93,95,91,76,87,94,388
3867,4867,74,67,78,67,78,72,234
3868,4868,88,97,91,72,81,99,434
3869,4869,64,74,58,62,51,70,206
3870,4870,81,74,79,64,72,78,168
3871,4871,98,90,95,91,85,92,477
3872,4872,57,67,57,48,48,68,120
3873,4873,90,82,92,83,76,78,505
3874,4874,77,86,80,63,65,77,381
3875,4875,85,88,91,76,72,92,386
3876,4876,80,74,84,72,75,76,251
3877,4877,75,74,76,73,65,68,206
3878,4878,73,74,75,68,77,56,253
3879,4879,64,74,72,47,62,60,101
3880,4880,71,77,72,62,76,68,192
3881,4881,67,68,62,62,52,57,314
3882,4882,83,74,82,81,80,87,377
3883,4883,66,64,73,58,54,80,206
3884,4884,83,88,89,78,76,90,250
3885,4885,77,72,79,74,69,75,81
3886,4886,88,78,80,90,90,100,235
3887,4887,89,88,90,84,74,90,293
3888,4888,85,94,85,86,78,80,360
3889,4889,64,60,62,66,59,71,202
3890,4890,83,82,84,66,85,75,300
3891,4891,84,87,82,66,79,79,189
3892,4892,100,100,100,95,85,100,518
3893,4893,82,90,86,64,84,83,396
3894,4894,60,62,55,59,63,53,194
3895,4895,75,84,82,65,66,77,164
3896,4896,77,84,78,79,74,67,346
3897,4897,92,93,99,81,89,95,430
3898,4898,74,73,74,72,59,72,118
3899,4899,85,92,89,73,75,85,352
3900,4900,75,77,77,69,67,81,155
3901,4901,87,80,84,80,92,77,314
3902,4902,90,95,92,81,77,90,377
3903,4903,79,80,74,76,84,70,258
3904,4904,72,63,78,62,62,72,273
3905,4905,67,62,67,63,55,69,46
3906,4906,89,83,92,86,90,86,410
3907,4907,74,64,81,64,75,71,249
3908,4908,75,70,82,68,73,76,277
3909,4909,100,98,93,88,91,100,459
3910,4910,70,67,69,56,56,57,127
3911,4911,56,60,48,43,59,64,86
3912,4912,89,85,81,74,75,83,444
3913,4913,100,93,98,85,86,91,429
3914,4914,49,46,55,39,42,53,58
3915,4915,69,64,73,63,58,54,286
3916,4916,66,65,64,50,51,63,193
3917,4917,77,81,79,65,62,65,284
3918,4918,87,96,82,74,75,73,288
3919,4919,83,93,84,71,73,86,312
3920,4920,68,58,75,67,66,82,127
3921,4921,98,88,98,98,91,100,426
3922,4922,72,77,78,54,74,81,242
3923,4923,88,98,81,87,76,89,480
3924,4924,78,75,73,66,70,89,327
3925,4925,98,100,93,97,99,90,444
3926,4926,57,49,50,55,57,52,28
3927,4927,76,66,68,68,71,74,325
3928,4928,86,84,82,81,73,87,428
3929,4929,84,89,86,76,71,90,306
3930,4930,60,61,57,51,55,59,163
3931,4931,39,30,33,30,41,49,89
3932,4932,80,88,81,67,71,88,238
3933,4933,57,62,58,51,50,52,118
3934,4934,100,98,100,99,93,85,483
3935,4935,82,86,87,82,75,78,278
3936,4936,82,74,79,80,80,73,396
3937,4937,70,63,63,56,57,72,132
3938,4938,80,85,88,76,85,68,338
3939,4939,51,46,43,47,54,47,111
3940,4940,88,97,82,72,78,84,330
3941,4941,76,82,72,67,63,81,269
3942,4942,92,97,94,80,93,88,384
3943,4943,92,95,94,74,86,86,402
3944,4944,63,62,69,58,56,49,243
3945,4945,60,70,60,58,61,69,37
3946,4946,71,67,65,53,70,68,338
3947,4947,75,68,67,68,77,82,234
3948,4948,77,80,79,75,72,74,203
3949,4949,79,75,75,74,65,69,128
3950,4950,77,71,77,68,72,87,408
3951,4951,74,69,68,56,76,84,123
3952,4952,96,91,95,88,86,95,534
3953,4953,100,95,100,98,100,86,431
3954,4954,78,88,85,80,68,71,318
3955,4955,58,64,62,40,47,71,144
3956,4956,94,96,90,86,95,82,361
3957,4957,63,64,64,61,61,52,151
3958,4958,62,69,61,50,55,70,7
3959,4959,67,71,72,57,54,61,240
3960,4960,54,45,60,48,45,67,93
3961,4961,69,66,64,61,63,69,156
3962,4962,70,73,64,60,66,69,163
3963,4963,74,73,74,67,67,72,256
3964,4964,80,84,82,74,70,85,179
3965,4965,70,67,76,53,71,66,395
3966,4966,67,72,74,69,53,51,149
3967,4967,74,73,74,62,74,63,193
3968,4968,60,56,55,43,54,61,179
3969,4969,74,70,70,73,65,89,157
3970,4970,90,85,94,78,83,79,402
3971,4971,76,85,84,62,81,76,292
3972,4972,86,92,78,84,76,84,422
3973,4973,87,91,79,80,77,77,447
3974,4974,75,65,81,68,80,93,308
3975,4975,90,100,91,83,85,96,297
3976,4976,93,97,94,75,98,100,438
3977,4977,83,88,77,80,79,93,284
3978,4978,86,82,91,80,88,97,311
3979,4979,97,96,100,81,98,92,428
3980,4980,49,41,50,34,39,37,157
3981,4981,71,64,63,72,69,70,395
3982,4982,60,52,61,61,57,63,0
3983,4983,60,65,52,62,62,61,58
3984,4984,68,60,72,60,68,66,94
3985,4985,53,63,60,54,53,47,79
3986,4986,80,80,78,77,67,90,440
3987,4987,81,83,86,77,79,83,209
3988,4988,100,100,95,100,100,98,460
3989,4989,92,100,97,94,93,100,469
3990,4990,52,56,44,39,40,54,77
3991,4991,64,72,62,62,58,66,208
3992,4992,70,65,76,54,73,62,69
3993,4993,45,51,47,40,47,43,118
3994,4994,50,41,52,45,48,36,66
3995,4995,95,95,99,86,99,93,315
3996,4996,100,100,100,85,99,88,470
3997,4997,88,83,85,73,77,89,211
3998,4998,89,94,87,82,88,89,519
3999,4999,79,74,83,67,81,77,328
4000,5000,89,94,88,83,78,86,323
4001,5001,98,100,95,97,100,89,460
4002,5002,72,74,78,62,60,71,323
4003,5003,76,80,70,61,79,63,215
4004,5004,77,87,71,66,73,67,265
4005,5005,100,92,96,100,98,100,476
4006,5006,64,57,59,49,69,50,154
4007,5007,60,66,64,50,62,62,258
4008,5008,70,67,63,54,74,55,174
4009,5009,82,90,84,70,79,84,391
4010,5010,100,97,100,95,93,100,393
4011,5011,73,63,66,57,65,82,176
4012,5012,44,36,50,44,46,40,73
4013,5013,72,65,70,59,58,73,100
4014,5014,78,84,74,66,64,73,259
4015,5015,60,50,56,62,64,45,24
4016,5016,100,93,100,91,91,92,493
4017,5017,90,90,87,78,93,84,454
4018,5018,72,63,79,56,77,76,231
4019,5019,69,71,67,61,71,72,208
4020,5020,90,98,96,88,78,81,320
4021,5021,99,100,93,97,97,88,426
4022,5022,49,45,43,36,37,51,147
4023,5023,62,53,67,44,51,44,150
4024,5024,78,72,73,69,70,83,308
4025,5025,62,61,70,64,62,55,208
4026,5026,70,70,73,70,58,58,82
4027,5027,80,70,76,82,78,77,328
4028,5028,86,90,93,76,76,76,422
4029,5029,64,62,56,57,52,69,135
4030,5030,99,98,98,85,95,98,410
4031,5031,77,85,71,70,62,74,301
4032,5032,84,93,87,77,87,86,281
4033,5033,50,56,49,32,49,55,83
4034,5034,68,68,69,55,65,74,201
4035,5035,61,63,69,59,50,61,203
4036,5036,70,76,70,64,66,71,171
4037,5037,75,79,75,68,65,72,212
4038,5038,86,78,89,81,80,87,476
4039,5039,84,82,88,72,80,90,305
4040,5040,67,70,67,53,58,61,63
4041,5041,60,70,64,47,51,65,284
4042,5042,65,64,65,54,52,54,60
4043,5043,98,92,99,98,98,87,441
4044,5044,84,83,90,72,75,88,266
4045,5045,46,40,42,30,39,42,105
4046,5046,67,76,65,61,67,62,166
4047,5047,69,67,75,54,62,67,275
4048,5048,88,84,81,85,78,100,470
4049,5049,89,80,81,82,82,86,450
4050,5050,79,70,71,72,70,82,350
4051,5051,94,97,99,76,89,91,448
4052,5052,64,56,71,57,51,58,156
4053,5053,69,73,76,59,70,57,194
4054,5054,62,67,63,56,56,59,141
4055,5055,98,100,100,100,87,97,389
4056,5056,79,83,84,63,64,74,326
4057,5057,100,100,93,82,89,100,381
4058,5058,74,75,72,67,67,73,332
4059,5059,72,65,72,74,72,80,204
4060,5060,78,84,81,68,77,74,354
4061,5061,60,65,58,42,45,63,44
4062,5062,94,96,95,95,88,93,379
4063,5063,61,66,55,61,51,65,206
4064,5064,79,72,76,68,75,81,240
4065,5065,82,79,88,70,79,90,325
4066,5066,77,78,78,67,76,87,500
4067,5067,65,64,64,57,69,55,214
4068,5068,66,60,73,51,54,54,174
4069,5069,79,89,87,73,68,78,171
4070,5070,68,61,75,60,56,53,107
4071,5071,65,75,67,65,58,70,261
4072,5072,66,58,58,61,59,69,225
4073,5073,81,86,82,69,73,83,265
4074,5074,95,99,95,92,89,76,458
4075,5075,100,94,96,86,100,100,445
4076,5076,38,47,30,34,34,41,12
4077,5077,91,93,96,76,89,96,408
4078,5078,67,60,70,61,59,62,105
4079,5079,100,100,98,93,95,100,363
4080,5080,100,100,100,84,92,97,457
4081,5081,85,75,92,73,77,86,229
4082,5082,79,86,87,68,78,82,89
4083,5083,73,73,80,66,60,67,202
4084,5084,88,86,85,85,91,75,361
4085,5085,92,85,99,86,79,91,454
4086,5086,100,98,100,100,88,100,447
4087,5087,82,88,84,79,78,80,167
4088,5088,100,100,93,93,100,94,486
4089,5089,98,96,100,88,93,95,508
4090,5090,57,62,64,45,58,48,91
4091,5091,100,100,100,91,97,87,508
4092,5092,83,81,90,76,70,93,244
4093,5093,63,54,64,61,55,59,24
4094,5094,99,100,100,91,87,85,461
4095,5095,94,100,100,96,85,95,450
4096,5096,65,72,72,49,65,61,185
4097,5097,69,79,65,59,66,67,326
4098,5098,61,64,59,60,47,47,224
4099,5099,100,100,92,99,99,96,361
4100,5100,66,68,67,68,53,56,31
4101,5101,84,86,79,84,81,79,322
4102,5102,70,66,70,63,74,78,97
4103,5103,96,97,94,83,90,86,365
4104,5104,90,98,97,87,76,89,434
4105,5105,72,67,66,58,57,65,221
4106,5106,69,64,75,52,67,67,139
4107,5107,86,81,94,88,85,89,399
4108,5108,55,53,50,51,58,59,89
4109,5109,82,92,79,66,82,88,308
4110,5110,70,75,75,52,60,67,249
4111,5111,74,73,69,74,59,69,239
4112,5112,81,73,79,79,70,82,336
4113,5113,96,100,100,83,95,89,448
4114,5114,77,79,75,70,62,77,193
4115,5115,71,76,74,72,57,67,373
4116,5116,99,100,95,100,94,100,320
4117,5117,52,56,56,37,40,50,226
4118,5118,88,83,90,83,84,91,314
4119,5119,51,52,51,38,41,54,97
4120,5120,74,72,70,57,70,83,204
4121,5121,79,74,76,70,73,92,294
4122,5122,96,97,100,91,94,100,452
4123,5123,93,92,91,93,81,88,438
4124,5124,60,58,56,56,47,72,113
4125,5125,95,100,89,94,93,100,478
4126,5126,85,75,86,79,85,81,415
4127,5127,97,91,98,85,100,100,431
4128,5128,60,57,56,47,55,46,153
4129,5129,74,76,71,58,60,66,301
4130,5130,53,49,55,51,51,51,89
4131,5131,64,67,58,51,50,66,105
4132,5132,59,53,64,60,44,66,226
4133,5133,100,91,100,90,95,100,377
4134,5134,100,100,100,99,85,100,437
4135,5135,48,51,53,33,42,42,90
4136,5136,83,75,79,81,88,84,291
4137,5137,72,70,79,73,68,78,121
4138,5138,64,60,64,49,67,69,148
4139,5139,100,100,97,86,96,96,449
4140,5140,90,83,93,76,90,74,428
4141,5141,70,68,72,69,73,79,200
4142,5142,87,95,90,70,79,96,451
4143,5143,63,53,67,61,62,55,36
4144,5144,90,83,84,78,89,85,436
4145,5145,67,62,63,69,56,57,79
4146,5146,88,84,95,87,86,95,432
4147,5147,83,75,82,73,80,90,371
4148,5148,71,71,78,62,71,74,196
4149,5149,81,91,81,66,69,87,205
4150,5150,94,97,90,96,89,87,428
4151,5151,80,77,72,68,84,75,192
4152,5152,91,99,91,75,93,89,386
4153,5153,93,94,87,81,82,89,363
4154,5154,87,90,89,82,88,92,201
4155,5155,45,39,44,38,37,40,116
4156,5156,67,75,64,68,71,74,235
4157,5157,100,100,98,96,86,98,386
4158,5158,48,57,44,48,50,53,18
4159,5159,100,93,100,91,94,100,393
4160,5160,66,69,60,62,57,65,235
4161,5161,91,94,92,76,79,93,390
4162,5162,58,66,54,41,48,51,65
4163,5163,100,100,95,100,85,100,492
4164,5164,92,91,94,76,89,86,353
4165,5165,90,95,97,74,94,85,506
4166,5166,57,55,61,48,53,46,0
4167,5167,93,86,90,85,79,96,490
4168,5168,87,86,91,77,87,83,289
4169,5169,93,96,93,93,97,93,413
4170,5170,79,73,76,81,79,89,264
4171,5171,68,78,69,63,55,62,97
4172,5172,80,79,80,73,68,76,331
4173,5173,72,79,77,56,65,61,109
4174,5174,53,53,52,52,41,72,46
4175,5175,88,96,81,71,80,85,470
4176,5176,100,100,100,97,96,90,421
4177,5177,82,72,74,83,72,79,400
4178,5178,90,96,83,87,84,100,420
4179,5179,100,100,94,94,90,92,416
4180,5180,89,90,86,78,79,69,434
4181,5181,92,86,91,83,87,84,310
4182,5182,55,45,48,42,40,52,89
4183,5183,73,79,77,62,59,73,331
4184,5184,98,100,96,89,90,97,479
4185,5185,89,82,83,74,89,76,264
4186,5186,85,80,80,81,82,84,440
4187,5187,93,100,87,90,95,86,347
4188,5188,75,85,82,67,63,63,199
4189,5189,60,61,63,49,57,66,45
4190,5190,71,80,73,68,73,71,390
4191,5191,80,90,85,62,65,94,275
4192,5192,67,72,74,69,62,68,234
4193,5193,94,91,95,94,84,97,499
4194,5194,81,89,86,72,78,89,136
4195,5195,95,89,90,80,98,89,287
4196,5196,54,55,46,45,44,50,71
4197,5197,67,64,62,52,62,74,216
4198,5198,55,52,49,39,45,56,63
4199,5199,99,92,100,87,91,100,475
4200,5200,84,82,77,82,76,79,273
4201,5201,81,89,74,82,66,85,281
4202,5202,95,90,98,93,96,95,243
4203,5203,92,97,92,87,80,78,417
4204,5204,96,100,88,90,93,92,421
4205,5205,100,98,98,93,100,100,389
4206,5206,77,76,83,71,76,78,333
4207,5207,53,45,45,38,53,45,83
4208,5208,67,70,66,61,58,64,181
4209,5209,70,71,71,53,55,60,288
4210,5210,87,81,93,77,87,83,315
4211,5211,97,89,100,87,96,93,423
4212,5212,100,91,99,88,99,100,525
4213,5213,68,71,62,54,69,79,139
4214,5214,96,86,95,91,92,94,439
4215,5215,79,85,72,68,76,68,248
4216,5216,69,78,69,59,62,64,181
4217,5217,76,84,83,73,66,72,302
4218,5218,57,54,50,40,43,80,50
4219,5219,69,72,74,56,65,67,141
4220,5220,79,81,81,67,71,74,492
4221,5221,98,100,94,99,98,100,448
4222,5222,82,86,78,66,67,80,355
4223,5223,75,65,67,66,70,65,177
4224,5224,82,87,82,64,74,70,178
4225,5225,89,80,81,81,75,90,431
4226,5226,94,93,100,96,94,100,469
4227,5227,63,67,68,64,64,70,378
4228,5228,69,59,73,70,63,65,310
4229,5229,78,81,74,62,69,81,341
4230,5230,77,83,70,67,82,71,234
4231,5231,73,71,72,68,76,61,260
4232,5232,86,78,80,68,85,95,350
4233,5233,89,92,86,71,74,83,340
4234,5234,92,97,93,86,85,81,367
4235,5235,77,75,73,79,71,65,314
4236,5236,66,73,68,60,63,65,126
4237,5237,68,76,68,58,61,63,194
4238,5238,71,72,67,61,62,80,63
4239,5239,60,60,63,49,55,67,166
4240,5240,61,71,54,51,46,50,213
4241,5241,81,79,79,64,85,73,268
4242,5242,96,100,96,81,83,100,456
4243,5243,59,66,59,55,63,68,47
4244,5244,100,100,95,89,92,100,474
4245,5245,56,63,53,48,43,54,137
4246,5246,87,91,86,84,83,74,447
4247,5247,99,100,100,86,89,100,404
4248,5248,80,90,85,79,79,91,278
4249,5249,81,80,74,66,69,64,281
4250,5250,72,81,74,61,62,66,306
4251,5251,89,89,81,74,81,97,422
4252,5252,54,55,47,48,49,45,83
4253,5253,86,80,89,73,86,86,271
4254,5254,82,74,84,64,75,69,400
4255,5255,100,100,100,94,91,100,366
4256,5256,68,76,65,65,65,68,197
4257,5257,94,91,95,92,86,100,329
4258,5258,59,58,65,59,50,53,192
4259,5259,70,77,65,54,61,84,251
4260,5260,89,93,91,77,77,94,419
4261,5261,84,74,77,76,86,76,380
4262,5262,87,90,93,84,83,83,367
4263,5263,93,89,96,86,93,85,494
4264,5264,79,84,75,69,74,70,247
4265,5265,61,62,55,63,64,62,221
4266,5266,75,73,68,67,80,85,238
4267,5267,82,75,80,84,85,82,389
4268,5268,77,75,74,70,79,77,257
4269,5269,100,91,100,91,91,100,389
4270,5270,64,57,66,58,64,80,219
4271,5271,67,62,72,61,67,70,176
4272,5272,79,70,74,64,70,67,269
4273,5273,100,100,100,93,88,100,431
4274,5274,67,75,75,52,53,64,247
4275,5275,91,82,93,76,91,90,427
4276,5276,70,67,77,72,60,64,210
4277,5277,65,62,61,52,56,55,238
4278,5278,61,55,58,51,63,74,172
4279,5279,53,47,60,40,46,58,130
4280,5280,51,45,43,38,56,60,45
4281,5281,69,62,67,59,72,57,126
4282,5282,51,51,54,47,46,35,108
4283,5283,52,45,49,50,37,45,96
4284,5284,77,87,82,72,76,78,269
4285,5285,58,67,62,43,58,54,225
4286,5286,64,63,63,55,68,58,74
4287,5287,99,100,100,90,98,92,491
4288,5288,87,94,87,73,88,94,387
4289,5289,74,74,80,68,69,79,367
4290,5290,100,100,100,91,95,100,493
4291,5291,87,91,89,71,89,90,421
4292,5292,83,79,82,72,76,90,330
4293,5293,67,68,63,49,55,80,154
4294,5294,61,71,68,58,47,53,170
4295,5295,89,89,90,86,90,81,431
4296,5296,87,82,93,89,79,72,347
4297,5297,82,74,83,66,83,91,318
4298,5298,79,78,75,76,79,81,118
4299,5299,73,83,65,68,71,85,219
4300,5300,96,92,98,86,82,100,443
4301,5301,96,86,93,87,98,100,453
4302,5302,66,60,74,65,70,67,168
4303,5303,52,62,54,42,39,61,52
4304,5304,60,65,67,59,55,47,65
4305,5305,70,73,76,70,68,75,135
4306,5306,72,82,77,72,72,70,82
4307,5307,57,61,65,55,50,58,146
4308,5308,100,98,100,96,100,89,477
4309,5309,89,81,89,85,93,96,447
4310,5310,62,66,60,59,47,55,177
4311,5311,64,71,65,66,55,66,74
4312,5312,94,87,97,84,98,95,461
4313,5313,69,79,69,59,62,76,104
4314,5314,64,71,71,56,61,72,148
4315,5315,69,60,62,52,65,57,128
4316,5316,53,45,51,46,51,51,55
4317,5317,64,56,63,52,60,66,137
4318,5318,84,92,87,77,80,64,394
4319,5319,100,100,95,100,96,100,337
4320,5320,93,94,97,82,97,89,453
4321,5321,76,86,69,72,72,82,204
4322,5322,85,81,93,76,72,78,384
4323,5323,87,88,89,84,89,79,295
4324,5324,78,74,70,66,79,85,293
4325,5325,100,100,100,83,90,100,449
4326,5326,78,68,80,65,83,90,243
4327,5327,68,71,75,51,54,63,99
4328,5328,97,100,100,94,91,82,325
4329,5329,53,54,57,47,41,56,128
4330,5330,53,62,49,37,43,47,126
4331,5331,49,40,44,32,49,36,175
4332,5332,58,48,52,50,50,55,138
4333,5333,61,61,64,44,58,58,128
4334,5334,60,54,59,55,56,67,132
4335,5335,73,72,77,63,69,54,117
4336,5336,64,61,69,64,65,55,177
4337,5337,69,79,66,70,58,61,239
4338,5338,90,90,87,86,86,74,352
4339,5339,58,57,60,54,58,65,104
4340,5340,85,84,80,73,71,82,398
4341,5341,90,96,90,77,83,98,442
4342,5342,90,97,87,72,94,89,418
4343,5343,70,64,75,68,59,71,186
4344,5344,78,77,83,80,77,74,287
4345,5345,73,81,77,74,74,85,242
4346,5346,66,57,66,51,53,52,206
4347,5347,92,86,86,76,84,91,478
4348,5348,93,90,96,84,98,93,433
4349,5349,85,93,87,86,90,85,298
4350,5350,66,60,72,55,59,76,246
4351,5351,70,60,64,72,67,57,127
4352,5352,70,76,67,62,60,69,210
4353,5353,78,69,84,66,69,82,153
4354,5354,51,41,49,37,51,60,61
4355,5355,83,92,83,82,78,86,279
4356,5356,91,100,97,82,78,93,502
4357,5357,94,90,100,91,80,100,466
4358,5358,81,79,78,70,72,71,419
4359,5359,72,69,77,65,63,64,182
4360,5360,97,90,97,92,97,97,346
4361,5361,91,95,89,73,92,100,402
4362,5362,60,60,57,43,45,53,149
4363,5363,91,100,91,77,83,89,398
4364,5364,91,85,99,88,76,100,334
4365,5365,90,83,90,79,95,88,455
4366,5366,99,100,100,85,90,91,446
4367,5367,84,91,76,70,77,92,455
4368,5368,87,90,80,79,86,94,484
4369,5369,76,80,79,65,73,76,324
4370,5370,65,71,63,50,59,61,140
4371,5371,86,78,87,71,71,78,374
4372,5372,56,46,60,38,59,44,132
4373,5373,89,81,94,74,79,86,374
4374,5374,83,82,75,74,77,91,338
4375,5375,89,97,88,77,77,83,390
4376,5376,84,91,92,80,86,90,240
4377,5377,67,59,71,68,59,59,252
4378,5378,75,85,83,70,67,79,272
4379,5379,68,66,63,61,69,71,205
4380,5380,50,52,50,40,48,56,96
4381,5381,85,81,90,74,86,78,276
4382,5382,100,96,100,92,92,100,395
4383,5383,89,99,91,83,74,100,310
4384,5384,71,66,66,67,68,61,141
4385,5385,69,61,69,57,58,69,291
4386,5386,100,100,100,100,100,100,460
4387,5387,62,56,60,64,49,61,184
4388,5388,91,93,98,89,90,85,288
4389,5389,56,61,60,40,51,47,82
4390,5390,84,85,88,73,84,84,276
4391,5391,89,79,84,86,93,84,314
4392,5392,57,56,54,53,61,53,167
4393,5393,66,66,67,60,70,75,167
4394,5394,82,84,87,70,71,84,336
4395,5395,100,93,100,83,94,100,472
4396,5396,98,100,95,90,98,100,440
4397,5397,71,68,68,65,74,79,168
4398,5398,58,63,65,50,50,49,178
4399,5399,84,81,88,86,86,84,431
4400,5400,82,89,82,65,81,72,209
4401,5401,96,93,88,87,99,91,291
4402,5402,100,100,94,89,86,92,411
4403,5403,81,82,74,83,79,71,320
4404,5404,80,87,79,70,84,86,314
4405,5405,84,83,84,71,82,73,352
4406,5406,70,73,74,59,72,78,156
4407,5407,95,97,89,80,100,86,430
4408,5408,56,66,54,41,44,61,72
4409,5409,86,81,87,75,73,85,279
4410,5410,97,100,96,92,100,88,281
4411,5411,54,51,59,52,47,47,98
4412,5412,91,84,86,79,96,83,466
4413,5413,65,74,71,64,59,71,111
4414,5414,78,79,77,79,80,83,85
4415,5415,63,67,61,65,58,61,337
4416,5416,87,94,89,73,81,89,414
4417,5417,80,78,81,62,72,96,299
4418,5418,72,69,80,74,57,72,239
4419,5419,90,80,85,90,93,90,390
4420,5420,70,65,64,56,57,63,294
4421,5421,72,65,76,68,73,72,303
4422,5422,71,62,67,54,74,80,247
4423,5423,53,53,55,54,49,45,85
4424,5424,87,91,94,87,72,84,245
4425,5425,93,100,88,76,87,84,489
4426,5426,91,83,94,89,82,86,397
4427,5427,47,37,55,40,51,46,57
4428,5428,97,89,89,83,94,100,393
4429,5429,54,57,55,50,40,60,84
4430,5430,87,93,87,83,81,71,324
4431,5431,89,97,95,79,81,96,296
4432,5432,87,77,95,80,84,90,415
4433,5433,77,73,79,74,82,82,158
4434,5434,60,68,65,52,64,54,107
4435,5435,96,100,100,78,91,95,430
4436,5436,73,80,66,59,69,79,253
4437,5437,89,90,94,83,76,89,339
4438,5438,63,61,60,45,68,53,167
4439,5439,90,94,84,83,75,80,323
4440,5440,89,94,95,84,79,87,493
4441,5441,65,63,57,66,51,65,60
4442,5442,74,70,80,58,75,74,242
4443,5443,47,43,48,32,47,49,78
4444,5444,68,68,61,61,59,64,140
4445,5445,57,57,56,57,57,56,156
4446,5446,64,59,65,54,51,68,296
4447,5447,82,87,76,69,72,87,324
4448,5448,54,50,55,42,40,56,180
4449,5449,81,75,83,77,75,70,211
4450,5450,77,80,75,76,65,80,302
4451,5451,93,89,91,82,97,94,375
4452,5452,73,73,65,63,64,58,288
4453,5453,67,70,72,68,66,64,218
4454,5454,61,58,58,58,56,74,198
4455,5455,82,74,75,67,80,70,300
4456,5456,91,88,84,86,78,94,405
4457,5457,42,42,50,29,47,36,91
4458,5458,75,76,67,60,65,73,240
4459,5459,54,55,46,40,45,66,81
4460,5460,100,100,96,95,97,100,395
4461,5461,54,61,53,54,41,60,168
4462,5462,82,82,90,68,69,80,243
4463,5463,100,100,100,84,90,98,414
4464,5464,88,87,95,89,75,79,388
4465,5465,77,74,78,72,70,70,275
4466,5466,82,92,82,70,71,79,507
4467,5467,57,66,63,49,55,55,101
4468,5468,51,58,57,36,53,67,56
4469,5469,66,58,72,65,70,59,281
4470,5470,100,92,100,85,100,95,415
4471,5471,67,72,62,55,69,66,126
4472,5472,71,79,75,65,69,53,88
4473,5473,80,87,83,72,68,78,309
4474,5474,64,58,72,55,63,67,359
4475,5475,72,62,67,61,71,62,264
4476,5476,79,71,82,65,78,98,363
4477,5477,65,71,66,57,53,61,118
4478,5478,73,75,71,55,74,64,155
4479,5479,91,92,83,84,77,93,449
4480,5480,76,72,80,70,66,73,318
4481,5481,59,55,51,49,50,62,134
4482,5482,58,67,51,51,56,59,48
4483,5483,69,64,65,55,64,75,227
4484,5484,83,88,75,65,69,88,308
4485,5485,81,74,74,67,80,85,330
4486,5486,58,48,50,58,50,63,188
4487,5487,59,53,52,49,44,59,98
4488,5488,80,71,75,80,67,80,385
4489,5489,87,94,81,73,92,100,261
4490,5490,93,93,87,84,78,93,371
4491,5491,85,82,78,67,89,89,331
4492,5492,83,82,86,74,87,74,199
4493,5493,98,92,100,81,86,100,421
4494,5494,91,87,88,80,85,93,418
4495,5495,78,71,75,69,76,72,251
4496,5496,67,68,68,61,60,73,114
4497,5497,80,84,84,81,75,79,256
4498,5498,87,85,79,85,83,82,341
4499,5499,67,75,65,63,70,68,106
4500,5500,74,83,78,75,70,74,143
4501,5501,68,58,68,56,67,79,191
4502,5502,68,69,61,64,53,69,159
4503,5503,44,45,38,43,42,45,75
4504,5504,71,79,71,67,59,66,165
4505,5505,81,71,83,76,66,82,322
4506,5506,85,87,93,76,71,92,385
4507,5507,100,94,95,100,97,94,379
4508,5508,76,86,76,72,72,70,225
4509,5509,66,75,65,56,59,82,62
4510,5510,85,88,91,81,89,79,447
4511,5511,86,83,91,85,72,93,196
4512,5512,82,81,81,67,79,80,230
4513,5513,65,62,57,63,51,57,157
4514,5514,61,53,67,61,52,69,146
4515,5515,44,34,50,46,34,35,47
4516,5516,100,100,100,87,100,100,502
4517,5517,66,58,66,61,65,63,76
4518,5518,62,53,65,48,48,63,37
4519,5519,55,47,52,56,42,42,98
4520,5520,61,58,68,57,61,67,177
4521,5521,96,98,90,93,88,82,335
4522,5522,46,51,53,28,38,56,0
4523,5523,53,55,47,38,41,46,118
4524,5524,67,68,73,68,63,70,105
4525,5525,72,67,71,63,77,73,287
4526,5526,84,94,90,77,86,90,381
4527,5527,76,76,74,61,73,77,200
4528,5528,49,45,45,49,38,50,134
4529,5529,80,78,72,70,65,85,316
4530,5530,60,64,59,45,62,61,114
4531,5531,77,80,76,71,64,75,361
4532,5532,77,80,84,62,77,88,341
4533,5533,70,77,74,62,57,63,148
4534,5534,49,53,52,42,46,46,137
4535,5535,85,82,86,69,79,70,401
4536,5536,57,49,55,45,58,59,98
4537,5537,70,78,72,61,69,70,159
4538,5538,82,72,79,77,77,78,269
4539,5539,79,80,79,69,74,84,232
4540,5540,50,52,55,40,55,69,133
4541,5541,70,65,74,64,65,62,143
4542,5542,49,52,43,33,52,49,102
4543,5543,83,76,89,74,80,73,293
4544,5544,84,90,78,73,79,73,346
4545,5545,97,100,90,79,100,100,454
4546,5546,95,88,96,91,97,85,441
4547,5547,93,89,90,87,96,94,497
4548,5548,58,50,53,48,45,57,199
4549,5549,80,82,81,68,69,72,184
4550,5550,60,56,61,61,53,59,132
4551,5551,61,71,62,58,58,66,130
4552,5552,69,68,74,56,59,71,234
4553,5553,85,88,87,76,73,80,414
4554,5554,70,80,76,52,71,64,287
4555,5555,84,91,86,77,84,88,431
4556,5556,100,100,100,100,94,100,445
4557,5557,79,72,84,78,66,81,274
4558,5558,100,94,100,82,99,100,370
4559,5559,63,54,70,55,65,61,106
4560,5560,77,83,84,65,65,76,223
4561,5561,100,100,97,87,100,97,366
4562,5562,85,76,90,70,81,82,295
4563,5563,97,96,99,98,95,97,412
4564,5564,99,93,99,91,99,98,435
4565,5565,73,76,79,57,70,75,287
4566,5566,67,76,61,50,68,69,175
4567,5567,65,66,58,50,66,67,74
4568,5568,65,63,65,47,66,71,207
4569,5569,74,66,72,56,79,85,128
4570,5570,64,66,68,50,67,71,202
4571,5571,74,73,68,58,74,67,279
4572,5572,85,81,85,74,87,95,355
4573,5573,50,58,46,44,40,59,117
4574,5574,76,72,75,78,64,84,365
4575,5575,72,75,69,59,57,69,163
4576,5576,78,70,77,72,76,80,254
4577,5577,58,65,60,52,62,54,54
4578,5578,66,70,60,58,61,63,191
4579,5579,64,60,63,58,56,64,225
4580,5580,79,69,84,62,83,88,425
4581,5581,97,100,93,91,98,100,377
4582,5582,81,91,74,72,74,77,200
4583,5583,70,67,70,56,75,77,226
4584,5584,100,100,98,85,100,97,368
4585,5585,74,64,74,75,71,77,313
4586,5586,85,80,77,77,89,88,414
4587,5587,94,85,95,89,87,93,418
4588,5588,74,68,67,58,64,73,213
4589,5589,70,67,65,60,67,59,210
4590,5590,53,47,47,49,53,60,60
4591,5591,65,72,60,48,52,72,263
4592,5592,58,68,61,50,48,60,238
4593,5593,80,73,79,79,83,67,193
4594,5594,75,69,72,58,70,75,169
4595,5595,55,51,54,47,40,55,61
4596,5596,84,92,80,80,75,78,364
4597,5597,62,61,68,59,60,67,101
4598,5598,100,93,100,85,93,95,388
4599,5599,80,86,77,70,66,82,257
4600,5600,79,82,71,72,84,77,341
4601,5601,66,76,61,62,68,63,112
4602,5602,89,88,82,90,78,100,409
4603,5603,63,67,70,60,62,73,216
4604,5604,55,62,51,53,50,51,53
4605,5605,65,73,67,49,70,76,371
4606,5606,71,64,74,68,72,72,273
4607,5607,68,63,75,64,70,81,248
4608,5608,85,77,82,76,83,83,346
4609,5609,61,60,55,45,49,54,205
4610,5610,92,98,95,88,88,91,384
4611,5611,38,41,32,27,24,39,73
4612,5612,80,84,77,64,70,82,288
4613,5613,61,57,69,61,49,60,85
4614,5614,80,79,87,64,66,70,225
4615,5615,63,56,57,65,68,66,116
4616,5616,56,53,50,54,49,55,62
4617,5617,100,100,98,85,100,89,467
4618,5618,78,83,74,72,73,78,203
4619,5619,79,71,81,65,76,78,331
4620,5620,79,76,72,75,72,88,277
4621,5621,75,78,71,71,65,98,361
4622,5622,84,88,82,78,84,94,273
4623,5623,57,60,60,42,60,58,75
4624,5624,75,74,73,66,70,73,279
4625,5625,80,82,85,62,84,72,401
4626,5626,79,85,73,76,78,83,387
4627,5627,100,100,100,82,86,97,503
4628,5628,64,65,60,66,58,52,168
4629,5629,96,100,100,85,94,86,502
4630,5630,79,87,77,63,68,83,285
4631,5631,93,99,100,86,98,92,426
4632,5632,79,86,73,77,77,74,485
4633,5633,91,86,99,75,88,86,384
4634,5634,90,100,96,91,81,83,455
4635,5635,52,59,49,36,53,62,125
4636,5636,65,67,71,52,61,66,197
4637,5637,85,87,80,80,70,75,283
4638,5638,83,85,86,83,68,84,377
4639,5639,96,100,100,84,96,92,462
4640,5640,47,52,51,29,49,61,64
4641,5641,71,68,63,65,69,71,180
4642,5642,77,76,84,77,62,71,278
4643,5643,52,47,55,39,37,43,85
4644,5644,100,100,100,99,95,90,514
4645,5645,100,100,96,84,100,100,342
4646,5646,76,79,76,78,62,67,154
4647,5647,76,80,68,58,70,80,337
4648,5648,81,83,79,71,84,78,216
4649,5649,97,88,100,91,89,100,368
4650,5650,81,79,81,79,76,94,378
4651,5651,71,66,65,68,75,73,40
4652,5652,79,72,82,71,75,85,293
4653,5653,61,56,56,58,49,56,224
4654,5654,64,55,58,59,67,72,145
4655,5655,53,55,46,42,44,46,106
4656,5656,72,82,64,72,64,62,379
4657,5657,82,76,82,66,80,97,374
4658,5658,67,59,62,58,59,52,236
4659,5659,87,93,87,89,90,91,400
4660,5660,71,64,71,60,75,70,76
4661,5661,91,94,95,92,77,88,384
4662,5662,68,78,65,51,53,79,130
4663,5663,56,54,49,52,48,60,71
4664,5664,74,79,78,69,70,69,364
4665,5665,83,81,75,75,73,77,412
4666,5666,56,64,58,52,57,45,139
4667,5667,79,80,74,77,84,82,401
4668,5668,100,90,100,90,100,100,307
4669,5669,91,99,84,83,76,98,438
4670,5670,96,88,89,80,97,100,369
4671,5671,75,84,78,76,78,67,344
4672,5672,65,67,61,53,58,67,188
4673,5673,74,79,79,73,67,65,207
4674,5674,84,91,89,68,80,83,328
4675,5675,91,97,90,81,90,93,427
4676,5676,58,49,55,46,62,52,79
4677,5677,88,92,90,79,85,88,541
4678,5678,57,60,49,46,58,53,165
4679,5679,83,83,89,69,88,83,284
4680,5680,56,51,61,42,48,54,160
4681,5681,82,81,75,71,87,82,265
4682,5682,86,84,78,73,87,93,430
4683,5683,61,54,64,60,51,55,54
4684,5684,74,72,77,61,71,69,257
4685,5685,88,84,81,76,84,98,363
4686,5686,80,76,88,78,66,83,245
4687,5687,68,60,64,59,68,81,283
4688,5688,64,72,60,46,51,71,198
4689,5689,77,76,85,62,80,78,378
4690,5690,55,53,52,57,40,53,35
4691,5691,51,50,53,43,51,46,66
4692,5692,56,60,49,50,52,65,176
4693,5693,100,93,92,82,86,100,431
4694,5694,67,59,60,57,68,63,115
4695,5695,63,57,64,58,55,68,128
4696,5696,48,47,50,45,46,39,54
4697,5697,65,55,73,51,57,61,229
4698,5698,80,87,82,74,70,73,458
4699,5699,72,68,70,67,72,71,269
4700,5700,73,71,74,69,65,69,215
4701,5701,71,74,69,58,69,70,230
4702,5702,60,52,66,49,61,64,10
4703,5703,85,84,87,72,85,86,309
4704,5704,63,72,60,54,58,62,195
4705,5705,84,76,87,73,73,83,418
4706,5706,61,58,61,54,50,68,191
4707,5707,62,59,67,63,65,71,118
4708,5708,100,100,94,95,85,99,411
4709,5709,65,75,65,50,56,64,135
4710,5710,82,72,89,77,77,88,447
4711,5711,68,62,67,56,64,64,300
4712,5712,74,79,70,68,59,72,192
4713,5713,100,95,94,98,92,100,487
4714,5714,64,68,67,54,63,52,46
4715,5715,91,81,91,80,80,100,430
4716,5716,85,94,89,83,87,87,447
4717,5717,58,64,57,40,47,50,104
4718,5718,100,96,98,88,96,98,508
4719,5719,53,61,61,54,46,69,166
4720,5720,63,60,68,59,67,61,78
4721,5721,100,100,98,90,93,100,394
4722,5722,76,80,74,75,80,83,245
4723,5723,82,84,78,67,84,84,519
4724,5724,71,79,63,69,69,75,297
4725,5725,98,96,92,81,100,90,428
4726,5726,93,86,93,90,89,79,381
4727,5727,97,100,96,85,100,100,487
4728,5728,71,63,65,55,71,68,262
4729,5729,56,52,58,54,43,60,152
4730,5730,92,96,92,86,86,95,428
4731,5731,78,71,80,67,81,66,225
4732,5732,82,82,84,66,72,69,316
4733,5733,77,71,81,74,82,75,112
4734,5734,84,83,91,73,80,86,280
4735,5735,65,74,59,55,51,66,182
4736,5736,100,92,100,97,100,100,466
4737,5737,72,80,71,65,71,77,177
4738,5738,64,74,66,53,56,53,216
4739,5739,82,89,77,73,67,91,428
4740,5740,89,90,84,87,76,85,351
4741,5741,61,62,64,59,63,54,65
4742,5742,65,74,67,52,68,74,124
4743,5743,91,98,83,83,81,98,402
4744,5744,84,90,81,74,78,79,340
4745,5745,54,54,62,46,44,58,51
4746,5746,93,100,91,89,79,83,331
4747,5747,69,63,61,55,58,59,73
4748,5748,51,41,48,40,55,53,54
4749,5749,87,97,80,71,81,91,201
4750,5750,69,63,62,54,67,63,228
4751,5751,95,99,92,81,94,94,408
4752,5752,78,83,72,64,79,89,208
4753,5753,73,70,70,71,69,71,162
4754,5754,74,72,68,68,69,72,254
4755,5755,70,68,72,60,58,71,284
4756,5756,85,76,91,73,77,87,430
4757,5757,89,92,94,71,78,82,420
4758,5758,100,90,100,97,100,100,385
4759,5759,58,57,56,43,50,60,223
4760,5760,63,61,62,50,68,65,210
4761,5761,65,56,63,57,51,79,118
4762,5762,92,92,97,84,95,86,385
4763,5763,61,62,61,50,52,60,210
4764,5764,71,64,64,59,63,82,223
4765,5765,68,68,74,69,65,55,144
4766,5766,68,58,74,63,59,63,158
4767,5767,81,72,73,64,69,75,181
4768,5768,52,47,46,37,53,60,75
4769,5769,52,45,52,34,44,61,88
4770,5770,91,95,83,74,94,88,311
4771,5771,80,89,75,74,73,77,364
4772,5772,59,57,58,55,48,56,92
4773,5773,61,69,54,51,52,62,205
4774,5774,75,76,71,59,78,69,325
4775,5775,79,76,81,77,66,84,252
4776,5776,56,49,64,41,43,50,192
4777,5777,99,100,94,97,97,90,446
4778,5778,68,66,61,55,73,76,173
4779,5779,64,72,58,58,69,75,293
4780,5780,89,83,97,77,93,73,309
4781,5781,74,73,80,65,67,85,277
4782,5782,67,67,69,60,71,65,289
4783,5783,80,79,73,70,68,83,258
4784,5784,80,71,77,62,77,70,427
4785,5785,59,51,59,50,47,50,229
4786,5786,61,69,63,62,54,60,71
4787,5787,42,35,44,42,39,35,86
4788,5788,74,70,72,64,75,67,290
4789,5789,47,52,48,40,38,43,89
4790,5790,77,76,79,70,81,92,365
4791,5791,46,42,51,29,32,36,80
4792,5792,65,69,72,61,54,63,220
4793,5793,64,54,72,47,58,69,181
4794,5794,94,85,92,93,98,97,493
4795,5795,88,84,96,77,73,79,348
4796,5796,59,56,57,54,49,60,140
4797,5797,85,81,85,80,80,84,353
4798,5798,53,47,60,52,40,58,217
4799,5799,76,78,76,63,68,79,306
4800,5800,67,63,66,50,70,52,225
4801,5801,89,97,81,74,81,76,300
4802,5802,69,79,77,67,72,55,246
4803,5803,57,62,52,48,50,47,197
4804,5804,64,71,70,53,65,54,135
4805,5805,82,82,87,84,67,86,427
4806,5806,76,67,75,60,64,72,187
4807,5807,87,91,95,79,92,80,454
4808,5808,90,100,85,90,89,81,453
4809,5809,48,53,51,34,42,51,71
4810,5810,66,70,62,62,60,69,198
4811,5811,92,89,84,75,97,97,495
4812,5812,100,100,92,86,99,97,414
4813,5813,79,87,83,76,83,76,271
4814,5814,55,51,50,47,43,52,84
4815,5815,66,61,61,55,60,66,188
4816,5816,88,79,86,88,75,83,420
4817,5817,83,85,82,84,70,80,357
4818,5818,75,83,73,61,72,82,219
4819,5819,100,100,99,100,87,96,389
4820,5820,71,61,74,57,74,79,283
4821,5821,65,73,70,50,51,72,94
4822,5822,95,89,89,95,99,80,447
4823,5823,53,50,53,42,44,54,175
4824,5824,63,61,55,55,64,53,169
4825,5825,60,65,61,62,59,61,195
4826,5826,68,75,71,53,70,74,222
4827,5827,75,70,75,63,66,75,356
4828,5828,73,71,79,59,63,68,190
4829,5829,65,67,68,59,65,58,158
4830,5830,31,36,38,26,28,35,110
4831,5831,67,70,69,51,54,48,102
4832,5832,74,69,67,71,67,99,301
4833,5833,61,52,57,48,57,56,127
4834,5834,96,86,94,81,98,100,444
4835,5835,85,79,93,84,90,86,224
4836,5836,90,97,82,85,87,80,370
4837,5837,77,83,69,60,74,62,432
4838,5838,91,86,88,86,80,88,501
4839,5839,100,91,100,93,100,96,412
4840,5840,78,83,74,60,66,86,95
4841,5841,84,84,89,70,78,80,333
4842,5842,57,66,65,55,42,48,72
4843,5843,69,66,75,53,69,59,183
4844,5844,90,99,96,90,86,81,440
4845,5845,83,90,78,69,86,79,332
4846,5846,49,56,54,50,46,42,185
4847,5847,73,82,67,58,62,82,158
4848,5848,70,72,71,60,74,70,124
4849,5849,90,92,98,84,93,93,457
4850,5850,95,91,97,88,95,84,501
4851,5851,72,76,76,73,76,71,393
4852,5852,68,64,73,67,71,78,328
4853,5853,68,59,61,50,57,68,199
4854,5854,70,71,66,64,66,75,114
4855,5855,100,93,100,92,95,100,338
4856,5856,58,53,50,55,59,56,62
4857,5857,76,80,71,58,81,79,136
4858,5858,88,88,91,71,89,86,265
4859,5859,65,59,67,56,67,58,220
4860,5860,100,93,96,98,97,95,368
4861,5861,57,60,49,48,44,52,119
4862,5862,62,62,60,58,58,73,167
4863,5863,91,82,95,77,87,100,401
4864,5864,64,69,57,62,66,65,181
4865,5865,85,82,80,73,83,70,336
4866,5866,85,81,81,79,72,71,223
4867,5867,94,97,93,77,92,79,392
4868,5868,82,88,76,81,78,81,442
4869,5869,85,90,86,77,86,93,455
4870,5870,60,57,53,44,50,76,29
4871,5871,60,52,61,57,63,51,142
4872,5872,45,38,52,45,49,44,70
4873,5873,70,72,63,71,69,85,284
4874,5874,76,68,78,60,62,71,337
4875,5875,79,82,73,64,73,83,281
4876,5876,100,91,100,89,94,100,445
4877,5877,100,91,100,91,95,100,414
4878,5878,77,78,79,67,79,73,343
4879,5879,100,100,100,96,100,95,449
4880,5880,98,100,93,82,92,86,428
4881,5881,81,87,73,76,82,97,340
4882,5882,89,86,91,71,74,100,289
4883,5883,87,86,85,80,90,90,397
4884,5884,57,53,63,55,42,74,178
4885,5885,100,91,100,94,85,100,462
4886,5886,64,60,62,49,64,68,258
4887,5887,45,48,44,37,48,36,39
4888,5888,58,61,56,57,48,38,112
4889,5889,80,84,83,68,67,79,299
4890,5890,86,88,93,72,82,86,300
4891,5891,94,100,89,91,86,92,459
4892,5892,79,88,85,64,84,69,330
4893,5893,79,80,71,74,71,85,298
4894,5894,66,71,67,64,63,47,68
4895,5895,92,96,88,77,77,84,562
4896,5896,73,69,70,56,73,81,309
4897,5897,80,88,88,70,84,87,242
4898,5898,100,92,99,85,90,89,390
4899,5899,90,90,95,88,84,100,350
4900,5900,70,66,66,60,66,65,316
4901,5901,83,88,76,79,79,78,491
4902,5902,69,73,75,57,70,66,136
4903,5903,71,62,75,63,58,69,302
4904,5904,81,73,81,83,79,73,363
4905,5905,71,81,77,72,60,67,263
4906,5906,76,70,68,72,78,86,240
4907,5907,77,71,76,74,68,85,84
4908,5908,68,73,75,59,58,74,222
4909,5909,73,82,76,56,67,67,346
4910,5910,64,61,72,50,62,65,75
4911,5911,72,80,73,74,64,70,182
4912,5912,90,99,88,79,76,85,367
4913,5913,58,48,61,41,53,68,76
4914,5914,96,100,89,93,96,100,411
4915,5915,83,74,89,77,88,70,358
4916,5916,100,95,100,94,94,100,500
4917,5917,95,100,89,91,80,98,409
4918,5918,86,78,93,77,74,85,355
4919,5919,86,82,87,78,82,81,384
4920,5920,86,84,78,82,78,95,316
4921,5921,78,71,75,71,68,80,71
4922,5922,69,63,68,56,68,88,287
4923,5923,78,74,76,64,70,73,407
4924,5924,64,67,56,64,52,63,155
4925,5925,74,69,78,73,64,79,162
4926,5926,69,67,77,62,68,71,178
4927,5927,52,60,53,53,40,46,99
4928,5928,90,89,84,82,76,79,283
4929,5929,85,89,90,85,72,91,378
4930,5930,100,96,100,97,86,100,396
4931,5931,65,65,66,55,64,56,4
4932,5932,51,41,51,50,49,54,104
4933,5933,82,87,80,84,82,85,319
4934,5934,74,83,81,60,62,75,376
4935,5935,71,66,73,62,57,63,382
4936,5936,97,95,93,86,83,100,344
4937,5937,79,82,83,65,74,89,322
4938,5938,84,76,80,71,80,87,361
4939,5939,51,60,49,36,38,59,137
4940,5940,81,74,80,74,72,86,365
4941,5941,71,74,76,62,68,62,283
4942,5942,75,76,70,75,64,86,192
4943,5943,86,91,88,79,90,87,338
4944,5944,56,49,63,49,56,53,100
4945,5945,74,77,77,72,67,66,294
4946,5946,78,74,84,73,70,73,242
4947,5947,49,44,46,51,51,41,110
4948,5948,83,90,75,84,87,76,331
4949,5949,83,92,86,78,71,83,363
4950,5950,62,69,64,49,56,53,114
4951,5951,100,100,96,92,100,100,460
4952,5952,85,79,81,73,81,94,376
4953,5953,56,60,48,53,57,49,226
4954,5954,55,51,56,52,53,47,124
4955,5955,81,72,77,80,75,60,190
4956,5956,76,68,79,62,76,67,70
4957,5957,70,70,69,65,61,70,200
4958,5958,66,70,65,55,56,67,210
4959,5959,59,58,56,54,56,63,170
4960,5960,84,91,86,85,80,77,277
4961,5961,88,80,94,80,90,88,497
4962,5962,86,80,93,77,84,89,248
4963,5963,61,70,61,58,46,44,134
4964,5964,72,63,74,55,60,85,330
4965,5965,81,82,86,83,77,79,374
4966,5966,98,100,90,91,100,100,316
4967,5967,82,81,75,80,69,80,388
4968,5968,60,58,56,57,45,52,93
4969,5969,94,96,96,80,80,92,384
4970,5970,62,55,62,63,59,52,202
4971,5971,82,86,90,83,71,79,158
4972,5972,86,79,93,77,81,79,327
4973,5973,77,83,77,69,67,70,292
4974,5974,35,30,41,33,40,39,39
4975,5975,74,70,72,74,63,75,232
4976,5976,46,54,42,45,41,39,104
4977,5977,78,77,83,64,76,81,265
4978,5978,81,87,82,72,75,84,336
4979,5979,67,60,68,65,66,60,290
4980,5980,90,88,98,89,82,89,398
4981,5981,100,95,100,90,92,100,497
4982,5982,69,59,62,62,71,71,181
4983,5983,92,93,96,93,96,89,359
4984,5984,100,95,100,95,85,86,466
4985,5985,83,91,91,80,81,74,271
4986,5986,91,98,87,75,92,91,343
4987,5987,77,82,83,64,62,74,242
4988,5988,94,96,97,79,95,93,320
4989,5989,74,80,72,63,71,82,192
4990,5990,50,45,55,40,41,56,127
4991,5991,43,51,35,43,28,47,0
4992,5992,85,95,81,85,90,100,410
4993,5993,83,79,79,79,80,77,432
4994,5994,67,57,71,67,58,78,107
4995,5995,73,81,71,67,68,77,230
4996,5996,95,88,93,86,84,87,466
4997,5997,89,79,95,78,88,91,449
4998,5998,81,73,89,68,68,72,310
4999,5999,57,55,56,52,54,50,93
5000,6000,53,46,46,42,54,60,30
