student_id,roll_no,full_name,gender,email,phone,branch,year,semester,section
1001,CSE221001,Student_1,Male,student1@mail.com,9000000001,ECE,4,1,A
1002,CSE221002,Student_2,Female,student2@mail.com,9000000002,DS,4,6,B
1003,CSE221003,Student_3,Female,student3@mail.com,9000000003,AI,3,8,C
1004,CSE221004,Student_4,Male,student4@mail.com,9000000004,IT,4,7,B
1005,CSE221005,Student_5,Female,student5@mail.com,9000000005,ECE,3,6,A
1006,CSE221006,Student_6,Male,student6@mail.com,9000000006,CSE,2,7,A
1007,CSE221007,Student_7,Male,student7@mail.com,9000000007,ECE,3,2,C
1008,CSE221008,Student_8,Female,student8@mail.com,9000000008,DS,3,4,C
1009,CSE221009,Student_9,Female,student9@mail.com,9000000009,AI,1,7,B
1010,CSE221010,Student_10,Male,student10@mail.com,9000000010,DS,2,4,A
1011,CSE221011,Student_11,Male,student11@mail.com,9000000011,IT,2,3,B
1012,CSE221012,Student_12,Female,student12@mail.com,9000000012,ECE,2,5,B
1013,CSE221013,Student_13,Female,student13@mail.com,9000000013,IT,3,3,B
1014,CSE221014,Student_14,Female,student14@mail.com,9000000014,ECE,3,2,A
1015,CSE221015,Student_15,Female,student15@mail.com,9000000015,CSE,1,5,A
1016,CSE221016,Student_16,Male,student16@mail.com,9000000016,AI,4,3,B
1017,CSE221017,Student_17,Male,student17@mail.com,9000000017,DS,3,1,A
1018,CSE221018,Student_18,Female,student18@mail.com,9000000018,IT,1,5,A
1019,CSE221019,Student_19,Female,student19@mail.com,9000000019,AI,4,3,B
1020,CSE221020,Student_20,Male,student20@mail.com,9000000020,ECE,2,8,B
1021,CSE221021,Student_21,Male,student21@mail.com,9000000021,CSE,2,6,B
1022,CSE221022,Student_22,Male,student22@mail.com,9000000022,AI,4,2,C
1023,CSE221023,Student_23,Female,student23@mail.com,9000000023,DS,4,5,C
1024,CSE221024,Student_24,Female,student24@mail.com,9000000024,CSE,3,2,A
1025,CSE221025,Student_25,Female,student25@mail.com,9000000025,DS,1,3,A
1026,CSE221026,Student_26,Female,student26@mail.com,9000000026,AI,4,7,A
1027,CSE221027,Student_27,Male,student27@mail.com,9000000027,CSE,3,4,B
1028,CSE221028,Student_28,Male,student28@mail.com,9000000028,IT,1,8,A
1029,CSE221029,Student_29,Female,student29@mail.com,9000000029,IT,4,4,C
1030,CSE221030,Student_30,Female,student30@mail.com,9000000030,ECE,1,4,B
1031,CSE221031,Student_31,Male,student31@mail.com,9000000031,CSE,2,7,B
1032,CSE221032,Student_32,Male,student32@mail.com,9000000032,DS,3,5,B
1033,CSE221033,Student_33,Female,student33@mail.com,9000000033,AI,3,6,C
1034,CSE221034,Student_34,Female,student34@mail.com,9000000034,IT,4,3,A
1035,CSE221035,Student_35,Female,student35@mail.com,9000000035,ECE,1,4,A
1036,CSE221036,Student_36,Male,student36@mail.com,9000000036,AI,2,6,A
1037,CSE221037,Student_37,Female,student37@mail.com,9000000037,ECE,2,8,C
1038,CSE221038,Student_38,Female,student38@mail.com,9000000038,CSE,2,1,B
1039,CSE221039,Student_39,Male,student39@mail.com,9000000039,DS,4,4,A
1040,CSE221040,Student_40,Male,student40@mail.com,9000000040,IT,3,5,A
1041,CSE221041,Student_41,Female,student41@mail.com,9000000041,ECE,2,8,A
1042,CSE221042,Student_42,Female,student42@mail.com,9000000042,AI,2,7,B
1043,CSE221043,Student_43,Male,student43@mail.com,9000000043,AI,1,1,C
1044,CSE221044,Student_44,Male,student44@mail.com,9000000044,AI,4,4,C
1045,CSE221045,Student_45,Male,student45@mail.com,9000000045,AI,4,6,B
1046,CSE221046,Student_46,Male,student46@mail.com,9000000046,IT,2,5,C
1047,CSE221047,Student_47,Male,student47@mail.com,9000000047,IT,4,2,A
1048,CSE221048,Student_48,Male,student48@mail.com,9000000048,CSE,1,4,A
1049,CSE221049,Student_49,Female,student49@mail.com,9000000049,AI,1,5,C
1050,CSE221050,Student_50,Female,student50@mail.com,9000000050,DS,1,1,B
1051,CSE221051,Student_51,Male,student51@mail.com,9000000051,ECE,3,4,C
1052,CSE221052,Student_52,Female,student52@mail.com,9000000052,AI,1,6,B
1053,CSE221053,Student_53,Male,student53@mail.com,9000000053,ECE,2,5,A
1054,CSE221054,Student_54,Male,student54@mail.com,9000000054,DS,1,6,B
1055,CSE221055,Student_55,Female,student55@mail.com,9000000055,ECE,2,8,C
1056,CSE221056,Student_56,Female,student56@mail.com,9000000056,IT,2,6,A
1057,CSE221057,Student_57,Female,student57@mail.com,9000000057,DS,1,3,B
1058,CSE221058,Student_58,Male,student58@mail.com,9000000058,AI,4,8,B
1059,CSE221059,Student_59,Female,student59@mail.com,9000000059,ECE,1,6,C
1060,CSE221060,Student_60,Female,student60@mail.com,9000000060,CSE,2,5,C
1061,CSE221061,Student_61,Male,student61@mail.com,9000000061,DS,3,4,B
1062,CSE221062,Student_62,Male,student62@mail.com,9000000062,ECE,3,3,C
1063,CSE221063,Student_63,Female,student63@mail.com,9000000063,IT,4,4,C
1064,CSE221064,Student_64,Female,student64@mail.com,9000000064,DS,4,5,B
1065,CSE221065,Student_65,Female,student65@mail.com,9000000065,ECE,2,5,B
1066,CSE221066,Student_66,Male,student66@mail.com,9000000066,CSE,4,7,C
1067,CSE221067,Student_67,Male,student67@mail.com,9000000067,IT,1,7,A
1068,CSE221068,Student_68,Male,student68@mail.com,9000000068,CSE,4,3,B
1069,CSE221069,Student_69,Male,student69@mail.com,9000000069,CSE,3,8,B
1070,CSE221070,Student_70,Female,student70@mail.com,9000000070,IT,2,2,B
1071,CSE221071,Student_71,Female,student71@mail.com,9000000071,ECE,4,4,B
1072,CSE221072,Student_72,Male,student72@mail.com,9000000072,AI,4,6,C
1073,CSE221073,Student_73,Female,student73@mail.com,9000000073,ECE,3,8,C
1074,CSE221074,Student_74,Female,student74@mail.com,9000000074,ECE,1,6,B
1075,CSE221075,Student_75,Female,student75@mail.com,9000000075,DS,4,2,C
1076,CSE221076,Student_76,Male,student76@mail.com,9000000076,ECE,1,1,B
1077,CSE221077,Student_77,Female,student77@mail.com,9000000077,IT,1,3,A
1078,CSE221078,Student_78,Male,student78@mail.com,9000000078,DS,2,5,B
1079,CSE221079,Student_79,Male,student79@mail.com,9000000079,AI,4,5,A
1080,CSE221080,Student_80,Female,student80@mail.com,9000000080,CSE,4,4,B
1081,CSE221081,Student_81,Male,student81@mail.com,9000000081,ECE,3,6,B
1082,CSE221082,Student_82,Male,student82@mail.com,9000000082,AI,4,1,B
1083,CSE221083,Student_83,Female,student83@mail.com,9000000083,ECE,2,8,A
1084,CSE221084,Student_84,Male,student84@mail.com,9000000084,DS,4,1,B
1085,CSE221085,Student_85,Male,student85@mail.com,9000000085,CSE,3,7,A
1086,CSE221086,Student_86,Male,student86@mail.com,9000000086,DS,2,1,B
1087,CSE221087,Student_87,Female,student87@mail.com,9000000087,DS,2,7,A
1088,CSE221088,Student_88,Female,student88@mail.com,9000000088,IT,3,1,A
1089,CSE221089,Student_89,Female,student89@mail.com,9000000089,AI,2,7,A
1090,CSE221090,Student_90,Female,student90@mail.com,9000000090,CSE,4,7,B
1091,CSE221091,Student_91,Female,student91@mail.com,9000000091,ECE,4,7,B
1092,CSE221092,Student_92,Female,student92@mail.com,9000000092,ECE,1,3,B
1093,CSE221093,Student_93,Male,student93@mail.com,9000000093,DS,1,1,B
1094,CSE221094,Student_94,Male,student94@mail.com,9000000094,CSE,1,3,C
1095,CSE221095,Student_95,Male,student95@mail.com,9000000095,IT,4,1,B
1096,CSE221096,Student_96,Male,student96@mail.com,9000000096,DS,3,7,C
1097,CSE221097,Student_97,Male,student97@mail.com,9000000097,DS,3,6,A
1098,CSE221098,Student_98,Male,student98@mail.com,9000000098,AI,4,4,A
1099,CSE221099,Student_99,Male,student99@mail.com,9000000099,DS,1,3,A
1100,CSE221100,Student_100,Male,student100@mail.com,9000000100,AI,2,1,B
1101,CSE221101,Student_101,Female,student101@mail.com,9000000101,CSE,3,3,C
1102,CSE221102,Student_102,Female,student102@mail.com,9000000102,CSE,4,7,C
1103,CSE221103,Student_103,Female,student103@mail.com,9000000103,IT,2,4,C
1104,CSE221104,Student_104,Male,student104@mail.com,9000000104,ECE,2,6,C
1105,CSE221105,Student_105,Female,student105@mail.com,9000000105,DS,4,6,B
1106,CSE221106,Student_106,Female,student106@mail.com,9000000106,ECE,3,4,A
1107,CSE221107,Student_107,Male,student107@mail.com,9000000107,CSE,4,1,A
1108,CSE221108,Student_108,Female,student108@mail.com,9000000108,IT,3,2,C
1109,CSE221109,Student_109,Male,student109@mail.com,9000000109,DS,1,1,C
1110,CSE221110,Student_110,Female,student110@mail.com,9000000110,AI,2,8,B
1111,CSE221111,Student_111,Female,student111@mail.com,9000000111,CSE,4,3,C
1112,CSE221112,Student_112,Male,student112@mail.com,9000000112,DS,1,4,C
1113,CSE221113,Student_113,Male,student113@mail.com,9000000113,CSE,2,5,B
1114,CSE221114,Student_114,Female,student114@mail.com,9000000114,DS,1,1,B
1115,CSE221115,Student_115,Male,student115@mail.com,9000000115,AI,4,6,C
1116,CSE221116,Student_116,Male,student116@mail.com,9000000116,CSE,1,4,B
1117,CSE221117,Student_117,Male,student117@mail.com,9000000117,IT,3,3,A
1118,CSE221118,Student_118,Male,student118@mail.com,9000000118,AI,3,8,B
1119,CSE221119,Student_119,Male,student119@mail.com,9000000119,ECE,1,2,A
1120,CSE221120,Student_120,Male,student120@mail.com,9000000120,CSE,3,8,C
1121,CSE221121,Student_121,Male,student121@mail.com,9000000121,ECE,3,4,C
1122,CSE221122,Student_122,Female,student122@mail.com,9000000122,IT,2,7,A
1123,CSE221123,Student_123,Female,student123@mail.com,9000000123,DS,2,6,A
1124,CSE221124,Student_124,Female,student124@mail.com,9000000124,AI,3,8,A
1125,CSE221125,Student_125,Female,student125@mail.com,9000000125,IT,3,1,A
1126,CSE221126,Student_126,Male,student126@mail.com,9000000126,CSE,2,4,C
1127,CSE221127,Student_127,Male,student127@mail.com,9000000127,AI,2,4,C
1128,CSE221128,Student_128,Female,student128@mail.com,9000000128,DS,4,6,C
1129,CSE221129,Student_129,Female,student129@mail.com,9000000129,DS,3,8,C
1130,CSE221130,Student_130,Male,student130@mail.com,9000000130,ECE,3,5,B
1131,CSE221131,Student_131,Female,student131@mail.com,9000000131,DS,3,7,A
1132,CSE221132,Student_132,Male,student132@mail.com,9000000132,CSE,2,6,B
1133,CSE221133,Student_133,Female,student133@mail.com,9000000133,AI,3,1,C
1134,CSE221134,Student_134,Male,student134@mail.com,9000000134,CSE,4,7,B
1135,CSE221135,Student_135,Female,student135@mail.com,9000000135,ECE,3,7,B
1136,CSE221136,Student_136,Male,student136@mail.com,9000000136,IT,3,6,A
1137,CSE221137,Student_137,Female,student137@mail.com,9000000137,DS,4,3,B
1138,CSE221138,Student_138,Female,student138@mail.com,9000000138,IT,2,1,A
1139,CSE221139,Student_139,Male,student139@mail.com,9000000139,DS,1,4,A
1140,CSE221140,Student_140,Female,student140@mail.com,9000000140,ECE,2,3,C
1141,CSE221141,Student_141,Male,student141@mail.com,9000000141,AI,4,6,A
1142,CSE221142,Student_142,Male,student142@mail.com,9000000142,AI,1,3,B
1143,CSE221143,Student_143,Female,student143@mail.com,9000000143,ECE,3,2,B
1144,CSE221144,Student_144,Male,student144@mail.com,9000000144,ECE,3,6,A
1145,CSE221145,Student_145,Male,student145@mail.com,9000000145,CSE,2,4,A
1146,CSE221146,Student_146,Male,student146@mail.com,9000000146,IT,2,3,B
1147,CSE221147,Student_147,Female,student147@mail.com,9000000147,ECE,2,8,C
1148,CSE221148,Student_148,Female,student148@mail.com,9000000148,IT,2,4,C
1149,CSE221149,Student_149,Female,student149@mail.com,9000000149,DS,1,2,B
1150,CSE221150,Student_150,Male,student150@mail.com,9000000150,CSE,4,3,B
1151,CSE221151,Student_151,Male,student151@mail.com,9000000151,DS,3,6,C
1152,CSE221152,Student_152,Female,student152@mail.com,9000000152,AI,1,1,C
1153,CSE221153,Student_153,Female,student153@mail.com,9000000153,IT,3,1,B
1154,CSE221154,Student_154,Male,student154@mail.com,9000000154,AI,2,5,A
1155,CSE221155,Student_155,Male,student155@mail.com,9000000155,AI,1,3,B
1156,CSE221156,Student_156,Female,student156@mail.com,9000000156,IT,1,2,C
1157,CSE221157,Student_157,Female,student157@mail.com,9000000157,IT,2,6,C
1158,CSE221158,Student_158,Female,student158@mail.com,9000000158,AI,2,7,C
1159,CSE221159,Student_159,Female,student159@mail.com,9000000159,ECE,1,1,C
1160,CSE221160,Student_160,Male,student160@mail.com,9000000160,AI,1,2,B
1161,CSE221161,Student_161,Male,student161@mail.com,9000000161,CSE,1,8,A
1162,CSE221162,Student_162,Female,student162@mail.com,9000000162,IT,3,6,B
1163,CSE221163,Student_163,Female,student163@mail.com,9000000163,IT,3,5,C
1164,CSE221164,Student_164,Male,student164@mail.com,9000000164,DS,1,4,C
1165,CSE221165,Student_165,Male,student165@mail.com,9000000165,ECE,1,8,A
1166,CSE221166,Student_166,Male,student166@mail.com,9000000166,CSE,2,1,A
1167,CSE221167,Student_167,Female,student167@mail.com,9000000167,CSE,4,1,A
1168,CSE221168,Student_168,Male,student168@mail.com,9000000168,CSE,2,7,A
1169,CSE221169,Student_169,Male,student169@mail.com,9000000169,ECE,4,8,B
1170,CSE221170,Student_170,Male,student170@mail.com,9000000170,IT,4,3,C
1171,CSE221171,Student_171,Female,student171@mail.com,9000000171,IT,2,1,C
1172,CSE221172,Student_172,Female,student172@mail.com,9000000172,IT,3,5,A
1173,CSE221173,Student_173,Female,student173@mail.com,9000000173,DS,2,2,B
1174,CSE221174,Student_174,Male,student174@mail.com,9000000174,CSE,2,5,C
1175,CSE221175,Student_175,Female,student175@mail.com,9000000175,AI,2,2,A
1176,CSE221176,Student_176,Male,student176@mail.com,9000000176,CSE,4,8,A
1177,CSE221177,Student_177,Female,student177@mail.com,9000000177,CSE,1,7,C
1178,CSE221178,Student_178,Female,student178@mail.com,9000000178,IT,1,1,C
1179,CSE221179,Student_179,Female,student179@mail.com,9000000179,DS,2,4,B
1180,CSE221180,Student_180,Female,student180@mail.com,9000000180,AI,2,6,A
1181,CSE221181,Student_181,Male,student181@mail.com,9000000181,ECE,3,1,A
1182,CSE221182,Student_182,Male,student182@mail.com,9000000182,DS,1,7,B
1183,CSE221183,Student_183,Male,student183@mail.com,9000000183,CSE,4,4,C
1184,CSE221184,Student_184,Female,student184@mail.com,9000000184,DS,4,6,A
1185,CSE221185,Student_185,Female,student185@mail.com,9000000185,AI,1,5,C
1186,CSE221186,Student_186,Male,student186@mail.com,9000000186,CSE,2,1,A
1187,CSE221187,Student_187,Male,student187@mail.com,9000000187,AI,2,6,B
1188,CSE221188,Student_188,Female,student188@mail.com,9000000188,IT,1,8,C
1189,CSE221189,Student_189,Male,student189@mail.com,9000000189,IT,3,5,A
1190,CSE221190,Student_190,Male,student190@mail.com,9000000190,DS,1,4,B
1191,CSE221191,Student_191,Female,student191@mail.com,9000000191,ECE,1,2,B
1192,CSE221192,Student_192,Male,student192@mail.com,9000000192,CSE,3,3,C
1193,CSE221193,Student_193,Male,student193@mail.com,9000000193,IT,3,8,B
1194,CSE221194,Student_194,Male,student194@mail.com,9000000194,DS,1,1,A
1195,CSE221195,Student_195,Male,student195@mail.com,9000000195,CSE,2,3,B
1196,CSE221196,Student_196,Male,student196@mail.com,9000000196,ECE,4,6,B
1197,CSE221197,Student_197,Female,student197@mail.com,9000000197,AI,3,5,C
1198,CSE221198,Student_198,Female,student198@mail.com,9000000198,ECE,4,1,C
1199,CSE221199,Student_199,Female,student199@mail.com,9000000199,ECE,2,8,C
1200,CSE221200,Student_200,Male,student200@mail.com,9000000200,ECE,4,3,C
1201,CSE221201,Student_201,Male,student201@mail.com,9000000201,ECE,2,4,C
1202,CSE221202,Student_202,Male,student202@mail.com,9000000202,AI,4,3,C
1203,CSE221203,Student_203,Female,student203@mail.com,9000000203,DS,3,8,C
1204,CSE221204,Student_204,Male,student204@mail.com,9000000204,DS,3,7,B
1205,CSE221205,Student_205,Female,student205@mail.com,9000000205,DS,3,6,C
1206,CSE221206,Student_206,Female,student206@mail.com,9000000206,CSE,1,4,A
1207,CSE221207,Student_207,Male,student207@mail.com,9000000207,IT,2,5,A
1208,CSE221208,Student_208,Female,student208@mail.com,9000000208,AI,4,4,B
1209,CSE221209,Student_209,Male,student209@mail.com,9000000209,ECE,2,8,A
1210,CSE221210,Student_210,Female,student210@mail.com,9000000210,IT,3,4,C
1211,CSE221211,Student_211,Male,student211@mail.com,9000000211,CSE,2,2,B
1212,CSE221212,Student_212,Female,student212@mail.com,9000000212,ECE,3,8,C
1213,CSE221213,Student_213,Male,student213@mail.com,9000000213,IT,4,8,C
1214,CSE221214,Student_214,Male,student214@mail.com,9000000214,IT,3,2,C
1215,CSE221215,Student_215,Female,student215@mail.com,9000000215,DS,4,5,C
1216,CSE221216,Student_216,Male,student216@mail.com,9000000216,AI,4,6,C
1217,CSE221217,Student_217,Male,student217@mail.com,9000000217,IT,1,5,A
1218,CSE221218,Student_218,Female,student218@mail.com,9000000218,DS,4,1,A
1219,CSE221219,Student_219,Male,student219@mail.com,9000000219,IT,3,2,C
1220,CSE221220,Student_220,Male,student220@mail.com,9000000220,DS,2,1,C
1221,CSE221221,Student_221,Male,student221@mail.com,9000000221,DS,1,3,C
1222,CSE221222,Student_222,Male,student222@mail.com,9000000222,DS,1,5,B
1223,CSE221223,Student_223,Female,student223@mail.com,9000000223,AI,1,8,A
1224,CSE221224,Student_224,Female,student224@mail.com,9000000224,AI,2,8,B
1225,CSE221225,Student_225,Female,student225@mail.com,9000000225,ECE,2,5,C
1226,CSE221226,Student_226,Female,student226@mail.com,9000000226,ECE,4,4,C
1227,CSE221227,Student_227,Female,student227@mail.com,9000000227,AI,1,5,C
1228,CSE221228,Student_228,Female,student228@mail.com,9000000228,CSE,2,6,B
1229,CSE221229,Student_229,Female,student229@mail.com,9000000229,ECE,3,1,B
1230,CSE221230,Student_230,Male,student230@mail.com,9000000230,DS,3,2,A
1231,CSE221231,Student_231,Female,student231@mail.com,9000000231,DS,4,8,A
1232,CSE221232,Student_232,Male,student232@mail.com,9000000232,CSE,1,3,B
1233,CSE221233,Student_233,Female,student233@mail.com,9000000233,AI,1,6,A
1234,CSE221234,Student_234,Female,student234@mail.com,9000000234,IT,3,1,A
1235,CSE221235,Student_235,Female,student235@mail.com,9000000235,ECE,1,3,B
1236,CSE221236,Student_236,Male,student236@mail.com,9000000236,AI,1,3,C
1237,CSE221237,Student_237,Female,student237@mail.com,9000000237,CSE,2,8,C
1238,CSE221238,Student_238,Male,student238@mail.com,9000000238,IT,3,7,A
1239,CSE221239,Student_239,Male,student239@mail.com,9000000239,IT,3,2,B
1240,CSE221240,Student_240,Male,student240@mail.com,9000000240,DS,4,7,C
1241,CSE221241,Student_241,Male,student241@mail.com,9000000241,IT,4,1,C
1242,CSE221242,Student_242,Male,student242@mail.com,9000000242,CSE,1,4,A
1243,CSE221243,Student_243,Male,student243@mail.com,9000000243,AI,4,7,C
1244,CSE221244,Student_244,Male,student244@mail.com,9000000244,ECE,1,2,C
1245,CSE221245,Student_245,Male,student245@mail.com,9000000245,AI,1,3,A
1246,CSE221246,Student_246,Female,student246@mail.com,9000000246,AI,4,8,B
1247,CSE221247,Student_247,Female,student247@mail.com,9000000247,IT,3,4,A
1248,CSE221248,Student_248,Male,student248@mail.com,9000000248,ECE,2,2,A
1249,CSE221249,Student_249,Female,student249@mail.com,9000000249,AI,2,7,A
1250,CSE221250,Student_250,Male,student250@mail.com,9000000250,DS,4,5,C
1251,CSE221251,Student_251,Male,student251@mail.com,9000000251,DS,4,7,A
1252,CSE221252,Student_252,Female,student252@mail.com,9000000252,DS,4,6,B
1253,CSE221253,Student_253,Female,student253@mail.com,9000000253,IT,4,8,A
1254,CSE221254,Student_254,Male,student254@mail.com,9000000254,ECE,1,8,C
1255,CSE221255,Student_255,Female,student255@mail.com,9000000255,AI,4,8,B
1256,CSE221256,Student_256,Male,student256@mail.com,9000000256,CSE,2,8,A
1257,CSE221257,Student_257,Male,student257@mail.com,9000000257,IT,3,1,A
1258,CSE221258,Student_258,Male,student258@mail.com,9000000258,DS,4,1,A
1259,CSE221259,Student_259,Male,student259@mail.com,9000000259,DS,4,3,C
1260,CSE221260,Student_260,Female,student260@mail.com,9000000260,ECE,2,2,A
1261,CSE221261,Student_261,Female,student261@mail.com,9000000261,AI,1,3,B
1262,CSE221262,Student_262,Male,student262@mail.com,9000000262,DS,3,3,A
1263,CSE221263,Student_263,Male,student263@mail.com,9000000263,AI,4,3,B
1264,CSE221264,Student_264,Female,student264@mail.com,9000000264,AI,4,6,C
1265,CSE221265,Student_265,Female,student265@mail.com,9000000265,CSE,2,3,C
1266,CSE221266,Student_266,Female,student266@mail.com,9000000266,ECE,2,3,B
1267,CSE221267,Student_267,Female,student267@mail.com,9000000267,DS,3,7,A
1268,CSE221268,Student_268,Female,student268@mail.com,9000000268,DS,1,8,C
1269,CSE221269,Student_269,Female,student269@mail.com,9000000269,AI,1,3,C
1270,CSE221270,Student_270,Male,student270@mail.com,9000000270,ECE,4,2,A
1271,CSE221271,Student_271,Female,student271@mail.com,9000000271,ECE,4,6,C
1272,CSE221272,Student_272,Female,student272@mail.com,9000000272,CSE,3,5,C
1273,CSE221273,Student_273,Male,student273@mail.com,9000000273,AI,3,7,B
1274,CSE221274,Student_274,Male,student274@mail.com,9000000274,ECE,3,3,A
1275,CSE221275,Student_275,Male,student275@mail.com,9000000275,IT,3,2,A
1276,CSE221276,Student_276,Male,student276@mail.com,9000000276,AI,3,2,B
1277,CSE221277,Student_277,Male,student277@mail.com,9000000277,DS,2,2,B
1278,CSE221278,Student_278,Male,student278@mail.com,9000000278,DS,2,2,A
1279,CSE221279,Student_279,Male,student279@mail.com,9000000279,DS,2,4,A
1280,CSE221280,Student_280,Male,student280@mail.com,9000000280,ECE,4,3,C
1281,CSE221281,Student_281,Female,student281@mail.com,9000000281,IT,4,5,C
1282,CSE221282,Student_282,Male,student282@mail.com,9000000282,CSE,3,1,B
1283,CSE221283,Student_283,Male,student283@mail.com,9000000283,AI,1,4,C
1284,CSE221284,Student_284,Female,student284@mail.com,9000000284,IT,1,7,C
1285,CSE221285,Student_285,Female,student285@mail.com,9000000285,ECE,2,6,C
1286,CSE221286,Student_286,Female,student286@mail.com,9000000286,DS,2,5,B
1287,CSE221287,Student_287,Male,student287@mail.com,9000000287,DS,3,3,A
1288,CSE221288,Student_288,Female,student288@mail.com,9000000288,AI,3,1,C
1289,CSE221289,Student_289,Female,student289@mail.com,9000000289,ECE,3,2,C
1290,CSE221290,Student_290,Female,student290@mail.com,9000000290,IT,1,3,A
1291,CSE221291,Student_291,Male,student291@mail.com,9000000291,DS,2,5,B
1292,CSE221292,Student_292,Male,student292@mail.com,9000000292,ECE,3,2,A
1293,CSE221293,Student_293,Male,student293@mail.com,9000000293,AI,3,6,C
1294,CSE221294,Student_294,Female,student294@mail.com,9000000294,CSE,1,5,C
1295,CSE221295,Student_295,Female,student295@mail.com,9000000295,DS,3,1,A
1296,CSE221296,Student_296,Female,student296@mail.com,9000000296,DS,3,1,C
1297,CSE221297,Student_297,Female,student297@mail.com,9000000297,CSE,4,2,C
1298,CSE221298,Student_298,Female,student298@mail.com,9000000298,ECE,2,8,B
1299,CSE221299,Student_299,Male,student299@mail.com,9000000299,AI,3,6,B
1300,CSE221300,Student_300,Female,student300@mail.com,9000000300,ECE,3,2,C
1301,CSE221301,Student_301,Female,student301@mail.com,9000000301,DS,2,3,C
1302,CSE221302,Student_302,Female,student302@mail.com,9000000302,ECE,3,7,A
1303,CSE221303,Student_303,Male,student303@mail.com,9000000303,CSE,2,4,A
1304,CSE221304,Student_304,Male,student304@mail.com,9000000304,AI,2,2,C
1305,CSE221305,Student_305,Female,student305@mail.com,9000000305,DS,2,4,A
1306,CSE221306,Student_306,Female,student306@mail.com,9000000306,DS,3,4,B
1307,CSE221307,Student_307,Male,student307@mail.com,9000000307,ECE,4,3,C
1308,CSE221308,Student_308,Male,student308@mail.com,9000000308,CSE,3,1,B
1309,CSE221309,Student_309,Male,student309@mail.com,9000000309,AI,4,3,C
1310,CSE221310,Student_310,Female,student310@mail.com,9000000310,ECE,1,8,A
1311,CSE221311,Student_311,Female,student311@mail.com,9000000311,IT,2,8,B
1312,CSE221312,Student_312,Female,student312@mail.com,9000000312,IT,4,5,B
1313,CSE221313,Student_313,Male,student313@mail.com,9000000313,ECE,4,2,C
1314,CSE221314,Student_314,Male,student314@mail.com,9000000314,IT,3,3,C
1315,CSE221315,Student_315,Female,student315@mail.com,9000000315,IT,4,6,B
1316,CSE221316,Student_316,Male,student316@mail.com,9000000316,DS,4,7,C
1317,CSE221317,Student_317,Female,student317@mail.com,9000000317,DS,3,6,B
1318,CSE221318,Student_318,Male,student318@mail.com,9000000318,ECE,2,6,C
1319,CSE221319,Student_319,Male,student319@mail.com,9000000319,DS,3,2,A
1320,CSE221320,Student_320,Female,student320@mail.com,9000000320,AI,2,5,A
1321,CSE221321,Student_321,Male,student321@mail.com,9000000321,DS,3,8,A
1322,CSE221322,Student_322,Female,student322@mail.com,9000000322,CSE,1,2,B
1323,CSE221323,Student_323,Male,student323@mail.com,9000000323,CSE,4,2,B
1324,CSE221324,Student_324,Male,student324@mail.com,9000000324,CSE,1,3,B
1325,CSE221325,Student_325,Female,student325@mail.com,9000000325,AI,4,1,C
1326,CSE221326,Student_326,Female,student326@mail.com,9000000326,CSE,3,2,B
1327,CSE221327,Student_327,Female,student327@mail.com,9000000327,AI,2,2,C
1328,CSE221328,Student_328,Female,student328@mail.com,9000000328,IT,1,1,C
1329,CSE221329,Student_329,Male,student329@mail.com,9000000329,AI,4,7,B
1330,CSE221330,Student_330,Male,student330@mail.com,9000000330,CSE,1,7,B
1331,CSE221331,Student_331,Female,student331@mail.com,9000000331,CSE,3,5,A
1332,CSE221332,Student_332,Female,student332@mail.com,9000000332,DS,2,7,C
1333,CSE221333,Student_333,Female,student333@mail.com,9000000333,CSE,4,6,B
1334,CSE221334,Student_334,Female,student334@mail.com,9000000334,AI,2,2,A
1335,CSE221335,Student_335,Male,student335@mail.com,9000000335,DS,1,4,C
1336,CSE221336,Student_336,Male,student336@mail.com,9000000336,AI,1,6,B
1337,CSE221337,Student_337,Male,student337@mail.com,9000000337,IT,2,2,B
1338,CSE221338,Student_338,Male,student338@mail.com,9000000338,IT,3,4,C
1339,CSE221339,Student_339,Male,student339@mail.com,9000000339,DS,2,6,A
1340,CSE221340,Student_340,Female,student340@mail.com,9000000340,CSE,1,2,B
1341,CSE221341,Student_341,Female,student341@mail.com,9000000341,IT,4,3,C
1342,CSE221342,Student_342,Male,student342@mail.com,9000000342,DS,2,5,A
1343,CSE221343,Student_343,Male,student343@mail.com,9000000343,DS,1,4,C
1344,CSE221344,Student_344,Male,student344@mail.com,9000000344,CSE,4,2,C
1345,CSE221345,Student_345,Male,student345@mail.com,9000000345,AI,1,8,C
1346,CSE221346,Student_346,Female,student346@mail.com,9000000346,ECE,1,6,C
1347,CSE221347,Student_347,Male,student347@mail.com,9000000347,DS,2,8,A
1348,CSE221348,Student_348,Male,student348@mail.com,9000000348,IT,1,2,A
1349,CSE221349,Student_349,Male,student349@mail.com,9000000349,ECE,2,7,A
1350,CSE221350,Student_350,Male,student350@mail.com,9000000350,CSE,3,6,C
1351,CSE221351,Student_351,Male,student351@mail.com,9000000351,IT,2,3,A
1352,CSE221352,Student_352,Female,student352@mail.com,9000000352,IT,2,5,A
1353,CSE221353,Student_353,Male,student353@mail.com,9000000353,CSE,4,8,C
1354,CSE221354,Student_354,Female,student354@mail.com,9000000354,ECE,2,7,C
1355,CSE221355,Student_355,Female,student355@mail.com,9000000355,ECE,4,3,B
1356,CSE221356,Student_356,Male,student356@mail.com,9000000356,CSE,1,4,C
1357,CSE221357,Student_357,Male,student357@mail.com,9000000357,ECE,4,5,B
1358,CSE221358,Student_358,Female,student358@mail.com,9000000358,AI,4,3,C
1359,CSE221359,Student_359,Male,student359@mail.com,9000000359,CSE,3,2,A
1360,CSE221360,Student_360,Female,student360@mail.com,9000000360,IT,3,8,A
1361,CSE221361,Student_361,Male,student361@mail.com,9000000361,IT,1,8,C
1362,CSE221362,Student_362,Female,student362@mail.com,9000000362,IT,3,7,C
1363,CSE221363,Student_363,Female,student363@mail.com,9000000363,IT,2,6,C
1364,CSE221364,Student_364,Male,student364@mail.com,9000000364,ECE,1,4,C
1365,CSE221365,Student_365,Female,student365@mail.com,9000000365,CSE,1,2,C
1366,CSE221366,Student_366,Female,student366@mail.com,9000000366,CSE,2,6,C
1367,CSE221367,Student_367,Male,student367@mail.com,9000000367,CSE,4,8,A
1368,CSE221368,Student_368,Female,student368@mail.com,9000000368,AI,4,2,B
1369,CSE221369,Student_369,Female,student369@mail.com,9000000369,CSE,1,7,A
1370,CSE221370,Student_370,Male,student370@mail.com,9000000370,CSE,1,7,A
1371,CSE221371,Student_371,Male,student371@mail.com,9000000371,IT,2,1,C
1372,CSE221372,Student_372,Male,student372@mail.com,9000000372,ECE,4,7,A
1373,CSE221373,Student_373,Female,student373@mail.com,9000000373,DS,2,1,C
1374,CSE221374,Student_374,Female,student374@mail.com,9000000374,ECE,3,1,C
1375,CSE221375,Student_375,Female,student375@mail.com,9000000375,AI,1,6,B
1376,CSE221376,Student_376,Male,student376@mail.com,9000000376,CSE,3,3,C
1377,CSE221377,Student_377,Female,student377@mail.com,9000000377,DS,2,3,A
1378,CSE221378,Student_378,Male,student378@mail.com,9000000378,ECE,1,6,C
1379,CSE221379,Student_379,Male,student379@mail.com,9000000379,ECE,3,4,A
1380,CSE221380,Student_380,Male,student380@mail.com,9000000380,IT,1,3,C
1381,CSE221381,Student_381,Male,student381@mail.com,9000000381,DS,4,1,A
1382,CSE221382,Student_382,Female,student382@mail.com,9000000382,CSE,2,2,B
1383,CSE221383,Student_383,Female,student383@mail.com,9000000383,AI,4,7,C
1384,CSE221384,Student_384,Female,student384@mail.com,9000000384,IT,3,6,C
1385,CSE221385,Student_385,Male,student385@mail.com,9000000385,DS,2,6,A
1386,CSE221386,Student_386,Male,student386@mail.com,9000000386,CSE,1,7,B
1387,CSE221387,Student_387,Female,student387@mail.com,9000000387,CSE,1,5,B
1388,CSE221388,Student_388,Female,student388@mail.com,9000000388,IT,1,7,B
1389,CSE221389,Student_389,Female,student389@mail.com,9000000389,DS,1,3,C
1390,CSE221390,Student_390,Male,student390@mail.com,9000000390,ECE,3,2,C
1391,CSE221391,Student_391,Male,student391@mail.com,9000000391,DS,3,5,C
1392,CSE221392,Student_392,Female,student392@mail.com,9000000392,DS,3,6,B
1393,CSE221393,Student_393,Female,student393@mail.com,9000000393,ECE,3,3,A
1394,CSE221394,Student_394,Female,student394@mail.com,9000000394,IT,4,3,A
1395,CSE221395,Student_395,Male,student395@mail.com,9000000395,IT,1,6,C
1396,CSE221396,Student_396,Female,student396@mail.com,9000000396,ECE,3,6,B
1397,CSE221397,Student_397,Female,student397@mail.com,9000000397,DS,4,4,C
1398,CSE221398,Student_398,Male,student398@mail.com,9000000398,IT,4,6,A
1399,CSE221399,Student_399,Male,student399@mail.com,9000000399,IT,2,8,A
1400,CSE221400,Student_400,Female,student400@mail.com,9000000400,DS,1,5,B
1401,CSE221401,Student_401,Male,student401@mail.com,9000000401,AI,4,1,C
1402,CSE221402,Student_402,Male,student402@mail.com,9000000402,DS,3,1,C
1403,CSE221403,Student_403,Male,student403@mail.com,9000000403,AI,1,6,B
1404,CSE221404,Student_404,Male,student404@mail.com,9000000404,ECE,1,6,A
1405,CSE221405,Student_405,Female,student405@mail.com,9000000405,CSE,4,2,C
1406,CSE221406,Student_406,Male,student406@mail.com,9000000406,DS,2,8,C
1407,CSE221407,Student_407,Male,student407@mail.com,9000000407,ECE,4,7,A
1408,CSE221408,Student_408,Male,student408@mail.com,9000000408,ECE,2,8,A
1409,CSE221409,Student_409,Female,student409@mail.com,9000000409,ECE,1,6,C
1410,CSE221410,Student_410,Male,student410@mail.com,9000000410,AI,3,8,B
1411,CSE221411,Student_411,Male,student411@mail.com,9000000411,ECE,3,3,A
1412,CSE221412,Student_412,Male,student412@mail.com,9000000412,DS,4,7,C
1413,CSE221413,Student_413,Female,student413@mail.com,9000000413,DS,2,7,C
1414,CSE221414,Student_414,Female,student414@mail.com,9000000414,IT,1,4,B
1415,CSE221415,Student_415,Female,student415@mail.com,9000000415,DS,1,5,B
1416,CSE221416,Student_416,Male,student416@mail.com,9000000416,AI,4,8,A
1417,CSE221417,Student_417,Female,student417@mail.com,9000000417,CSE,1,2,C
1418,CSE221418,Student_418,Male,student418@mail.com,9000000418,DS,3,5,A
1419,CSE221419,Student_419,Male,student419@mail.com,9000000419,ECE,4,6,A
1420,CSE221420,Student_420,Male,student420@mail.com,9000000420,DS,3,1,B
1421,CSE221421,Student_421,Female,student421@mail.com,9000000421,DS,4,8,B
1422,CSE221422,Student_422,Male,student422@mail.com,9000000422,CSE,3,5,C
1423,CSE221423,Student_423,Female,student423@mail.com,9000000423,IT,4,7,B
1424,CSE221424,Student_424,Male,student424@mail.com,9000000424,AI,3,4,A
1425,CSE221425,Student_425,Male,student425@mail.com,9000000425,AI,1,8,C
1426,CSE221426,Student_426,Male,student426@mail.com,9000000426,IT,3,7,C
1427,CSE221427,Student_427,Male,student427@mail.com,9000000427,CSE,4,7,B
1428,CSE221428,Student_428,Male,student428@mail.com,9000000428,AI,2,6,B
1429,CSE221429,Student_429,Female,student429@mail.com,9000000429,AI,2,7,B
1430,CSE221430,Student_430,Male,student430@mail.com,9000000430,IT,3,5,B
1431,CSE221431,Student_431,Female,student431@mail.com,9000000431,IT,2,3,A
1432,CSE221432,Student_432,Female,student432@mail.com,9000000432,IT,3,4,A
1433,CSE221433,Student_433,Male,student433@mail.com,9000000433,IT,1,4,A
1434,CSE221434,Student_434,Male,student434@mail.com,9000000434,AI,3,7,A
1435,CSE221435,Student_435,Female,student435@mail.com,9000000435,CSE,2,7,A
1436,CSE221436,Student_436,Male,student436@mail.com,9000000436,CSE,4,5,B
1437,CSE221437,Student_437,Female,student437@mail.com,9000000437,CSE,1,7,B
1438,CSE221438,Student_438,Male,student438@mail.com,9000000438,IT,3,3,B
1439,CSE221439,Student_439,Female,student439@mail.com,9000000439,AI,4,5,A
1440,CSE221440,Student_440,Female,student440@mail.com,9000000440,CSE,1,1,C
1441,CSE221441,Student_441,Male,student441@mail.com,9000000441,ECE,4,5,B
1442,CSE221442,Student_442,Female,student442@mail.com,9000000442,AI,2,6,C
1443,CSE221443,Student_443,Female,student443@mail.com,9000000443,CSE,2,4,B
1444,CSE221444,Student_444,Female,student444@mail.com,9000000444,DS,2,7,A
1445,CSE221445,Student_445,Female,student445@mail.com,9000000445,CSE,2,4,A
1446,CSE221446,Student_446,Female,student446@mail.com,9000000446,AI,2,6,A
1447,CSE221447,Student_447,Female,student447@mail.com,9000000447,DS,1,3,A
1448,CSE221448,Student_448,Female,student448@mail.com,9000000448,DS,2,5,B
1449,CSE221449,Student_449,Female,student449@mail.com,9000000449,CSE,1,1,A
1450,CSE221450,Student_450,Male,student450@mail.com,9000000450,CSE,2,7,C
1451,CSE221451,Student_451,Female,student451@mail.com,9000000451,ECE,2,6,A
1452,CSE221452,Student_452,Female,student452@mail.com,9000000452,ECE,4,2,B
1453,CSE221453,Student_453,Female,student453@mail.com,9000000453,IT,2,4,B
1454,CSE221454,Student_454,Male,student454@mail.com,9000000454,CSE,1,7,B
1455,CSE221455,Student_455,Male,student455@mail.com,9000000455,ECE,1,5,C
1456,CSE221456,Student_456,Female,student456@mail.com,9000000456,CSE,3,7,A
1457,CSE221457,Student_457,Female,student457@mail.com,9000000457,IT,1,4,B
1458,CSE221458,Student_458,Female,student458@mail.com,9000000458,AI,4,7,A
1459,CSE221459,Student_459,Male,student459@mail.com,9000000459,ECE,4,8,B
1460,CSE221460,Student_460,Female,student460@mail.com,9000000460,IT,2,1,C
1461,CSE221461,Student_461,Male,student461@mail.com,9000000461,CSE,2,7,C
1462,CSE221462,Student_462,Female,student462@mail.com,9000000462,DS,1,3,C
1463,CSE221463,Student_463,Female,student463@mail.com,9000000463,DS,2,1,A
1464,CSE221464,Student_464,Male,student464@mail.com,9000000464,AI,1,3,A
1465,CSE221465,Student_465,Male,student465@mail.com,9000000465,ECE,1,8,C
1466,CSE221466,Student_466,Female,student466@mail.com,9000000466,CSE,1,4,B
1467,CSE221467,Student_467,Male,student467@mail.com,9000000467,ECE,3,8,A
1468,CSE221468,Student_468,Male,student468@mail.com,9000000468,AI,1,3,A
1469,CSE221469,Student_469,Male,student469@mail.com,9000000469,ECE,3,5,B
1470,CSE221470,Student_470,Male,student470@mail.com,9000000470,AI,4,8,C
1471,CSE221471,Student_471,Male,student471@mail.com,9000000471,CSE,2,7,C
1472,CSE221472,Student_472,Male,student472@mail.com,9000000472,AI,3,4,A
1473,CSE221473,Student_473,Female,student473@mail.com,9000000473,CSE,3,2,A
1474,CSE221474,Student_474,Female,student474@mail.com,9000000474,IT,2,5,C
1475,CSE221475,Student_475,Male,student475@mail.com,9000000475,CSE,1,7,A
1476,CSE221476,Student_476,Male,student476@mail.com,9000000476,IT,3,7,A
1477,CSE221477,Student_477,Male,student477@mail.com,9000000477,AI,1,1,C
1478,CSE221478,Student_478,Male,student478@mail.com,9000000478,AI,3,1,A
1479,CSE221479,Student_479,Male,student479@mail.com,9000000479,DS,3,3,C
1480,CSE221480,Student_480,Male,student480@mail.com,9000000480,CSE,2,6,C
1481,CSE221481,Student_481,Male,student481@mail.com,9000000481,AI,4,2,A
1482,CSE221482,Student_482,Female,student482@mail.com,9000000482,CSE,1,3,C
1483,CSE221483,Student_483,Female,student483@mail.com,9000000483,IT,1,4,B
1484,CSE221484,Student_484,Female,student484@mail.com,9000000484,CSE,2,1,A
1485,CSE221485,Student_485,Female,student485@mail.com,9000000485,ECE,3,4,C
1486,CSE221486,Student_486,Male,student486@mail.com,9000000486,DS,4,7,A
1487,CSE221487,Student_487,Male,student487@mail.com,9000000487,IT,1,5,B
1488,CSE221488,Student_488,Male,student488@mail.com,9000000488,AI,3,5,C
1489,CSE221489,Student_489,Male,student489@mail.com,9000000489,DS,4,8,A
1490,CSE221490,Student_490,Male,student490@mail.com,9000000490,DS,2,1,B
1491,CSE221491,Student_491,Female,student491@mail.com,9000000491,DS,4,1,A
1492,CSE221492,Student_492,Female,student492@mail.com,9000000492,AI,4,8,A
1493,CSE221493,Student_493,Male,student493@mail.com,9000000493,IT,4,6,A
1494,CSE221494,Student_494,Male,student494@mail.com,9000000494,IT,3,1,B
1495,CSE221495,Student_495,Male,student495@mail.com,9000000495,IT,1,8,C
1496,CSE221496,Student_496,Male,student496@mail.com,9000000496,IT,1,8,B
1497,CSE221497,Student_497,Female,student497@mail.com,9000000497,ECE,3,4,C
1498,CSE221498,Student_498,Male,student498@mail.com,9000000498,DS,4,7,B
1499,CSE221499,Student_499,Male,student499@mail.com,9000000499,AI,3,1,B
1500,CSE221500,Student_500,Female,student500@mail.com,9000000500,AI,3,2,B
1501,CSE221501,Student_501,Female,student501@mail.com,9000000501,IT,1,4,A
1502,CSE221502,Student_502,Female,student502@mail.com,9000000502,ECE,3,3,B
1503,CSE221503,Student_503,Male,student503@mail.com,9000000503,IT,2,2,A
1504,CSE221504,Student_504,Male,student504@mail.com,9000000504,AI,1,2,B
1505,CSE221505,Student_505,Female,student505@mail.com,9000000505,IT,2,3,C
1506,CSE221506,Student_506,Male,student506@mail.com,9000000506,DS,1,7,C
1507,CSE221507,Student_507,Female,student507@mail.com,9000000507,DS,1,4,A
1508,CSE221508,Student_508,Male,student508@mail.com,9000000508,IT,4,5,B
1509,CSE221509,Student_509,Female,student509@mail.com,9000000509,ECE,3,1,C
1510,CSE221510,Student_510,Female,student510@mail.com,9000000510,DS,1,4,C
1511,CSE221511,Student_511,Female,student511@mail.com,9000000511,IT,1,4,C
1512,CSE221512,Student_512,Male,student512@mail.com,9000000512,ECE,4,7,A
1513,CSE221513,Student_513,Female,student513@mail.com,9000000513,IT,2,8,A
1514,CSE221514,Student_514,Female,student514@mail.com,9000000514,ECE,1,1,C
1515,CSE221515,Student_515,Female,student515@mail.com,9000000515,CSE,1,7,B
1516,CSE221516,Student_516,Male,student516@mail.com,9000000516,ECE,2,4,C
1517,CSE221517,Student_517,Female,student517@mail.com,9000000517,CSE,4,2,C
1518,CSE221518,Student_518,Female,student518@mail.com,9000000518,AI,4,3,C
1519,CSE221519,Student_519,Male,student519@mail.com,9000000519,CSE,1,3,B
1520,CSE221520,Student_520,Male,student520@mail.com,9000000520,ECE,4,6,C
1521,CSE221521,Student_521,Female,student521@mail.com,9000000521,ECE,3,2,B
1522,CSE221522,Student_522,Female,student522@mail.com,9000000522,ECE,2,7,C
1523,CSE221523,Student_523,Female,student523@mail.com,9000000523,ECE,4,7,B
1524,CSE221524,Student_524,Male,student524@mail.com,9000000524,ECE,3,8,A
1525,CSE221525,Student_525,Male,student525@mail.com,9000000525,AI,1,6,C
1526,CSE221526,Student_526,Male,student526@mail.com,9000000526,CSE,3,1,B
1527,CSE221527,Student_527,Male,student527@mail.com,9000000527,AI,4,3,C
1528,CSE221528,Student_528,Male,student528@mail.com,9000000528,IT,3,3,A
1529,CSE221529,Student_529,Male,student529@mail.com,9000000529,AI,3,6,C
1530,CSE221530,Student_530,Male,student530@mail.com,9000000530,DS,4,2,B
1531,CSE221531,Student_531,Male,student531@mail.com,9000000531,AI,2,2,B
1532,CSE221532,Student_532,Male,student532@mail.com,9000000532,ECE,4,6,A
1533,CSE221533,Student_533,Female,student533@mail.com,9000000533,IT,1,7,A
1534,CSE221534,Student_534,Female,student534@mail.com,9000000534,ECE,2,8,C
1535,CSE221535,Student_535,Male,student535@mail.com,9000000535,AI,3,7,B
1536,CSE221536,Student_536,Male,student536@mail.com,9000000536,IT,4,1,B
1537,CSE221537,Student_537,Female,student537@mail.com,9000000537,AI,4,5,C
1538,CSE221538,Student_538,Male,student538@mail.com,9000000538,ECE,2,6,B
1539,CSE221539,Student_539,Female,student539@mail.com,9000000539,AI,1,6,C
1540,CSE221540,Student_540,Female,student540@mail.com,9000000540,AI,4,7,C
1541,CSE221541,Student_541,Male,student541@mail.com,9000000541,AI,2,8,C
1542,CSE221542,Student_542,Female,student542@mail.com,9000000542,IT,4,6,C
1543,CSE221543,Student_543,Male,student543@mail.com,9000000543,CSE,4,3,A
1544,CSE221544,Student_544,Male,student544@mail.com,9000000544,DS,4,7,A
1545,CSE221545,Student_545,Female,student545@mail.com,9000000545,CSE,1,4,C
1546,CSE221546,Student_546,Male,student546@mail.com,9000000546,ECE,4,8,C
1547,CSE221547,Student_547,Female,student547@mail.com,9000000547,CSE,4,3,C
1548,CSE221548,Student_548,Male,student548@mail.com,9000000548,DS,4,7,C
1549,CSE221549,Student_549,Female,student549@mail.com,9000000549,IT,3,2,A
1550,CSE221550,Student_550,Male,student550@mail.com,9000000550,AI,2,8,B
1551,CSE221551,Student_551,Female,student551@mail.com,9000000551,AI,1,4,B
1552,CSE221552,Student_552,Male,student552@mail.com,9000000552,IT,3,8,C
1553,CSE221553,Student_553,Male,student553@mail.com,9000000553,ECE,3,2,A
1554,CSE221554,Student_554,Male,student554@mail.com,9000000554,ECE,1,4,C
1555,CSE221555,Student_555,Female,student555@mail.com,9000000555,ECE,2,5,A
1556,CSE221556,Student_556,Female,student556@mail.com,9000000556,AI,3,2,C
1557,CSE221557,Student_557,Male,student557@mail.com,9000000557,AI,4,5,B
1558,CSE221558,Student_558,Female,student558@mail.com,9000000558,CSE,4,3,A
1559,CSE221559,Student_559,Male,student559@mail.com,9000000559,CSE,3,5,A
1560,CSE221560,Student_560,Male,student560@mail.com,9000000560,ECE,4,8,C
1561,CSE221561,Student_561,Male,student561@mail.com,9000000561,IT,4,1,A
1562,CSE221562,Student_562,Female,student562@mail.com,9000000562,DS,1,7,B
1563,CSE221563,Student_563,Female,student563@mail.com,9000000563,IT,3,4,B
1564,CSE221564,Student_564,Female,student564@mail.com,9000000564,CSE,3,4,C
1565,CSE221565,Student_565,Female,student565@mail.com,9000000565,DS,1,3,C
1566,CSE221566,Student_566,Female,student566@mail.com,9000000566,CSE,2,4,C
1567,CSE221567,Student_567,Female,student567@mail.com,9000000567,DS,3,3,A
1568,CSE221568,Student_568,Female,student568@mail.com,9000000568,DS,4,1,B
1569,CSE221569,Student_569,Male,student569@mail.com,9000000569,CSE,1,7,A
1570,CSE221570,Student_570,Female,student570@mail.com,9000000570,IT,1,2,B
1571,CSE221571,Student_571,Female,student571@mail.com,9000000571,ECE,3,3,C
1572,CSE221572,Student_572,Female,student572@mail.com,9000000572,AI,3,3,C
1573,CSE221573,Student_573,Male,student573@mail.com,9000000573,AI,2,3,A
1574,CSE221574,Student_574,Female,student574@mail.com,9000000574,IT,1,7,C
1575,CSE221575,Student_575,Female,student575@mail.com,9000000575,ECE,1,3,A
1576,CSE221576,Student_576,Male,student576@mail.com,9000000576,CSE,3,4,C
1577,CSE221577,Student_577,Female,student577@mail.com,9000000577,CSE,1,1,C
1578,CSE221578,Student_578,Female,student578@mail.com,9000000578,IT,3,2,A
1579,CSE221579,Student_579,Male,student579@mail.com,9000000579,ECE,2,8,B
1580,CSE221580,Student_580,Male,student580@mail.com,9000000580,IT,1,3,C
1581,CSE221581,Student_581,Male,student581@mail.com,9000000581,CSE,2,5,A
1582,CSE221582,Student_582,Male,student582@mail.com,9000000582,CSE,2,5,C
1583,CSE221583,Student_583,Male,student583@mail.com,9000000583,IT,2,2,A
1584,CSE221584,Student_584,Male,student584@mail.com,9000000584,DS,2,2,C
1585,CSE221585,Student_585,Female,student585@mail.com,9000000585,CSE,3,6,B
1586,CSE221586,Student_586,Male,student586@mail.com,9000000586,IT,1,1,A
1587,CSE221587,Student_587,Male,student587@mail.com,9000000587,AI,2,7,C
1588,CSE221588,Student_588,Male,student588@mail.com,9000000588,ECE,4,2,B
1589,CSE221589,Student_589,Male,student589@mail.com,9000000589,CSE,1,5,B
1590,CSE221590,Student_590,Female,student590@mail.com,9000000590,CSE,2,1,A
1591,CSE221591,Student_591,Female,student591@mail.com,9000000591,ECE,3,2,C
1592,CSE221592,Student_592,Female,student592@mail.com,9000000592,CSE,2,2,B
1593,CSE221593,Student_593,Female,student593@mail.com,9000000593,DS,1,2,B
1594,CSE221594,Student_594,Male,student594@mail.com,9000000594,CSE,3,3,C
1595,CSE221595,Student_595,Male,student595@mail.com,9000000595,ECE,3,2,B
1596,CSE221596,Student_596,Male,student596@mail.com,9000000596,CSE,4,3,B
1597,CSE221597,Student_597,Male,student597@mail.com,9000000597,CSE,1,8,A
1598,CSE221598,Student_598,Female,student598@mail.com,9000000598,DS,4,2,A
1599,CSE221599,Student_599,Female,student599@mail.com,9000000599,AI,2,5,B
1600,CSE221600,Student_600,Female,student600@mail.com,9000000600,IT,3,1,B
1601,CSE221601,Student_601,Female,student601@mail.com,9000000601,AI,1,1,C
1602,CSE221602,Student_602,Male,student602@mail.com,9000000602,ECE,4,3,C
1603,CSE221603,Student_603,Male,student603@mail.com,9000000603,ECE,4,7,A
1604,CSE221604,Student_604,Female,student604@mail.com,9000000604,DS,1,5,C
1605,CSE221605,Student_605,Male,student605@mail.com,9000000605,ECE,1,4,B
1606,CSE221606,Student_606,Female,student606@mail.com,9000000606,ECE,3,7,C
1607,CSE221607,Student_607,Male,student607@mail.com,9000000607,AI,2,1,A
1608,CSE221608,Student_608,Female,student608@mail.com,9000000608,IT,3,1,C
1609,CSE221609,Student_609,Male,student609@mail.com,9000000609,DS,2,3,B
1610,CSE221610,Student_610,Male,student610@mail.com,9000000610,DS,4,7,A
1611,CSE221611,Student_611,Female,student611@mail.com,9000000611,DS,3,3,C
1612,CSE221612,Student_612,Female,student612@mail.com,9000000612,CSE,2,4,B
1613,CSE221613,Student_613,Female,student613@mail.com,9000000613,IT,3,8,C
1614,CSE221614,Student_614,Male,student614@mail.com,9000000614,DS,4,7,C
1615,CSE221615,Student_615,Male,student615@mail.com,9000000615,DS,3,6,A
1616,CSE221616,Student_616,Female,student616@mail.com,9000000616,AI,3,4,C
1617,CSE221617,Student_617,Male,student617@mail.com,9000000617,AI,4,6,C
1618,CSE221618,Student_618,Male,student618@mail.com,9000000618,ECE,4,6,A
1619,CSE221619,Student_619,Female,student619@mail.com,9000000619,CSE,1,1,A
1620,CSE221620,Student_620,Female,student620@mail.com,9000000620,IT,2,4,A
1621,CSE221621,Student_621,Male,student621@mail.com,9000000621,CSE,4,7,A
1622,CSE221622,Student_622,Male,student622@mail.com,9000000622,IT,4,1,B
1623,CSE221623,Student_623,Male,student623@mail.com,9000000623,DS,2,1,A
1624,CSE221624,Student_624,Male,student624@mail.com,9000000624,AI,2,3,C
1625,CSE221625,Student_625,Male,student625@mail.com,9000000625,DS,1,5,B
1626,CSE221626,Student_626,Female,student626@mail.com,9000000626,IT,1,3,A
1627,CSE221627,Student_627,Female,student627@mail.com,9000000627,ECE,1,4,B
1628,CSE221628,Student_628,Male,student628@mail.com,9000000628,DS,3,6,B
1629,CSE221629,Student_629,Female,student629@mail.com,9000000629,DS,4,4,A
1630,CSE221630,Student_630,Male,student630@mail.com,9000000630,AI,2,2,A
1631,CSE221631,Student_631,Female,student631@mail.com,9000000631,IT,3,3,C
1632,CSE221632,Student_632,Female,student632@mail.com,9000000632,ECE,3,5,B
1633,CSE221633,Student_633,Male,student633@mail.com,9000000633,IT,2,6,A
1634,CSE221634,Student_634,Male,student634@mail.com,9000000634,IT,1,8,C
1635,CSE221635,Student_635,Female,student635@mail.com,9000000635,AI,1,6,B
1636,CSE221636,Student_636,Male,student636@mail.com,9000000636,ECE,3,1,C
1637,CSE221637,Student_637,Female,student637@mail.com,9000000637,AI,2,7,B
1638,CSE221638,Student_638,Female,student638@mail.com,9000000638,ECE,2,5,B
1639,CSE221639,Student_639,Female,student639@mail.com,9000000639,IT,4,5,A
1640,CSE221640,Student_640,Male,student640@mail.com,9000000640,CSE,1,1,C
1641,CSE221641,Student_641,Female,student641@mail.com,9000000641,ECE,3,7,B
1642,CSE221642,Student_642,Male,student642@mail.com,9000000642,ECE,1,8,A
1643,CSE221643,Student_643,Male,student643@mail.com,9000000643,ECE,4,7,C
1644,CSE221644,Student_644,Male,student644@mail.com,9000000644,AI,4,5,A
1645,CSE221645,Student_645,Male,student645@mail.com,9000000645,DS,2,3,A
1646,CSE221646,Student_646,Female,student646@mail.com,9000000646,AI,3,6,A
1647,CSE221647,Student_647,Female,student647@mail.com,9000000647,ECE,3,8,C
1648,CSE221648,Student_648,Female,student648@mail.com,9000000648,IT,4,8,B
1649,CSE221649,Student_649,Male,student649@mail.com,9000000649,ECE,1,6,C
1650,CSE221650,Student_650,Male,student650@mail.com,9000000650,DS,3,6,B
1651,CSE221651,Student_651,Male,student651@mail.com,9000000651,DS,4,1,A
1652,CSE221652,Student_652,Male,student652@mail.com,9000000652,ECE,2,6,C
1653,CSE221653,Student_653,Male,student653@mail.com,9000000653,CSE,4,2,A
1654,CSE221654,Student_654,Female,student654@mail.com,9000000654,DS,3,6,C
1655,CSE221655,Student_655,Male,student655@mail.com,9000000655,ECE,4,4,C
1656,CSE221656,Student_656,Female,student656@mail.com,9000000656,CSE,4,4,A
1657,CSE221657,Student_657,Male,student657@mail.com,9000000657,IT,2,3,B
1658,CSE221658,Student_658,Female,student658@mail.com,9000000658,IT,1,3,A
1659,CSE221659,Student_659,Female,student659@mail.com,9000000659,AI,1,1,C
1660,CSE221660,Student_660,Female,student660@mail.com,9000000660,CSE,4,8,C
1661,CSE221661,Student_661,Male,student661@mail.com,9000000661,CSE,3,3,B
1662,CSE221662,Student_662,Female,student662@mail.com,9000000662,AI,1,7,C
1663,CSE221663,Student_663,Male,student663@mail.com,9000000663,IT,3,1,A
1664,CSE221664,Student_664,Female,student664@mail.com,9000000664,AI,3,6,C
1665,CSE221665,Student_665,Female,student665@mail.com,9000000665,ECE,3,4,B
1666,CSE221666,Student_666,Female,student666@mail.com,9000000666,CSE,1,4,C
1667,CSE221667,Student_667,Female,student667@mail.com,9000000667,ECE,2,8,A
1668,CSE221668,Student_668,Male,student668@mail.com,9000000668,CSE,4,8,B
1669,CSE221669,Student_669,Male,student669@mail.com,9000000669,IT,1,6,A
1670,CSE221670,Student_670,Male,student670@mail.com,9000000670,DS,1,7,A
1671,CSE221671,Student_671,Male,student671@mail.com,9000000671,IT,4,3,B
1672,CSE221672,Student_672,Female,student672@mail.com,9000000672,ECE,2,8,B
1673,CSE221673,Student_673,Female,student673@mail.com,9000000673,IT,2,4,C
1674,CSE221674,Student_674,Female,student674@mail.com,9000000674,IT,2,1,A
1675,CSE221675,Student_675,Male,student675@mail.com,9000000675,AI,3,2,C
1676,CSE221676,Student_676,Female,student676@mail.com,9000000676,DS,1,7,A
1677,CSE221677,Student_677,Male,student677@mail.com,9000000677,CSE,2,4,B
1678,CSE221678,Student_678,Male,student678@mail.com,9000000678,AI,3,1,A
1679,CSE221679,Student_679,Female,student679@mail.com,9000000679,ECE,3,3,A
1680,CSE221680,Student_680,Male,student680@mail.com,9000000680,IT,2,3,A
1681,CSE221681,Student_681,Female,student681@mail.com,9000000681,DS,1,8,B
1682,CSE221682,Student_682,Male,student682@mail.com,9000000682,CSE,1,5,B
1683,CSE221683,Student_683,Female,student683@mail.com,9000000683,DS,3,4,B
1684,CSE221684,Student_684,Male,student684@mail.com,9000000684,AI,3,7,A
1685,CSE221685,Student_685,Male,student685@mail.com,9000000685,ECE,4,4,A
1686,CSE221686,Student_686,Female,student686@mail.com,9000000686,IT,3,4,B
1687,CSE221687,Student_687,Female,student687@mail.com,9000000687,AI,4,2,A
1688,CSE221688,Student_688,Female,student688@mail.com,9000000688,CSE,4,3,B
1689,CSE221689,Student_689,Male,student689@mail.com,9000000689,ECE,1,5,A
1690,CSE221690,Student_690,Male,student690@mail.com,9000000690,CSE,2,5,B
1691,CSE221691,Student_691,Male,student691@mail.com,9000000691,DS,3,5,C
1692,CSE221692,Student_692,Female,student692@mail.com,9000000692,CSE,3,6,C
1693,CSE221693,Student_693,Female,student693@mail.com,9000000693,AI,2,1,C
1694,CSE221694,Student_694,Female,student694@mail.com,9000000694,IT,1,2,A
1695,CSE221695,Student_695,Female,student695@mail.com,9000000695,IT,2,5,C
1696,CSE221696,Student_696,Female,student696@mail.com,9000000696,AI,3,2,C
1697,CSE221697,Student_697,Male,student697@mail.com,9000000697,IT,3,2,B
1698,CSE221698,Student_698,Female,student698@mail.com,9000000698,DS,4,5,A
1699,CSE221699,Student_699,Male,student699@mail.com,9000000699,IT,3,4,A
1700,CSE221700,Student_700,Female,student700@mail.com,9000000700,AI,3,3,C
1701,CSE221701,Student_701,Male,student701@mail.com,9000000701,IT,3,5,C
1702,CSE221702,Student_702,Female,student702@mail.com,9000000702,CSE,3,8,A
1703,CSE221703,Student_703,Female,student703@mail.com,9000000703,IT,1,7,C
1704,CSE221704,Student_704,Male,student704@mail.com,9000000704,ECE,2,3,B
1705,CSE221705,Student_705,Male,student705@mail.com,9000000705,AI,4,1,C
1706,CSE221706,Student_706,Male,student706@mail.com,9000000706,IT,1,3,A
1707,CSE221707,Student_707,Female,student707@mail.com,9000000707,ECE,2,6,B
1708,CSE221708,Student_708,Male,student708@mail.com,9000000708,IT,1,4,B
1709,CSE221709,Student_709,Male,student709@mail.com,9000000709,IT,3,4,B
1710,CSE221710,Student_710,Female,student710@mail.com,9000000710,DS,3,3,B
1711,CSE221711,Student_711,Female,student711@mail.com,9000000711,IT,1,5,C
1712,CSE221712,Student_712,Female,student712@mail.com,9000000712,AI,1,1,A
1713,CSE221713,Student_713,Male,student713@mail.com,9000000713,CSE,2,7,A
1714,CSE221714,Student_714,Male,student714@mail.com,9000000714,IT,4,5,A
1715,CSE221715,Student_715,Female,student715@mail.com,9000000715,IT,4,4,C
1716,CSE221716,Student_716,Male,student716@mail.com,9000000716,IT,4,5,A
1717,CSE221717,Student_717,Female,student717@mail.com,9000000717,CSE,2,6,B
1718,CSE221718,Student_718,Female,student718@mail.com,9000000718,CSE,3,8,B
1719,CSE221719,Student_719,Male,student719@mail.com,9000000719,DS,3,2,C
1720,CSE221720,Student_720,Female,student720@mail.com,9000000720,AI,1,5,B
1721,CSE221721,Student_721,Female,student721@mail.com,9000000721,IT,2,7,B
1722,CSE221722,Student_722,Female,student722@mail.com,9000000722,IT,1,3,A
1723,CSE221723,Student_723,Female,student723@mail.com,9000000723,AI,4,8,A
1724,CSE221724,Student_724,Male,student724@mail.com,9000000724,IT,1,4,A
1725,CSE221725,Student_725,Male,student725@mail.com,9000000725,DS,1,4,B
1726,CSE221726,Student_726,Female,student726@mail.com,9000000726,CSE,3,1,B
1727,CSE221727,Student_727,Male,student727@mail.com,9000000727,ECE,4,5,C
1728,CSE221728,Student_728,Female,student728@mail.com,9000000728,ECE,3,1,A
1729,CSE221729,Student_729,Female,student729@mail.com,9000000729,IT,3,5,A
1730,CSE221730,Student_730,Male,student730@mail.com,9000000730,AI,4,4,A
1731,CSE221731,Student_731,Male,student731@mail.com,9000000731,AI,3,5,B
1732,CSE221732,Student_732,Female,student732@mail.com,9000000732,DS,3,5,B
1733,CSE221733,Student_733,Female,student733@mail.com,9000000733,ECE,3,3,C
1734,CSE221734,Student_734,Male,student734@mail.com,9000000734,ECE,4,6,B
1735,CSE221735,Student_735,Male,student735@mail.com,9000000735,AI,2,8,B
1736,CSE221736,Student_736,Female,student736@mail.com,9000000736,AI,1,7,A
1737,CSE221737,Student_737,Female,student737@mail.com,9000000737,CSE,1,7,C
1738,CSE221738,Student_738,Male,student738@mail.com,9000000738,AI,2,8,C
1739,CSE221739,Student_739,Male,student739@mail.com,9000000739,AI,2,1,B
1740,CSE221740,Student_740,Female,student740@mail.com,9000000740,IT,2,5,B
1741,CSE221741,Student_741,Male,student741@mail.com,9000000741,CSE,3,2,A
1742,CSE221742,Student_742,Female,student742@mail.com,9000000742,CSE,3,5,C
1743,CSE221743,Student_743,Female,student743@mail.com,9000000743,IT,3,6,C
1744,CSE221744,Student_744,Male,student744@mail.com,9000000744,CSE,3,2,C
1745,CSE221745,Student_745,Female,student745@mail.com,9000000745,ECE,3,7,A
1746,CSE221746,Student_746,Male,student746@mail.com,9000000746,CSE,2,8,A
1747,CSE221747,Student_747,Female,student747@mail.com,9000000747,AI,1,6,C
1748,CSE221748,Student_748,Male,student748@mail.com,9000000748,AI,1,1,B
1749,CSE221749,Student_749,Male,student749@mail.com,9000000749,AI,3,2,A
1750,CSE221750,Student_750,Male,student750@mail.com,9000000750,IT,3,7,C
1751,CSE221751,Student_751,Male,student751@mail.com,9000000751,ECE,2,4,C
1752,CSE221752,Student_752,Female,student752@mail.com,9000000752,CSE,3,4,B
1753,CSE221753,Student_753,Female,student753@mail.com,9000000753,ECE,1,1,C
1754,CSE221754,Student_754,Female,student754@mail.com,9000000754,AI,3,7,B
1755,CSE221755,Student_755,Male,student755@mail.com,9000000755,CSE,3,1,C
1756,CSE221756,Student_756,Male,student756@mail.com,9000000756,IT,1,5,C
1757,CSE221757,Student_757,Male,student757@mail.com,9000000757,ECE,2,2,C
1758,CSE221758,Student_758,Male,student758@mail.com,9000000758,DS,3,5,A
1759,CSE221759,Student_759,Male,student759@mail.com,9000000759,AI,3,8,A
1760,CSE221760,Student_760,Female,student760@mail.com,9000000760,IT,1,5,C
1761,CSE221761,Student_761,Female,student761@mail.com,9000000761,DS,4,5,C
1762,CSE221762,Student_762,Female,student762@mail.com,9000000762,AI,2,3,B
1763,CSE221763,Student_763,Male,student763@mail.com,9000000763,CSE,2,4,A
1764,CSE221764,Student_764,Female,student764@mail.com,9000000764,IT,3,8,A
1765,CSE221765,Student_765,Female,student765@mail.com,9000000765,ECE,2,2,B
1766,CSE221766,Student_766,Female,student766@mail.com,9000000766,CSE,1,7,B
1767,CSE221767,Student_767,Male,student767@mail.com,9000000767,IT,4,1,A
1768,CSE221768,Student_768,Female,student768@mail.com,9000000768,AI,1,8,B
1769,CSE221769,Student_769,Female,student769@mail.com,9000000769,AI,3,8,B
1770,CSE221770,Student_770,Male,student770@mail.com,9000000770,AI,3,2,A
1771,CSE221771,Student_771,Female,student771@mail.com,9000000771,IT,4,4,B
1772,CSE221772,Student_772,Male,student772@mail.com,9000000772,AI,2,4,A
1773,CSE221773,Student_773,Male,student773@mail.com,9000000773,DS,3,2,B
1774,CSE221774,Student_774,Female,student774@mail.com,9000000774,CSE,4,7,B
1775,CSE221775,Student_775,Male,student775@mail.com,9000000775,ECE,1,7,B
1776,CSE221776,Student_776,Female,student776@mail.com,9000000776,ECE,1,8,C
1777,CSE221777,Student_777,Female,student777@mail.com,9000000777,CSE,1,1,B
1778,CSE221778,Student_778,Female,student778@mail.com,9000000778,ECE,3,2,C
1779,CSE221779,Student_779,Female,student779@mail.com,9000000779,AI,4,8,B
1780,CSE221780,Student_780,Female,student780@mail.com,9000000780,AI,3,6,C
1781,CSE221781,Student_781,Male,student781@mail.com,9000000781,DS,1,5,C
1782,CSE221782,Student_782,Female,student782@mail.com,9000000782,CSE,1,1,A
1783,CSE221783,Student_783,Female,student783@mail.com,9000000783,DS,3,4,C
1784,CSE221784,Student_784,Female,student784@mail.com,9000000784,AI,1,6,A
1785,CSE221785,Student_785,Female,student785@mail.com,9000000785,CSE,3,1,B
1786,CSE221786,Student_786,Male,student786@mail.com,9000000786,ECE,1,5,B
1787,CSE221787,Student_787,Female,student787@mail.com,9000000787,AI,2,7,A
1788,CSE221788,Student_788,Male,student788@mail.com,9000000788,AI,4,2,C
1789,CSE221789,Student_789,Male,student789@mail.com,9000000789,DS,1,2,B
1790,CSE221790,Student_790,Female,student790@mail.com,9000000790,IT,3,8,B
1791,CSE221791,Student_791,Female,student791@mail.com,9000000791,IT,1,6,C
1792,CSE221792,Student_792,Male,student792@mail.com,9000000792,AI,2,7,B
1793,CSE221793,Student_793,Male,student793@mail.com,9000000793,DS,2,8,A
1794,CSE221794,Student_794,Male,student794@mail.com,9000000794,DS,3,8,C
1795,CSE221795,Student_795,Male,student795@mail.com,9000000795,ECE,1,6,C
1796,CSE221796,Student_796,Female,student796@mail.com,9000000796,DS,4,4,B
1797,CSE221797,Student_797,Female,student797@mail.com,9000000797,AI,2,2,A
1798,CSE221798,Student_798,Male,student798@mail.com,9000000798,IT,3,6,A
1799,CSE221799,Student_799,Male,student799@mail.com,9000000799,IT,1,5,B
1800,CSE221800,Student_800,Male,student800@mail.com,9000000800,DS,1,2,A
1801,CSE221801,Student_801,Female,student801@mail.com,9000000801,IT,4,4,A
1802,CSE221802,Student_802,Female,student802@mail.com,9000000802,CSE,3,3,A
1803,CSE221803,Student_803,Male,student803@mail.com,9000000803,ECE,3,3,B
1804,CSE221804,Student_804,Female,student804@mail.com,9000000804,CSE,2,5,B
1805,CSE221805,Student_805,Female,student805@mail.com,9000000805,AI,4,7,C
1806,CSE221806,Student_806,Female,student806@mail.com,9000000806,AI,4,2,B
1807,CSE221807,Student_807,Female,student807@mail.com,9000000807,DS,2,5,C
1808,CSE221808,Student_808,Male,student808@mail.com,9000000808,AI,2,4,B
1809,CSE221809,Student_809,Male,student809@mail.com,9000000809,ECE,3,3,C
1810,CSE221810,Student_810,Male,student810@mail.com,9000000810,AI,4,3,C
1811,CSE221811,Student_811,Male,student811@mail.com,9000000811,CSE,1,4,C
1812,CSE221812,Student_812,Male,student812@mail.com,9000000812,DS,4,4,A
1813,CSE221813,Student_813,Female,student813@mail.com,9000000813,AI,4,5,B
1814,CSE221814,Student_814,Male,student814@mail.com,9000000814,IT,2,7,C
1815,CSE221815,Student_815,Female,student815@mail.com,9000000815,ECE,1,3,A
1816,CSE221816,Student_816,Female,student816@mail.com,9000000816,AI,4,2,B
1817,CSE221817,Student_817,Male,student817@mail.com,9000000817,AI,1,8,A
1818,CSE221818,Student_818,Female,student818@mail.com,9000000818,DS,3,3,A
1819,CSE221819,Student_819,Male,student819@mail.com,9000000819,IT,3,3,C
1820,CSE221820,Student_820,Female,student820@mail.com,9000000820,AI,1,5,B
1821,CSE221821,Student_821,Female,student821@mail.com,9000000821,IT,3,2,C
1822,CSE221822,Student_822,Male,student822@mail.com,9000000822,DS,2,4,C
1823,CSE221823,Student_823,Male,student823@mail.com,9000000823,ECE,3,1,B
1824,CSE221824,Student_824,Male,student824@mail.com,9000000824,IT,3,7,C
1825,CSE221825,Student_825,Female,student825@mail.com,9000000825,CSE,3,1,A
1826,CSE221826,Student_826,Female,student826@mail.com,9000000826,IT,4,2,A
1827,CSE221827,Student_827,Male,student827@mail.com,9000000827,ECE,3,5,C
1828,CSE221828,Student_828,Female,student828@mail.com,9000000828,ECE,3,3,C
1829,CSE221829,Student_829,Male,student829@mail.com,9000000829,CSE,2,2,C
1830,CSE221830,Student_830,Male,student830@mail.com,9000000830,CSE,1,4,C
1831,CSE221831,Student_831,Female,student831@mail.com,9000000831,AI,3,4,B
1832,CSE221832,Student_832,Female,student832@mail.com,9000000832,IT,3,2,A
1833,CSE221833,Student_833,Male,student833@mail.com,9000000833,DS,1,2,B
1834,CSE221834,Student_834,Male,student834@mail.com,9000000834,DS,3,6,C
1835,CSE221835,Student_835,Female,student835@mail.com,9000000835,AI,2,3,B
1836,CSE221836,Student_836,Female,student836@mail.com,9000000836,CSE,2,6,A
1837,CSE221837,Student_837,Female,student837@mail.com,9000000837,DS,1,2,B
1838,CSE221838,Student_838,Female,student838@mail.com,9000000838,DS,2,1,A
1839,CSE221839,Student_839,Male,student839@mail.com,9000000839,IT,3,3,B
1840,CSE221840,Student_840,Female,student840@mail.com,9000000840,CSE,4,5,B
1841,CSE221841,Student_841,Male,student841@mail.com,9000000841,ECE,2,2,A
1842,CSE221842,Student_842,Male,student842@mail.com,9000000842,DS,1,7,B
1843,CSE221843,Student_843,Male,student843@mail.com,9000000843,AI,1,5,B
1844,CSE221844,Student_844,Female,student844@mail.com,9000000844,ECE,3,1,B
1845,CSE221845,Student_845,Male,student845@mail.com,9000000845,ECE,4,1,B
1846,CSE221846,Student_846,Female,student846@mail.com,9000000846,ECE,3,4,C
1847,CSE221847,Student_847,Female,student847@mail.com,9000000847,CSE,2,2,B
1848,CSE221848,Student_848,Male,student848@mail.com,9000000848,CSE,2,3,A
1849,CSE221849,Student_849,Female,student849@mail.com,9000000849,AI,3,5,A
1850,CSE221850,Student_850,Male,student850@mail.com,9000000850,IT,4,1,C
1851,CSE221851,Student_851,Female,student851@mail.com,9000000851,DS,4,5,C
1852,CSE221852,Student_852,Female,student852@mail.com,9000000852,AI,1,6,B
1853,CSE221853,Student_853,Female,student853@mail.com,9000000853,IT,4,1,A
1854,CSE221854,Student_854,Female,student854@mail.com,9000000854,AI,3,5,A
1855,CSE221855,Student_855,Female,student855@mail.com,9000000855,CSE,4,4,A
1856,CSE221856,Student_856,Female,student856@mail.com,9000000856,ECE,1,3,A
1857,CSE221857,Student_857,Female,student857@mail.com,9000000857,AI,3,8,A
1858,CSE221858,Student_858,Male,student858@mail.com,9000000858,CSE,4,6,C
1859,CSE221859,Student_859,Male,student859@mail.com,9000000859,DS,4,1,C
1860,CSE221860,Student_860,Male,student860@mail.com,9000000860,IT,4,2,C
1861,CSE221861,Student_861,Female,student861@mail.com,9000000861,CSE,2,4,B
1862,CSE221862,Student_862,Female,student862@mail.com,9000000862,AI,4,6,B
1863,CSE221863,Student_863,Female,student863@mail.com,9000000863,DS,2,1,A
1864,CSE221864,Student_864,Female,student864@mail.com,9000000864,AI,1,4,A
1865,CSE221865,Student_865,Female,student865@mail.com,9000000865,AI,3,4,B
1866,CSE221866,Student_866,Male,student866@mail.com,9000000866,DS,1,2,C
1867,CSE221867,Student_867,Male,student867@mail.com,9000000867,ECE,1,3,C
1868,CSE221868,Student_868,Female,student868@mail.com,9000000868,DS,4,6,C
1869,CSE221869,Student_869,Male,student869@mail.com,9000000869,AI,3,1,B
1870,CSE221870,Student_870,Female,student870@mail.com,9000000870,CSE,1,6,A
1871,CSE221871,Student_871,Male,student871@mail.com,9000000871,AI,4,2,B
1872,CSE221872,Student_872,Male,student872@mail.com,9000000872,ECE,4,8,B
1873,CSE221873,Student_873,Male,student873@mail.com,9000000873,IT,4,4,A
1874,CSE221874,Student_874,Female,student874@mail.com,9000000874,CSE,2,2,C
1875,CSE221875,Student_875,Female,student875@mail.com,9000000875,DS,2,8,A
1876,CSE221876,Student_876,Female,student876@mail.com,9000000876,DS,1,7,A
1877,CSE221877,Student_877,Female,student877@mail.com,9000000877,CSE,1,1,B
1878,CSE221878,Student_878,Female,student878@mail.com,9000000878,CSE,3,3,B
1879,CSE221879,Student_879,Male,student879@mail.com,9000000879,AI,2,7,C
1880,CSE221880,Student_880,Male,student880@mail.com,9000000880,AI,2,6,C
1881,CSE221881,Student_881,Female,student881@mail.com,9000000881,AI,4,3,B
1882,CSE221882,Student_882,Male,student882@mail.com,9000000882,DS,3,7,A
1883,CSE221883,Student_883,Male,student883@mail.com,9000000883,ECE,2,1,C
1884,CSE221884,Student_884,Male,student884@mail.com,9000000884,ECE,3,1,C
1885,CSE221885,Student_885,Female,student885@mail.com,9000000885,IT,1,8,B
1886,CSE221886,Student_886,Female,student886@mail.com,9000000886,ECE,2,4,A
1887,CSE221887,Student_887,Female,student887@mail.com,9000000887,ECE,2,4,A
1888,CSE221888,Student_888,Female,student888@mail.com,9000000888,IT,1,8,C
1889,CSE221889,Student_889,Female,student889@mail.com,9000000889,AI,3,7,A
1890,CSE221890,Student_890,Male,student890@mail.com,9000000890,CSE,4,4,C
1891,CSE221891,Student_891,Male,student891@mail.com,9000000891,CSE,2,1,C
1892,CSE221892,Student_892,Male,student892@mail.com,9000000892,ECE,4,8,A
1893,CSE221893,Student_893,Female,student893@mail.com,9000000893,AI,1,3,B
1894,CSE221894,Student_894,Male,student894@mail.com,9000000894,CSE,3,6,C
1895,CSE221895,Student_895,Female,student895@mail.com,9000000895,DS,2,7,A
1896,CSE221896,Student_896,Male,student896@mail.com,9000000896,CSE,3,4,B
1897,CSE221897,Student_897,Female,student897@mail.com,9000000897,DS,4,7,A
1898,CSE221898,Student_898,Male,student898@mail.com,9000000898,IT,1,2,B
1899,CSE221899,Student_899,Male,student899@mail.com,9000000899,CSE,3,7,B
1900,CSE221900,Student_900,Female,student900@mail.com,9000000900,CSE,2,2,B
1901,CSE221901,Student_901,Female,student901@mail.com,9000000901,ECE,1,3,A
1902,CSE221902,Student_902,Male,student902@mail.com,9000000902,AI,1,6,A
1903,CSE221903,Student_903,Female,student903@mail.com,9000000903,AI,3,3,B
1904,CSE221904,Student_904,Male,student904@mail.com,9000000904,IT,2,4,A
1905,CSE221905,Student_905,Female,student905@mail.com,9000000905,IT,1,7,B
1906,CSE221906,Student_906,Female,student906@mail.com,9000000906,AI,4,1,C
1907,CSE221907,Student_907,Male,student907@mail.com,9000000907,AI,2,8,B
1908,CSE221908,Student_908,Male,student908@mail.com,9000000908,AI,2,5,A
1909,CSE221909,Student_909,Female,student909@mail.com,9000000909,CSE,2,5,C
1910,CSE221910,Student_910,Female,student910@mail.com,9000000910,DS,2,7,A
1911,CSE221911,Student_911,Male,student911@mail.com,9000000911,DS,2,5,A
1912,CSE221912,Student_912,Male,student912@mail.com,9000000912,ECE,4,7,A
1913,CSE221913,Student_913,Male,student913@mail.com,9000000913,CSE,2,6,C
1914,CSE221914,Student_914,Male,student914@mail.com,9000000914,ECE,4,7,A
1915,CSE221915,Student_915,Male,student915@mail.com,9000000915,IT,3,4,C
1916,CSE221916,Student_916,Female,student916@mail.com,9000000916,DS,1,6,C
1917,CSE221917,Student_917,Male,student917@mail.com,9000000917,DS,1,7,C
1918,CSE221918,Student_918,Male,student918@mail.com,9000000918,ECE,3,1,B
1919,CSE221919,Student_919,Male,student919@mail.com,9000000919,CSE,4,2,B
1920,CSE221920,Student_920,Female,student920@mail.com,9000000920,AI,3,3,A
1921,CSE221921,Student_921,Male,student921@mail.com,9000000921,DS,4,5,A
1922,CSE221922,Student_922,Male,student922@mail.com,9000000922,ECE,1,7,B
1923,CSE221923,Student_923,Female,student923@mail.com,9000000923,IT,3,5,C
1924,CSE221924,Student_924,Male,student924@mail.com,9000000924,DS,2,1,A
1925,CSE221925,Student_925,Female,student925@mail.com,9000000925,IT,1,3,B
1926,CSE221926,Student_926,Male,student926@mail.com,9000000926,ECE,1,4,A
1927,CSE221927,Student_927,Female,student927@mail.com,9000000927,DS,3,5,C
1928,CSE221928,Student_928,Female,student928@mail.com,9000000928,AI,1,8,A
1929,CSE221929,Student_929,Female,student929@mail.com,9000000929,DS,4,7,A
1930,CSE221930,Student_930,Female,student930@mail.com,9000000930,AI,1,5,B
1931,CSE221931,Student_931,Female,student931@mail.com,9000000931,AI,4,7,C
1932,CSE221932,Student_932,Male,student932@mail.com,9000000932,DS,1,5,A
1933,CSE221933,Student_933,Female,student933@mail.com,9000000933,CSE,4,6,C
1934,CSE221934,Student_934,Male,student934@mail.com,9000000934,CSE,4,2,A
1935,CSE221935,Student_935,Female,student935@mail.com,9000000935,ECE,4,3,A
1936,CSE221936,Student_936,Male,student936@mail.com,9000000936,AI,2,5,B
1937,CSE221937,Student_937,Female,student937@mail.com,9000000937,IT,1,5,C
1938,CSE221938,Student_938,Male,student938@mail.com,9000000938,DS,2,8,A
1939,CSE221939,Student_939,Female,student939@mail.com,9000000939,IT,3,3,C
1940,CSE221940,Student_940,Female,student940@mail.com,9000000940,AI,3,8,C
1941,CSE221941,Student_941,Male,student941@mail.com,9000000941,ECE,3,7,C
1942,CSE221942,Student_942,Male,student942@mail.com,9000000942,AI,4,1,C
1943,CSE221943,Student_943,Female,student943@mail.com,9000000943,ECE,2,1,B
1944,CSE221944,Student_944,Female,student944@mail.com,9000000944,AI,2,8,C
1945,CSE221945,Student_945,Male,student945@mail.com,9000000945,IT,4,6,B
1946,CSE221946,Student_946,Male,student946@mail.com,9000000946,ECE,3,2,B
1947,CSE221947,Student_947,Female,student947@mail.com,9000000947,IT,2,8,C
1948,CSE221948,Student_948,Female,student948@mail.com,9000000948,ECE,3,1,C
1949,CSE221949,Student_949,Male,student949@mail.com,9000000949,CSE,4,2,A
1950,CSE221950,Student_950,Female,student950@mail.com,9000000950,AI,4,5,C
1951,CSE221951,Student_951,Male,student951@mail.com,9000000951,AI,1,5,C
1952,CSE221952,Student_952,Female,student952@mail.com,9000000952,ECE,2,6,B
1953,CSE221953,Student_953,Female,student953@mail.com,9000000953,IT,4,5,B
1954,CSE221954,Student_954,Female,student954@mail.com,9000000954,DS,2,1,B
1955,CSE221955,Student_955,Female,student955@mail.com,9000000955,DS,2,7,C
1956,CSE221956,Student_956,Male,student956@mail.com,9000000956,ECE,3,8,A
1957,CSE221957,Student_957,Female,student957@mail.com,9000000957,CSE,2,5,A
1958,CSE221958,Student_958,Female,student958@mail.com,9000000958,CSE,4,1,B
1959,CSE221959,Student_959,Female,student959@mail.com,9000000959,DS,1,8,A
1960,CSE221960,Student_960,Female,student960@mail.com,9000000960,CSE,4,5,B
1961,CSE221961,Student_961,Male,student961@mail.com,9000000961,CSE,3,5,C
1962,CSE221962,Student_962,Female,student962@mail.com,9000000962,ECE,3,7,B
1963,CSE221963,Student_963,Male,student963@mail.com,9000000963,AI,4,3,C
1964,CSE221964,Student_964,Male,student964@mail.com,9000000964,IT,2,2,B
1965,CSE221965,Student_965,Female,student965@mail.com,9000000965,CSE,2,2,B
1966,CSE221966,Student_966,Male,student966@mail.com,9000000966,DS,2,6,C
1967,CSE221967,Student_967,Male,student967@mail.com,9000000967,DS,3,6,C
1968,CSE221968,Student_968,Male,student968@mail.com,9000000968,CSE,2,3,C
1969,CSE221969,Student_969,Male,student969@mail.com,9000000969,CSE,3,6,C
1970,CSE221970,Student_970,Female,student970@mail.com,9000000970,CSE,2,1,C
1971,CSE221971,Student_971,Male,student971@mail.com,9000000971,IT,2,7,C
1972,CSE221972,Student_972,Female,student972@mail.com,9000000972,IT,2,1,A
1973,CSE221973,Student_973,Male,student973@mail.com,9000000973,DS,1,6,A
1974,CSE221974,Student_974,Male,student974@mail.com,9000000974,IT,3,4,C
1975,CSE221975,Student_975,Female,student975@mail.com,9000000975,ECE,2,5,A
1976,CSE221976,Student_976,Female,student976@mail.com,9000000976,IT,3,1,C
1977,CSE221977,Student_977,Female,student977@mail.com,9000000977,IT,4,4,B
1978,CSE221978,Student_978,Female,student978@mail.com,9000000978,AI,4,3,A
1979,CSE221979,Student_979,Female,student979@mail.com,9000000979,IT,4,6,A
1980,CSE221980,Student_980,Male,student980@mail.com,9000000980,IT,2,6,A
1981,CSE221981,Student_981,Female,student981@mail.com,9000000981,CSE,1,2,C
1982,CSE221982,Student_982,Male,student982@mail.com,9000000982,DS,3,6,C
1983,CSE221983,Student_983,Male,student983@mail.com,9000000983,DS,4,6,C
1984,CSE221984,Student_984,Female,student984@mail.com,9000000984,AI,1,1,B
1985,CSE221985,Student_985,Female,student985@mail.com,9000000985,DS,1,1,C
1986,CSE221986,Student_986,Female,student986@mail.com,9000000986,CSE,1,5,B
1987,CSE221987,Student_987,Female,student987@mail.com,9000000987,IT,1,6,A
1988,CSE221988,Student_988,Female,student988@mail.com,9000000988,IT,4,3,B
1989,CSE221989,Student_989,Male,student989@mail.com,9000000989,AI,2,2,B
1990,CSE221990,Student_990,Male,student990@mail.com,9000000990,DS,1,6,C
1991,CSE221991,Student_991,Male,student991@mail.com,9000000991,ECE,1,5,C
1992,CSE221992,Student_992,Female,student992@mail.com,9000000992,CSE,2,1,B
1993,CSE221993,Student_993,Female,student993@mail.com,9000000993,DS,3,1,A
1994,CSE221994,Student_994,Male,student994@mail.com,9000000994,IT,1,1,C
1995,CSE221995,Student_995,Male,student995@mail.com,9000000995,DS,2,8,B
1996,CSE221996,Student_996,Female,student996@mail.com,9000000996,ECE,3,1,A
1997,CSE221997,Student_997,Male,student997@mail.com,9000000997,ECE,3,8,C
1998,CSE221998,Student_998,Female,student998@mail.com,9000000998,DS,4,3,C
1999,CSE221999,Student_999,Male,student999@mail.com,9000000999,ECE,1,8,A
2000,CSE222000,Student_1000,Female,student1000@mail.com,9000001000,AI,3,1,C
2001,CSE222001,Student_1001,Female,student1001@mail.com,9000001001,AI,2,2,A
2002,CSE222002,Student_1002,Female,student1002@mail.com,9000001002,DS,4,5,B
2003,CSE222003,Student_1003,Female,student1003@mail.com,9000001003,CSE,2,2,C
2004,CSE222004,Student_1004,Female,student1004@mail.com,9000001004,DS,1,1,B
2005,CSE222005,Student_1005,Female,student1005@mail.com,9000001005,DS,4,6,A
2006,CSE222006,Student_1006,Male,student1006@mail.com,9000001006,ECE,4,7,C
2007,CSE222007,Student_1007,Male,student1007@mail.com,9000001007,AI,3,3,B
2008,CSE222008,Student_1008,Female,student1008@mail.com,9000001008,DS,3,3,A
2009,CSE222009,Student_1009,Male,student1009@mail.com,9000001009,AI,3,4,A
2010,CSE222010,Student_1010,Male,student1010@mail.com,9000001010,DS,4,2,A
2011,CSE222011,Student_1011,Female,student1011@mail.com,9000001011,CSE,3,2,C
2012,CSE222012,Student_1012,Female,student1012@mail.com,9000001012,ECE,1,4,B
2013,CSE222013,Student_1013,Male,student1013@mail.com,9000001013,AI,3,4,C
2014,CSE222014,Student_1014,Male,student1014@mail.com,9000001014,CSE,2,6,C
2015,CSE222015,Student_1015,Female,student1015@mail.com,9000001015,CSE,3,4,C
2016,CSE222016,Student_1016,Male,student1016@mail.com,9000001016,AI,3,4,C
2017,CSE222017,Student_1017,Male,student1017@mail.com,9000001017,ECE,4,7,B
2018,CSE222018,Student_1018,Female,student1018@mail.com,9000001018,DS,2,8,A
2019,CSE222019,Student_1019,Female,student1019@mail.com,9000001019,DS,2,7,A
2020,CSE222020,Student_1020,Male,student1020@mail.com,9000001020,AI,3,1,C
2021,CSE222021,Student_1021,Female,student1021@mail.com,9000001021,CSE,2,4,B
2022,CSE222022,Student_1022,Female,student1022@mail.com,9000001022,IT,1,7,A
2023,CSE222023,Student_1023,Male,student1023@mail.com,9000001023,AI,3,4,B
2024,CSE222024,Student_1024,Female,student1024@mail.com,9000001024,IT,1,3,C
2025,CSE222025,Student_1025,Male,student1025@mail.com,9000001025,ECE,4,2,B
2026,CSE222026,Student_1026,Female,student1026@mail.com,9000001026,CSE,4,7,B
2027,CSE222027,Student_1027,Male,student1027@mail.com,9000001027,AI,1,3,B
2028,CSE222028,Student_1028,Female,student1028@mail.com,9000001028,CSE,1,4,A
2029,CSE222029,Student_1029,Female,student1029@mail.com,9000001029,ECE,1,6,A
2030,CSE222030,Student_1030,Male,student1030@mail.com,9000001030,AI,4,4,A
2031,CSE222031,Student_1031,Female,student1031@mail.com,9000001031,ECE,1,8,C
2032,CSE222032,Student_1032,Male,student1032@mail.com,9000001032,IT,1,8,B
2033,CSE222033,Student_1033,Female,student1033@mail.com,9000001033,DS,1,7,B
2034,CSE222034,Student_1034,Male,student1034@mail.com,9000001034,IT,1,2,A
2035,CSE222035,Student_1035,Male,student1035@mail.com,9000001035,AI,2,6,A
2036,CSE222036,Student_1036,Male,student1036@mail.com,9000001036,DS,1,4,B
2037,CSE222037,Student_1037,Female,student1037@mail.com,9000001037,ECE,4,3,B
2038,CSE222038,Student_1038,Female,student1038@mail.com,9000001038,CSE,4,4,B
2039,CSE222039,Student_1039,Female,student1039@mail.com,9000001039,AI,4,3,B
2040,CSE222040,Student_1040,Female,student1040@mail.com,9000001040,IT,3,7,C
2041,CSE222041,Student_1041,Male,student1041@mail.com,9000001041,DS,4,2,B
2042,CSE222042,Student_1042,Male,student1042@mail.com,9000001042,IT,1,6,C
2043,CSE222043,Student_1043,Male,student1043@mail.com,9000001043,IT,3,4,B
2044,CSE222044,Student_1044,Female,student1044@mail.com,9000001044,AI,3,5,B
2045,CSE222045,Student_1045,Female,student1045@mail.com,9000001045,CSE,3,1,C
2046,CSE222046,Student_1046,Female,student1046@mail.com,9000001046,CSE,1,1,B
2047,CSE222047,Student_1047,Male,student1047@mail.com,9000001047,ECE,2,6,C
2048,CSE222048,Student_1048,Female,student1048@mail.com,9000001048,IT,4,4,C
2049,CSE222049,Student_1049,Male,student1049@mail.com,9000001049,CSE,4,5,C
2050,CSE222050,Student_1050,Male,student1050@mail.com,9000001050,AI,2,6,A
2051,CSE222051,Student_1051,Female,student1051@mail.com,9000001051,IT,4,4,A
2052,CSE222052,Student_1052,Male,student1052@mail.com,9000001052,DS,4,8,C
2053,CSE222053,Student_1053,Female,student1053@mail.com,9000001053,IT,1,8,C
2054,CSE222054,Student_1054,Male,student1054@mail.com,9000001054,ECE,1,8,B
2055,CSE222055,Student_1055,Female,student1055@mail.com,9000001055,DS,4,4,A
2056,CSE222056,Student_1056,Female,student1056@mail.com,9000001056,DS,2,5,A
2057,CSE222057,Student_1057,Male,student1057@mail.com,9000001057,AI,2,7,B
2058,CSE222058,Student_1058,Male,student1058@mail.com,9000001058,IT,3,6,A
2059,CSE222059,Student_1059,Male,student1059@mail.com,9000001059,ECE,4,1,C
2060,CSE222060,Student_1060,Male,student1060@mail.com,9000001060,DS,4,6,C
2061,CSE222061,Student_1061,Female,student1061@mail.com,9000001061,ECE,3,6,A
2062,CSE222062,Student_1062,Female,student1062@mail.com,9000001062,IT,1,4,A
2063,CSE222063,Student_1063,Male,student1063@mail.com,9000001063,DS,1,4,B
2064,CSE222064,Student_1064,Male,student1064@mail.com,9000001064,IT,2,5,A
2065,CSE222065,Student_1065,Female,student1065@mail.com,9000001065,ECE,1,8,C
2066,CSE222066,Student_1066,Male,student1066@mail.com,9000001066,ECE,4,8,A
2067,CSE222067,Student_1067,Male,student1067@mail.com,9000001067,IT,4,3,B
2068,CSE222068,Student_1068,Female,student1068@mail.com,9000001068,ECE,4,8,A
2069,CSE222069,Student_1069,Male,student1069@mail.com,9000001069,CSE,2,3,C
2070,CSE222070,Student_1070,Female,student1070@mail.com,9000001070,IT,4,3,B
2071,CSE222071,Student_1071,Male,student1071@mail.com,9000001071,DS,3,8,A
2072,CSE222072,Student_1072,Male,student1072@mail.com,9000001072,IT,2,4,A
2073,CSE222073,Student_1073,Female,student1073@mail.com,9000001073,DS,3,1,B
2074,CSE222074,Student_1074,Female,student1074@mail.com,9000001074,ECE,3,3,B
2075,CSE222075,Student_1075,Male,student1075@mail.com,9000001075,AI,1,3,B
2076,CSE222076,Student_1076,Female,student1076@mail.com,9000001076,AI,3,4,C
2077,CSE222077,Student_1077,Male,student1077@mail.com,9000001077,CSE,4,4,C
2078,CSE222078,Student_1078,Female,student1078@mail.com,9000001078,CSE,1,3,C
2079,CSE222079,Student_1079,Male,student1079@mail.com,9000001079,DS,2,3,C
2080,CSE222080,Student_1080,Female,student1080@mail.com,9000001080,DS,3,3,A
2081,CSE222081,Student_1081,Female,student1081@mail.com,9000001081,DS,3,1,B
2082,CSE222082,Student_1082,Female,student1082@mail.com,9000001082,IT,1,7,B
2083,CSE222083,Student_1083,Female,student1083@mail.com,9000001083,CSE,4,3,B
2084,CSE222084,Student_1084,Female,student1084@mail.com,9000001084,CSE,1,7,C
2085,CSE222085,Student_1085,Male,student1085@mail.com,9000001085,ECE,4,5,A
2086,CSE222086,Student_1086,Male,student1086@mail.com,9000001086,CSE,1,7,A
2087,CSE222087,Student_1087,Female,student1087@mail.com,9000001087,CSE,3,6,B
2088,CSE222088,Student_1088,Female,student1088@mail.com,9000001088,IT,2,5,B
2089,CSE222089,Student_1089,Female,student1089@mail.com,9000001089,IT,1,3,B
2090,CSE222090,Student_1090,Male,student1090@mail.com,9000001090,CSE,2,5,B
2091,CSE222091,Student_1091,Male,student1091@mail.com,9000001091,IT,4,4,A
2092,CSE222092,Student_1092,Female,student1092@mail.com,9000001092,DS,4,3,B
2093,CSE222093,Student_1093,Female,student1093@mail.com,9000001093,AI,3,8,C
2094,CSE222094,Student_1094,Male,student1094@mail.com,9000001094,DS,2,4,A
2095,CSE222095,Student_1095,Male,student1095@mail.com,9000001095,IT,1,4,C
2096,CSE222096,Student_1096,Male,student1096@mail.com,9000001096,CSE,1,5,C
2097,CSE222097,Student_1097,Male,student1097@mail.com,9000001097,IT,2,6,C
2098,CSE222098,Student_1098,Male,student1098@mail.com,9000001098,DS,4,5,B
2099,CSE222099,Student_1099,Female,student1099@mail.com,9000001099,CSE,1,4,C
2100,CSE222100,Student_1100,Female,student1100@mail.com,9000001100,IT,2,5,C
2101,CSE222101,Student_1101,Female,student1101@mail.com,9000001101,CSE,4,2,C
2102,CSE222102,Student_1102,Male,student1102@mail.com,9000001102,CSE,1,7,A
2103,CSE222103,Student_1103,Female,student1103@mail.com,9000001103,AI,3,1,A
2104,CSE222104,Student_1104,Female,student1104@mail.com,9000001104,ECE,1,3,C
2105,CSE222105,Student_1105,Male,student1105@mail.com,9000001105,DS,3,7,B
2106,CSE222106,Student_1106,Female,student1106@mail.com,9000001106,AI,4,1,B
2107,CSE222107,Student_1107,Male,student1107@mail.com,9000001107,ECE,3,7,B
2108,CSE222108,Student_1108,Female,student1108@mail.com,9000001108,AI,3,2,B
2109,CSE222109,Student_1109,Female,student1109@mail.com,9000001109,IT,1,7,B
2110,CSE222110,Student_1110,Male,student1110@mail.com,9000001110,DS,3,5,A
2111,CSE222111,Student_1111,Male,student1111@mail.com,9000001111,DS,1,6,A
2112,CSE222112,Student_1112,Male,student1112@mail.com,9000001112,IT,4,1,A
2113,CSE222113,Student_1113,Female,student1113@mail.com,9000001113,ECE,1,7,B
2114,CSE222114,Student_1114,Female,student1114@mail.com,9000001114,ECE,3,4,B
2115,CSE222115,Student_1115,Female,student1115@mail.com,9000001115,IT,4,6,B
2116,CSE222116,Student_1116,Female,student1116@mail.com,9000001116,ECE,1,7,A
2117,CSE222117,Student_1117,Female,student1117@mail.com,9000001117,ECE,1,6,A
2118,CSE222118,Student_1118,Male,student1118@mail.com,9000001118,DS,4,2,C
2119,CSE222119,Student_1119,Male,student1119@mail.com,9000001119,DS,4,7,B
2120,CSE222120,Student_1120,Female,student1120@mail.com,9000001120,IT,4,3,B
2121,CSE222121,Student_1121,Male,student1121@mail.com,9000001121,DS,3,5,A
2122,CSE222122,Student_1122,Female,student1122@mail.com,9000001122,ECE,1,1,A
2123,CSE222123,Student_1123,Male,student1123@mail.com,9000001123,IT,1,2,A
2124,CSE222124,Student_1124,Female,student1124@mail.com,9000001124,AI,2,6,C
2125,CSE222125,Student_1125,Male,student1125@mail.com,9000001125,CSE,4,1,A
2126,CSE222126,Student_1126,Male,student1126@mail.com,9000001126,CSE,4,4,C
2127,CSE222127,Student_1127,Male,student1127@mail.com,9000001127,ECE,1,7,A
2128,CSE222128,Student_1128,Male,student1128@mail.com,9000001128,DS,3,5,A
2129,CSE222129,Student_1129,Female,student1129@mail.com,9000001129,CSE,4,6,C
2130,CSE222130,Student_1130,Female,student1130@mail.com,9000001130,AI,4,1,B
2131,CSE222131,Student_1131,Male,student1131@mail.com,9000001131,AI,2,7,B
2132,CSE222132,Student_1132,Female,student1132@mail.com,9000001132,ECE,1,1,C
2133,CSE222133,Student_1133,Female,student1133@mail.com,9000001133,DS,1,4,B
2134,CSE222134,Student_1134,Male,student1134@mail.com,9000001134,IT,3,4,A
2135,CSE222135,Student_1135,Male,student1135@mail.com,9000001135,ECE,2,2,C
2136,CSE222136,Student_1136,Male,student1136@mail.com,9000001136,DS,2,8,B
2137,CSE222137,Student_1137,Female,student1137@mail.com,9000001137,DS,4,6,C
2138,CSE222138,Student_1138,Female,student1138@mail.com,9000001138,IT,1,2,C
2139,CSE222139,Student_1139,Male,student1139@mail.com,9000001139,DS,3,8,C
2140,CSE222140,Student_1140,Female,student1140@mail.com,9000001140,ECE,2,4,B
2141,CSE222141,Student_1141,Female,student1141@mail.com,9000001141,ECE,1,4,A
2142,CSE222142,Student_1142,Female,student1142@mail.com,9000001142,DS,4,2,B
2143,CSE222143,Student_1143,Male,student1143@mail.com,9000001143,DS,2,7,A
2144,CSE222144,Student_1144,Male,student1144@mail.com,9000001144,IT,2,5,B
2145,CSE222145,Student_1145,Female,student1145@mail.com,9000001145,CSE,2,4,A
2146,CSE222146,Student_1146,Male,student1146@mail.com,9000001146,ECE,1,5,C
2147,CSE222147,Student_1147,Female,student1147@mail.com,9000001147,AI,3,6,B
2148,CSE222148,Student_1148,Male,student1148@mail.com,9000001148,IT,1,7,A
2149,CSE222149,Student_1149,Male,student1149@mail.com,9000001149,CSE,1,2,B
2150,CSE222150,Student_1150,Female,student1150@mail.com,9000001150,CSE,3,6,B
2151,CSE222151,Student_1151,Male,student1151@mail.com,9000001151,IT,2,1,C
2152,CSE222152,Student_1152,Female,student1152@mail.com,9000001152,CSE,2,1,A
2153,CSE222153,Student_1153,Female,student1153@mail.com,9000001153,IT,4,8,A
2154,CSE222154,Student_1154,Female,student1154@mail.com,9000001154,ECE,4,1,B
2155,CSE222155,Student_1155,Male,student1155@mail.com,9000001155,ECE,2,4,C
2156,CSE222156,Student_1156,Male,student1156@mail.com,9000001156,DS,2,2,A
2157,CSE222157,Student_1157,Male,student1157@mail.com,9000001157,IT,3,7,C
2158,CSE222158,Student_1158,Male,student1158@mail.com,9000001158,DS,2,3,A
2159,CSE222159,Student_1159,Female,student1159@mail.com,9000001159,CSE,4,1,A
2160,CSE222160,Student_1160,Male,student1160@mail.com,9000001160,CSE,2,8,C
2161,CSE222161,Student_1161,Female,student1161@mail.com,9000001161,DS,3,5,A
2162,CSE222162,Student_1162,Female,student1162@mail.com,9000001162,IT,1,6,A
2163,CSE222163,Student_1163,Female,student1163@mail.com,9000001163,AI,2,8,C
2164,CSE222164,Student_1164,Male,student1164@mail.com,9000001164,DS,3,8,C
2165,CSE222165,Student_1165,Female,student1165@mail.com,9000001165,DS,2,6,A
2166,CSE222166,Student_1166,Female,student1166@mail.com,9000001166,DS,2,7,B
2167,CSE222167,Student_1167,Female,student1167@mail.com,9000001167,CSE,2,8,A
2168,CSE222168,Student_1168,Male,student1168@mail.com,9000001168,CSE,2,5,C
2169,CSE222169,Student_1169,Female,student1169@mail.com,9000001169,CSE,1,2,B
2170,CSE222170,Student_1170,Female,student1170@mail.com,9000001170,IT,1,1,B
2171,CSE222171,Student_1171,Female,student1171@mail.com,9000001171,IT,3,3,B
2172,CSE222172,Student_1172,Female,student1172@mail.com,9000001172,AI,4,7,C
2173,CSE222173,Student_1173,Female,student1173@mail.com,9000001173,DS,4,2,C
2174,CSE222174,Student_1174,Female,student1174@mail.com,9000001174,AI,3,4,B
2175,CSE222175,Student_1175,Male,student1175@mail.com,9000001175,AI,4,8,C
2176,CSE222176,Student_1176,Female,student1176@mail.com,9000001176,AI,1,2,B
2177,CSE222177,Student_1177,Male,student1177@mail.com,9000001177,AI,4,6,B
2178,CSE222178,Student_1178,Female,student1178@mail.com,9000001178,IT,2,3,C
2179,CSE222179,Student_1179,Male,student1179@mail.com,9000001179,CSE,1,2,A
2180,CSE222180,Student_1180,Male,student1180@mail.com,9000001180,DS,4,6,B
2181,CSE222181,Student_1181,Male,student1181@mail.com,9000001181,AI,3,6,C
2182,CSE222182,Student_1182,Female,student1182@mail.com,9000001182,ECE,3,3,C
2183,CSE222183,Student_1183,Female,student1183@mail.com,9000001183,ECE,4,3,C
2184,CSE222184,Student_1184,Female,student1184@mail.com,9000001184,AI,4,4,C
2185,CSE222185,Student_1185,Female,student1185@mail.com,9000001185,IT,4,6,C
2186,CSE222186,Student_1186,Male,student1186@mail.com,9000001186,CSE,2,7,B
2187,CSE222187,Student_1187,Female,student1187@mail.com,9000001187,AI,4,1,A
2188,CSE222188,Student_1188,Female,student1188@mail.com,9000001188,IT,4,4,B
2189,CSE222189,Student_1189,Female,student1189@mail.com,9000001189,ECE,3,8,B
2190,CSE222190,Student_1190,Male,student1190@mail.com,9000001190,ECE,4,8,B
2191,CSE222191,Student_1191,Female,student1191@mail.com,9000001191,IT,2,4,B
2192,CSE222192,Student_1192,Female,student1192@mail.com,9000001192,AI,3,2,C
2193,CSE222193,Student_1193,Female,student1193@mail.com,9000001193,IT,2,2,B
2194,CSE222194,Student_1194,Female,student1194@mail.com,9000001194,ECE,4,3,A
2195,CSE222195,Student_1195,Male,student1195@mail.com,9000001195,ECE,2,5,A
2196,CSE222196,Student_1196,Female,student1196@mail.com,9000001196,AI,1,8,C
2197,CSE222197,Student_1197,Female,student1197@mail.com,9000001197,AI,4,3,C
2198,CSE222198,Student_1198,Male,student1198@mail.com,9000001198,AI,3,3,A
2199,CSE222199,Student_1199,Male,student1199@mail.com,9000001199,IT,3,8,C
2200,CSE222200,Student_1200,Female,student1200@mail.com,9000001200,DS,4,8,A
2201,CSE222201,Student_1201,Male,student1201@mail.com,9000001201,DS,2,3,C
2202,CSE222202,Student_1202,Female,student1202@mail.com,9000001202,IT,2,8,C
2203,CSE222203,Student_1203,Male,student1203@mail.com,9000001203,IT,4,4,C
2204,CSE222204,Student_1204,Male,student1204@mail.com,9000001204,AI,1,2,B
2205,CSE222205,Student_1205,Female,student1205@mail.com,9000001205,IT,2,1,C
2206,CSE222206,Student_1206,Female,student1206@mail.com,9000001206,IT,2,1,B
2207,CSE222207,Student_1207,Female,student1207@mail.com,9000001207,AI,2,2,C
2208,CSE222208,Student_1208,Female,student1208@mail.com,9000001208,DS,2,3,C
2209,CSE222209,Student_1209,Male,student1209@mail.com,9000001209,AI,1,2,C
2210,CSE222210,Student_1210,Female,student1210@mail.com,9000001210,IT,4,8,C
2211,CSE222211,Student_1211,Male,student1211@mail.com,9000001211,AI,1,2,A
2212,CSE222212,Student_1212,Male,student1212@mail.com,9000001212,CSE,3,3,B
2213,CSE222213,Student_1213,Female,student1213@mail.com,9000001213,CSE,4,2,C
2214,CSE222214,Student_1214,Female,student1214@mail.com,9000001214,ECE,4,6,A
2215,CSE222215,Student_1215,Male,student1215@mail.com,9000001215,ECE,1,3,C
2216,CSE222216,Student_1216,Male,student1216@mail.com,9000001216,IT,2,1,B
2217,CSE222217,Student_1217,Female,student1217@mail.com,9000001217,AI,4,3,C
2218,CSE222218,Student_1218,Female,student1218@mail.com,9000001218,IT,2,1,C
2219,CSE222219,Student_1219,Male,student1219@mail.com,9000001219,AI,1,7,B
2220,CSE222220,Student_1220,Male,student1220@mail.com,9000001220,IT,1,5,C
2221,CSE222221,Student_1221,Female,student1221@mail.com,9000001221,DS,4,4,C
2222,CSE222222,Student_1222,Male,student1222@mail.com,9000001222,DS,3,3,A
2223,CSE222223,Student_1223,Male,student1223@mail.com,9000001223,IT,4,7,A
2224,CSE222224,Student_1224,Female,student1224@mail.com,9000001224,ECE,1,5,B
2225,CSE222225,Student_1225,Male,student1225@mail.com,9000001225,AI,1,1,C
2226,CSE222226,Student_1226,Female,student1226@mail.com,9000001226,AI,4,1,A
2227,CSE222227,Student_1227,Male,student1227@mail.com,9000001227,IT,4,4,B
2228,CSE222228,Student_1228,Male,student1228@mail.com,9000001228,IT,4,3,C
2229,CSE222229,Student_1229,Female,student1229@mail.com,9000001229,IT,2,2,C
2230,CSE222230,Student_1230,Female,student1230@mail.com,9000001230,DS,1,8,B
2231,CSE222231,Student_1231,Male,student1231@mail.com,9000001231,ECE,1,4,C
2232,CSE222232,Student_1232,Female,student1232@mail.com,9000001232,CSE,3,6,C
2233,CSE222233,Student_1233,Female,student1233@mail.com,9000001233,CSE,1,8,C
2234,CSE222234,Student_1234,Male,student1234@mail.com,9000001234,IT,2,6,B
2235,CSE222235,Student_1235,Female,student1235@mail.com,9000001235,IT,4,5,A
2236,CSE222236,Student_1236,Female,student1236@mail.com,9000001236,IT,4,5,A
2237,CSE222237,Student_1237,Female,student1237@mail.com,9000001237,AI,3,3,B
2238,CSE222238,Student_1238,Male,student1238@mail.com,9000001238,DS,4,4,A
2239,CSE222239,Student_1239,Male,student1239@mail.com,9000001239,DS,3,2,A
2240,CSE222240,Student_1240,Female,student1240@mail.com,9000001240,AI,3,1,C
2241,CSE222241,Student_1241,Female,student1241@mail.com,9000001241,CSE,4,3,C
2242,CSE222242,Student_1242,Female,student1242@mail.com,9000001242,DS,3,8,A
2243,CSE222243,Student_1243,Male,student1243@mail.com,9000001243,ECE,3,7,C
2244,CSE222244,Student_1244,Male,student1244@mail.com,9000001244,AI,2,5,C
2245,CSE222245,Student_1245,Female,student1245@mail.com,9000001245,IT,4,5,B
2246,CSE222246,Student_1246,Female,student1246@mail.com,9000001246,CSE,1,2,C
2247,CSE222247,Student_1247,Male,student1247@mail.com,9000001247,ECE,4,4,A
2248,CSE222248,Student_1248,Male,student1248@mail.com,9000001248,ECE,1,8,A
2249,CSE222249,Student_1249,Female,student1249@mail.com,9000001249,IT,3,2,B
2250,CSE222250,Student_1250,Male,student1250@mail.com,9000001250,IT,2,7,B
2251,CSE222251,Student_1251,Female,student1251@mail.com,9000001251,ECE,4,3,B
2252,CSE222252,Student_1252,Male,student1252@mail.com,9000001252,DS,3,8,A
2253,CSE222253,Student_1253,Male,student1253@mail.com,9000001253,IT,1,7,C
2254,CSE222254,Student_1254,Female,student1254@mail.com,9000001254,IT,4,8,A
2255,CSE222255,Student_1255,Female,student1255@mail.com,9000001255,IT,4,6,C
2256,CSE222256,Student_1256,Male,student1256@mail.com,9000001256,IT,3,6,C
2257,CSE222257,Student_1257,Male,student1257@mail.com,9000001257,ECE,1,8,A
2258,CSE222258,Student_1258,Female,student1258@mail.com,9000001258,CSE,3,3,A
2259,CSE222259,Student_1259,Female,student1259@mail.com,9000001259,ECE,4,2,C
2260,CSE222260,Student_1260,Female,student1260@mail.com,9000001260,IT,4,2,B
2261,CSE222261,Student_1261,Male,student1261@mail.com,9000001261,ECE,2,8,B
2262,CSE222262,Student_1262,Male,student1262@mail.com,9000001262,IT,3,7,B
2263,CSE222263,Student_1263,Female,student1263@mail.com,9000001263,IT,4,6,C
2264,CSE222264,Student_1264,Male,student1264@mail.com,9000001264,AI,2,6,B
2265,CSE222265,Student_1265,Female,student1265@mail.com,9000001265,ECE,3,2,A
2266,CSE222266,Student_1266,Female,student1266@mail.com,9000001266,CSE,2,8,A
2267,CSE222267,Student_1267,Female,student1267@mail.com,9000001267,IT,1,7,A
2268,CSE222268,Student_1268,Male,student1268@mail.com,9000001268,CSE,3,6,B
2269,CSE222269,Student_1269,Male,student1269@mail.com,9000001269,CSE,1,7,B
2270,CSE222270,Student_1270,Male,student1270@mail.com,9000001270,IT,4,3,A
2271,CSE222271,Student_1271,Female,student1271@mail.com,9000001271,CSE,4,1,B
2272,CSE222272,Student_1272,Male,student1272@mail.com,9000001272,CSE,4,2,B
2273,CSE222273,Student_1273,Male,student1273@mail.com,9000001273,ECE,1,7,B
2274,CSE222274,Student_1274,Female,student1274@mail.com,9000001274,CSE,2,3,A
2275,CSE222275,Student_1275,Male,student1275@mail.com,9000001275,CSE,2,1,A
2276,CSE222276,Student_1276,Female,student1276@mail.com,9000001276,CSE,2,7,A
2277,CSE222277,Student_1277,Female,student1277@mail.com,9000001277,AI,3,4,C
2278,CSE222278,Student_1278,Female,student1278@mail.com,9000001278,IT,4,2,B
2279,CSE222279,Student_1279,Female,student1279@mail.com,9000001279,CSE,3,3,A
2280,CSE222280,Student_1280,Male,student1280@mail.com,9000001280,DS,4,5,B
2281,CSE222281,Student_1281,Male,student1281@mail.com,9000001281,ECE,2,1,C
2282,CSE222282,Student_1282,Female,student1282@mail.com,9000001282,IT,3,8,B
2283,CSE222283,Student_1283,Female,student1283@mail.com,9000001283,ECE,3,8,A
2284,CSE222284,Student_1284,Male,student1284@mail.com,9000001284,AI,1,8,C
2285,CSE222285,Student_1285,Female,student1285@mail.com,9000001285,CSE,4,2,C
2286,CSE222286,Student_1286,Female,student1286@mail.com,9000001286,DS,3,6,A
2287,CSE222287,Student_1287,Female,student1287@mail.com,9000001287,ECE,1,7,A
2288,CSE222288,Student_1288,Male,student1288@mail.com,9000001288,AI,1,8,C
2289,CSE222289,Student_1289,Female,student1289@mail.com,9000001289,CSE,2,1,B
2290,CSE222290,Student_1290,Male,student1290@mail.com,9000001290,ECE,1,3,A
2291,CSE222291,Student_1291,Male,student1291@mail.com,9000001291,DS,1,5,B
2292,CSE222292,Student_1292,Female,student1292@mail.com,9000001292,DS,4,5,C
2293,CSE222293,Student_1293,Male,student1293@mail.com,9000001293,CSE,1,4,C
2294,CSE222294,Student_1294,Male,student1294@mail.com,9000001294,IT,2,4,A
2295,CSE222295,Student_1295,Female,student1295@mail.com,9000001295,IT,3,5,B
2296,CSE222296,Student_1296,Female,student1296@mail.com,9000001296,DS,2,1,B
2297,CSE222297,Student_1297,Male,student1297@mail.com,9000001297,IT,2,8,B
2298,CSE222298,Student_1298,Male,student1298@mail.com,9000001298,AI,3,6,A
2299,CSE222299,Student_1299,Male,student1299@mail.com,9000001299,IT,3,7,A
2300,CSE222300,Student_1300,Male,student1300@mail.com,9000001300,IT,3,4,A
2301,CSE222301,Student_1301,Male,student1301@mail.com,9000001301,CSE,4,8,B
2302,CSE222302,Student_1302,Male,student1302@mail.com,9000001302,CSE,3,8,B
2303,CSE222303,Student_1303,Male,student1303@mail.com,9000001303,AI,3,1,B
2304,CSE222304,Student_1304,Male,student1304@mail.com,9000001304,ECE,1,5,A
2305,CSE222305,Student_1305,Female,student1305@mail.com,9000001305,AI,4,8,C
2306,CSE222306,Student_1306,Female,student1306@mail.com,9000001306,ECE,1,8,B
2307,CSE222307,Student_1307,Male,student1307@mail.com,9000001307,IT,4,5,A
2308,CSE222308,Student_1308,Female,student1308@mail.com,9000001308,IT,1,6,A
2309,CSE222309,Student_1309,Female,student1309@mail.com,9000001309,IT,2,8,A
2310,CSE222310,Student_1310,Male,student1310@mail.com,9000001310,IT,3,4,B
2311,CSE222311,Student_1311,Female,student1311@mail.com,9000001311,DS,3,5,A
2312,CSE222312,Student_1312,Male,student1312@mail.com,9000001312,AI,2,3,B
2313,CSE222313,Student_1313,Male,student1313@mail.com,9000001313,DS,2,6,B
2314,CSE222314,Student_1314,Male,student1314@mail.com,9000001314,CSE,2,1,B
2315,CSE222315,Student_1315,Female,student1315@mail.com,9000001315,CSE,3,8,C
2316,CSE222316,Student_1316,Male,student1316@mail.com,9000001316,ECE,3,7,B
2317,CSE222317,Student_1317,Female,student1317@mail.com,9000001317,IT,4,2,A
2318,CSE222318,Student_1318,Female,student1318@mail.com,9000001318,AI,4,4,A
2319,CSE222319,Student_1319,Female,student1319@mail.com,9000001319,AI,3,7,B
2320,CSE222320,Student_1320,Female,student1320@mail.com,9000001320,DS,2,2,A
2321,CSE222321,Student_1321,Female,student1321@mail.com,9000001321,ECE,2,2,C
2322,CSE222322,Student_1322,Female,student1322@mail.com,9000001322,DS,2,2,A
2323,CSE222323,Student_1323,Male,student1323@mail.com,9000001323,IT,1,1,B
2324,CSE222324,Student_1324,Male,student1324@mail.com,9000001324,AI,2,4,A
2325,CSE222325,Student_1325,Female,student1325@mail.com,9000001325,AI,2,7,C
2326,CSE222326,Student_1326,Male,student1326@mail.com,9000001326,IT,2,3,B
2327,CSE222327,Student_1327,Male,student1327@mail.com,9000001327,ECE,3,3,A
2328,CSE222328,Student_1328,Male,student1328@mail.com,9000001328,DS,3,4,B
2329,CSE222329,Student_1329,Female,student1329@mail.com,9000001329,AI,2,6,B
2330,CSE222330,Student_1330,Female,student1330@mail.com,9000001330,IT,1,4,B
2331,CSE222331,Student_1331,Female,student1331@mail.com,9000001331,AI,3,7,C
2332,CSE222332,Student_1332,Male,student1332@mail.com,9000001332,CSE,1,6,A
2333,CSE222333,Student_1333,Male,student1333@mail.com,9000001333,DS,3,1,A
2334,CSE222334,Student_1334,Female,student1334@mail.com,9000001334,ECE,2,2,C
2335,CSE222335,Student_1335,Male,student1335@mail.com,9000001335,ECE,2,4,C
2336,CSE222336,Student_1336,Male,student1336@mail.com,9000001336,AI,1,1,C
2337,CSE222337,Student_1337,Male,student1337@mail.com,9000001337,DS,4,1,B
2338,CSE222338,Student_1338,Female,student1338@mail.com,9000001338,IT,2,8,A
2339,CSE222339,Student_1339,Male,student1339@mail.com,9000001339,IT,2,4,A
2340,CSE222340,Student_1340,Male,student1340@mail.com,9000001340,IT,3,7,C
2341,CSE222341,Student_1341,Female,student1341@mail.com,9000001341,DS,3,3,A
2342,CSE222342,Student_1342,Male,student1342@mail.com,9000001342,IT,3,3,A
2343,CSE222343,Student_1343,Female,student1343@mail.com,9000001343,DS,1,2,B
2344,CSE222344,Student_1344,Male,student1344@mail.com,9000001344,IT,3,1,A
2345,CSE222345,Student_1345,Male,student1345@mail.com,9000001345,DS,3,1,B
2346,CSE222346,Student_1346,Male,student1346@mail.com,9000001346,IT,3,5,A
2347,CSE222347,Student_1347,Female,student1347@mail.com,9000001347,IT,3,1,A
2348,CSE222348,Student_1348,Male,student1348@mail.com,9000001348,ECE,2,2,A
2349,CSE222349,Student_1349,Male,student1349@mail.com,9000001349,IT,1,2,C
2350,CSE222350,Student_1350,Male,student1350@mail.com,9000001350,CSE,2,1,C
2351,CSE222351,Student_1351,Male,student1351@mail.com,9000001351,IT,2,4,B
2352,CSE222352,Student_1352,Male,student1352@mail.com,9000001352,AI,2,8,C
2353,CSE222353,Student_1353,Male,student1353@mail.com,9000001353,DS,3,2,C
2354,CSE222354,Student_1354,Male,student1354@mail.com,9000001354,ECE,4,1,A
2355,CSE222355,Student_1355,Male,student1355@mail.com,9000001355,CSE,3,7,A
2356,CSE222356,Student_1356,Male,student1356@mail.com,9000001356,IT,1,2,A
2357,CSE222357,Student_1357,Female,student1357@mail.com,9000001357,AI,3,6,B
2358,CSE222358,Student_1358,Female,student1358@mail.com,9000001358,CSE,4,4,A
2359,CSE222359,Student_1359,Male,student1359@mail.com,9000001359,IT,1,5,B
2360,CSE222360,Student_1360,Female,student1360@mail.com,9000001360,ECE,4,4,C
2361,CSE222361,Student_1361,Male,student1361@mail.com,9000001361,DS,2,6,A
2362,CSE222362,Student_1362,Male,student1362@mail.com,9000001362,DS,4,1,A
2363,CSE222363,Student_1363,Male,student1363@mail.com,9000001363,ECE,3,1,C
2364,CSE222364,Student_1364,Female,student1364@mail.com,9000001364,ECE,3,7,B
2365,CSE222365,Student_1365,Female,student1365@mail.com,9000001365,DS,2,7,A
2366,CSE222366,Student_1366,Male,student1366@mail.com,9000001366,AI,3,6,A
2367,CSE222367,Student_1367,Female,student1367@mail.com,9000001367,ECE,2,5,C
2368,CSE222368,Student_1368,Male,student1368@mail.com,9000001368,DS,2,1,B
2369,CSE222369,Student_1369,Female,student1369@mail.com,9000001369,IT,1,7,A
2370,CSE222370,Student_1370,Male,student1370@mail.com,9000001370,IT,3,8,C
2371,CSE222371,Student_1371,Female,student1371@mail.com,9000001371,AI,2,4,C
2372,CSE222372,Student_1372,Female,student1372@mail.com,9000001372,DS,3,4,B
2373,CSE222373,Student_1373,Female,student1373@mail.com,9000001373,AI,3,6,B
2374,CSE222374,Student_1374,Female,student1374@mail.com,9000001374,AI,1,6,B
2375,CSE222375,Student_1375,Male,student1375@mail.com,9000001375,CSE,3,7,C
2376,CSE222376,Student_1376,Male,student1376@mail.com,9000001376,CSE,2,5,A
2377,CSE222377,Student_1377,Male,student1377@mail.com,9000001377,CSE,1,3,B
2378,CSE222378,Student_1378,Female,student1378@mail.com,9000001378,AI,4,3,C
2379,CSE222379,Student_1379,Male,student1379@mail.com,9000001379,IT,2,8,B
2380,CSE222380,Student_1380,Male,student1380@mail.com,9000001380,ECE,2,5,B
2381,CSE222381,Student_1381,Male,student1381@mail.com,9000001381,AI,3,2,C
2382,CSE222382,Student_1382,Female,student1382@mail.com,9000001382,ECE,3,1,A
2383,CSE222383,Student_1383,Male,student1383@mail.com,9000001383,DS,4,4,C
2384,CSE222384,Student_1384,Male,student1384@mail.com,9000001384,DS,1,4,C
2385,CSE222385,Student_1385,Female,student1385@mail.com,9000001385,CSE,4,4,B
2386,CSE222386,Student_1386,Female,student1386@mail.com,9000001386,ECE,3,4,C
2387,CSE222387,Student_1387,Female,student1387@mail.com,9000001387,DS,3,1,B
2388,CSE222388,Student_1388,Female,student1388@mail.com,9000001388,IT,3,5,A
2389,CSE222389,Student_1389,Female,student1389@mail.com,9000001389,IT,2,7,B
2390,CSE222390,Student_1390,Male,student1390@mail.com,9000001390,ECE,1,1,A
2391,CSE222391,Student_1391,Female,student1391@mail.com,9000001391,ECE,2,4,A
2392,CSE222392,Student_1392,Male,student1392@mail.com,9000001392,CSE,2,6,A
2393,CSE222393,Student_1393,Male,student1393@mail.com,9000001393,IT,2,1,B
2394,CSE222394,Student_1394,Male,student1394@mail.com,9000001394,CSE,3,7,A
2395,CSE222395,Student_1395,Male,student1395@mail.com,9000001395,DS,2,2,B
2396,CSE222396,Student_1396,Female,student1396@mail.com,9000001396,IT,2,3,B
2397,CSE222397,Student_1397,Male,student1397@mail.com,9000001397,CSE,4,7,B
2398,CSE222398,Student_1398,Female,student1398@mail.com,9000001398,IT,3,5,A
2399,CSE222399,Student_1399,Male,student1399@mail.com,9000001399,CSE,2,5,A
2400,CSE222400,Student_1400,Male,student1400@mail.com,9000001400,IT,2,3,B
2401,CSE222401,Student_1401,Female,student1401@mail.com,9000001401,CSE,2,4,C
2402,CSE222402,Student_1402,Female,student1402@mail.com,9000001402,ECE,1,7,A
2403,CSE222403,Student_1403,Male,student1403@mail.com,9000001403,DS,4,8,B
2404,CSE222404,Student_1404,Female,student1404@mail.com,9000001404,ECE,3,3,C
2405,CSE222405,Student_1405,Male,student1405@mail.com,9000001405,AI,1,8,C
2406,CSE222406,Student_1406,Male,student1406@mail.com,9000001406,DS,2,6,B
2407,CSE222407,Student_1407,Female,student1407@mail.com,9000001407,CSE,4,3,C
2408,CSE222408,Student_1408,Female,student1408@mail.com,9000001408,IT,2,6,B
2409,CSE222409,Student_1409,Female,student1409@mail.com,9000001409,DS,1,4,A
2410,CSE222410,Student_1410,Male,student1410@mail.com,9000001410,CSE,1,3,C
2411,CSE222411,Student_1411,Male,student1411@mail.com,9000001411,AI,4,7,B
2412,CSE222412,Student_1412,Female,student1412@mail.com,9000001412,CSE,2,8,A
2413,CSE222413,Student_1413,Female,student1413@mail.com,9000001413,IT,3,6,A
2414,CSE222414,Student_1414,Female,student1414@mail.com,9000001414,CSE,1,7,C
2415,CSE222415,Student_1415,Male,student1415@mail.com,9000001415,IT,4,5,A
2416,CSE222416,Student_1416,Female,student1416@mail.com,9000001416,IT,3,1,A
2417,CSE222417,Student_1417,Male,student1417@mail.com,9000001417,IT,1,7,B
2418,CSE222418,Student_1418,Female,student1418@mail.com,9000001418,DS,2,7,B
2419,CSE222419,Student_1419,Female,student1419@mail.com,9000001419,CSE,3,4,A
2420,CSE222420,Student_1420,Female,student1420@mail.com,9000001420,AI,4,7,B
2421,CSE222421,Student_1421,Female,student1421@mail.com,9000001421,ECE,4,1,B
2422,CSE222422,Student_1422,Female,student1422@mail.com,9000001422,AI,4,8,C
2423,CSE222423,Student_1423,Male,student1423@mail.com,9000001423,CSE,4,8,A
2424,CSE222424,Student_1424,Male,student1424@mail.com,9000001424,DS,1,1,A
2425,CSE222425,Student_1425,Female,student1425@mail.com,9000001425,DS,4,2,B
2426,CSE222426,Student_1426,Female,student1426@mail.com,9000001426,IT,1,8,C
2427,CSE222427,Student_1427,Female,student1427@mail.com,9000001427,AI,1,2,C
2428,CSE222428,Student_1428,Male,student1428@mail.com,9000001428,DS,4,6,C
2429,CSE222429,Student_1429,Female,student1429@mail.com,9000001429,DS,2,4,A
2430,CSE222430,Student_1430,Male,student1430@mail.com,9000001430,CSE,2,6,C
2431,CSE222431,Student_1431,Female,student1431@mail.com,9000001431,AI,3,8,C
2432,CSE222432,Student_1432,Male,student1432@mail.com,9000001432,ECE,1,7,B
2433,CSE222433,Student_1433,Male,student1433@mail.com,9000001433,DS,4,3,B
2434,CSE222434,Student_1434,Female,student1434@mail.com,9000001434,CSE,1,4,A
2435,CSE222435,Student_1435,Male,student1435@mail.com,9000001435,AI,2,1,C
2436,CSE222436,Student_1436,Male,student1436@mail.com,9000001436,CSE,4,5,A
2437,CSE222437,Student_1437,Female,student1437@mail.com,9000001437,CSE,4,7,A
2438,CSE222438,Student_1438,Female,student1438@mail.com,9000001438,IT,4,1,C
2439,CSE222439,Student_1439,Female,student1439@mail.com,9000001439,ECE,3,1,B
2440,CSE222440,Student_1440,Male,student1440@mail.com,9000001440,DS,3,7,C
2441,CSE222441,Student_1441,Female,student1441@mail.com,9000001441,CSE,2,4,C
2442,CSE222442,Student_1442,Female,student1442@mail.com,9000001442,AI,2,6,A
2443,CSE222443,Student_1443,Female,student1443@mail.com,9000001443,IT,4,7,C
2444,CSE222444,Student_1444,Female,student1444@mail.com,9000001444,ECE,3,5,B
2445,CSE222445,Student_1445,Female,student1445@mail.com,9000001445,ECE,1,2,B
2446,CSE222446,Student_1446,Female,student1446@mail.com,9000001446,CSE,3,6,A
2447,CSE222447,Student_1447,Female,student1447@mail.com,9000001447,DS,4,8,B
2448,CSE222448,Student_1448,Male,student1448@mail.com,9000001448,CSE,1,2,A
2449,CSE222449,Student_1449,Male,student1449@mail.com,9000001449,AI,4,3,C
2450,CSE222450,Student_1450,Male,student1450@mail.com,9000001450,CSE,1,6,A
2451,CSE222451,Student_1451,Female,student1451@mail.com,9000001451,ECE,3,1,C
2452,CSE222452,Student_1452,Female,student1452@mail.com,9000001452,ECE,3,7,B
2453,CSE222453,Student_1453,Female,student1453@mail.com,9000001453,IT,1,3,B
2454,CSE222454,Student_1454,Female,student1454@mail.com,9000001454,ECE,4,6,A
2455,CSE222455,Student_1455,Male,student1455@mail.com,9000001455,DS,1,5,B
2456,CSE222456,Student_1456,Female,student1456@mail.com,9000001456,CSE,3,7,A
2457,CSE222457,Student_1457,Male,student1457@mail.com,9000001457,CSE,1,5,B
2458,CSE222458,Student_1458,Female,student1458@mail.com,9000001458,IT,4,6,A
2459,CSE222459,Student_1459,Male,student1459@mail.com,9000001459,IT,2,8,C
2460,CSE222460,Student_1460,Male,student1460@mail.com,9000001460,ECE,3,4,A
2461,CSE222461,Student_1461,Male,student1461@mail.com,9000001461,ECE,1,8,A
2462,CSE222462,Student_1462,Male,student1462@mail.com,9000001462,CSE,1,5,C
2463,CSE222463,Student_1463,Male,student1463@mail.com,9000001463,CSE,4,6,C
2464,CSE222464,Student_1464,Female,student1464@mail.com,9000001464,ECE,4,3,C
2465,CSE222465,Student_1465,Female,student1465@mail.com,9000001465,AI,3,1,C
2466,CSE222466,Student_1466,Male,student1466@mail.com,9000001466,ECE,4,4,C
2467,CSE222467,Student_1467,Male,student1467@mail.com,9000001467,IT,2,2,B
2468,CSE222468,Student_1468,Female,student1468@mail.com,9000001468,CSE,3,1,C
2469,CSE222469,Student_1469,Male,student1469@mail.com,9000001469,IT,4,2,C
2470,CSE222470,Student_1470,Female,student1470@mail.com,9000001470,DS,2,3,C
2471,CSE222471,Student_1471,Female,student1471@mail.com,9000001471,AI,2,8,C
2472,CSE222472,Student_1472,Female,student1472@mail.com,9000001472,CSE,2,2,B
2473,CSE222473,Student_1473,Female,student1473@mail.com,9000001473,IT,2,2,A
2474,CSE222474,Student_1474,Male,student1474@mail.com,9000001474,CSE,4,5,B
2475,CSE222475,Student_1475,Male,student1475@mail.com,9000001475,AI,1,4,C
2476,CSE222476,Student_1476,Male,student1476@mail.com,9000001476,DS,2,6,C
2477,CSE222477,Student_1477,Male,student1477@mail.com,9000001477,AI,4,6,C
2478,CSE222478,Student_1478,Male,student1478@mail.com,9000001478,DS,1,2,B
2479,CSE222479,Student_1479,Female,student1479@mail.com,9000001479,CSE,3,3,A
2480,CSE222480,Student_1480,Female,student1480@mail.com,9000001480,AI,4,8,A
2481,CSE222481,Student_1481,Female,student1481@mail.com,9000001481,DS,2,8,A
2482,CSE222482,Student_1482,Female,student1482@mail.com,9000001482,DS,4,7,C
2483,CSE222483,Student_1483,Female,student1483@mail.com,9000001483,AI,4,2,A
2484,CSE222484,Student_1484,Female,student1484@mail.com,9000001484,DS,3,7,C
2485,CSE222485,Student_1485,Female,student1485@mail.com,9000001485,ECE,4,8,A
2486,CSE222486,Student_1486,Female,student1486@mail.com,9000001486,AI,4,1,A
2487,CSE222487,Student_1487,Female,student1487@mail.com,9000001487,DS,1,4,A
2488,CSE222488,Student_1488,Male,student1488@mail.com,9000001488,DS,4,4,A
2489,CSE222489,Student_1489,Female,student1489@mail.com,9000001489,ECE,1,3,B
2490,CSE222490,Student_1490,Male,student1490@mail.com,9000001490,IT,4,7,B
2491,CSE222491,Student_1491,Male,student1491@mail.com,9000001491,AI,1,6,B
2492,CSE222492,Student_1492,Male,student1492@mail.com,9000001492,DS,4,3,A
2493,CSE222493,Student_1493,Female,student1493@mail.com,9000001493,IT,4,5,C
2494,CSE222494,Student_1494,Female,student1494@mail.com,9000001494,CSE,3,6,A
2495,CSE222495,Student_1495,Female,student1495@mail.com,9000001495,AI,2,5,B
2496,CSE222496,Student_1496,Female,student1496@mail.com,9000001496,AI,2,1,A
2497,CSE222497,Student_1497,Female,student1497@mail.com,9000001497,ECE,2,5,C
2498,CSE222498,Student_1498,Male,student1498@mail.com,9000001498,IT,2,3,B
2499,CSE222499,Student_1499,Female,student1499@mail.com,9000001499,IT,2,6,A
2500,CSE222500,Student_1500,Male,student1500@mail.com,9000001500,DS,2,8,A
2501,CSE222501,Student_1501,Male,student1501@mail.com,9000001501,CSE,3,7,B
2502,CSE222502,Student_1502,Male,student1502@mail.com,9000001502,CSE,4,6,C
2503,CSE222503,Student_1503,Male,student1503@mail.com,9000001503,IT,4,2,A
2504,CSE222504,Student_1504,Female,student1504@mail.com,9000001504,ECE,1,6,C
2505,CSE222505,Student_1505,Male,student1505@mail.com,9000001505,ECE,1,7,C
2506,CSE222506,Student_1506,Male,student1506@mail.com,9000001506,AI,2,3,A
2507,CSE222507,Student_1507,Male,student1507@mail.com,9000001507,CSE,3,6,B
2508,CSE222508,Student_1508,Female,student1508@mail.com,9000001508,ECE,2,1,B
2509,CSE222509,Student_1509,Female,student1509@mail.com,9000001509,DS,2,7,B
2510,CSE222510,Student_1510,Female,student1510@mail.com,9000001510,IT,1,2,A
2511,CSE222511,Student_1511,Female,student1511@mail.com,9000001511,IT,3,8,B
2512,CSE222512,Student_1512,Female,student1512@mail.com,9000001512,ECE,1,1,B
2513,CSE222513,Student_1513,Female,student1513@mail.com,9000001513,DS,4,6,C
2514,CSE222514,Student_1514,Female,student1514@mail.com,9000001514,AI,1,3,C
2515,CSE222515,Student_1515,Male,student1515@mail.com,9000001515,AI,4,8,C
2516,CSE222516,Student_1516,Female,student1516@mail.com,9000001516,CSE,2,3,C
2517,CSE222517,Student_1517,Male,student1517@mail.com,9000001517,IT,4,5,A
2518,CSE222518,Student_1518,Female,student1518@mail.com,9000001518,ECE,4,1,B
2519,CSE222519,Student_1519,Male,student1519@mail.com,9000001519,DS,2,4,A
2520,CSE222520,Student_1520,Female,student1520@mail.com,9000001520,AI,2,6,C
2521,CSE222521,Student_1521,Female,student1521@mail.com,9000001521,CSE,1,7,A
2522,CSE222522,Student_1522,Male,student1522@mail.com,9000001522,ECE,4,6,B
2523,CSE222523,Student_1523,Female,student1523@mail.com,9000001523,DS,1,6,B
2524,CSE222524,Student_1524,Female,student1524@mail.com,9000001524,ECE,3,1,B
2525,CSE222525,Student_1525,Male,student1525@mail.com,9000001525,DS,3,5,A
2526,CSE222526,Student_1526,Female,student1526@mail.com,9000001526,CSE,4,5,B
2527,CSE222527,Student_1527,Male,student1527@mail.com,9000001527,IT,3,7,C
2528,CSE222528,Student_1528,Male,student1528@mail.com,9000001528,CSE,2,8,B
2529,CSE222529,Student_1529,Male,student1529@mail.com,9000001529,CSE,2,4,C
2530,CSE222530,Student_1530,Female,student1530@mail.com,9000001530,AI,2,4,B
2531,CSE222531,Student_1531,Male,student1531@mail.com,9000001531,CSE,1,4,B
2532,CSE222532,Student_1532,Male,student1532@mail.com,9000001532,ECE,4,6,C
2533,CSE222533,Student_1533,Female,student1533@mail.com,9000001533,DS,2,7,C
2534,CSE222534,Student_1534,Male,student1534@mail.com,9000001534,DS,3,4,A
2535,CSE222535,Student_1535,Female,student1535@mail.com,9000001535,AI,1,8,A
2536,CSE222536,Student_1536,Female,student1536@mail.com,9000001536,IT,3,1,A
2537,CSE222537,Student_1537,Female,student1537@mail.com,9000001537,ECE,4,2,A
2538,CSE222538,Student_1538,Male,student1538@mail.com,9000001538,DS,4,6,A
2539,CSE222539,Student_1539,Female,student1539@mail.com,9000001539,DS,3,1,A
2540,CSE222540,Student_1540,Male,student1540@mail.com,9000001540,AI,2,7,A
2541,CSE222541,Student_1541,Female,student1541@mail.com,9000001541,CSE,2,1,B
2542,CSE222542,Student_1542,Male,student1542@mail.com,9000001542,ECE,2,2,C
2543,CSE222543,Student_1543,Female,student1543@mail.com,9000001543,CSE,4,6,A
2544,CSE222544,Student_1544,Female,student1544@mail.com,9000001544,DS,2,2,C
2545,CSE222545,Student_1545,Female,student1545@mail.com,9000001545,CSE,4,4,A
2546,CSE222546,Student_1546,Female,student1546@mail.com,9000001546,ECE,3,1,C
2547,CSE222547,Student_1547,Male,student1547@mail.com,9000001547,AI,4,2,C
2548,CSE222548,Student_1548,Male,student1548@mail.com,9000001548,ECE,2,4,A
2549,CSE222549,Student_1549,Female,student1549@mail.com,9000001549,IT,4,6,C
2550,CSE222550,Student_1550,Male,student1550@mail.com,9000001550,DS,2,5,A
2551,CSE222551,Student_1551,Female,student1551@mail.com,9000001551,IT,1,5,C
2552,CSE222552,Student_1552,Male,student1552@mail.com,9000001552,AI,1,3,A
2553,CSE222553,Student_1553,Female,student1553@mail.com,9000001553,CSE,3,3,B
2554,CSE222554,Student_1554,Female,student1554@mail.com,9000001554,IT,2,3,C
2555,CSE222555,Student_1555,Female,student1555@mail.com,9000001555,DS,4,6,C
2556,CSE222556,Student_1556,Male,student1556@mail.com,9000001556,DS,2,2,A
2557,CSE222557,Student_1557,Male,student1557@mail.com,9000001557,IT,1,1,A
2558,CSE222558,Student_1558,Female,student1558@mail.com,9000001558,IT,3,7,C
2559,CSE222559,Student_1559,Male,student1559@mail.com,9000001559,IT,1,7,B
2560,CSE222560,Student_1560,Male,student1560@mail.com,9000001560,IT,1,8,A
2561,CSE222561,Student_1561,Female,student1561@mail.com,9000001561,AI,1,2,A
2562,CSE222562,Student_1562,Male,student1562@mail.com,9000001562,AI,3,7,C
2563,CSE222563,Student_1563,Female,student1563@mail.com,9000001563,AI,3,4,A
2564,CSE222564,Student_1564,Female,student1564@mail.com,9000001564,CSE,2,7,A
2565,CSE222565,Student_1565,Male,student1565@mail.com,9000001565,AI,1,8,A
2566,CSE222566,Student_1566,Female,student1566@mail.com,9000001566,AI,4,1,B
2567,CSE222567,Student_1567,Female,student1567@mail.com,9000001567,AI,3,1,A
2568,CSE222568,Student_1568,Female,student1568@mail.com,9000001568,IT,1,5,C
2569,CSE222569,Student_1569,Male,student1569@mail.com,9000001569,AI,4,4,C
2570,CSE222570,Student_1570,Male,student1570@mail.com,9000001570,DS,1,6,B
2571,CSE222571,Student_1571,Female,student1571@mail.com,9000001571,ECE,1,7,A
2572,CSE222572,Student_1572,Male,student1572@mail.com,9000001572,AI,1,5,C
2573,CSE222573,Student_1573,Female,student1573@mail.com,9000001573,IT,3,5,C
2574,CSE222574,Student_1574,Male,student1574@mail.com,9000001574,ECE,3,8,A
2575,CSE222575,Student_1575,Male,student1575@mail.com,9000001575,IT,2,4,C
2576,CSE222576,Student_1576,Male,student1576@mail.com,9000001576,CSE,1,8,C
2577,CSE222577,Student_1577,Male,student1577@mail.com,9000001577,DS,3,3,C
2578,CSE222578,Student_1578,Male,student1578@mail.com,9000001578,AI,2,6,B
2579,CSE222579,Student_1579,Male,student1579@mail.com,9000001579,ECE,2,2,C
2580,CSE222580,Student_1580,Male,student1580@mail.com,9000001580,CSE,4,4,A
2581,CSE222581,Student_1581,Male,student1581@mail.com,9000001581,CSE,4,8,A
2582,CSE222582,Student_1582,Male,student1582@mail.com,9000001582,AI,3,7,B
2583,CSE222583,Student_1583,Female,student1583@mail.com,9000001583,IT,3,3,A
2584,CSE222584,Student_1584,Female,student1584@mail.com,9000001584,CSE,2,3,B
2585,CSE222585,Student_1585,Male,student1585@mail.com,9000001585,CSE,3,3,B
2586,CSE222586,Student_1586,Male,student1586@mail.com,9000001586,IT,2,7,C
2587,CSE222587,Student_1587,Male,student1587@mail.com,9000001587,AI,2,5,B
2588,CSE222588,Student_1588,Female,student1588@mail.com,9000001588,DS,3,4,A
2589,CSE222589,Student_1589,Male,student1589@mail.com,9000001589,DS,2,6,C
2590,CSE222590,Student_1590,Female,student1590@mail.com,9000001590,ECE,2,3,C
2591,CSE222591,Student_1591,Female,student1591@mail.com,9000001591,IT,2,2,A
2592,CSE222592,Student_1592,Female,student1592@mail.com,9000001592,AI,2,8,A
2593,CSE222593,Student_1593,Male,student1593@mail.com,9000001593,IT,3,2,C
2594,CSE222594,Student_1594,Female,student1594@mail.com,9000001594,CSE,2,6,A
2595,CSE222595,Student_1595,Male,student1595@mail.com,9000001595,CSE,3,1,A
2596,CSE222596,Student_1596,Female,student1596@mail.com,9000001596,IT,3,3,C
2597,CSE222597,Student_1597,Female,student1597@mail.com,9000001597,AI,4,4,B
2598,CSE222598,Student_1598,Male,student1598@mail.com,9000001598,IT,1,4,A
2599,CSE222599,Student_1599,Female,student1599@mail.com,9000001599,CSE,2,2,B
2600,CSE222600,Student_1600,Female,student1600@mail.com,9000001600,DS,3,3,B
2601,CSE222601,Student_1601,Male,student1601@mail.com,9000001601,IT,2,3,A
2602,CSE222602,Student_1602,Male,student1602@mail.com,9000001602,DS,3,6,B
2603,CSE222603,Student_1603,Male,student1603@mail.com,9000001603,DS,3,3,C
2604,CSE222604,Student_1604,Male,student1604@mail.com,9000001604,ECE,4,7,C
2605,CSE222605,Student_1605,Male,student1605@mail.com,9000001605,DS,1,7,C
2606,CSE222606,Student_1606,Male,student1606@mail.com,9000001606,ECE,1,6,B
2607,CSE222607,Student_1607,Male,student1607@mail.com,9000001607,ECE,1,4,C
2608,CSE222608,Student_1608,Female,student1608@mail.com,9000001608,IT,4,1,A
2609,CSE222609,Student_1609,Male,student1609@mail.com,9000001609,DS,1,3,A
2610,CSE222610,Student_1610,Male,student1610@mail.com,9000001610,IT,3,2,C
2611,CSE222611,Student_1611,Female,student1611@mail.com,9000001611,AI,2,4,B
2612,CSE222612,Student_1612,Female,student1612@mail.com,9000001612,CSE,3,1,A
2613,CSE222613,Student_1613,Female,student1613@mail.com,9000001613,IT,3,7,C
2614,CSE222614,Student_1614,Female,student1614@mail.com,9000001614,ECE,4,5,A
2615,CSE222615,Student_1615,Male,student1615@mail.com,9000001615,DS,2,7,B
2616,CSE222616,Student_1616,Female,student1616@mail.com,9000001616,IT,1,4,B
2617,CSE222617,Student_1617,Male,student1617@mail.com,9000001617,IT,3,5,C
2618,CSE222618,Student_1618,Male,student1618@mail.com,9000001618,DS,4,5,B
2619,CSE222619,Student_1619,Male,student1619@mail.com,9000001619,DS,2,8,B
2620,CSE222620,Student_1620,Male,student1620@mail.com,9000001620,DS,3,5,C
2621,CSE222621,Student_1621,Male,student1621@mail.com,9000001621,IT,4,8,B
2622,CSE222622,Student_1622,Male,student1622@mail.com,9000001622,DS,4,2,B
2623,CSE222623,Student_1623,Male,student1623@mail.com,9000001623,IT,2,4,C
2624,CSE222624,Student_1624,Male,student1624@mail.com,9000001624,CSE,4,7,C
2625,CSE222625,Student_1625,Male,student1625@mail.com,9000001625,IT,3,2,B
2626,CSE222626,Student_1626,Male,student1626@mail.com,9000001626,DS,1,5,A
2627,CSE222627,Student_1627,Male,student1627@mail.com,9000001627,DS,3,5,A
2628,CSE222628,Student_1628,Female,student1628@mail.com,9000001628,ECE,2,7,B
2629,CSE222629,Student_1629,Female,student1629@mail.com,9000001629,IT,3,6,A
2630,CSE222630,Student_1630,Male,student1630@mail.com,9000001630,CSE,3,8,A
2631,CSE222631,Student_1631,Female,student1631@mail.com,9000001631,CSE,4,3,B
2632,CSE222632,Student_1632,Male,student1632@mail.com,9000001632,CSE,2,1,A
2633,CSE222633,Student_1633,Male,student1633@mail.com,9000001633,DS,3,2,A
2634,CSE222634,Student_1634,Male,student1634@mail.com,9000001634,DS,4,7,B
2635,CSE222635,Student_1635,Female,student1635@mail.com,9000001635,IT,3,1,B
2636,CSE222636,Student_1636,Female,student1636@mail.com,9000001636,DS,4,8,B
2637,CSE222637,Student_1637,Male,student1637@mail.com,9000001637,IT,3,2,A
2638,CSE222638,Student_1638,Male,student1638@mail.com,9000001638,AI,3,3,B
2639,CSE222639,Student_1639,Female,student1639@mail.com,9000001639,DS,1,5,C
2640,CSE222640,Student_1640,Male,student1640@mail.com,9000001640,DS,2,8,C
2641,CSE222641,Student_1641,Female,student1641@mail.com,9000001641,DS,2,6,B
2642,CSE222642,Student_1642,Female,student1642@mail.com,9000001642,DS,4,8,C
2643,CSE222643,Student_1643,Male,student1643@mail.com,9000001643,DS,3,8,A
2644,CSE222644,Student_1644,Male,student1644@mail.com,9000001644,AI,4,8,A
2645,CSE222645,Student_1645,Female,student1645@mail.com,9000001645,ECE,3,4,A
2646,CSE222646,Student_1646,Male,student1646@mail.com,9000001646,ECE,3,3,A
2647,CSE222647,Student_1647,Male,student1647@mail.com,9000001647,ECE,2,6,B
2648,CSE222648,Student_1648,Male,student1648@mail.com,9000001648,AI,1,7,A
2649,CSE222649,Student_1649,Male,student1649@mail.com,9000001649,IT,4,6,A
2650,CSE222650,Student_1650,Female,student1650@mail.com,9000001650,DS,2,6,C
2651,CSE222651,Student_1651,Female,student1651@mail.com,9000001651,DS,3,6,B
2652,CSE222652,Student_1652,Female,student1652@mail.com,9000001652,ECE,2,1,A
2653,CSE222653,Student_1653,Male,student1653@mail.com,9000001653,AI,1,1,B
2654,CSE222654,Student_1654,Female,student1654@mail.com,9000001654,CSE,3,2,C
2655,CSE222655,Student_1655,Male,student1655@mail.com,9000001655,CSE,4,2,B
2656,CSE222656,Student_1656,Male,student1656@mail.com,9000001656,DS,4,2,A
2657,CSE222657,Student_1657,Female,student1657@mail.com,9000001657,DS,4,6,B
2658,CSE222658,Student_1658,Female,student1658@mail.com,9000001658,AI,3,2,B
2659,CSE222659,Student_1659,Female,student1659@mail.com,9000001659,IT,3,1,C
2660,CSE222660,Student_1660,Female,student1660@mail.com,9000001660,AI,1,6,B
2661,CSE222661,Student_1661,Male,student1661@mail.com,9000001661,CSE,2,4,B
2662,CSE222662,Student_1662,Male,student1662@mail.com,9000001662,IT,1,4,A
2663,CSE222663,Student_1663,Female,student1663@mail.com,9000001663,ECE,3,6,A
2664,CSE222664,Student_1664,Male,student1664@mail.com,9000001664,IT,4,2,A
2665,CSE222665,Student_1665,Female,student1665@mail.com,9000001665,CSE,4,7,B
2666,CSE222666,Student_1666,Female,student1666@mail.com,9000001666,IT,2,2,B
2667,CSE222667,Student_1667,Male,student1667@mail.com,9000001667,ECE,2,2,C
2668,CSE222668,Student_1668,Male,student1668@mail.com,9000001668,CSE,2,1,C
2669,CSE222669,Student_1669,Male,student1669@mail.com,9000001669,DS,1,7,C
2670,CSE222670,Student_1670,Male,student1670@mail.com,9000001670,AI,1,8,C
2671,CSE222671,Student_1671,Male,student1671@mail.com,9000001671,CSE,3,1,B
2672,CSE222672,Student_1672,Male,student1672@mail.com,9000001672,ECE,2,4,B
2673,CSE222673,Student_1673,Male,student1673@mail.com,9000001673,ECE,2,6,A
2674,CSE222674,Student_1674,Male,student1674@mail.com,9000001674,DS,4,4,C
2675,CSE222675,Student_1675,Female,student1675@mail.com,9000001675,DS,2,6,B
2676,CSE222676,Student_1676,Male,student1676@mail.com,9000001676,ECE,1,2,C
2677,CSE222677,Student_1677,Female,student1677@mail.com,9000001677,AI,2,3,B
2678,CSE222678,Student_1678,Female,student1678@mail.com,9000001678,AI,4,3,A
2679,CSE222679,Student_1679,Male,student1679@mail.com,9000001679,DS,1,4,A
2680,CSE222680,Student_1680,Female,student1680@mail.com,9000001680,CSE,2,5,B
2681,CSE222681,Student_1681,Female,student1681@mail.com,9000001681,AI,2,6,C
2682,CSE222682,Student_1682,Female,student1682@mail.com,9000001682,DS,3,6,C
2683,CSE222683,Student_1683,Female,student1683@mail.com,9000001683,CSE,3,1,B
2684,CSE222684,Student_1684,Female,student1684@mail.com,9000001684,DS,4,8,C
2685,CSE222685,Student_1685,Female,student1685@mail.com,9000001685,AI,1,7,C
2686,CSE222686,Student_1686,Male,student1686@mail.com,9000001686,DS,1,5,B
2687,CSE222687,Student_1687,Male,student1687@mail.com,9000001687,DS,4,4,A
2688,CSE222688,Student_1688,Female,student1688@mail.com,9000001688,CSE,2,4,B
2689,CSE222689,Student_1689,Male,student1689@mail.com,9000001689,DS,1,2,C
2690,CSE222690,Student_1690,Female,student1690@mail.com,9000001690,CSE,1,3,A
2691,CSE222691,Student_1691,Female,student1691@mail.com,9000001691,IT,1,6,C
2692,CSE222692,Student_1692,Female,student1692@mail.com,9000001692,DS,1,8,A
2693,CSE222693,Student_1693,Male,student1693@mail.com,9000001693,ECE,2,8,C
2694,CSE222694,Student_1694,Male,student1694@mail.com,9000001694,ECE,2,7,A
2695,CSE222695,Student_1695,Male,student1695@mail.com,9000001695,IT,4,7,B
2696,CSE222696,Student_1696,Female,student1696@mail.com,9000001696,DS,2,6,C
2697,CSE222697,Student_1697,Male,student1697@mail.com,9000001697,ECE,1,5,C
2698,CSE222698,Student_1698,Male,student1698@mail.com,9000001698,AI,1,7,A
2699,CSE222699,Student_1699,Female,student1699@mail.com,9000001699,ECE,3,3,C
2700,CSE222700,Student_1700,Male,student1700@mail.com,9000001700,ECE,1,6,B
2701,CSE222701,Student_1701,Male,student1701@mail.com,9000001701,AI,3,2,C
2702,CSE222702,Student_1702,Male,student1702@mail.com,9000001702,DS,1,2,A
2703,CSE222703,Student_1703,Male,student1703@mail.com,9000001703,AI,1,5,B
2704,CSE222704,Student_1704,Male,student1704@mail.com,9000001704,DS,2,6,B
2705,CSE222705,Student_1705,Male,student1705@mail.com,9000001705,ECE,2,1,A
2706,CSE222706,Student_1706,Female,student1706@mail.com,9000001706,ECE,1,3,B
2707,CSE222707,Student_1707,Male,student1707@mail.com,9000001707,CSE,3,3,A
2708,CSE222708,Student_1708,Male,student1708@mail.com,9000001708,IT,4,5,A
2709,CSE222709,Student_1709,Male,student1709@mail.com,9000001709,AI,2,2,A
2710,CSE222710,Student_1710,Male,student1710@mail.com,9000001710,CSE,3,6,A
2711,CSE222711,Student_1711,Female,student1711@mail.com,9000001711,ECE,1,5,B
2712,CSE222712,Student_1712,Female,student1712@mail.com,9000001712,IT,3,1,B
2713,CSE222713,Student_1713,Female,student1713@mail.com,9000001713,ECE,4,2,C
2714,CSE222714,Student_1714,Female,student1714@mail.com,9000001714,IT,3,7,B
2715,CSE222715,Student_1715,Male,student1715@mail.com,9000001715,DS,1,7,B
2716,CSE222716,Student_1716,Male,student1716@mail.com,9000001716,AI,2,1,A
2717,CSE222717,Student_1717,Female,student1717@mail.com,9000001717,ECE,4,1,A
2718,CSE222718,Student_1718,Female,student1718@mail.com,9000001718,ECE,2,3,A
2719,CSE222719,Student_1719,Male,student1719@mail.com,9000001719,CSE,2,2,C
2720,CSE222720,Student_1720,Female,student1720@mail.com,9000001720,ECE,3,3,C
2721,CSE222721,Student_1721,Female,student1721@mail.com,9000001721,AI,4,5,C
2722,CSE222722,Student_1722,Female,student1722@mail.com,9000001722,IT,4,4,C
2723,CSE222723,Student_1723,Male,student1723@mail.com,9000001723,AI,2,4,B
2724,CSE222724,Student_1724,Male,student1724@mail.com,9000001724,CSE,1,5,A
2725,CSE222725,Student_1725,Female,student1725@mail.com,9000001725,CSE,3,1,A
2726,CSE222726,Student_1726,Female,student1726@mail.com,9000001726,IT,3,5,B
2727,CSE222727,Student_1727,Female,student1727@mail.com,9000001727,ECE,1,4,A
2728,CSE222728,Student_1728,Male,student1728@mail.com,9000001728,DS,2,6,A
2729,CSE222729,Student_1729,Female,student1729@mail.com,9000001729,ECE,2,2,A
2730,CSE222730,Student_1730,Male,student1730@mail.com,9000001730,CSE,4,5,C
2731,CSE222731,Student_1731,Male,student1731@mail.com,9000001731,ECE,1,7,C
2732,CSE222732,Student_1732,Male,student1732@mail.com,9000001732,ECE,4,7,A
2733,CSE222733,Student_1733,Female,student1733@mail.com,9000001733,IT,3,1,C
2734,CSE222734,Student_1734,Male,student1734@mail.com,9000001734,IT,4,8,A
2735,CSE222735,Student_1735,Male,student1735@mail.com,9000001735,IT,4,2,B
2736,CSE222736,Student_1736,Female,student1736@mail.com,9000001736,DS,2,7,B
2737,CSE222737,Student_1737,Male,student1737@mail.com,9000001737,DS,3,5,B
2738,CSE222738,Student_1738,Male,student1738@mail.com,9000001738,ECE,3,1,B
2739,CSE222739,Student_1739,Female,student1739@mail.com,9000001739,IT,4,6,C
2740,CSE222740,Student_1740,Female,student1740@mail.com,9000001740,ECE,2,2,B
2741,CSE222741,Student_1741,Female,student1741@mail.com,9000001741,IT,2,3,B
2742,CSE222742,Student_1742,Male,student1742@mail.com,9000001742,IT,3,7,B
2743,CSE222743,Student_1743,Female,student1743@mail.com,9000001743,AI,3,7,A
2744,CSE222744,Student_1744,Female,student1744@mail.com,9000001744,AI,2,7,B
2745,CSE222745,Student_1745,Female,student1745@mail.com,9000001745,CSE,4,8,A
2746,CSE222746,Student_1746,Male,student1746@mail.com,9000001746,IT,2,5,C
2747,CSE222747,Student_1747,Female,student1747@mail.com,9000001747,AI,2,1,C
2748,CSE222748,Student_1748,Male,student1748@mail.com,9000001748,CSE,4,3,C
2749,CSE222749,Student_1749,Female,student1749@mail.com,9000001749,AI,2,3,B
2750,CSE222750,Student_1750,Female,student1750@mail.com,9000001750,ECE,1,7,C
2751,CSE222751,Student_1751,Female,student1751@mail.com,9000001751,CSE,2,4,C
2752,CSE222752,Student_1752,Female,student1752@mail.com,9000001752,CSE,3,2,C
2753,CSE222753,Student_1753,Male,student1753@mail.com,9000001753,IT,1,2,B
2754,CSE222754,Student_1754,Female,student1754@mail.com,9000001754,CSE,3,3,C
2755,CSE222755,Student_1755,Male,student1755@mail.com,9000001755,AI,1,5,B
2756,CSE222756,Student_1756,Female,student1756@mail.com,9000001756,ECE,1,7,C
2757,CSE222757,Student_1757,Male,student1757@mail.com,9000001757,AI,2,5,A
2758,CSE222758,Student_1758,Female,student1758@mail.com,9000001758,IT,2,7,B
2759,CSE222759,Student_1759,Male,student1759@mail.com,9000001759,ECE,3,7,A
2760,CSE222760,Student_1760,Male,student1760@mail.com,9000001760,IT,3,7,C
2761,CSE222761,Student_1761,Male,student1761@mail.com,9000001761,ECE,3,2,B
2762,CSE222762,Student_1762,Female,student1762@mail.com,9000001762,IT,3,5,B
2763,CSE222763,Student_1763,Male,student1763@mail.com,9000001763,CSE,3,1,C
2764,CSE222764,Student_1764,Female,student1764@mail.com,9000001764,IT,1,8,B
2765,CSE222765,Student_1765,Female,student1765@mail.com,9000001765,AI,3,5,A
2766,CSE222766,Student_1766,Male,student1766@mail.com,9000001766,DS,3,1,C
2767,CSE222767,Student_1767,Male,student1767@mail.com,9000001767,AI,1,5,C
2768,CSE222768,Student_1768,Male,student1768@mail.com,9000001768,ECE,3,4,C
2769,CSE222769,Student_1769,Male,student1769@mail.com,9000001769,ECE,4,2,A
2770,CSE222770,Student_1770,Female,student1770@mail.com,9000001770,ECE,3,5,A
2771,CSE222771,Student_1771,Female,student1771@mail.com,9000001771,DS,3,3,B
2772,CSE222772,Student_1772,Female,student1772@mail.com,9000001772,CSE,2,6,C
2773,CSE222773,Student_1773,Male,student1773@mail.com,9000001773,ECE,1,2,C
2774,CSE222774,Student_1774,Male,student1774@mail.com,9000001774,CSE,4,2,A
2775,CSE222775,Student_1775,Male,student1775@mail.com,9000001775,DS,2,7,C
2776,CSE222776,Student_1776,Female,student1776@mail.com,9000001776,DS,4,4,C
2777,CSE222777,Student_1777,Female,student1777@mail.com,9000001777,ECE,4,3,A
2778,CSE222778,Student_1778,Male,student1778@mail.com,9000001778,AI,3,1,C
2779,CSE222779,Student_1779,Female,student1779@mail.com,9000001779,AI,3,2,B
2780,CSE222780,Student_1780,Female,student1780@mail.com,9000001780,ECE,2,1,A
2781,CSE222781,Student_1781,Female,student1781@mail.com,9000001781,DS,4,8,B
2782,CSE222782,Student_1782,Male,student1782@mail.com,9000001782,IT,4,8,A
2783,CSE222783,Student_1783,Female,student1783@mail.com,9000001783,CSE,2,1,B
2784,CSE222784,Student_1784,Female,student1784@mail.com,9000001784,CSE,2,6,A
2785,CSE222785,Student_1785,Male,student1785@mail.com,9000001785,IT,4,6,B
2786,CSE222786,Student_1786,Female,student1786@mail.com,9000001786,AI,3,4,C
2787,CSE222787,Student_1787,Female,student1787@mail.com,9000001787,AI,3,3,C
2788,CSE222788,Student_1788,Male,student1788@mail.com,9000001788,DS,2,7,B
2789,CSE222789,Student_1789,Male,student1789@mail.com,9000001789,AI,2,8,C
2790,CSE222790,Student_1790,Female,student1790@mail.com,9000001790,CSE,2,2,C
2791,CSE222791,Student_1791,Female,student1791@mail.com,9000001791,ECE,4,8,B
2792,CSE222792,Student_1792,Male,student1792@mail.com,9000001792,DS,2,6,A
2793,CSE222793,Student_1793,Male,student1793@mail.com,9000001793,DS,1,7,B
2794,CSE222794,Student_1794,Male,student1794@mail.com,9000001794,ECE,3,5,B
2795,CSE222795,Student_1795,Female,student1795@mail.com,9000001795,DS,4,3,C
2796,CSE222796,Student_1796,Male,student1796@mail.com,9000001796,ECE,3,6,A
2797,CSE222797,Student_1797,Male,student1797@mail.com,9000001797,CSE,3,4,A
2798,CSE222798,Student_1798,Male,student1798@mail.com,9000001798,IT,3,2,B
2799,CSE222799,Student_1799,Male,student1799@mail.com,9000001799,IT,1,8,B
2800,CSE222800,Student_1800,Female,student1800@mail.com,9000001800,CSE,3,6,A
2801,CSE222801,Student_1801,Female,student1801@mail.com,9000001801,CSE,1,2,B
2802,CSE222802,Student_1802,Male,student1802@mail.com,9000001802,AI,1,5,A
2803,CSE222803,Student_1803,Male,student1803@mail.com,9000001803,DS,1,5,C
2804,CSE222804,Student_1804,Male,student1804@mail.com,9000001804,ECE,2,4,C
2805,CSE222805,Student_1805,Male,student1805@mail.com,9000001805,DS,4,2,C
2806,CSE222806,Student_1806,Male,student1806@mail.com,9000001806,IT,1,6,A
2807,CSE222807,Student_1807,Female,student1807@mail.com,9000001807,ECE,2,3,A
2808,CSE222808,Student_1808,Female,student1808@mail.com,9000001808,IT,2,7,B
2809,CSE222809,Student_1809,Male,student1809@mail.com,9000001809,IT,3,7,A
2810,CSE222810,Student_1810,Female,student1810@mail.com,9000001810,ECE,4,2,B
2811,CSE222811,Student_1811,Female,student1811@mail.com,9000001811,AI,2,2,B
2812,CSE222812,Student_1812,Female,student1812@mail.com,9000001812,IT,2,6,A
2813,CSE222813,Student_1813,Male,student1813@mail.com,9000001813,CSE,4,1,B
2814,CSE222814,Student_1814,Male,student1814@mail.com,9000001814,AI,1,2,A
2815,CSE222815,Student_1815,Male,student1815@mail.com,9000001815,AI,1,2,A
2816,CSE222816,Student_1816,Male,student1816@mail.com,9000001816,AI,4,8,B
2817,CSE222817,Student_1817,Male,student1817@mail.com,9000001817,ECE,2,8,A
2818,CSE222818,Student_1818,Male,student1818@mail.com,9000001818,ECE,2,3,B
2819,CSE222819,Student_1819,Male,student1819@mail.com,9000001819,AI,4,5,C
2820,CSE222820,Student_1820,Male,student1820@mail.com,9000001820,IT,1,6,B
2821,CSE222821,Student_1821,Male,student1821@mail.com,9000001821,DS,4,1,C
2822,CSE222822,Student_1822,Male,student1822@mail.com,9000001822,CSE,1,3,C
2823,CSE222823,Student_1823,Female,student1823@mail.com,9000001823,DS,2,7,B
2824,CSE222824,Student_1824,Male,student1824@mail.com,9000001824,IT,1,1,B
2825,CSE222825,Student_1825,Male,student1825@mail.com,9000001825,CSE,2,2,B
2826,CSE222826,Student_1826,Male,student1826@mail.com,9000001826,AI,1,6,A
2827,CSE222827,Student_1827,Male,student1827@mail.com,9000001827,AI,4,5,B
2828,CSE222828,Student_1828,Female,student1828@mail.com,9000001828,IT,4,6,C
2829,CSE222829,Student_1829,Male,student1829@mail.com,9000001829,ECE,3,1,C
2830,CSE222830,Student_1830,Male,student1830@mail.com,9000001830,ECE,2,2,B
2831,CSE222831,Student_1831,Female,student1831@mail.com,9000001831,IT,4,5,C
2832,CSE222832,Student_1832,Female,student1832@mail.com,9000001832,IT,4,6,C
2833,CSE222833,Student_1833,Male,student1833@mail.com,9000001833,IT,1,6,B
2834,CSE222834,Student_1834,Male,student1834@mail.com,9000001834,DS,4,8,A
2835,CSE222835,Student_1835,Male,student1835@mail.com,9000001835,AI,2,5,C
2836,CSE222836,Student_1836,Male,student1836@mail.com,9000001836,DS,4,1,C
2837,CSE222837,Student_1837,Male,student1837@mail.com,9000001837,ECE,1,3,B
2838,CSE222838,Student_1838,Female,student1838@mail.com,9000001838,DS,4,4,B
2839,CSE222839,Student_1839,Female,student1839@mail.com,9000001839,IT,2,6,A
2840,CSE222840,Student_1840,Female,student1840@mail.com,9000001840,CSE,4,6,B
2841,CSE222841,Student_1841,Female,student1841@mail.com,9000001841,CSE,3,3,B
2842,CSE222842,Student_1842,Male,student1842@mail.com,9000001842,ECE,4,1,B
2843,CSE222843,Student_1843,Female,student1843@mail.com,9000001843,CSE,4,3,A
2844,CSE222844,Student_1844,Female,student1844@mail.com,9000001844,DS,2,7,C
2845,CSE222845,Student_1845,Male,student1845@mail.com,9000001845,CSE,3,1,B
2846,CSE222846,Student_1846,Male,student1846@mail.com,9000001846,AI,3,6,A
2847,CSE222847,Student_1847,Female,student1847@mail.com,9000001847,AI,2,1,A
2848,CSE222848,Student_1848,Male,student1848@mail.com,9000001848,CSE,4,5,B
2849,CSE222849,Student_1849,Female,student1849@mail.com,9000001849,CSE,2,6,B
2850,CSE222850,Student_1850,Female,student1850@mail.com,9000001850,AI,3,1,C
2851,CSE222851,Student_1851,Female,student1851@mail.com,9000001851,CSE,2,4,C
2852,CSE222852,Student_1852,Female,student1852@mail.com,9000001852,ECE,1,6,B
2853,CSE222853,Student_1853,Male,student1853@mail.com,9000001853,DS,2,2,B
2854,CSE222854,Student_1854,Female,student1854@mail.com,9000001854,CSE,3,6,B
2855,CSE222855,Student_1855,Male,student1855@mail.com,9000001855,AI,3,8,A
2856,CSE222856,Student_1856,Male,student1856@mail.com,9000001856,DS,2,8,C
2857,CSE222857,Student_1857,Female,student1857@mail.com,9000001857,CSE,4,7,A
2858,CSE222858,Student_1858,Female,student1858@mail.com,9000001858,ECE,1,3,A
2859,CSE222859,Student_1859,Male,student1859@mail.com,9000001859,CSE,3,3,A
2860,CSE222860,Student_1860,Male,student1860@mail.com,9000001860,ECE,1,4,B
2861,CSE222861,Student_1861,Male,student1861@mail.com,9000001861,DS,3,1,C
2862,CSE222862,Student_1862,Male,student1862@mail.com,9000001862,ECE,3,1,C
2863,CSE222863,Student_1863,Male,student1863@mail.com,9000001863,IT,3,5,C
2864,CSE222864,Student_1864,Female,student1864@mail.com,9000001864,CSE,1,1,B
2865,CSE222865,Student_1865,Male,student1865@mail.com,9000001865,IT,1,7,A
2866,CSE222866,Student_1866,Female,student1866@mail.com,9000001866,CSE,4,2,C
2867,CSE222867,Student_1867,Male,student1867@mail.com,9000001867,DS,3,1,A
2868,CSE222868,Student_1868,Female,student1868@mail.com,9000001868,AI,3,6,C
2869,CSE222869,Student_1869,Male,student1869@mail.com,9000001869,DS,1,2,A
2870,CSE222870,Student_1870,Female,student1870@mail.com,9000001870,IT,3,5,A
2871,CSE222871,Student_1871,Male,student1871@mail.com,9000001871,DS,1,1,B
2872,CSE222872,Student_1872,Female,student1872@mail.com,9000001872,IT,1,6,A
2873,CSE222873,Student_1873,Female,student1873@mail.com,9000001873,ECE,2,2,C
2874,CSE222874,Student_1874,Female,student1874@mail.com,9000001874,IT,2,7,A
2875,CSE222875,Student_1875,Male,student1875@mail.com,9000001875,IT,2,7,C
2876,CSE222876,Student_1876,Male,student1876@mail.com,9000001876,ECE,4,5,B
2877,CSE222877,Student_1877,Male,student1877@mail.com,9000001877,AI,4,4,C
2878,CSE222878,Student_1878,Female,student1878@mail.com,9000001878,AI,3,7,C
2879,CSE222879,Student_1879,Male,student1879@mail.com,9000001879,AI,2,5,C
2880,CSE222880,Student_1880,Male,student1880@mail.com,9000001880,IT,2,4,A
2881,CSE222881,Student_1881,Male,student1881@mail.com,9000001881,CSE,4,4,C
2882,CSE222882,Student_1882,Male,student1882@mail.com,9000001882,DS,1,8,B
2883,CSE222883,Student_1883,Male,student1883@mail.com,9000001883,AI,1,5,C
2884,CSE222884,Student_1884,Male,student1884@mail.com,9000001884,CSE,4,3,B
2885,CSE222885,Student_1885,Male,student1885@mail.com,9000001885,AI,2,3,C
2886,CSE222886,Student_1886,Male,student1886@mail.com,9000001886,IT,3,3,C
2887,CSE222887,Student_1887,Female,student1887@mail.com,9000001887,CSE,4,5,A
2888,CSE222888,Student_1888,Female,student1888@mail.com,9000001888,CSE,2,1,B
2889,CSE222889,Student_1889,Female,student1889@mail.com,9000001889,ECE,2,7,B
2890,CSE222890,Student_1890,Female,student1890@mail.com,9000001890,DS,3,5,A
2891,CSE222891,Student_1891,Male,student1891@mail.com,9000001891,AI,3,6,C
2892,CSE222892,Student_1892,Male,student1892@mail.com,9000001892,CSE,4,5,C
2893,CSE222893,Student_1893,Female,student1893@mail.com,9000001893,ECE,3,1,A
2894,CSE222894,Student_1894,Female,student1894@mail.com,9000001894,DS,1,8,A
2895,CSE222895,Student_1895,Female,student1895@mail.com,9000001895,IT,2,7,A
2896,CSE222896,Student_1896,Male,student1896@mail.com,9000001896,ECE,3,6,A
2897,CSE222897,Student_1897,Male,student1897@mail.com,9000001897,ECE,4,6,A
2898,CSE222898,Student_1898,Female,student1898@mail.com,9000001898,ECE,4,7,A
2899,CSE222899,Student_1899,Male,student1899@mail.com,9000001899,ECE,4,2,C
2900,CSE222900,Student_1900,Male,student1900@mail.com,9000001900,ECE,3,7,A
2901,CSE222901,Student_1901,Female,student1901@mail.com,9000001901,DS,4,3,C
2902,CSE222902,Student_1902,Male,student1902@mail.com,9000001902,CSE,2,8,C
2903,CSE222903,Student_1903,Male,student1903@mail.com,9000001903,IT,4,1,A
2904,CSE222904,Student_1904,Female,student1904@mail.com,9000001904,AI,3,7,A
2905,CSE222905,Student_1905,Male,student1905@mail.com,9000001905,AI,3,3,C
2906,CSE222906,Student_1906,Female,student1906@mail.com,9000001906,AI,3,6,A
2907,CSE222907,Student_1907,Female,student1907@mail.com,9000001907,ECE,1,1,A
2908,CSE222908,Student_1908,Female,student1908@mail.com,9000001908,IT,3,2,A
2909,CSE222909,Student_1909,Female,student1909@mail.com,9000001909,ECE,4,2,B
2910,CSE222910,Student_1910,Female,student1910@mail.com,9000001910,AI,1,2,B
2911,CSE222911,Student_1911,Female,student1911@mail.com,9000001911,DS,2,3,A
2912,CSE222912,Student_1912,Female,student1912@mail.com,9000001912,AI,2,7,A
2913,CSE222913,Student_1913,Male,student1913@mail.com,9000001913,ECE,4,5,A
2914,CSE222914,Student_1914,Female,student1914@mail.com,9000001914,IT,2,3,A
2915,CSE222915,Student_1915,Female,student1915@mail.com,9000001915,CSE,4,6,B
2916,CSE222916,Student_1916,Male,student1916@mail.com,9000001916,AI,2,8,C
2917,CSE222917,Student_1917,Female,student1917@mail.com,9000001917,ECE,1,5,B
2918,CSE222918,Student_1918,Female,student1918@mail.com,9000001918,IT,2,3,C
2919,CSE222919,Student_1919,Female,student1919@mail.com,9000001919,DS,1,7,C
2920,CSE222920,Student_1920,Male,student1920@mail.com,9000001920,ECE,4,8,C
2921,CSE222921,Student_1921,Female,student1921@mail.com,9000001921,IT,1,1,B
2922,CSE222922,Student_1922,Male,student1922@mail.com,9000001922,IT,3,3,C
2923,CSE222923,Student_1923,Female,student1923@mail.com,9000001923,CSE,2,3,C
2924,CSE222924,Student_1924,Male,student1924@mail.com,9000001924,IT,1,6,B
2925,CSE222925,Student_1925,Female,student1925@mail.com,9000001925,AI,4,4,B
2926,CSE222926,Student_1926,Female,student1926@mail.com,9000001926,CSE,4,8,C
2927,CSE222927,Student_1927,Male,student1927@mail.com,9000001927,CSE,1,5,B
2928,CSE222928,Student_1928,Male,student1928@mail.com,9000001928,DS,1,2,C
2929,CSE222929,Student_1929,Female,student1929@mail.com,9000001929,ECE,2,3,A
2930,CSE222930,Student_1930,Male,student1930@mail.com,9000001930,AI,1,8,B
2931,CSE222931,Student_1931,Male,student1931@mail.com,9000001931,IT,3,7,A
2932,CSE222932,Student_1932,Male,student1932@mail.com,9000001932,IT,1,2,B
2933,CSE222933,Student_1933,Male,student1933@mail.com,9000001933,CSE,1,8,B
2934,CSE222934,Student_1934,Female,student1934@mail.com,9000001934,DS,2,8,A
2935,CSE222935,Student_1935,Male,student1935@mail.com,9000001935,IT,3,2,B
2936,CSE222936,Student_1936,Female,student1936@mail.com,9000001936,IT,1,5,C
2937,CSE222937,Student_1937,Female,student1937@mail.com,9000001937,DS,3,6,A
2938,CSE222938,Student_1938,Female,student1938@mail.com,9000001938,DS,2,2,C
2939,CSE222939,Student_1939,Male,student1939@mail.com,9000001939,IT,3,5,B
2940,CSE222940,Student_1940,Male,student1940@mail.com,9000001940,DS,2,4,C
2941,CSE222941,Student_1941,Male,student1941@mail.com,9000001941,ECE,1,4,A
2942,CSE222942,Student_1942,Female,student1942@mail.com,9000001942,DS,1,5,B
2943,CSE222943,Student_1943,Male,student1943@mail.com,9000001943,CSE,3,3,B
2944,CSE222944,Student_1944,Male,student1944@mail.com,9000001944,CSE,4,7,C
2945,CSE222945,Student_1945,Female,student1945@mail.com,9000001945,IT,1,6,C
2946,CSE222946,Student_1946,Male,student1946@mail.com,9000001946,ECE,2,1,C
2947,CSE222947,Student_1947,Female,student1947@mail.com,9000001947,IT,2,5,C
2948,CSE222948,Student_1948,Female,student1948@mail.com,9000001948,DS,4,3,B
2949,CSE222949,Student_1949,Female,student1949@mail.com,9000001949,ECE,3,1,B
2950,CSE222950,Student_1950,Male,student1950@mail.com,9000001950,IT,1,7,C
2951,CSE222951,Student_1951,Female,student1951@mail.com,9000001951,CSE,2,4,C
2952,CSE222952,Student_1952,Male,student1952@mail.com,9000001952,AI,3,2,B
2953,CSE222953,Student_1953,Female,student1953@mail.com,9000001953,IT,2,1,A
2954,CSE222954,Student_1954,Male,student1954@mail.com,9000001954,AI,3,2,B
2955,CSE222955,Student_1955,Male,student1955@mail.com,9000001955,IT,1,8,C
2956,CSE222956,Student_1956,Female,student1956@mail.com,9000001956,ECE,1,4,B
2957,CSE222957,Student_1957,Male,student1957@mail.com,9000001957,IT,4,4,A
2958,CSE222958,Student_1958,Male,student1958@mail.com,9000001958,CSE,3,8,A
2959,CSE222959,Student_1959,Female,student1959@mail.com,9000001959,DS,4,2,B
2960,CSE222960,Student_1960,Male,student1960@mail.com,9000001960,DS,1,5,A
2961,CSE222961,Student_1961,Female,student1961@mail.com,9000001961,IT,4,5,A
2962,CSE222962,Student_1962,Female,student1962@mail.com,9000001962,CSE,3,4,C
2963,CSE222963,Student_1963,Female,student1963@mail.com,9000001963,CSE,1,8,A
2964,CSE222964,Student_1964,Male,student1964@mail.com,9000001964,DS,3,7,C
2965,CSE222965,Student_1965,Male,student1965@mail.com,9000001965,IT,4,2,B
2966,CSE222966,Student_1966,Female,student1966@mail.com,9000001966,CSE,4,7,B
2967,CSE222967,Student_1967,Female,student1967@mail.com,9000001967,ECE,4,7,A
2968,CSE222968,Student_1968,Female,student1968@mail.com,9000001968,DS,1,1,A
2969,CSE222969,Student_1969,Male,student1969@mail.com,9000001969,CSE,4,2,B
2970,CSE222970,Student_1970,Male,student1970@mail.com,9000001970,IT,4,6,A
2971,CSE222971,Student_1971,Female,student1971@mail.com,9000001971,IT,3,6,B
2972,CSE222972,Student_1972,Male,student1972@mail.com,9000001972,DS,4,8,B
2973,CSE222973,Student_1973,Male,student1973@mail.com,9000001973,ECE,3,2,C
2974,CSE222974,Student_1974,Female,student1974@mail.com,9000001974,DS,2,7,A
2975,CSE222975,Student_1975,Male,student1975@mail.com,9000001975,AI,3,4,A
2976,CSE222976,Student_1976,Female,student1976@mail.com,9000001976,IT,4,3,A
2977,CSE222977,Student_1977,Female,student1977@mail.com,9000001977,CSE,1,1,B
2978,CSE222978,Student_1978,Male,student1978@mail.com,9000001978,IT,4,5,A
2979,CSE222979,Student_1979,Female,student1979@mail.com,9000001979,DS,2,8,A
2980,CSE222980,Student_1980,Male,student1980@mail.com,9000001980,AI,1,8,C
2981,CSE222981,Student_1981,Male,student1981@mail.com,9000001981,ECE,3,7,A
2982,CSE222982,Student_1982,Male,student1982@mail.com,9000001982,AI,3,6,A
2983,CSE222983,Student_1983,Male,student1983@mail.com,9000001983,ECE,4,3,A
2984,CSE222984,Student_1984,Male,student1984@mail.com,9000001984,ECE,2,8,B
2985,CSE222985,Student_1985,Male,student1985@mail.com,9000001985,IT,2,5,C
2986,CSE222986,Student_1986,Male,student1986@mail.com,9000001986,ECE,3,1,A
2987,CSE222987,Student_1987,Male,student1987@mail.com,9000001987,CSE,2,5,A
2988,CSE222988,Student_1988,Female,student1988@mail.com,9000001988,ECE,3,8,C
2989,CSE222989,Student_1989,Female,student1989@mail.com,9000001989,ECE,3,4,C
2990,CSE222990,Student_1990,Male,student1990@mail.com,9000001990,IT,4,5,C
2991,CSE222991,Student_1991,Male,student1991@mail.com,9000001991,IT,1,3,B
2992,CSE222992,Student_1992,Male,student1992@mail.com,9000001992,ECE,3,3,B
2993,CSE222993,Student_1993,Male,student1993@mail.com,9000001993,DS,4,7,B
2994,CSE222994,Student_1994,Female,student1994@mail.com,9000001994,IT,2,4,C
2995,CSE222995,Student_1995,Female,student1995@mail.com,9000001995,IT,1,3,C
2996,CSE222996,Student_1996,Female,student1996@mail.com,9000001996,DS,4,4,C
2997,CSE222997,Student_1997,Female,student1997@mail.com,9000001997,CSE,3,1,A
2998,CSE222998,Student_1998,Female,student1998@mail.com,9000001998,CSE,4,6,B
2999,CSE222999,Student_1999,Female,student1999@mail.com,9000001999,DS,1,4,B
3000,CSE223000,Student_2000,Male,student2000@mail.com,9000002000,DS,2,1,B
3001,CSE223001,Student_2001,Male,student2001@mail.com,9000002001,CSE,1,8,C
3002,CSE223002,Student_2002,Male,student2002@mail.com,9000002002,DS,4,8,B
3003,CSE223003,Student_2003,Male,student2003@mail.com,9000002003,CSE,2,6,B
3004,CSE223004,Student_2004,Female,student2004@mail.com,9000002004,CSE,3,3,C
3005,CSE223005,Student_2005,Female,student2005@mail.com,9000002005,CSE,4,4,C
3006,CSE223006,Student_2006,Female,student2006@mail.com,9000002006,ECE,3,7,C
3007,CSE223007,Student_2007,Male,student2007@mail.com,9000002007,ECE,1,5,B
3008,CSE223008,Student_2008,Male,student2008@mail.com,9000002008,CSE,1,2,A
3009,CSE223009,Student_2009,Male,student2009@mail.com,9000002009,ECE,2,1,B
3010,CSE223010,Student_2010,Female,student2010@mail.com,9000002010,IT,4,1,C
3011,CSE223011,Student_2011,Female,student2011@mail.com,9000002011,AI,3,4,A
3012,CSE223012,Student_2012,Female,student2012@mail.com,9000002012,CSE,4,5,B
3013,CSE223013,Student_2013,Female,student2013@mail.com,9000002013,CSE,1,8,A
3014,CSE223014,Student_2014,Male,student2014@mail.com,9000002014,AI,1,8,C
3015,CSE223015,Student_2015,Female,student2015@mail.com,9000002015,ECE,4,7,A
3016,CSE223016,Student_2016,Male,student2016@mail.com,9000002016,AI,1,5,C
3017,CSE223017,Student_2017,Female,student2017@mail.com,9000002017,DS,3,6,C
3018,CSE223018,Student_2018,Male,student2018@mail.com,9000002018,IT,2,5,C
3019,CSE223019,Student_2019,Male,student2019@mail.com,9000002019,AI,3,5,C
3020,CSE223020,Student_2020,Male,student2020@mail.com,9000002020,CSE,4,6,A
3021,CSE223021,Student_2021,Male,student2021@mail.com,9000002021,AI,4,1,B
3022,CSE223022,Student_2022,Female,student2022@mail.com,9000002022,CSE,1,3,A
3023,CSE223023,Student_2023,Female,student2023@mail.com,9000002023,AI,4,7,C
3024,CSE223024,Student_2024,Female,student2024@mail.com,9000002024,IT,2,3,C
3025,CSE223025,Student_2025,Male,student2025@mail.com,9000002025,IT,1,8,C
3026,CSE223026,Student_2026,Female,student2026@mail.com,9000002026,AI,3,7,A
3027,CSE223027,Student_2027,Male,student2027@mail.com,9000002027,IT,3,4,A
3028,CSE223028,Student_2028,Male,student2028@mail.com,9000002028,ECE,4,1,C
3029,CSE223029,Student_2029,Male,student2029@mail.com,9000002029,IT,4,8,C
3030,CSE223030,Student_2030,Male,student2030@mail.com,9000002030,DS,4,2,A
3031,CSE223031,Student_2031,Female,student2031@mail.com,9000002031,ECE,1,8,A
3032,CSE223032,Student_2032,Female,student2032@mail.com,9000002032,AI,4,7,C
3033,CSE223033,Student_2033,Male,student2033@mail.com,9000002033,IT,1,4,A
3034,CSE223034,Student_2034,Male,student2034@mail.com,9000002034,CSE,1,5,B
3035,CSE223035,Student_2035,Female,student2035@mail.com,9000002035,CSE,1,3,B
3036,CSE223036,Student_2036,Female,student2036@mail.com,9000002036,AI,2,7,A
3037,CSE223037,Student_2037,Male,student2037@mail.com,9000002037,IT,2,1,B
3038,CSE223038,Student_2038,Female,student2038@mail.com,9000002038,IT,3,3,C
3039,CSE223039,Student_2039,Male,student2039@mail.com,9000002039,AI,4,6,C
3040,CSE223040,Student_2040,Male,student2040@mail.com,9000002040,CSE,4,2,B
3041,CSE223041,Student_2041,Male,student2041@mail.com,9000002041,IT,1,3,B
3042,CSE223042,Student_2042,Female,student2042@mail.com,9000002042,ECE,4,3,B
3043,CSE223043,Student_2043,Male,student2043@mail.com,9000002043,DS,1,6,C
3044,CSE223044,Student_2044,Female,student2044@mail.com,9000002044,IT,1,2,A
3045,CSE223045,Student_2045,Female,student2045@mail.com,9000002045,IT,3,6,A
3046,CSE223046,Student_2046,Male,student2046@mail.com,9000002046,ECE,1,5,C
3047,CSE223047,Student_2047,Female,student2047@mail.com,9000002047,IT,1,2,B
3048,CSE223048,Student_2048,Male,student2048@mail.com,9000002048,IT,1,8,A
3049,CSE223049,Student_2049,Female,student2049@mail.com,9000002049,CSE,1,7,B
3050,CSE223050,Student_2050,Female,student2050@mail.com,9000002050,DS,4,7,B
3051,CSE223051,Student_2051,Male,student2051@mail.com,9000002051,DS,2,2,B
3052,CSE223052,Student_2052,Male,student2052@mail.com,9000002052,IT,4,8,A
3053,CSE223053,Student_2053,Male,student2053@mail.com,9000002053,AI,1,3,C
3054,CSE223054,Student_2054,Male,student2054@mail.com,9000002054,AI,1,5,A
3055,CSE223055,Student_2055,Male,student2055@mail.com,9000002055,DS,1,6,C
3056,CSE223056,Student_2056,Female,student2056@mail.com,9000002056,ECE,2,8,C
3057,CSE223057,Student_2057,Male,student2057@mail.com,9000002057,IT,3,8,C
3058,CSE223058,Student_2058,Male,student2058@mail.com,9000002058,CSE,4,4,A
3059,CSE223059,Student_2059,Male,student2059@mail.com,9000002059,AI,2,3,B
3060,CSE223060,Student_2060,Male,student2060@mail.com,9000002060,CSE,4,7,B
3061,CSE223061,Student_2061,Female,student2061@mail.com,9000002061,IT,1,2,A
3062,CSE223062,Student_2062,Female,student2062@mail.com,9000002062,ECE,2,5,C
3063,CSE223063,Student_2063,Female,student2063@mail.com,9000002063,CSE,3,1,A
3064,CSE223064,Student_2064,Female,student2064@mail.com,9000002064,ECE,2,5,B
3065,CSE223065,Student_2065,Female,student2065@mail.com,9000002065,AI,1,4,B
3066,CSE223066,Student_2066,Female,student2066@mail.com,9000002066,DS,3,1,A
3067,CSE223067,Student_2067,Female,student2067@mail.com,9000002067,CSE,2,2,B
3068,CSE223068,Student_2068,Male,student2068@mail.com,9000002068,DS,3,6,C
3069,CSE223069,Student_2069,Male,student2069@mail.com,9000002069,ECE,1,8,A
3070,CSE223070,Student_2070,Female,student2070@mail.com,9000002070,ECE,2,8,A
3071,CSE223071,Student_2071,Female,student2071@mail.com,9000002071,DS,1,4,B
3072,CSE223072,Student_2072,Female,student2072@mail.com,9000002072,IT,4,1,B
3073,CSE223073,Student_2073,Male,student2073@mail.com,9000002073,AI,2,7,C
3074,CSE223074,Student_2074,Male,student2074@mail.com,9000002074,IT,1,6,A
3075,CSE223075,Student_2075,Male,student2075@mail.com,9000002075,DS,3,8,C
3076,CSE223076,Student_2076,Male,student2076@mail.com,9000002076,ECE,4,6,B
3077,CSE223077,Student_2077,Female,student2077@mail.com,9000002077,CSE,4,3,C
3078,CSE223078,Student_2078,Female,student2078@mail.com,9000002078,IT,3,4,C
3079,CSE223079,Student_2079,Female,student2079@mail.com,9000002079,AI,4,1,B
3080,CSE223080,Student_2080,Male,student2080@mail.com,9000002080,CSE,4,1,C
3081,CSE223081,Student_2081,Male,student2081@mail.com,9000002081,ECE,2,1,B
3082,CSE223082,Student_2082,Female,student2082@mail.com,9000002082,DS,4,7,A
3083,CSE223083,Student_2083,Female,student2083@mail.com,9000002083,DS,4,4,B
3084,CSE223084,Student_2084,Female,student2084@mail.com,9000002084,IT,2,8,B
3085,CSE223085,Student_2085,Female,student2085@mail.com,9000002085,DS,4,3,B
3086,CSE223086,Student_2086,Female,student2086@mail.com,9000002086,DS,3,4,C
3087,CSE223087,Student_2087,Female,student2087@mail.com,9000002087,DS,3,4,C
3088,CSE223088,Student_2088,Male,student2088@mail.com,9000002088,DS,2,5,B
3089,CSE223089,Student_2089,Male,student2089@mail.com,9000002089,CSE,4,8,A
3090,CSE223090,Student_2090,Female,student2090@mail.com,9000002090,CSE,3,2,B
3091,CSE223091,Student_2091,Female,student2091@mail.com,9000002091,IT,1,1,C
3092,CSE223092,Student_2092,Male,student2092@mail.com,9000002092,IT,1,6,C
3093,CSE223093,Student_2093,Female,student2093@mail.com,9000002093,ECE,3,4,B
3094,CSE223094,Student_2094,Male,student2094@mail.com,9000002094,IT,2,8,B
3095,CSE223095,Student_2095,Male,student2095@mail.com,9000002095,AI,1,5,B
3096,CSE223096,Student_2096,Male,student2096@mail.com,9000002096,AI,3,8,A
3097,CSE223097,Student_2097,Female,student2097@mail.com,9000002097,CSE,1,4,A
3098,CSE223098,Student_2098,Female,student2098@mail.com,9000002098,ECE,2,3,B
3099,CSE223099,Student_2099,Male,student2099@mail.com,9000002099,AI,3,5,B
3100,CSE223100,Student_2100,Female,student2100@mail.com,9000002100,CSE,2,3,A
3101,CSE223101,Student_2101,Male,student2101@mail.com,9000002101,IT,3,2,C
3102,CSE223102,Student_2102,Female,student2102@mail.com,9000002102,CSE,4,7,C
3103,CSE223103,Student_2103,Female,student2103@mail.com,9000002103,DS,2,7,C
3104,CSE223104,Student_2104,Female,student2104@mail.com,9000002104,DS,2,7,B
3105,CSE223105,Student_2105,Female,student2105@mail.com,9000002105,CSE,1,5,B
3106,CSE223106,Student_2106,Male,student2106@mail.com,9000002106,ECE,1,7,B
3107,CSE223107,Student_2107,Male,student2107@mail.com,9000002107,ECE,4,4,B
3108,CSE223108,Student_2108,Male,student2108@mail.com,9000002108,DS,4,1,B
3109,CSE223109,Student_2109,Male,student2109@mail.com,9000002109,DS,4,7,A
3110,CSE223110,Student_2110,Female,student2110@mail.com,9000002110,ECE,2,2,A
3111,CSE223111,Student_2111,Male,student2111@mail.com,9000002111,DS,1,6,A
3112,CSE223112,Student_2112,Female,student2112@mail.com,9000002112,IT,1,7,A
3113,CSE223113,Student_2113,Male,student2113@mail.com,9000002113,AI,1,5,B
3114,CSE223114,Student_2114,Female,student2114@mail.com,9000002114,AI,2,6,C
3115,CSE223115,Student_2115,Male,student2115@mail.com,9000002115,IT,3,8,B
3116,CSE223116,Student_2116,Male,student2116@mail.com,9000002116,IT,3,7,B
3117,CSE223117,Student_2117,Female,student2117@mail.com,9000002117,ECE,2,8,C
3118,CSE223118,Student_2118,Male,student2118@mail.com,9000002118,CSE,2,3,A
3119,CSE223119,Student_2119,Female,student2119@mail.com,9000002119,CSE,4,8,C
3120,CSE223120,Student_2120,Female,student2120@mail.com,9000002120,DS,3,2,B
3121,CSE223121,Student_2121,Male,student2121@mail.com,9000002121,IT,1,6,C
3122,CSE223122,Student_2122,Female,student2122@mail.com,9000002122,IT,4,7,B
3123,CSE223123,Student_2123,Male,student2123@mail.com,9000002123,ECE,3,7,A
3124,CSE223124,Student_2124,Male,student2124@mail.com,9000002124,DS,3,1,B
3125,CSE223125,Student_2125,Male,student2125@mail.com,9000002125,CSE,2,4,B
3126,CSE223126,Student_2126,Male,student2126@mail.com,9000002126,IT,3,3,A
3127,CSE223127,Student_2127,Male,student2127@mail.com,9000002127,ECE,3,2,C
3128,CSE223128,Student_2128,Female,student2128@mail.com,9000002128,DS,3,7,B
3129,CSE223129,Student_2129,Female,student2129@mail.com,9000002129,ECE,1,5,A
3130,CSE223130,Student_2130,Female,student2130@mail.com,9000002130,AI,3,5,C
3131,CSE223131,Student_2131,Male,student2131@mail.com,9000002131,IT,2,3,A
3132,CSE223132,Student_2132,Male,student2132@mail.com,9000002132,DS,2,4,C
3133,CSE223133,Student_2133,Female,student2133@mail.com,9000002133,IT,4,1,C
3134,CSE223134,Student_2134,Female,student2134@mail.com,9000002134,AI,1,1,C
3135,CSE223135,Student_2135,Male,student2135@mail.com,9000002135,AI,4,2,A
3136,CSE223136,Student_2136,Male,student2136@mail.com,9000002136,IT,4,4,B
3137,CSE223137,Student_2137,Male,student2137@mail.com,9000002137,DS,1,5,B
3138,CSE223138,Student_2138,Male,student2138@mail.com,9000002138,IT,4,6,C
3139,CSE223139,Student_2139,Male,student2139@mail.com,9000002139,AI,2,1,B
3140,CSE223140,Student_2140,Female,student2140@mail.com,9000002140,ECE,3,5,C
3141,CSE223141,Student_2141,Female,student2141@mail.com,9000002141,ECE,2,8,C
3142,CSE223142,Student_2142,Female,student2142@mail.com,9000002142,AI,2,1,B
3143,CSE223143,Student_2143,Male,student2143@mail.com,9000002143,ECE,4,5,C
3144,CSE223144,Student_2144,Male,student2144@mail.com,9000002144,ECE,1,8,A
3145,CSE223145,Student_2145,Male,student2145@mail.com,9000002145,AI,3,5,C
3146,CSE223146,Student_2146,Male,student2146@mail.com,9000002146,CSE,1,4,B
3147,CSE223147,Student_2147,Female,student2147@mail.com,9000002147,DS,4,7,B
3148,CSE223148,Student_2148,Female,student2148@mail.com,9000002148,AI,1,1,A
3149,CSE223149,Student_2149,Male,student2149@mail.com,9000002149,IT,1,1,A
3150,CSE223150,Student_2150,Male,student2150@mail.com,9000002150,ECE,2,1,A
3151,CSE223151,Student_2151,Male,student2151@mail.com,9000002151,ECE,1,2,B
3152,CSE223152,Student_2152,Female,student2152@mail.com,9000002152,CSE,1,4,A
3153,CSE223153,Student_2153,Female,student2153@mail.com,9000002153,IT,3,4,C
3154,CSE223154,Student_2154,Male,student2154@mail.com,9000002154,CSE,3,2,B
3155,CSE223155,Student_2155,Female,student2155@mail.com,9000002155,AI,2,8,A
3156,CSE223156,Student_2156,Male,student2156@mail.com,9000002156,ECE,2,6,B
3157,CSE223157,Student_2157,Female,student2157@mail.com,9000002157,ECE,1,4,B
3158,CSE223158,Student_2158,Male,student2158@mail.com,9000002158,IT,4,5,B
3159,CSE223159,Student_2159,Male,student2159@mail.com,9000002159,IT,2,2,A
3160,CSE223160,Student_2160,Female,student2160@mail.com,9000002160,IT,1,6,C
3161,CSE223161,Student_2161,Male,student2161@mail.com,9000002161,IT,1,2,A
3162,CSE223162,Student_2162,Male,student2162@mail.com,9000002162,AI,3,3,A
3163,CSE223163,Student_2163,Female,student2163@mail.com,9000002163,AI,1,6,B
3164,CSE223164,Student_2164,Male,student2164@mail.com,9000002164,IT,3,4,C
3165,CSE223165,Student_2165,Female,student2165@mail.com,9000002165,CSE,4,8,C
3166,CSE223166,Student_2166,Female,student2166@mail.com,9000002166,AI,2,7,C
3167,CSE223167,Student_2167,Female,student2167@mail.com,9000002167,DS,2,1,B
3168,CSE223168,Student_2168,Male,student2168@mail.com,9000002168,IT,1,1,B
3169,CSE223169,Student_2169,Female,student2169@mail.com,9000002169,ECE,1,7,B
3170,CSE223170,Student_2170,Male,student2170@mail.com,9000002170,IT,1,3,A
3171,CSE223171,Student_2171,Female,student2171@mail.com,9000002171,IT,3,6,A
3172,CSE223172,Student_2172,Male,student2172@mail.com,9000002172,DS,3,6,B
3173,CSE223173,Student_2173,Male,student2173@mail.com,9000002173,IT,2,3,B
3174,CSE223174,Student_2174,Female,student2174@mail.com,9000002174,IT,2,7,A
3175,CSE223175,Student_2175,Male,student2175@mail.com,9000002175,ECE,2,6,B
3176,CSE223176,Student_2176,Female,student2176@mail.com,9000002176,CSE,3,3,C
3177,CSE223177,Student_2177,Male,student2177@mail.com,9000002177,IT,2,3,B
3178,CSE223178,Student_2178,Male,student2178@mail.com,9000002178,DS,3,6,A
3179,CSE223179,Student_2179,Male,student2179@mail.com,9000002179,AI,2,3,A
3180,CSE223180,Student_2180,Female,student2180@mail.com,9000002180,IT,1,2,A
3181,CSE223181,Student_2181,Female,student2181@mail.com,9000002181,ECE,2,4,B
3182,CSE223182,Student_2182,Male,student2182@mail.com,9000002182,CSE,4,4,A
3183,CSE223183,Student_2183,Male,student2183@mail.com,9000002183,CSE,2,1,C
3184,CSE223184,Student_2184,Male,student2184@mail.com,9000002184,AI,1,6,A
3185,CSE223185,Student_2185,Female,student2185@mail.com,9000002185,AI,4,3,A
3186,CSE223186,Student_2186,Male,student2186@mail.com,9000002186,CSE,1,1,B
3187,CSE223187,Student_2187,Male,student2187@mail.com,9000002187,CSE,1,2,C
3188,CSE223188,Student_2188,Male,student2188@mail.com,9000002188,ECE,4,7,C
3189,CSE223189,Student_2189,Male,student2189@mail.com,9000002189,ECE,4,4,A
3190,CSE223190,Student_2190,Male,student2190@mail.com,9000002190,DS,1,6,C
3191,CSE223191,Student_2191,Male,student2191@mail.com,9000002191,IT,1,8,B
3192,CSE223192,Student_2192,Male,student2192@mail.com,9000002192,DS,4,4,C
3193,CSE223193,Student_2193,Male,student2193@mail.com,9000002193,CSE,1,7,A
3194,CSE223194,Student_2194,Male,student2194@mail.com,9000002194,IT,2,6,A
3195,CSE223195,Student_2195,Female,student2195@mail.com,9000002195,ECE,1,6,A
3196,CSE223196,Student_2196,Male,student2196@mail.com,9000002196,DS,1,6,A
3197,CSE223197,Student_2197,Male,student2197@mail.com,9000002197,AI,1,5,A
3198,CSE223198,Student_2198,Male,student2198@mail.com,9000002198,CSE,1,6,B
3199,CSE223199,Student_2199,Female,student2199@mail.com,9000002199,ECE,4,8,C
3200,CSE223200,Student_2200,Male,student2200@mail.com,9000002200,IT,3,3,B
3201,CSE223201,Student_2201,Male,student2201@mail.com,9000002201,AI,1,3,C
3202,CSE223202,Student_2202,Male,student2202@mail.com,9000002202,CSE,1,3,A
3203,CSE223203,Student_2203,Male,student2203@mail.com,9000002203,IT,4,3,A
3204,CSE223204,Student_2204,Female,student2204@mail.com,9000002204,CSE,1,4,B
3205,CSE223205,Student_2205,Male,student2205@mail.com,9000002205,ECE,4,2,A
3206,CSE223206,Student_2206,Female,student2206@mail.com,9000002206,IT,2,6,A
3207,CSE223207,Student_2207,Male,student2207@mail.com,9000002207,IT,4,5,B
3208,CSE223208,Student_2208,Female,student2208@mail.com,9000002208,IT,2,2,A
3209,CSE223209,Student_2209,Male,student2209@mail.com,9000002209,CSE,1,1,B
3210,CSE223210,Student_2210,Female,student2210@mail.com,9000002210,AI,1,5,B
3211,CSE223211,Student_2211,Female,student2211@mail.com,9000002211,CSE,4,4,B
3212,CSE223212,Student_2212,Male,student2212@mail.com,9000002212,ECE,2,5,B
3213,CSE223213,Student_2213,Female,student2213@mail.com,9000002213,DS,4,8,C
3214,CSE223214,Student_2214,Female,student2214@mail.com,9000002214,AI,2,1,C
3215,CSE223215,Student_2215,Female,student2215@mail.com,9000002215,AI,4,2,A
3216,CSE223216,Student_2216,Female,student2216@mail.com,9000002216,IT,3,8,B
3217,CSE223217,Student_2217,Female,student2217@mail.com,9000002217,ECE,3,3,A
3218,CSE223218,Student_2218,Female,student2218@mail.com,9000002218,ECE,3,7,B
3219,CSE223219,Student_2219,Female,student2219@mail.com,9000002219,CSE,2,4,B
3220,CSE223220,Student_2220,Male,student2220@mail.com,9000002220,IT,2,5,C
3221,CSE223221,Student_2221,Male,student2221@mail.com,9000002221,AI,2,1,A
3222,CSE223222,Student_2222,Male,student2222@mail.com,9000002222,AI,4,7,A
3223,CSE223223,Student_2223,Female,student2223@mail.com,9000002223,DS,1,7,B
3224,CSE223224,Student_2224,Male,student2224@mail.com,9000002224,DS,1,7,B
3225,CSE223225,Student_2225,Male,student2225@mail.com,9000002225,CSE,4,8,C
3226,CSE223226,Student_2226,Male,student2226@mail.com,9000002226,CSE,3,5,C
3227,CSE223227,Student_2227,Male,student2227@mail.com,9000002227,ECE,1,2,C
3228,CSE223228,Student_2228,Male,student2228@mail.com,9000002228,IT,4,1,B
3229,CSE223229,Student_2229,Female,student2229@mail.com,9000002229,AI,1,3,C
3230,CSE223230,Student_2230,Female,student2230@mail.com,9000002230,ECE,3,5,C
3231,CSE223231,Student_2231,Male,student2231@mail.com,9000002231,CSE,1,7,B
3232,CSE223232,Student_2232,Female,student2232@mail.com,9000002232,DS,1,8,B
3233,CSE223233,Student_2233,Female,student2233@mail.com,9000002233,ECE,1,4,C
3234,CSE223234,Student_2234,Female,student2234@mail.com,9000002234,ECE,3,8,B
3235,CSE223235,Student_2235,Female,student2235@mail.com,9000002235,CSE,2,4,B
3236,CSE223236,Student_2236,Male,student2236@mail.com,9000002236,IT,4,2,C
3237,CSE223237,Student_2237,Female,student2237@mail.com,9000002237,CSE,3,6,A
3238,CSE223238,Student_2238,Male,student2238@mail.com,9000002238,IT,2,1,C
3239,CSE223239,Student_2239,Male,student2239@mail.com,9000002239,IT,3,7,B
3240,CSE223240,Student_2240,Female,student2240@mail.com,9000002240,IT,4,2,B
3241,CSE223241,Student_2241,Female,student2241@mail.com,9000002241,AI,3,6,C
3242,CSE223242,Student_2242,Male,student2242@mail.com,9000002242,CSE,4,8,C
3243,CSE223243,Student_2243,Female,student2243@mail.com,9000002243,ECE,1,5,B
3244,CSE223244,Student_2244,Male,student2244@mail.com,9000002244,AI,3,7,A
3245,CSE223245,Student_2245,Male,student2245@mail.com,9000002245,AI,3,6,A
3246,CSE223246,Student_2246,Female,student2246@mail.com,9000002246,AI,2,5,A
3247,CSE223247,Student_2247,Male,student2247@mail.com,9000002247,CSE,3,1,C
3248,CSE223248,Student_2248,Male,student2248@mail.com,9000002248,ECE,1,5,C
3249,CSE223249,Student_2249,Female,student2249@mail.com,9000002249,ECE,2,2,B
3250,CSE223250,Student_2250,Male,student2250@mail.com,9000002250,DS,2,5,A
3251,CSE223251,Student_2251,Male,student2251@mail.com,9000002251,IT,2,5,C
3252,CSE223252,Student_2252,Male,student2252@mail.com,9000002252,DS,3,3,B
3253,CSE223253,Student_2253,Male,student2253@mail.com,9000002253,CSE,2,8,A
3254,CSE223254,Student_2254,Male,student2254@mail.com,9000002254,IT,4,8,C
3255,CSE223255,Student_2255,Female,student2255@mail.com,9000002255,AI,4,5,B
3256,CSE223256,Student_2256,Male,student2256@mail.com,9000002256,CSE,3,8,A
3257,CSE223257,Student_2257,Male,student2257@mail.com,9000002257,AI,4,5,A
3258,CSE223258,Student_2258,Male,student2258@mail.com,9000002258,AI,4,1,C
3259,CSE223259,Student_2259,Male,student2259@mail.com,9000002259,AI,2,5,A
3260,CSE223260,Student_2260,Female,student2260@mail.com,9000002260,IT,2,5,A
3261,CSE223261,Student_2261,Female,student2261@mail.com,9000002261,CSE,3,8,B
3262,CSE223262,Student_2262,Female,student2262@mail.com,9000002262,IT,2,5,A
3263,CSE223263,Student_2263,Male,student2263@mail.com,9000002263,AI,4,6,C
3264,CSE223264,Student_2264,Male,student2264@mail.com,9000002264,CSE,2,4,A
3265,CSE223265,Student_2265,Male,student2265@mail.com,9000002265,AI,1,2,B
3266,CSE223266,Student_2266,Female,student2266@mail.com,9000002266,DS,3,3,B
3267,CSE223267,Student_2267,Male,student2267@mail.com,9000002267,IT,4,7,A
3268,CSE223268,Student_2268,Female,student2268@mail.com,9000002268,CSE,1,5,B
3269,CSE223269,Student_2269,Female,student2269@mail.com,9000002269,IT,2,6,C
3270,CSE223270,Student_2270,Female,student2270@mail.com,9000002270,CSE,3,2,B
3271,CSE223271,Student_2271,Female,student2271@mail.com,9000002271,IT,1,7,B
3272,CSE223272,Student_2272,Male,student2272@mail.com,9000002272,CSE,3,7,A
3273,CSE223273,Student_2273,Female,student2273@mail.com,9000002273,DS,1,3,B
3274,CSE223274,Student_2274,Male,student2274@mail.com,9000002274,AI,2,2,B
3275,CSE223275,Student_2275,Male,student2275@mail.com,9000002275,AI,2,5,B
3276,CSE223276,Student_2276,Female,student2276@mail.com,9000002276,AI,3,6,B
3277,CSE223277,Student_2277,Male,student2277@mail.com,9000002277,CSE,2,4,B
3278,CSE223278,Student_2278,Male,student2278@mail.com,9000002278,DS,4,2,C
3279,CSE223279,Student_2279,Male,student2279@mail.com,9000002279,ECE,2,8,B
3280,CSE223280,Student_2280,Male,student2280@mail.com,9000002280,AI,3,5,B
3281,CSE223281,Student_2281,Female,student2281@mail.com,9000002281,CSE,2,5,A
3282,CSE223282,Student_2282,Female,student2282@mail.com,9000002282,IT,2,7,B
3283,CSE223283,Student_2283,Male,student2283@mail.com,9000002283,CSE,1,1,A
3284,CSE223284,Student_2284,Female,student2284@mail.com,9000002284,DS,2,8,A
3285,CSE223285,Student_2285,Male,student2285@mail.com,9000002285,ECE,4,4,A
3286,CSE223286,Student_2286,Female,student2286@mail.com,9000002286,AI,2,6,C
3287,CSE223287,Student_2287,Male,student2287@mail.com,9000002287,ECE,4,5,B
3288,CSE223288,Student_2288,Male,student2288@mail.com,9000002288,IT,3,3,A
3289,CSE223289,Student_2289,Male,student2289@mail.com,9000002289,DS,4,3,C
3290,CSE223290,Student_2290,Male,student2290@mail.com,9000002290,ECE,1,3,C
3291,CSE223291,Student_2291,Female,student2291@mail.com,9000002291,ECE,4,1,A
3292,CSE223292,Student_2292,Male,student2292@mail.com,9000002292,ECE,3,8,C
3293,CSE223293,Student_2293,Male,student2293@mail.com,9000002293,CSE,2,7,B
3294,CSE223294,Student_2294,Male,student2294@mail.com,9000002294,DS,2,7,A
3295,CSE223295,Student_2295,Male,student2295@mail.com,9000002295,AI,1,7,A
3296,CSE223296,Student_2296,Female,student2296@mail.com,9000002296,IT,1,1,C
3297,CSE223297,Student_2297,Male,student2297@mail.com,9000002297,ECE,3,5,A
3298,CSE223298,Student_2298,Female,student2298@mail.com,9000002298,CSE,4,4,C
3299,CSE223299,Student_2299,Female,student2299@mail.com,9000002299,CSE,1,1,C
3300,CSE223300,Student_2300,Female,student2300@mail.com,9000002300,CSE,2,7,A
3301,CSE223301,Student_2301,Female,student2301@mail.com,9000002301,ECE,1,5,A
3302,CSE223302,Student_2302,Female,student2302@mail.com,9000002302,CSE,3,2,A
3303,CSE223303,Student_2303,Male,student2303@mail.com,9000002303,CSE,3,2,A
3304,CSE223304,Student_2304,Male,student2304@mail.com,9000002304,IT,3,8,B
3305,CSE223305,Student_2305,Male,student2305@mail.com,9000002305,AI,2,3,C
3306,CSE223306,Student_2306,Male,student2306@mail.com,9000002306,CSE,2,1,C
3307,CSE223307,Student_2307,Male,student2307@mail.com,9000002307,DS,3,5,C
3308,CSE223308,Student_2308,Male,student2308@mail.com,9000002308,CSE,4,3,C
3309,CSE223309,Student_2309,Female,student2309@mail.com,9000002309,ECE,4,1,A
3310,CSE223310,Student_2310,Female,student2310@mail.com,9000002310,DS,4,5,B
3311,CSE223311,Student_2311,Male,student2311@mail.com,9000002311,IT,1,7,A
3312,CSE223312,Student_2312,Male,student2312@mail.com,9000002312,DS,3,1,B
3313,CSE223313,Student_2313,Male,student2313@mail.com,9000002313,CSE,1,4,A
3314,CSE223314,Student_2314,Female,student2314@mail.com,9000002314,ECE,4,7,C
3315,CSE223315,Student_2315,Male,student2315@mail.com,9000002315,ECE,2,1,A
3316,CSE223316,Student_2316,Male,student2316@mail.com,9000002316,DS,3,1,A
3317,CSE223317,Student_2317,Female,student2317@mail.com,9000002317,IT,2,2,A
3318,CSE223318,Student_2318,Female,student2318@mail.com,9000002318,AI,1,4,B
3319,CSE223319,Student_2319,Female,student2319@mail.com,9000002319,ECE,3,7,C
3320,CSE223320,Student_2320,Female,student2320@mail.com,9000002320,AI,3,4,A
3321,CSE223321,Student_2321,Male,student2321@mail.com,9000002321,CSE,4,3,C
3322,CSE223322,Student_2322,Male,student2322@mail.com,9000002322,AI,2,2,B
3323,CSE223323,Student_2323,Female,student2323@mail.com,9000002323,IT,1,6,C
3324,CSE223324,Student_2324,Female,student2324@mail.com,9000002324,AI,4,1,C
3325,CSE223325,Student_2325,Male,student2325@mail.com,9000002325,IT,4,7,A
3326,CSE223326,Student_2326,Female,student2326@mail.com,9000002326,AI,1,5,A
3327,CSE223327,Student_2327,Female,student2327@mail.com,9000002327,AI,1,6,A
3328,CSE223328,Student_2328,Female,student2328@mail.com,9000002328,AI,4,8,B
3329,CSE223329,Student_2329,Male,student2329@mail.com,9000002329,CSE,1,7,C
3330,CSE223330,Student_2330,Female,student2330@mail.com,9000002330,IT,2,2,C
3331,CSE223331,Student_2331,Female,student2331@mail.com,9000002331,IT,2,3,B
3332,CSE223332,Student_2332,Female,student2332@mail.com,9000002332,DS,4,7,C
3333,CSE223333,Student_2333,Male,student2333@mail.com,9000002333,DS,1,3,C
3334,CSE223334,Student_2334,Male,student2334@mail.com,9000002334,CSE,1,5,B
3335,CSE223335,Student_2335,Female,student2335@mail.com,9000002335,IT,3,8,A
3336,CSE223336,Student_2336,Male,student2336@mail.com,9000002336,IT,3,2,C
3337,CSE223337,Student_2337,Female,student2337@mail.com,9000002337,ECE,1,3,A
3338,CSE223338,Student_2338,Female,student2338@mail.com,9000002338,ECE,1,4,B
3339,CSE223339,Student_2339,Female,student2339@mail.com,9000002339,CSE,4,8,B
3340,CSE223340,Student_2340,Female,student2340@mail.com,9000002340,CSE,3,7,C
3341,CSE223341,Student_2341,Male,student2341@mail.com,9000002341,CSE,4,8,C
3342,CSE223342,Student_2342,Female,student2342@mail.com,9000002342,AI,2,5,C
3343,CSE223343,Student_2343,Male,student2343@mail.com,9000002343,ECE,3,3,B
3344,CSE223344,Student_2344,Male,student2344@mail.com,9000002344,IT,2,5,B
3345,CSE223345,Student_2345,Male,student2345@mail.com,9000002345,CSE,2,8,C
3346,CSE223346,Student_2346,Female,student2346@mail.com,9000002346,CSE,3,8,B
3347,CSE223347,Student_2347,Female,student2347@mail.com,9000002347,CSE,3,5,A
3348,CSE223348,Student_2348,Female,student2348@mail.com,9000002348,AI,3,6,B
3349,CSE223349,Student_2349,Male,student2349@mail.com,9000002349,AI,3,7,B
3350,CSE223350,Student_2350,Female,student2350@mail.com,9000002350,AI,4,6,A
3351,CSE223351,Student_2351,Male,student2351@mail.com,9000002351,ECE,4,7,B
3352,CSE223352,Student_2352,Male,student2352@mail.com,9000002352,IT,4,4,B
3353,CSE223353,Student_2353,Male,student2353@mail.com,9000002353,ECE,4,3,B
3354,CSE223354,Student_2354,Female,student2354@mail.com,9000002354,AI,2,8,B
3355,CSE223355,Student_2355,Female,student2355@mail.com,9000002355,DS,2,6,C
3356,CSE223356,Student_2356,Male,student2356@mail.com,9000002356,CSE,4,7,A
3357,CSE223357,Student_2357,Female,student2357@mail.com,9000002357,DS,2,4,B
3358,CSE223358,Student_2358,Female,student2358@mail.com,9000002358,ECE,3,8,B
3359,CSE223359,Student_2359,Female,student2359@mail.com,9000002359,DS,1,8,B
3360,CSE223360,Student_2360,Male,student2360@mail.com,9000002360,CSE,3,6,C
3361,CSE223361,Student_2361,Male,student2361@mail.com,9000002361,AI,1,2,B
3362,CSE223362,Student_2362,Male,student2362@mail.com,9000002362,DS,3,6,B
3363,CSE223363,Student_2363,Male,student2363@mail.com,9000002363,DS,3,8,B
3364,CSE223364,Student_2364,Female,student2364@mail.com,9000002364,DS,2,1,B
3365,CSE223365,Student_2365,Female,student2365@mail.com,9000002365,IT,1,3,B
3366,CSE223366,Student_2366,Female,student2366@mail.com,9000002366,ECE,3,2,A
3367,CSE223367,Student_2367,Male,student2367@mail.com,9000002367,DS,4,8,A
3368,CSE223368,Student_2368,Female,student2368@mail.com,9000002368,CSE,4,1,B
3369,CSE223369,Student_2369,Male,student2369@mail.com,9000002369,CSE,2,3,A
3370,CSE223370,Student_2370,Female,student2370@mail.com,9000002370,IT,4,4,A
3371,CSE223371,Student_2371,Female,student2371@mail.com,9000002371,CSE,2,5,C
3372,CSE223372,Student_2372,Male,student2372@mail.com,9000002372,CSE,2,4,B
3373,CSE223373,Student_2373,Male,student2373@mail.com,9000002373,AI,3,1,A
3374,CSE223374,Student_2374,Male,student2374@mail.com,9000002374,AI,3,8,C
3375,CSE223375,Student_2375,Male,student2375@mail.com,9000002375,DS,2,4,B
3376,CSE223376,Student_2376,Male,student2376@mail.com,9000002376,ECE,3,8,C
3377,CSE223377,Student_2377,Male,student2377@mail.com,9000002377,ECE,2,4,B
3378,CSE223378,Student_2378,Male,student2378@mail.com,9000002378,CSE,4,1,B
3379,CSE223379,Student_2379,Female,student2379@mail.com,9000002379,CSE,4,6,B
3380,CSE223380,Student_2380,Male,student2380@mail.com,9000002380,ECE,2,5,A
3381,CSE223381,Student_2381,Male,student2381@mail.com,9000002381,DS,2,2,C
3382,CSE223382,Student_2382,Male,student2382@mail.com,9000002382,CSE,2,6,A
3383,CSE223383,Student_2383,Male,student2383@mail.com,9000002383,AI,1,8,B
3384,CSE223384,Student_2384,Female,student2384@mail.com,9000002384,AI,4,4,A
3385,CSE223385,Student_2385,Female,student2385@mail.com,9000002385,AI,4,7,B
3386,CSE223386,Student_2386,Male,student2386@mail.com,9000002386,CSE,2,3,B
3387,CSE223387,Student_2387,Male,student2387@mail.com,9000002387,CSE,3,6,C
3388,CSE223388,Student_2388,Female,student2388@mail.com,9000002388,DS,1,3,B
3389,CSE223389,Student_2389,Male,student2389@mail.com,9000002389,AI,3,6,B
3390,CSE223390,Student_2390,Female,student2390@mail.com,9000002390,IT,2,7,C
3391,CSE223391,Student_2391,Female,student2391@mail.com,9000002391,CSE,2,6,B
3392,CSE223392,Student_2392,Female,student2392@mail.com,9000002392,DS,4,7,A
3393,CSE223393,Student_2393,Male,student2393@mail.com,9000002393,ECE,1,5,C
3394,CSE223394,Student_2394,Female,student2394@mail.com,9000002394,ECE,1,6,A
3395,CSE223395,Student_2395,Male,student2395@mail.com,9000002395,CSE,3,1,B
3396,CSE223396,Student_2396,Male,student2396@mail.com,9000002396,AI,2,1,A
3397,CSE223397,Student_2397,Female,student2397@mail.com,9000002397,IT,3,8,B
3398,CSE223398,Student_2398,Female,student2398@mail.com,9000002398,IT,2,7,A
3399,CSE223399,Student_2399,Female,student2399@mail.com,9000002399,IT,3,2,C
3400,CSE223400,Student_2400,Male,student2400@mail.com,9000002400,CSE,2,3,B
3401,CSE223401,Student_2401,Female,student2401@mail.com,9000002401,IT,4,7,B
3402,CSE223402,Student_2402,Male,student2402@mail.com,9000002402,DS,4,8,B
3403,CSE223403,Student_2403,Female,student2403@mail.com,9000002403,IT,3,8,C
3404,CSE223404,Student_2404,Female,student2404@mail.com,9000002404,CSE,3,5,B
3405,CSE223405,Student_2405,Female,student2405@mail.com,9000002405,AI,1,2,A
3406,CSE223406,Student_2406,Male,student2406@mail.com,9000002406,AI,4,6,C
3407,CSE223407,Student_2407,Female,student2407@mail.com,9000002407,ECE,3,3,C
3408,CSE223408,Student_2408,Male,student2408@mail.com,9000002408,CSE,4,7,C
3409,CSE223409,Student_2409,Female,student2409@mail.com,9000002409,CSE,2,3,C
3410,CSE223410,Student_2410,Male,student2410@mail.com,9000002410,DS,1,3,B
3411,CSE223411,Student_2411,Female,student2411@mail.com,9000002411,CSE,2,3,C
3412,CSE223412,Student_2412,Female,student2412@mail.com,9000002412,CSE,1,6,A
3413,CSE223413,Student_2413,Male,student2413@mail.com,9000002413,AI,4,2,B
3414,CSE223414,Student_2414,Male,student2414@mail.com,9000002414,IT,1,4,A
3415,CSE223415,Student_2415,Female,student2415@mail.com,9000002415,IT,3,7,C
3416,CSE223416,Student_2416,Male,student2416@mail.com,9000002416,IT,2,4,C
3417,CSE223417,Student_2417,Female,student2417@mail.com,9000002417,DS,3,2,A
3418,CSE223418,Student_2418,Female,student2418@mail.com,9000002418,DS,1,6,B
3419,CSE223419,Student_2419,Male,student2419@mail.com,9000002419,CSE,4,2,C
3420,CSE223420,Student_2420,Female,student2420@mail.com,9000002420,AI,4,8,B
3421,CSE223421,Student_2421,Male,student2421@mail.com,9000002421,ECE,1,1,B
3422,CSE223422,Student_2422,Female,student2422@mail.com,9000002422,DS,2,6,C
3423,CSE223423,Student_2423,Female,student2423@mail.com,9000002423,CSE,3,5,B
3424,CSE223424,Student_2424,Female,student2424@mail.com,9000002424,ECE,4,4,C
3425,CSE223425,Student_2425,Female,student2425@mail.com,9000002425,CSE,3,5,A
3426,CSE223426,Student_2426,Female,student2426@mail.com,9000002426,CSE,2,3,C
3427,CSE223427,Student_2427,Male,student2427@mail.com,9000002427,ECE,3,7,C
3428,CSE223428,Student_2428,Female,student2428@mail.com,9000002428,CSE,3,2,A
3429,CSE223429,Student_2429,Male,student2429@mail.com,9000002429,DS,3,7,C
3430,CSE223430,Student_2430,Female,student2430@mail.com,9000002430,ECE,1,7,A
3431,CSE223431,Student_2431,Female,student2431@mail.com,9000002431,ECE,4,4,C
3432,CSE223432,Student_2432,Female,student2432@mail.com,9000002432,ECE,2,4,A
3433,CSE223433,Student_2433,Female,student2433@mail.com,9000002433,CSE,2,7,C
3434,CSE223434,Student_2434,Female,student2434@mail.com,9000002434,CSE,1,3,B
3435,CSE223435,Student_2435,Female,student2435@mail.com,9000002435,AI,4,3,C
3436,CSE223436,Student_2436,Male,student2436@mail.com,9000002436,IT,3,6,B
3437,CSE223437,Student_2437,Female,student2437@mail.com,9000002437,AI,2,3,B
3438,CSE223438,Student_2438,Female,student2438@mail.com,9000002438,IT,3,6,A
3439,CSE223439,Student_2439,Female,student2439@mail.com,9000002439,CSE,1,6,A
3440,CSE223440,Student_2440,Male,student2440@mail.com,9000002440,IT,2,4,A
3441,CSE223441,Student_2441,Male,student2441@mail.com,9000002441,ECE,1,8,B
3442,CSE223442,Student_2442,Female,student2442@mail.com,9000002442,ECE,4,8,C
3443,CSE223443,Student_2443,Male,student2443@mail.com,9000002443,CSE,3,5,A
3444,CSE223444,Student_2444,Female,student2444@mail.com,9000002444,AI,4,3,A
3445,CSE223445,Student_2445,Male,student2445@mail.com,9000002445,IT,2,3,B
3446,CSE223446,Student_2446,Male,student2446@mail.com,9000002446,DS,3,7,A
3447,CSE223447,Student_2447,Male,student2447@mail.com,9000002447,IT,3,1,C
3448,CSE223448,Student_2448,Male,student2448@mail.com,9000002448,AI,4,3,A
3449,CSE223449,Student_2449,Male,student2449@mail.com,9000002449,ECE,2,1,A
3450,CSE223450,Student_2450,Female,student2450@mail.com,9000002450,AI,3,7,C
3451,CSE223451,Student_2451,Male,student2451@mail.com,9000002451,CSE,2,1,C
3452,CSE223452,Student_2452,Male,student2452@mail.com,9000002452,IT,2,7,C
3453,CSE223453,Student_2453,Female,student2453@mail.com,9000002453,AI,3,8,B
3454,CSE223454,Student_2454,Male,student2454@mail.com,9000002454,CSE,1,4,C
3455,CSE223455,Student_2455,Female,student2455@mail.com,9000002455,IT,3,5,A
3456,CSE223456,Student_2456,Male,student2456@mail.com,9000002456,AI,2,6,C
3457,CSE223457,Student_2457,Female,student2457@mail.com,9000002457,DS,4,7,B
3458,CSE223458,Student_2458,Male,student2458@mail.com,9000002458,AI,3,3,A
3459,CSE223459,Student_2459,Female,student2459@mail.com,9000002459,CSE,1,7,C
3460,CSE223460,Student_2460,Male,student2460@mail.com,9000002460,ECE,1,5,A
3461,CSE223461,Student_2461,Male,student2461@mail.com,9000002461,AI,1,3,B
3462,CSE223462,Student_2462,Male,student2462@mail.com,9000002462,CSE,1,3,A
3463,CSE223463,Student_2463,Male,student2463@mail.com,9000002463,IT,2,8,A
3464,CSE223464,Student_2464,Male,student2464@mail.com,9000002464,IT,2,5,B
3465,CSE223465,Student_2465,Male,student2465@mail.com,9000002465,DS,2,3,C
3466,CSE223466,Student_2466,Male,student2466@mail.com,9000002466,CSE,1,5,A
3467,CSE223467,Student_2467,Male,student2467@mail.com,9000002467,CSE,4,7,C
3468,CSE223468,Student_2468,Female,student2468@mail.com,9000002468,DS,3,5,C
3469,CSE223469,Student_2469,Female,student2469@mail.com,9000002469,DS,2,6,B
3470,CSE223470,Student_2470,Male,student2470@mail.com,9000002470,IT,4,5,A
3471,CSE223471,Student_2471,Female,student2471@mail.com,9000002471,AI,2,6,B
3472,CSE223472,Student_2472,Female,student2472@mail.com,9000002472,ECE,3,5,B
3473,CSE223473,Student_2473,Female,student2473@mail.com,9000002473,AI,1,1,A
3474,CSE223474,Student_2474,Male,student2474@mail.com,9000002474,AI,2,3,B
3475,CSE223475,Student_2475,Female,student2475@mail.com,9000002475,CSE,4,3,C
3476,CSE223476,Student_2476,Female,student2476@mail.com,9000002476,DS,4,5,A
3477,CSE223477,Student_2477,Female,student2477@mail.com,9000002477,AI,1,8,C
3478,CSE223478,Student_2478,Female,student2478@mail.com,9000002478,CSE,4,6,C
3479,CSE223479,Student_2479,Male,student2479@mail.com,9000002479,CSE,1,7,A
3480,CSE223480,Student_2480,Male,student2480@mail.com,9000002480,IT,2,6,B
3481,CSE223481,Student_2481,Male,student2481@mail.com,9000002481,AI,4,4,B
3482,CSE223482,Student_2482,Female,student2482@mail.com,9000002482,AI,3,3,B
3483,CSE223483,Student_2483,Male,student2483@mail.com,9000002483,AI,2,2,A
3484,CSE223484,Student_2484,Female,student2484@mail.com,9000002484,CSE,2,1,C
3485,CSE223485,Student_2485,Male,student2485@mail.com,9000002485,ECE,4,6,B
3486,CSE223486,Student_2486,Female,student2486@mail.com,9000002486,CSE,3,4,C
3487,CSE223487,Student_2487,Female,student2487@mail.com,9000002487,CSE,4,2,B
3488,CSE223488,Student_2488,Male,student2488@mail.com,9000002488,DS,1,3,C
3489,CSE223489,Student_2489,Female,student2489@mail.com,9000002489,ECE,4,2,B
3490,CSE223490,Student_2490,Male,student2490@mail.com,9000002490,CSE,4,7,C
3491,CSE223491,Student_2491,Female,student2491@mail.com,9000002491,CSE,4,2,B
3492,CSE223492,Student_2492,Male,student2492@mail.com,9000002492,AI,2,1,A
3493,CSE223493,Student_2493,Male,student2493@mail.com,9000002493,AI,4,4,B
3494,CSE223494,Student_2494,Male,student2494@mail.com,9000002494,DS,3,1,C
3495,CSE223495,Student_2495,Male,student2495@mail.com,9000002495,ECE,2,8,C
3496,CSE223496,Student_2496,Female,student2496@mail.com,9000002496,IT,3,2,A
3497,CSE223497,Student_2497,Female,student2497@mail.com,9000002497,DS,1,6,B
3498,CSE223498,Student_2498,Male,student2498@mail.com,9000002498,IT,4,8,B
3499,CSE223499,Student_2499,Female,student2499@mail.com,9000002499,ECE,3,7,A
3500,CSE223500,Student_2500,Male,student2500@mail.com,9000002500,CSE,2,5,B
3501,CSE223501,Student_2501,Female,student2501@mail.com,9000002501,AI,3,7,C
3502,CSE223502,Student_2502,Female,student2502@mail.com,9000002502,ECE,1,8,A
3503,CSE223503,Student_2503,Male,student2503@mail.com,9000002503,IT,2,4,C
3504,CSE223504,Student_2504,Female,student2504@mail.com,9000002504,IT,1,6,C
3505,CSE223505,Student_2505,Male,student2505@mail.com,9000002505,ECE,4,6,B
3506,CSE223506,Student_2506,Male,student2506@mail.com,9000002506,AI,1,1,B
3507,CSE223507,Student_2507,Female,student2507@mail.com,9000002507,CSE,3,8,C
3508,CSE223508,Student_2508,Male,student2508@mail.com,9000002508,ECE,1,6,B
3509,CSE223509,Student_2509,Female,student2509@mail.com,9000002509,AI,4,6,C
3510,CSE223510,Student_2510,Male,student2510@mail.com,9000002510,DS,3,3,A
3511,CSE223511,Student_2511,Male,student2511@mail.com,9000002511,IT,4,3,A
3512,CSE223512,Student_2512,Male,student2512@mail.com,9000002512,DS,1,8,A
3513,CSE223513,Student_2513,Female,student2513@mail.com,9000002513,CSE,2,4,B
3514,CSE223514,Student_2514,Female,student2514@mail.com,9000002514,CSE,1,5,C
3515,CSE223515,Student_2515,Female,student2515@mail.com,9000002515,IT,2,2,B
3516,CSE223516,Student_2516,Female,student2516@mail.com,9000002516,AI,1,6,C
3517,CSE223517,Student_2517,Male,student2517@mail.com,9000002517,IT,1,6,C
3518,CSE223518,Student_2518,Female,student2518@mail.com,9000002518,AI,2,3,A
3519,CSE223519,Student_2519,Female,student2519@mail.com,9000002519,DS,2,1,C
3520,CSE223520,Student_2520,Male,student2520@mail.com,9000002520,IT,3,7,A
3521,CSE223521,Student_2521,Female,student2521@mail.com,9000002521,CSE,2,1,B
3522,CSE223522,Student_2522,Female,student2522@mail.com,9000002522,AI,3,7,A
3523,CSE223523,Student_2523,Male,student2523@mail.com,9000002523,ECE,3,5,C
3524,CSE223524,Student_2524,Female,student2524@mail.com,9000002524,ECE,4,5,A
3525,CSE223525,Student_2525,Male,student2525@mail.com,9000002525,ECE,1,4,A
3526,CSE223526,Student_2526,Male,student2526@mail.com,9000002526,DS,1,7,C
3527,CSE223527,Student_2527,Male,student2527@mail.com,9000002527,IT,3,4,B
3528,CSE223528,Student_2528,Male,student2528@mail.com,9000002528,CSE,3,8,A
3529,CSE223529,Student_2529,Female,student2529@mail.com,9000002529,CSE,3,1,A
3530,CSE223530,Student_2530,Female,student2530@mail.com,9000002530,AI,3,7,C
3531,CSE223531,Student_2531,Female,student2531@mail.com,9000002531,AI,1,3,A
3532,CSE223532,Student_2532,Male,student2532@mail.com,9000002532,ECE,3,5,A
3533,CSE223533,Student_2533,Male,student2533@mail.com,9000002533,ECE,3,7,B
3534,CSE223534,Student_2534,Female,student2534@mail.com,9000002534,AI,1,4,C
3535,CSE223535,Student_2535,Male,student2535@mail.com,9000002535,ECE,1,8,A
3536,CSE223536,Student_2536,Male,student2536@mail.com,9000002536,CSE,1,2,A
3537,CSE223537,Student_2537,Male,student2537@mail.com,9000002537,CSE,4,4,C
3538,CSE223538,Student_2538,Female,student2538@mail.com,9000002538,CSE,3,5,B
3539,CSE223539,Student_2539,Female,student2539@mail.com,9000002539,DS,4,3,A
3540,CSE223540,Student_2540,Female,student2540@mail.com,9000002540,CSE,1,8,B
3541,CSE223541,Student_2541,Male,student2541@mail.com,9000002541,CSE,1,4,A
3542,CSE223542,Student_2542,Female,student2542@mail.com,9000002542,AI,1,5,C
3543,CSE223543,Student_2543,Male,student2543@mail.com,9000002543,IT,3,3,C
3544,CSE223544,Student_2544,Female,student2544@mail.com,9000002544,AI,1,7,B
3545,CSE223545,Student_2545,Male,student2545@mail.com,9000002545,IT,3,1,A
3546,CSE223546,Student_2546,Male,student2546@mail.com,9000002546,AI,4,3,B
3547,CSE223547,Student_2547,Male,student2547@mail.com,9000002547,CSE,2,5,A
3548,CSE223548,Student_2548,Male,student2548@mail.com,9000002548,DS,2,7,A
3549,CSE223549,Student_2549,Female,student2549@mail.com,9000002549,ECE,1,6,C
3550,CSE223550,Student_2550,Male,student2550@mail.com,9000002550,AI,1,6,B
3551,CSE223551,Student_2551,Male,student2551@mail.com,9000002551,AI,2,8,B
3552,CSE223552,Student_2552,Male,student2552@mail.com,9000002552,ECE,4,7,A
3553,CSE223553,Student_2553,Male,student2553@mail.com,9000002553,AI,1,7,B
3554,CSE223554,Student_2554,Female,student2554@mail.com,9000002554,AI,1,8,B
3555,CSE223555,Student_2555,Female,student2555@mail.com,9000002555,AI,1,5,C
3556,CSE223556,Student_2556,Female,student2556@mail.com,9000002556,CSE,3,6,C
3557,CSE223557,Student_2557,Female,student2557@mail.com,9000002557,IT,4,7,B
3558,CSE223558,Student_2558,Female,student2558@mail.com,9000002558,ECE,3,8,C
3559,CSE223559,Student_2559,Male,student2559@mail.com,9000002559,ECE,3,2,B
3560,CSE223560,Student_2560,Female,student2560@mail.com,9000002560,DS,2,8,A
3561,CSE223561,Student_2561,Female,student2561@mail.com,9000002561,DS,3,6,A
3562,CSE223562,Student_2562,Male,student2562@mail.com,9000002562,CSE,3,1,A
3563,CSE223563,Student_2563,Female,student2563@mail.com,9000002563,AI,4,3,C
3564,CSE223564,Student_2564,Male,student2564@mail.com,9000002564,DS,4,3,C
3565,CSE223565,Student_2565,Female,student2565@mail.com,9000002565,ECE,2,4,C
3566,CSE223566,Student_2566,Male,student2566@mail.com,9000002566,IT,1,2,B
3567,CSE223567,Student_2567,Male,student2567@mail.com,9000002567,CSE,4,5,B
3568,CSE223568,Student_2568,Female,student2568@mail.com,9000002568,CSE,3,1,A
3569,CSE223569,Student_2569,Female,student2569@mail.com,9000002569,CSE,2,5,C
3570,CSE223570,Student_2570,Female,student2570@mail.com,9000002570,CSE,3,7,C
3571,CSE223571,Student_2571,Male,student2571@mail.com,9000002571,DS,2,3,B
3572,CSE223572,Student_2572,Female,student2572@mail.com,9000002572,IT,1,4,A
3573,CSE223573,Student_2573,Female,student2573@mail.com,9000002573,CSE,2,2,B
3574,CSE223574,Student_2574,Male,student2574@mail.com,9000002574,IT,1,3,A
3575,CSE223575,Student_2575,Male,student2575@mail.com,9000002575,CSE,2,5,B
3576,CSE223576,Student_2576,Male,student2576@mail.com,9000002576,ECE,1,4,B
3577,CSE223577,Student_2577,Male,student2577@mail.com,9000002577,IT,1,1,B
3578,CSE223578,Student_2578,Female,student2578@mail.com,9000002578,AI,1,1,B
3579,CSE223579,Student_2579,Male,student2579@mail.com,9000002579,AI,3,6,A
3580,CSE223580,Student_2580,Male,student2580@mail.com,9000002580,CSE,1,3,C
3581,CSE223581,Student_2581,Male,student2581@mail.com,9000002581,CSE,3,6,B
3582,CSE223582,Student_2582,Female,student2582@mail.com,9000002582,ECE,4,3,A
3583,CSE223583,Student_2583,Female,student2583@mail.com,9000002583,AI,2,3,A
3584,CSE223584,Student_2584,Female,student2584@mail.com,9000002584,DS,4,2,A
3585,CSE223585,Student_2585,Female,student2585@mail.com,9000002585,AI,1,3,A
3586,CSE223586,Student_2586,Female,student2586@mail.com,9000002586,AI,2,2,B
3587,CSE223587,Student_2587,Male,student2587@mail.com,9000002587,ECE,2,5,C
3588,CSE223588,Student_2588,Female,student2588@mail.com,9000002588,DS,2,8,B
3589,CSE223589,Student_2589,Female,student2589@mail.com,9000002589,DS,1,4,C
3590,CSE223590,Student_2590,Female,student2590@mail.com,9000002590,ECE,4,5,B
3591,CSE223591,Student_2591,Female,student2591@mail.com,9000002591,ECE,3,3,B
3592,CSE223592,Student_2592,Male,student2592@mail.com,9000002592,ECE,2,8,A
3593,CSE223593,Student_2593,Female,student2593@mail.com,9000002593,CSE,4,1,A
3594,CSE223594,Student_2594,Male,student2594@mail.com,9000002594,ECE,4,5,B
3595,CSE223595,Student_2595,Male,student2595@mail.com,9000002595,CSE,1,6,C
3596,CSE223596,Student_2596,Female,student2596@mail.com,9000002596,DS,1,8,A
3597,CSE223597,Student_2597,Female,student2597@mail.com,9000002597,CSE,4,8,A
3598,CSE223598,Student_2598,Female,student2598@mail.com,9000002598,DS,4,6,A
3599,CSE223599,Student_2599,Female,student2599@mail.com,9000002599,ECE,3,4,C
3600,CSE223600,Student_2600,Female,student2600@mail.com,9000002600,CSE,1,1,A
3601,CSE223601,Student_2601,Male,student2601@mail.com,9000002601,IT,3,4,C
3602,CSE223602,Student_2602,Male,student2602@mail.com,9000002602,ECE,2,4,C
3603,CSE223603,Student_2603,Female,student2603@mail.com,9000002603,IT,1,2,A
3604,CSE223604,Student_2604,Female,student2604@mail.com,9000002604,IT,1,1,B
3605,CSE223605,Student_2605,Male,student2605@mail.com,9000002605,ECE,4,4,C
3606,CSE223606,Student_2606,Male,student2606@mail.com,9000002606,AI,4,6,A
3607,CSE223607,Student_2607,Female,student2607@mail.com,9000002607,CSE,3,8,C
3608,CSE223608,Student_2608,Male,student2608@mail.com,9000002608,ECE,4,1,A
3609,CSE223609,Student_2609,Female,student2609@mail.com,9000002609,ECE,1,4,A
3610,CSE223610,Student_2610,Male,student2610@mail.com,9000002610,DS,1,2,B
3611,CSE223611,Student_2611,Male,student2611@mail.com,9000002611,CSE,4,8,B
3612,CSE223612,Student_2612,Female,student2612@mail.com,9000002612,IT,4,5,A
3613,CSE223613,Student_2613,Female,student2613@mail.com,9000002613,ECE,1,1,A
3614,CSE223614,Student_2614,Male,student2614@mail.com,9000002614,IT,2,2,A
3615,CSE223615,Student_2615,Male,student2615@mail.com,9000002615,CSE,1,5,A
3616,CSE223616,Student_2616,Female,student2616@mail.com,9000002616,CSE,3,3,C
3617,CSE223617,Student_2617,Female,student2617@mail.com,9000002617,AI,4,6,C
3618,CSE223618,Student_2618,Female,student2618@mail.com,9000002618,IT,4,7,A
3619,CSE223619,Student_2619,Female,student2619@mail.com,9000002619,AI,4,7,B
3620,CSE223620,Student_2620,Female,student2620@mail.com,9000002620,IT,3,1,C
3621,CSE223621,Student_2621,Male,student2621@mail.com,9000002621,CSE,4,5,B
3622,CSE223622,Student_2622,Male,student2622@mail.com,9000002622,AI,2,6,B
3623,CSE223623,Student_2623,Male,student2623@mail.com,9000002623,ECE,1,6,C
3624,CSE223624,Student_2624,Male,student2624@mail.com,9000002624,IT,4,4,B
3625,CSE223625,Student_2625,Female,student2625@mail.com,9000002625,DS,1,2,A
3626,CSE223626,Student_2626,Female,student2626@mail.com,9000002626,DS,3,4,A
3627,CSE223627,Student_2627,Male,student2627@mail.com,9000002627,CSE,2,8,C
3628,CSE223628,Student_2628,Female,student2628@mail.com,9000002628,DS,1,1,B
3629,CSE223629,Student_2629,Male,student2629@mail.com,9000002629,IT,3,6,B
3630,CSE223630,Student_2630,Male,student2630@mail.com,9000002630,ECE,4,5,A
3631,CSE223631,Student_2631,Male,student2631@mail.com,9000002631,DS,3,4,B
3632,CSE223632,Student_2632,Female,student2632@mail.com,9000002632,IT,2,5,C
3633,CSE223633,Student_2633,Female,student2633@mail.com,9000002633,CSE,1,7,A
3634,CSE223634,Student_2634,Female,student2634@mail.com,9000002634,IT,2,6,A
3635,CSE223635,Student_2635,Female,student2635@mail.com,9000002635,ECE,4,4,C
3636,CSE223636,Student_2636,Male,student2636@mail.com,9000002636,AI,4,1,B
3637,CSE223637,Student_2637,Male,student2637@mail.com,9000002637,ECE,4,7,B
3638,CSE223638,Student_2638,Male,student2638@mail.com,9000002638,ECE,1,7,C
3639,CSE223639,Student_2639,Female,student2639@mail.com,9000002639,ECE,4,4,B
3640,CSE223640,Student_2640,Female,student2640@mail.com,9000002640,IT,2,2,C
3641,CSE223641,Student_2641,Male,student2641@mail.com,9000002641,ECE,1,7,B
3642,CSE223642,Student_2642,Female,student2642@mail.com,9000002642,AI,4,8,A
3643,CSE223643,Student_2643,Female,student2643@mail.com,9000002643,AI,4,2,C
3644,CSE223644,Student_2644,Female,student2644@mail.com,9000002644,AI,3,1,B
3645,CSE223645,Student_2645,Male,student2645@mail.com,9000002645,AI,3,2,C
3646,CSE223646,Student_2646,Male,student2646@mail.com,9000002646,DS,1,1,B
3647,CSE223647,Student_2647,Female,student2647@mail.com,9000002647,IT,3,6,B
3648,CSE223648,Student_2648,Male,student2648@mail.com,9000002648,CSE,2,4,A
3649,CSE223649,Student_2649,Female,student2649@mail.com,9000002649,ECE,1,7,C
3650,CSE223650,Student_2650,Female,student2650@mail.com,9000002650,IT,4,1,B
3651,CSE223651,Student_2651,Female,student2651@mail.com,9000002651,IT,3,8,C
3652,CSE223652,Student_2652,Male,student2652@mail.com,9000002652,ECE,3,5,C
3653,CSE223653,Student_2653,Male,student2653@mail.com,9000002653,AI,2,6,A
3654,CSE223654,Student_2654,Male,student2654@mail.com,9000002654,IT,4,7,C
3655,CSE223655,Student_2655,Male,student2655@mail.com,9000002655,AI,4,7,B
3656,CSE223656,Student_2656,Male,student2656@mail.com,9000002656,CSE,2,4,C
3657,CSE223657,Student_2657,Female,student2657@mail.com,9000002657,DS,4,7,B
3658,CSE223658,Student_2658,Male,student2658@mail.com,9000002658,DS,2,5,B
3659,CSE223659,Student_2659,Female,student2659@mail.com,9000002659,AI,4,4,B
3660,CSE223660,Student_2660,Male,student2660@mail.com,9000002660,ECE,3,7,B
3661,CSE223661,Student_2661,Female,student2661@mail.com,9000002661,CSE,1,5,A
3662,CSE223662,Student_2662,Male,student2662@mail.com,9000002662,AI,3,4,B
3663,CSE223663,Student_2663,Male,student2663@mail.com,9000002663,AI,2,2,B
3664,CSE223664,Student_2664,Male,student2664@mail.com,9000002664,DS,4,1,A
3665,CSE223665,Student_2665,Male,student2665@mail.com,9000002665,ECE,3,1,B
3666,CSE223666,Student_2666,Female,student2666@mail.com,9000002666,CSE,3,7,B
3667,CSE223667,Student_2667,Female,student2667@mail.com,9000002667,DS,1,8,A
3668,CSE223668,Student_2668,Female,student2668@mail.com,9000002668,CSE,2,8,B
3669,CSE223669,Student_2669,Female,student2669@mail.com,9000002669,AI,1,4,C
3670,CSE223670,Student_2670,Male,student2670@mail.com,9000002670,DS,4,5,A
3671,CSE223671,Student_2671,Male,student2671@mail.com,9000002671,DS,4,7,A
3672,CSE223672,Student_2672,Male,student2672@mail.com,9000002672,IT,1,1,A
3673,CSE223673,Student_2673,Female,student2673@mail.com,9000002673,ECE,2,4,C
3674,CSE223674,Student_2674,Female,student2674@mail.com,9000002674,ECE,2,1,A
3675,CSE223675,Student_2675,Female,student2675@mail.com,9000002675,DS,4,7,A
3676,CSE223676,Student_2676,Female,student2676@mail.com,9000002676,IT,1,4,B
3677,CSE223677,Student_2677,Male,student2677@mail.com,9000002677,ECE,3,3,B
3678,CSE223678,Student_2678,Female,student2678@mail.com,9000002678,ECE,1,2,A
3679,CSE223679,Student_2679,Female,student2679@mail.com,9000002679,CSE,2,3,A
3680,CSE223680,Student_2680,Female,student2680@mail.com,9000002680,ECE,1,8,B
3681,CSE223681,Student_2681,Female,student2681@mail.com,9000002681,AI,3,1,B
3682,CSE223682,Student_2682,Female,student2682@mail.com,9000002682,AI,4,7,A
3683,CSE223683,Student_2683,Male,student2683@mail.com,9000002683,IT,2,4,C
3684,CSE223684,Student_2684,Female,student2684@mail.com,9000002684,DS,3,7,C
3685,CSE223685,Student_2685,Female,student2685@mail.com,9000002685,ECE,3,6,A
3686,CSE223686,Student_2686,Female,student2686@mail.com,9000002686,AI,3,7,A
3687,CSE223687,Student_2687,Male,student2687@mail.com,9000002687,IT,4,8,B
3688,CSE223688,Student_2688,Male,student2688@mail.com,9000002688,DS,1,3,C
3689,CSE223689,Student_2689,Male,student2689@mail.com,9000002689,IT,4,8,C
3690,CSE223690,Student_2690,Male,student2690@mail.com,9000002690,DS,2,2,B
3691,CSE223691,Student_2691,Male,student2691@mail.com,9000002691,AI,3,7,C
3692,CSE223692,Student_2692,Male,student2692@mail.com,9000002692,AI,2,6,B
3693,CSE223693,Student_2693,Male,student2693@mail.com,9000002693,DS,1,7,C
3694,CSE223694,Student_2694,Female,student2694@mail.com,9000002694,ECE,2,5,C
3695,CSE223695,Student_2695,Female,student2695@mail.com,9000002695,AI,2,8,A
3696,CSE223696,Student_2696,Female,student2696@mail.com,9000002696,ECE,4,2,A
3697,CSE223697,Student_2697,Female,student2697@mail.com,9000002697,AI,2,4,B
3698,CSE223698,Student_2698,Female,student2698@mail.com,9000002698,DS,1,4,C
3699,CSE223699,Student_2699,Male,student2699@mail.com,9000002699,DS,2,1,C
3700,CSE223700,Student_2700,Female,student2700@mail.com,9000002700,ECE,3,8,B
3701,CSE223701,Student_2701,Male,student2701@mail.com,9000002701,AI,3,3,A
3702,CSE223702,Student_2702,Male,student2702@mail.com,9000002702,IT,3,8,B
3703,CSE223703,Student_2703,Male,student2703@mail.com,9000002703,DS,1,5,C
3704,CSE223704,Student_2704,Female,student2704@mail.com,9000002704,CSE,1,8,C
3705,CSE223705,Student_2705,Female,student2705@mail.com,9000002705,ECE,2,2,B
3706,CSE223706,Student_2706,Female,student2706@mail.com,9000002706,IT,1,2,B
3707,CSE223707,Student_2707,Female,student2707@mail.com,9000002707,ECE,1,7,A
3708,CSE223708,Student_2708,Female,student2708@mail.com,9000002708,DS,4,7,B
3709,CSE223709,Student_2709,Male,student2709@mail.com,9000002709,ECE,2,8,B
3710,CSE223710,Student_2710,Female,student2710@mail.com,9000002710,ECE,4,6,A
3711,CSE223711,Student_2711,Male,student2711@mail.com,9000002711,AI,3,6,B
3712,CSE223712,Student_2712,Female,student2712@mail.com,9000002712,ECE,2,7,B
3713,CSE223713,Student_2713,Male,student2713@mail.com,9000002713,IT,1,3,A
3714,CSE223714,Student_2714,Female,student2714@mail.com,9000002714,CSE,2,3,B
3715,CSE223715,Student_2715,Male,student2715@mail.com,9000002715,AI,2,7,C
3716,CSE223716,Student_2716,Male,student2716@mail.com,9000002716,IT,1,6,B
3717,CSE223717,Student_2717,Male,student2717@mail.com,9000002717,ECE,3,7,B
3718,CSE223718,Student_2718,Male,student2718@mail.com,9000002718,ECE,3,6,B
3719,CSE223719,Student_2719,Male,student2719@mail.com,9000002719,AI,1,1,A
3720,CSE223720,Student_2720,Male,student2720@mail.com,9000002720,IT,4,8,B
3721,CSE223721,Student_2721,Female,student2721@mail.com,9000002721,AI,3,6,C
3722,CSE223722,Student_2722,Male,student2722@mail.com,9000002722,ECE,4,4,B
3723,CSE223723,Student_2723,Male,student2723@mail.com,9000002723,ECE,3,1,B
3724,CSE223724,Student_2724,Male,student2724@mail.com,9000002724,DS,4,7,C
3725,CSE223725,Student_2725,Male,student2725@mail.com,9000002725,AI,1,8,C
3726,CSE223726,Student_2726,Female,student2726@mail.com,9000002726,AI,3,5,B
3727,CSE223727,Student_2727,Female,student2727@mail.com,9000002727,DS,2,4,B
3728,CSE223728,Student_2728,Male,student2728@mail.com,9000002728,AI,2,7,A
3729,CSE223729,Student_2729,Female,student2729@mail.com,9000002729,IT,2,5,B
3730,CSE223730,Student_2730,Female,student2730@mail.com,9000002730,ECE,3,3,C
3731,CSE223731,Student_2731,Female,student2731@mail.com,9000002731,ECE,2,1,B
3732,CSE223732,Student_2732,Male,student2732@mail.com,9000002732,AI,3,6,B
3733,CSE223733,Student_2733,Male,student2733@mail.com,9000002733,IT,3,5,A
3734,CSE223734,Student_2734,Female,student2734@mail.com,9000002734,DS,2,4,B
3735,CSE223735,Student_2735,Male,student2735@mail.com,9000002735,DS,1,5,A
3736,CSE223736,Student_2736,Male,student2736@mail.com,9000002736,IT,2,5,B
3737,CSE223737,Student_2737,Male,student2737@mail.com,9000002737,IT,2,7,C
3738,CSE223738,Student_2738,Female,student2738@mail.com,9000002738,ECE,1,5,A
3739,CSE223739,Student_2739,Female,student2739@mail.com,9000002739,IT,4,4,A
3740,CSE223740,Student_2740,Female,student2740@mail.com,9000002740,AI,3,2,A
3741,CSE223741,Student_2741,Female,student2741@mail.com,9000002741,ECE,2,6,C
3742,CSE223742,Student_2742,Male,student2742@mail.com,9000002742,ECE,4,5,A
3743,CSE223743,Student_2743,Male,student2743@mail.com,9000002743,IT,3,6,C
3744,CSE223744,Student_2744,Female,student2744@mail.com,9000002744,IT,2,4,B
3745,CSE223745,Student_2745,Male,student2745@mail.com,9000002745,DS,2,1,C
3746,CSE223746,Student_2746,Female,student2746@mail.com,9000002746,CSE,3,8,B
3747,CSE223747,Student_2747,Male,student2747@mail.com,9000002747,DS,4,4,A
3748,CSE223748,Student_2748,Male,student2748@mail.com,9000002748,DS,2,8,C
3749,CSE223749,Student_2749,Female,student2749@mail.com,9000002749,ECE,1,4,C
3750,CSE223750,Student_2750,Female,student2750@mail.com,9000002750,ECE,2,3,B
3751,CSE223751,Student_2751,Female,student2751@mail.com,9000002751,DS,4,2,C
3752,CSE223752,Student_2752,Female,student2752@mail.com,9000002752,IT,1,6,B
3753,CSE223753,Student_2753,Male,student2753@mail.com,9000002753,CSE,3,3,B
3754,CSE223754,Student_2754,Female,student2754@mail.com,9000002754,IT,4,2,A
3755,CSE223755,Student_2755,Female,student2755@mail.com,9000002755,DS,3,1,B
3756,CSE223756,Student_2756,Male,student2756@mail.com,9000002756,CSE,4,1,A
3757,CSE223757,Student_2757,Male,student2757@mail.com,9000002757,AI,1,6,C
3758,CSE223758,Student_2758,Male,student2758@mail.com,9000002758,IT,2,3,C
3759,CSE223759,Student_2759,Male,student2759@mail.com,9000002759,CSE,2,1,A
3760,CSE223760,Student_2760,Male,student2760@mail.com,9000002760,AI,3,6,B
3761,CSE223761,Student_2761,Female,student2761@mail.com,9000002761,CSE,4,1,B
3762,CSE223762,Student_2762,Female,student2762@mail.com,9000002762,DS,2,7,A
3763,CSE223763,Student_2763,Male,student2763@mail.com,9000002763,AI,3,2,B
3764,CSE223764,Student_2764,Male,student2764@mail.com,9000002764,IT,3,6,A
3765,CSE223765,Student_2765,Female,student2765@mail.com,9000002765,IT,1,6,B
3766,CSE223766,Student_2766,Female,student2766@mail.com,9000002766,IT,3,4,A
3767,CSE223767,Student_2767,Female,student2767@mail.com,9000002767,DS,3,1,C
3768,CSE223768,Student_2768,Female,student2768@mail.com,9000002768,IT,2,3,A
3769,CSE223769,Student_2769,Female,student2769@mail.com,9000002769,CSE,3,7,C
3770,CSE223770,Student_2770,Female,student2770@mail.com,9000002770,IT,4,7,B
3771,CSE223771,Student_2771,Male,student2771@mail.com,9000002771,DS,1,4,B
3772,CSE223772,Student_2772,Female,student2772@mail.com,9000002772,CSE,3,7,B
3773,CSE223773,Student_2773,Female,student2773@mail.com,9000002773,DS,3,3,A
3774,CSE223774,Student_2774,Male,student2774@mail.com,9000002774,DS,2,4,A
3775,CSE223775,Student_2775,Female,student2775@mail.com,9000002775,AI,1,5,B
3776,CSE223776,Student_2776,Male,student2776@mail.com,9000002776,DS,1,8,B
3777,CSE223777,Student_2777,Female,student2777@mail.com,9000002777,IT,2,2,B
3778,CSE223778,Student_2778,Female,student2778@mail.com,9000002778,ECE,2,1,B
3779,CSE223779,Student_2779,Male,student2779@mail.com,9000002779,DS,1,7,B
3780,CSE223780,Student_2780,Female,student2780@mail.com,9000002780,CSE,3,4,B
3781,CSE223781,Student_2781,Female,student2781@mail.com,9000002781,ECE,3,7,B
3782,CSE223782,Student_2782,Male,student2782@mail.com,9000002782,AI,3,3,C
3783,CSE223783,Student_2783,Male,student2783@mail.com,9000002783,IT,3,1,C
3784,CSE223784,Student_2784,Female,student2784@mail.com,9000002784,CSE,2,7,C
3785,CSE223785,Student_2785,Male,student2785@mail.com,9000002785,AI,3,8,B
3786,CSE223786,Student_2786,Male,student2786@mail.com,9000002786,AI,3,1,B
3787,CSE223787,Student_2787,Female,student2787@mail.com,9000002787,IT,2,6,A
3788,CSE223788,Student_2788,Female,student2788@mail.com,9000002788,AI,1,6,C
3789,CSE223789,Student_2789,Male,student2789@mail.com,9000002789,IT,1,2,C
3790,CSE223790,Student_2790,Male,student2790@mail.com,9000002790,AI,3,4,C
3791,CSE223791,Student_2791,Female,student2791@mail.com,9000002791,IT,3,5,B
3792,CSE223792,Student_2792,Female,student2792@mail.com,9000002792,IT,2,6,C
3793,CSE223793,Student_2793,Female,student2793@mail.com,9000002793,ECE,1,4,B
3794,CSE223794,Student_2794,Female,student2794@mail.com,9000002794,CSE,3,7,C
3795,CSE223795,Student_2795,Male,student2795@mail.com,9000002795,AI,3,6,C
3796,CSE223796,Student_2796,Male,student2796@mail.com,9000002796,DS,3,4,A
3797,CSE223797,Student_2797,Male,student2797@mail.com,9000002797,ECE,2,8,B
3798,CSE223798,Student_2798,Female,student2798@mail.com,9000002798,DS,1,1,A
3799,CSE223799,Student_2799,Female,student2799@mail.com,9000002799,IT,1,5,C
3800,CSE223800,Student_2800,Male,student2800@mail.com,9000002800,AI,3,2,B
3801,CSE223801,Student_2801,Female,student2801@mail.com,9000002801,AI,2,7,B
3802,CSE223802,Student_2802,Male,student2802@mail.com,9000002802,ECE,4,8,A
3803,CSE223803,Student_2803,Male,student2803@mail.com,9000002803,ECE,4,3,C
3804,CSE223804,Student_2804,Male,student2804@mail.com,9000002804,CSE,4,2,A
3805,CSE223805,Student_2805,Male,student2805@mail.com,9000002805,IT,2,7,C
3806,CSE223806,Student_2806,Female,student2806@mail.com,9000002806,ECE,4,3,A
3807,CSE223807,Student_2807,Male,student2807@mail.com,9000002807,CSE,1,7,B
3808,CSE223808,Student_2808,Male,student2808@mail.com,9000002808,ECE,3,5,C
3809,CSE223809,Student_2809,Female,student2809@mail.com,9000002809,ECE,3,5,C
3810,CSE223810,Student_2810,Male,student2810@mail.com,9000002810,DS,1,7,C
3811,CSE223811,Student_2811,Female,student2811@mail.com,9000002811,ECE,2,1,C
3812,CSE223812,Student_2812,Female,student2812@mail.com,9000002812,AI,2,1,C
3813,CSE223813,Student_2813,Male,student2813@mail.com,9000002813,DS,1,3,C
3814,CSE223814,Student_2814,Male,student2814@mail.com,9000002814,IT,4,2,A
3815,CSE223815,Student_2815,Male,student2815@mail.com,9000002815,AI,1,3,A
3816,CSE223816,Student_2816,Female,student2816@mail.com,9000002816,CSE,2,4,A
3817,CSE223817,Student_2817,Male,student2817@mail.com,9000002817,DS,4,7,C
3818,CSE223818,Student_2818,Female,student2818@mail.com,9000002818,AI,2,5,B
3819,CSE223819,Student_2819,Female,student2819@mail.com,9000002819,IT,3,1,B
3820,CSE223820,Student_2820,Male,student2820@mail.com,9000002820,ECE,3,3,B
3821,CSE223821,Student_2821,Male,student2821@mail.com,9000002821,ECE,4,1,A
3822,CSE223822,Student_2822,Male,student2822@mail.com,9000002822,AI,3,3,C
3823,CSE223823,Student_2823,Female,student2823@mail.com,9000002823,IT,4,6,A
3824,CSE223824,Student_2824,Female,student2824@mail.com,9000002824,ECE,3,2,A
3825,CSE223825,Student_2825,Male,student2825@mail.com,9000002825,DS,3,2,C
3826,CSE223826,Student_2826,Female,student2826@mail.com,9000002826,IT,2,4,C
3827,CSE223827,Student_2827,Female,student2827@mail.com,9000002827,IT,3,4,C
3828,CSE223828,Student_2828,Male,student2828@mail.com,9000002828,CSE,2,4,C
3829,CSE223829,Student_2829,Female,student2829@mail.com,9000002829,CSE,4,8,A
3830,CSE223830,Student_2830,Female,student2830@mail.com,9000002830,CSE,1,3,A
3831,CSE223831,Student_2831,Male,student2831@mail.com,9000002831,CSE,4,4,A
3832,CSE223832,Student_2832,Female,student2832@mail.com,9000002832,CSE,3,6,B
3833,CSE223833,Student_2833,Female,student2833@mail.com,9000002833,CSE,3,3,C
3834,CSE223834,Student_2834,Male,student2834@mail.com,9000002834,DS,4,6,A
3835,CSE223835,Student_2835,Female,student2835@mail.com,9000002835,IT,4,4,B
3836,CSE223836,Student_2836,Female,student2836@mail.com,9000002836,ECE,2,1,C
3837,CSE223837,Student_2837,Female,student2837@mail.com,9000002837,CSE,3,3,B
3838,CSE223838,Student_2838,Male,student2838@mail.com,9000002838,AI,3,1,C
3839,CSE223839,Student_2839,Female,student2839@mail.com,9000002839,IT,2,4,A
3840,CSE223840,Student_2840,Male,student2840@mail.com,9000002840,AI,3,4,C
3841,CSE223841,Student_2841,Male,student2841@mail.com,9000002841,DS,2,7,B
3842,CSE223842,Student_2842,Female,student2842@mail.com,9000002842,AI,3,5,C
3843,CSE223843,Student_2843,Female,student2843@mail.com,9000002843,IT,4,1,C
3844,CSE223844,Student_2844,Male,student2844@mail.com,9000002844,CSE,4,3,A
3845,CSE223845,Student_2845,Female,student2845@mail.com,9000002845,AI,3,4,A
3846,CSE223846,Student_2846,Female,student2846@mail.com,9000002846,ECE,1,7,C
3847,CSE223847,Student_2847,Male,student2847@mail.com,9000002847,CSE,2,3,C
3848,CSE223848,Student_2848,Male,student2848@mail.com,9000002848,CSE,3,3,A
3849,CSE223849,Student_2849,Male,student2849@mail.com,9000002849,CSE,4,8,C
3850,CSE223850,Student_2850,Male,student2850@mail.com,9000002850,DS,3,4,C
3851,CSE223851,Student_2851,Male,student2851@mail.com,9000002851,AI,1,8,B
3852,CSE223852,Student_2852,Male,student2852@mail.com,9000002852,CSE,2,3,A
3853,CSE223853,Student_2853,Female,student2853@mail.com,9000002853,CSE,2,8,C
3854,CSE223854,Student_2854,Male,student2854@mail.com,9000002854,IT,1,5,C
3855,CSE223855,Student_2855,Female,student2855@mail.com,9000002855,CSE,1,3,B
3856,CSE223856,Student_2856,Male,student2856@mail.com,9000002856,DS,3,2,A
3857,CSE223857,Student_2857,Female,student2857@mail.com,9000002857,IT,4,5,C
3858,CSE223858,Student_2858,Male,student2858@mail.com,9000002858,ECE,1,7,B
3859,CSE223859,Student_2859,Male,student2859@mail.com,9000002859,IT,3,7,B
3860,CSE223860,Student_2860,Male,student2860@mail.com,9000002860,CSE,1,2,A
3861,CSE223861,Student_2861,Male,student2861@mail.com,9000002861,ECE,1,3,C
3862,CSE223862,Student_2862,Male,student2862@mail.com,9000002862,CSE,4,8,C
3863,CSE223863,Student_2863,Female,student2863@mail.com,9000002863,IT,2,4,B
3864,CSE223864,Student_2864,Female,student2864@mail.com,9000002864,DS,2,7,A
3865,CSE223865,Student_2865,Male,student2865@mail.com,9000002865,AI,4,8,C
3866,CSE223866,Student_2866,Female,student2866@mail.com,9000002866,IT,2,3,B
3867,CSE223867,Student_2867,Female,student2867@mail.com,9000002867,CSE,4,8,A
3868,CSE223868,Student_2868,Female,student2868@mail.com,9000002868,DS,2,3,A
3869,CSE223869,Student_2869,Female,student2869@mail.com,9000002869,ECE,4,3,A
3870,CSE223870,Student_2870,Male,student2870@mail.com,9000002870,IT,3,1,A
3871,CSE223871,Student_2871,Female,student2871@mail.com,9000002871,IT,4,4,B
3872,CSE223872,Student_2872,Male,student2872@mail.com,9000002872,DS,2,6,C
3873,CSE223873,Student_2873,Female,student2873@mail.com,9000002873,IT,4,8,C
3874,CSE223874,Student_2874,Female,student2874@mail.com,9000002874,IT,4,1,A
3875,CSE223875,Student_2875,Female,student2875@mail.com,9000002875,CSE,2,6,A
3876,CSE223876,Student_2876,Male,student2876@mail.com,9000002876,CSE,1,1,A
3877,CSE223877,Student_2877,Male,student2877@mail.com,9000002877,AI,4,2,A
3878,CSE223878,Student_2878,Male,student2878@mail.com,9000002878,CSE,3,4,C
3879,CSE223879,Student_2879,Male,student2879@mail.com,9000002879,AI,3,3,C
3880,CSE223880,Student_2880,Female,student2880@mail.com,9000002880,DS,3,8,A
3881,CSE223881,Student_2881,Male,student2881@mail.com,9000002881,CSE,4,4,A
3882,CSE223882,Student_2882,Male,student2882@mail.com,9000002882,CSE,3,8,B
3883,CSE223883,Student_2883,Male,student2883@mail.com,9000002883,CSE,1,1,C
3884,CSE223884,Student_2884,Male,student2884@mail.com,9000002884,DS,3,6,A
3885,CSE223885,Student_2885,Female,student2885@mail.com,9000002885,ECE,4,1,C
3886,CSE223886,Student_2886,Female,student2886@mail.com,9000002886,DS,1,5,A
3887,CSE223887,Student_2887,Female,student2887@mail.com,9000002887,CSE,1,8,A
3888,CSE223888,Student_2888,Female,student2888@mail.com,9000002888,CSE,2,4,A
3889,CSE223889,Student_2889,Female,student2889@mail.com,9000002889,ECE,4,4,B
3890,CSE223890,Student_2890,Male,student2890@mail.com,9000002890,DS,1,6,B
3891,CSE223891,Student_2891,Female,student2891@mail.com,9000002891,DS,4,5,A
3892,CSE223892,Student_2892,Female,student2892@mail.com,9000002892,AI,4,5,A
3893,CSE223893,Student_2893,Female,student2893@mail.com,9000002893,DS,3,6,B
3894,CSE223894,Student_2894,Female,student2894@mail.com,9000002894,IT,3,7,C
3895,CSE223895,Student_2895,Female,student2895@mail.com,9000002895,DS,4,6,B
3896,CSE223896,Student_2896,Female,student2896@mail.com,9000002896,AI,2,8,C
3897,CSE223897,Student_2897,Male,student2897@mail.com,9000002897,IT,2,7,C
3898,CSE223898,Student_2898,Female,student2898@mail.com,9000002898,DS,2,6,B
3899,CSE223899,Student_2899,Male,student2899@mail.com,9000002899,ECE,4,2,A
3900,CSE223900,Student_2900,Male,student2900@mail.com,9000002900,AI,4,8,B
3901,CSE223901,Student_2901,Male,student2901@mail.com,9000002901,DS,1,8,A
3902,CSE223902,Student_2902,Male,student2902@mail.com,9000002902,CSE,4,5,C
3903,CSE223903,Student_2903,Female,student2903@mail.com,9000002903,IT,4,7,C
3904,CSE223904,Student_2904,Male,student2904@mail.com,9000002904,DS,4,5,B
3905,CSE223905,Student_2905,Male,student2905@mail.com,9000002905,AI,3,1,B
3906,CSE223906,Student_2906,Male,student2906@mail.com,9000002906,IT,4,6,B
3907,CSE223907,Student_2907,Female,student2907@mail.com,9000002907,DS,2,1,C
3908,CSE223908,Student_2908,Female,student2908@mail.com,9000002908,IT,2,7,B
3909,CSE223909,Student_2909,Female,student2909@mail.com,9000002909,AI,2,6,A
3910,CSE223910,Student_2910,Male,student2910@mail.com,9000002910,DS,2,6,C
3911,CSE223911,Student_2911,Female,student2911@mail.com,9000002911,ECE,2,6,B
3912,CSE223912,Student_2912,Male,student2912@mail.com,9000002912,CSE,3,4,B
3913,CSE223913,Student_2913,Female,student2913@mail.com,9000002913,CSE,2,8,A
3914,CSE223914,Student_2914,Male,student2914@mail.com,9000002914,IT,4,4,C
3915,CSE223915,Student_2915,Female,student2915@mail.com,9000002915,CSE,4,5,C
3916,CSE223916,Student_2916,Female,student2916@mail.com,9000002916,ECE,2,1,A
3917,CSE223917,Student_2917,Female,student2917@mail.com,9000002917,DS,3,3,C
3918,CSE223918,Student_2918,Male,student2918@mail.com,9000002918,AI,3,3,C
3919,CSE223919,Student_2919,Male,student2919@mail.com,9000002919,CSE,1,6,B
3920,CSE223920,Student_2920,Male,student2920@mail.com,9000002920,IT,3,4,A
3921,CSE223921,Student_2921,Female,student2921@mail.com,9000002921,CSE,2,7,A
3922,CSE223922,Student_2922,Female,student2922@mail.com,9000002922,CSE,1,3,B
3923,CSE223923,Student_2923,Male,student2923@mail.com,9000002923,ECE,4,4,B
3924,CSE223924,Student_2924,Male,student2924@mail.com,9000002924,ECE,4,6,A
3925,CSE223925,Student_2925,Male,student2925@mail.com,9000002925,IT,4,3,A
3926,CSE223926,Student_2926,Female,student2926@mail.com,9000002926,DS,3,6,B
3927,CSE223927,Student_2927,Female,student2927@mail.com,9000002927,IT,3,6,C
3928,CSE223928,Student_2928,Female,student2928@mail.com,9000002928,DS,1,1,C
3929,CSE223929,Student_2929,Female,student2929@mail.com,9000002929,DS,2,5,B
3930,CSE223930,Student_2930,Female,student2930@mail.com,9000002930,AI,2,4,C
3931,CSE223931,Student_2931,Male,student2931@mail.com,9000002931,CSE,2,3,C
3932,CSE223932,Student_2932,Female,student2932@mail.com,9000002932,DS,3,7,A
3933,CSE223933,Student_2933,Male,student2933@mail.com,9000002933,DS,3,8,A
3934,CSE223934,Student_2934,Male,student2934@mail.com,9000002934,CSE,2,2,A
3935,CSE223935,Student_2935,Male,student2935@mail.com,9000002935,CSE,3,5,C
3936,CSE223936,Student_2936,Male,student2936@mail.com,9000002936,DS,3,5,C
3937,CSE223937,Student_2937,Male,student2937@mail.com,9000002937,DS,4,4,B
3938,CSE223938,Student_2938,Male,student2938@mail.com,9000002938,DS,2,6,C
3939,CSE223939,Student_2939,Male,student2939@mail.com,9000002939,ECE,4,4,A
3940,CSE223940,Student_2940,Female,student2940@mail.com,9000002940,ECE,3,5,C
3941,CSE223941,Student_2941,Male,student2941@mail.com,9000002941,DS,3,5,A
3942,CSE223942,Student_2942,Male,student2942@mail.com,9000002942,DS,2,3,C
3943,CSE223943,Student_2943,Male,student2943@mail.com,9000002943,ECE,2,4,B
3944,CSE223944,Student_2944,Female,student2944@mail.com,9000002944,AI,2,3,C
3945,CSE223945,Student_2945,Female,student2945@mail.com,9000002945,IT,4,1,C
3946,CSE223946,Student_2946,Female,student2946@mail.com,9000002946,ECE,4,4,C
3947,CSE223947,Student_2947,Female,student2947@mail.com,9000002947,DS,4,8,B
3948,CSE223948,Student_2948,Male,student2948@mail.com,9000002948,AI,4,7,C
3949,CSE223949,Student_2949,Female,student2949@mail.com,9000002949,DS,4,5,B
3950,CSE223950,Student_2950,Male,student2950@mail.com,9000002950,DS,3,4,B
3951,CSE223951,Student_2951,Female,student2951@mail.com,9000002951,IT,4,3,C
3952,CSE223952,Student_2952,Female,student2952@mail.com,9000002952,AI,4,7,C
3953,CSE223953,Student_2953,Female,student2953@mail.com,9000002953,ECE,2,4,C
3954,CSE223954,Student_2954,Male,student2954@mail.com,9000002954,DS,1,5,C
3955,CSE223955,Student_2955,Female,student2955@mail.com,9000002955,DS,4,2,A
3956,CSE223956,Student_2956,Female,student2956@mail.com,9000002956,CSE,3,3,B
3957,CSE223957,Student_2957,Female,student2957@mail.com,9000002957,CSE,3,4,C
3958,CSE223958,Student_2958,Male,student2958@mail.com,9000002958,AI,2,3,A
3959,CSE223959,Student_2959,Female,student2959@mail.com,9000002959,DS,3,7,C
3960,CSE223960,Student_2960,Female,student2960@mail.com,9000002960,AI,4,2,B
3961,CSE223961,Student_2961,Female,student2961@mail.com,9000002961,DS,3,3,B
3962,CSE223962,Student_2962,Female,student2962@mail.com,9000002962,ECE,3,4,A
3963,CSE223963,Student_2963,Female,student2963@mail.com,9000002963,AI,4,1,B
3964,CSE223964,Student_2964,Female,student2964@mail.com,9000002964,IT,4,1,A
3965,CSE223965,Student_2965,Male,student2965@mail.com,9000002965,DS,4,1,B
3966,CSE223966,Student_2966,Female,student2966@mail.com,9000002966,ECE,2,4,A
3967,CSE223967,Student_2967,Male,student2967@mail.com,9000002967,CSE,4,1,B
3968,CSE223968,Student_2968,Female,student2968@mail.com,9000002968,IT,4,8,B
3969,CSE223969,Student_2969,Female,student2969@mail.com,9000002969,ECE,4,7,B
3970,CSE223970,Student_2970,Female,student2970@mail.com,9000002970,DS,2,2,B
3971,CSE223971,Student_2971,Male,student2971@mail.com,9000002971,IT,4,5,A
3972,CSE223972,Student_2972,Male,student2972@mail.com,9000002972,ECE,2,6,B
3973,CSE223973,Student_2973,Female,student2973@mail.com,9000002973,DS,1,7,C
3974,CSE223974,Student_2974,Female,student2974@mail.com,9000002974,DS,3,3,B
3975,CSE223975,Student_2975,Male,student2975@mail.com,9000002975,ECE,2,2,B
3976,CSE223976,Student_2976,Male,student2976@mail.com,9000002976,AI,3,7,C
3977,CSE223977,Student_2977,Male,student2977@mail.com,9000002977,DS,3,8,A
3978,CSE223978,Student_2978,Female,student2978@mail.com,9000002978,ECE,4,8,A
3979,CSE223979,Student_2979,Male,student2979@mail.com,9000002979,CSE,2,3,A
3980,CSE223980,Student_2980,Female,student2980@mail.com,9000002980,CSE,4,2,C
3981,CSE223981,Student_2981,Male,student2981@mail.com,9000002981,ECE,1,1,C
3982,CSE223982,Student_2982,Male,student2982@mail.com,9000002982,CSE,1,7,B
3983,CSE223983,Student_2983,Male,student2983@mail.com,9000002983,IT,3,1,A
3984,CSE223984,Student_2984,Female,student2984@mail.com,9000002984,CSE,4,7,B
3985,CSE223985,Student_2985,Male,student2985@mail.com,9000002985,DS,3,1,C
3986,CSE223986,Student_2986,Female,student2986@mail.com,9000002986,ECE,4,5,B
3987,CSE223987,Student_2987,Female,student2987@mail.com,9000002987,CSE,2,2,C
3988,CSE223988,Student_2988,Female,student2988@mail.com,9000002988,AI,1,7,C
3989,CSE223989,Student_2989,Male,student2989@mail.com,9000002989,AI,1,3,C
3990,CSE223990,Student_2990,Male,student2990@mail.com,9000002990,AI,1,2,C
3991,CSE223991,Student_2991,Male,student2991@mail.com,9000002991,CSE,2,6,B
3992,CSE223992,Student_2992,Female,student2992@mail.com,9000002992,AI,4,7,A
3993,CSE223993,Student_2993,Male,student2993@mail.com,9000002993,CSE,4,2,A
3994,CSE223994,Student_2994,Male,student2994@mail.com,9000002994,DS,4,6,B
3995,CSE223995,Student_2995,Male,student2995@mail.com,9000002995,CSE,1,2,B
3996,CSE223996,Student_2996,Female,student2996@mail.com,9000002996,DS,3,7,A
3997,CSE223997,Student_2997,Male,student2997@mail.com,9000002997,AI,2,5,B
3998,CSE223998,Student_2998,Male,student2998@mail.com,9000002998,AI,2,3,A
3999,CSE223999,Student_2999,Male,student2999@mail.com,9000002999,DS,4,2,C
4000,CSE224000,Student_3000,Male,student3000@mail.com,9000003000,IT,2,6,A
4001,CSE224001,Student_3001,Male,student3001@mail.com,9000003001,AI,2,6,A
4002,CSE224002,Student_3002,Male,student3002@mail.com,9000003002,CSE,3,4,B
4003,CSE224003,Student_3003,Male,student3003@mail.com,9000003003,AI,1,6,B
4004,CSE224004,Student_3004,Male,student3004@mail.com,9000003004,CSE,2,3,B
4005,CSE224005,Student_3005,Male,student3005@mail.com,9000003005,IT,4,7,B
4006,CSE224006,Student_3006,Male,student3006@mail.com,9000003006,AI,1,7,C
4007,CSE224007,Student_3007,Female,student3007@mail.com,9000003007,IT,4,4,A
4008,CSE224008,Student_3008,Female,student3008@mail.com,9000003008,ECE,1,6,C
4009,CSE224009,Student_3009,Female,student3009@mail.com,9000003009,CSE,4,5,B
4010,CSE224010,Student_3010,Male,student3010@mail.com,9000003010,IT,3,4,C
4011,CSE224011,Student_3011,Female,student3011@mail.com,9000003011,CSE,3,4,A
4012,CSE224012,Student_3012,Female,student3012@mail.com,9000003012,IT,3,7,B
4013,CSE224013,Student_3013,Female,student3013@mail.com,9000003013,ECE,3,3,A
4014,CSE224014,Student_3014,Male,student3014@mail.com,9000003014,ECE,1,5,B
4015,CSE224015,Student_3015,Female,student3015@mail.com,9000003015,AI,3,6,C
4016,CSE224016,Student_3016,Female,student3016@mail.com,9000003016,DS,4,8,C
4017,CSE224017,Student_3017,Female,student3017@mail.com,9000003017,DS,4,7,B
4018,CSE224018,Student_3018,Female,student3018@mail.com,9000003018,DS,4,2,B
4019,CSE224019,Student_3019,Male,student3019@mail.com,9000003019,AI,3,6,B
4020,CSE224020,Student_3020,Female,student3020@mail.com,9000003020,AI,2,7,C
4021,CSE224021,Student_3021,Female,student3021@mail.com,9000003021,AI,4,3,B
4022,CSE224022,Student_3022,Female,student3022@mail.com,9000003022,AI,1,4,B
4023,CSE224023,Student_3023,Male,student3023@mail.com,9000003023,AI,4,1,A
4024,CSE224024,Student_3024,Female,student3024@mail.com,9000003024,IT,3,2,A
4025,CSE224025,Student_3025,Female,student3025@mail.com,9000003025,ECE,3,3,A
4026,CSE224026,Student_3026,Female,student3026@mail.com,9000003026,AI,4,3,A
4027,CSE224027,Student_3027,Female,student3027@mail.com,9000003027,IT,4,3,B
4028,CSE224028,Student_3028,Male,student3028@mail.com,9000003028,DS,1,1,C
4029,CSE224029,Student_3029,Male,student3029@mail.com,9000003029,AI,1,3,B
4030,CSE224030,Student_3030,Male,student3030@mail.com,9000003030,CSE,4,8,C
4031,CSE224031,Student_3031,Male,student3031@mail.com,9000003031,AI,3,7,C
4032,CSE224032,Student_3032,Male,student3032@mail.com,9000003032,IT,2,3,B
4033,CSE224033,Student_3033,Female,student3033@mail.com,9000003033,AI,3,6,C
4034,CSE224034,Student_3034,Female,student3034@mail.com,9000003034,IT,3,2,C
4035,CSE224035,Student_3035,Female,student3035@mail.com,9000003035,DS,2,3,C
4036,CSE224036,Student_3036,Female,student3036@mail.com,9000003036,IT,2,8,B
4037,CSE224037,Student_3037,Female,student3037@mail.com,9000003037,AI,4,6,A
4038,CSE224038,Student_3038,Male,student3038@mail.com,9000003038,ECE,1,1,C
4039,CSE224039,Student_3039,Female,student3039@mail.com,9000003039,IT,2,6,C
4040,CSE224040,Student_3040,Male,student3040@mail.com,9000003040,ECE,3,2,C
4041,CSE224041,Student_3041,Female,student3041@mail.com,9000003041,AI,3,5,B
4042,CSE224042,Student_3042,Male,student3042@mail.com,9000003042,IT,3,2,B
4043,CSE224043,Student_3043,Female,student3043@mail.com,9000003043,ECE,4,1,A
4044,CSE224044,Student_3044,Male,student3044@mail.com,9000003044,ECE,2,6,B
4045,CSE224045,Student_3045,Female,student3045@mail.com,9000003045,AI,2,1,B
4046,CSE224046,Student_3046,Female,student3046@mail.com,9000003046,ECE,1,4,B
4047,CSE224047,Student_3047,Female,student3047@mail.com,9000003047,IT,2,8,C
4048,CSE224048,Student_3048,Female,student3048@mail.com,9000003048,DS,3,8,C
4049,CSE224049,Student_3049,Male,student3049@mail.com,9000003049,AI,3,1,C
4050,CSE224050,Student_3050,Male,student3050@mail.com,9000003050,ECE,4,1,A
4051,CSE224051,Student_3051,Male,student3051@mail.com,9000003051,AI,2,2,C
4052,CSE224052,Student_3052,Female,student3052@mail.com,9000003052,ECE,4,1,A
4053,CSE224053,Student_3053,Female,student3053@mail.com,9000003053,CSE,2,3,B
4054,CSE224054,Student_3054,Male,student3054@mail.com,9000003054,DS,1,1,C
4055,CSE224055,Student_3055,Female,student3055@mail.com,9000003055,CSE,1,1,B
4056,CSE224056,Student_3056,Female,student3056@mail.com,9000003056,CSE,4,3,A
4057,CSE224057,Student_3057,Female,student3057@mail.com,9000003057,DS,2,5,A
4058,CSE224058,Student_3058,Male,student3058@mail.com,9000003058,ECE,4,3,B
4059,CSE224059,Student_3059,Male,student3059@mail.com,9000003059,DS,2,2,A
4060,CSE224060,Student_3060,Female,student3060@mail.com,9000003060,DS,4,8,B
4061,CSE224061,Student_3061,Female,student3061@mail.com,9000003061,ECE,1,1,C
4062,CSE224062,Student_3062,Male,student3062@mail.com,9000003062,ECE,4,6,A
4063,CSE224063,Student_3063,Female,student3063@mail.com,9000003063,AI,4,6,B
4064,CSE224064,Student_3064,Male,student3064@mail.com,9000003064,ECE,2,7,C
4065,CSE224065,Student_3065,Male,student3065@mail.com,9000003065,AI,2,7,A
4066,CSE224066,Student_3066,Female,student3066@mail.com,9000003066,DS,4,1,B
4067,CSE224067,Student_3067,Female,student3067@mail.com,9000003067,DS,4,2,B
4068,CSE224068,Student_3068,Female,student3068@mail.com,9000003068,DS,1,8,A
4069,CSE224069,Student_3069,Female,student3069@mail.com,9000003069,AI,2,2,B
4070,CSE224070,Student_3070,Female,student3070@mail.com,9000003070,DS,4,1,B
4071,CSE224071,Student_3071,Male,student3071@mail.com,9000003071,CSE,1,2,B
4072,CSE224072,Student_3072,Female,student3072@mail.com,9000003072,DS,1,5,B
4073,CSE224073,Student_3073,Female,student3073@mail.com,9000003073,IT,1,5,C
4074,CSE224074,Student_3074,Female,student3074@mail.com,9000003074,CSE,3,4,C
4075,CSE224075,Student_3075,Female,student3075@mail.com,9000003075,IT,3,6,C
4076,CSE224076,Student_3076,Male,student3076@mail.com,9000003076,ECE,4,4,C
4077,CSE224077,Student_3077,Female,student3077@mail.com,9000003077,CSE,4,5,B
4078,CSE224078,Student_3078,Male,student3078@mail.com,9000003078,ECE,4,1,A
4079,CSE224079,Student_3079,Female,student3079@mail.com,9000003079,CSE,1,5,C
4080,CSE224080,Student_3080,Male,student3080@mail.com,9000003080,DS,2,3,C
4081,CSE224081,Student_3081,Male,student3081@mail.com,9000003081,DS,4,4,B
4082,CSE224082,Student_3082,Male,student3082@mail.com,9000003082,IT,1,3,A
4083,CSE224083,Student_3083,Male,student3083@mail.com,9000003083,AI,4,7,B
4084,CSE224084,Student_3084,Male,student3084@mail.com,9000003084,AI,2,2,B
4085,CSE224085,Student_3085,Female,student3085@mail.com,9000003085,CSE,2,5,A
4086,CSE224086,Student_3086,Male,student3086@mail.com,9000003086,DS,2,5,C
4087,CSE224087,Student_3087,Female,student3087@mail.com,9000003087,DS,2,1,B
4088,CSE224088,Student_3088,Male,student3088@mail.com,9000003088,IT,2,4,C
4089,CSE224089,Student_3089,Male,student3089@mail.com,9000003089,DS,3,5,A
4090,CSE224090,Student_3090,Female,student3090@mail.com,9000003090,ECE,4,6,B
4091,CSE224091,Student_3091,Male,student3091@mail.com,9000003091,ECE,1,3,C
4092,CSE224092,Student_3092,Female,student3092@mail.com,9000003092,IT,1,7,C
4093,CSE224093,Student_3093,Male,student3093@mail.com,9000003093,AI,4,8,B
4094,CSE224094,Student_3094,Male,student3094@mail.com,9000003094,DS,4,8,A
4095,CSE224095,Student_3095,Female,student3095@mail.com,9000003095,DS,3,7,C
4096,CSE224096,Student_3096,Female,student3096@mail.com,9000003096,IT,1,4,A
4097,CSE224097,Student_3097,Male,student3097@mail.com,9000003097,ECE,4,7,C
4098,CSE224098,Student_3098,Male,student3098@mail.com,9000003098,ECE,1,5,B
4099,CSE224099,Student_3099,Male,student3099@mail.com,9000003099,IT,1,8,C
4100,CSE224100,Student_3100,Male,student3100@mail.com,9000003100,CSE,4,3,C
4101,CSE224101,Student_3101,Female,student3101@mail.com,9000003101,AI,4,7,C
4102,CSE224102,Student_3102,Female,student3102@mail.com,9000003102,ECE,2,5,A
4103,CSE224103,Student_3103,Female,student3103@mail.com,9000003103,AI,4,4,A
4104,CSE224104,Student_3104,Male,student3104@mail.com,9000003104,ECE,1,5,C
4105,CSE224105,Student_3105,Female,student3105@mail.com,9000003105,CSE,3,7,B
4106,CSE224106,Student_3106,Male,student3106@mail.com,9000003106,IT,1,1,A
4107,CSE224107,Student_3107,Male,student3107@mail.com,9000003107,IT,4,5,A
4108,CSE224108,Student_3108,Male,student3108@mail.com,9000003108,CSE,2,7,C
4109,CSE224109,Student_3109,Male,student3109@mail.com,9000003109,ECE,3,6,C
4110,CSE224110,Student_3110,Male,student3110@mail.com,9000003110,DS,3,6,C
4111,CSE224111,Student_3111,Male,student3111@mail.com,9000003111,AI,2,7,C
4112,CSE224112,Student_3112,Female,student3112@mail.com,9000003112,AI,2,8,A
4113,CSE224113,Student_3113,Male,student3113@mail.com,9000003113,IT,2,1,A
4114,CSE224114,Student_3114,Male,student3114@mail.com,9000003114,CSE,3,1,C
4115,CSE224115,Student_3115,Female,student3115@mail.com,9000003115,AI,2,1,C
4116,CSE224116,Student_3116,Female,student3116@mail.com,9000003116,IT,3,6,A
4117,CSE224117,Student_3117,Female,student3117@mail.com,9000003117,IT,3,1,C
4118,CSE224118,Student_3118,Female,student3118@mail.com,9000003118,AI,4,3,C
4119,CSE224119,Student_3119,Female,student3119@mail.com,9000003119,IT,1,7,A
4120,CSE224120,Student_3120,Male,student3120@mail.com,9000003120,ECE,1,7,C
4121,CSE224121,Student_3121,Male,student3121@mail.com,9000003121,IT,4,7,C
4122,CSE224122,Student_3122,Female,student3122@mail.com,9000003122,IT,2,4,A
4123,CSE224123,Student_3123,Female,student3123@mail.com,9000003123,CSE,4,8,B
4124,CSE224124,Student_3124,Male,student3124@mail.com,9000003124,IT,1,2,C
4125,CSE224125,Student_3125,Male,student3125@mail.com,9000003125,ECE,3,4,B
4126,CSE224126,Student_3126,Male,student3126@mail.com,9000003126,DS,2,1,A
4127,CSE224127,Student_3127,Male,student3127@mail.com,9000003127,ECE,2,6,A
4128,CSE224128,Student_3128,Female,student3128@mail.com,9000003128,AI,1,5,B
4129,CSE224129,Student_3129,Male,student3129@mail.com,9000003129,CSE,1,8,B
4130,CSE224130,Student_3130,Female,student3130@mail.com,9000003130,IT,4,8,B
4131,CSE224131,Student_3131,Male,student3131@mail.com,9000003131,AI,2,8,C
4132,CSE224132,Student_3132,Female,student3132@mail.com,9000003132,IT,4,5,C
4133,CSE224133,Student_3133,Male,student3133@mail.com,9000003133,DS,3,6,B
4134,CSE224134,Student_3134,Female,student3134@mail.com,9000003134,ECE,4,8,B
4135,CSE224135,Student_3135,Male,student3135@mail.com,9000003135,AI,1,4,A
4136,CSE224136,Student_3136,Female,student3136@mail.com,9000003136,ECE,1,8,B
4137,CSE224137,Student_3137,Female,student3137@mail.com,9000003137,DS,1,2,A
4138,CSE224138,Student_3138,Male,student3138@mail.com,9000003138,IT,4,5,B
4139,CSE224139,Student_3139,Male,student3139@mail.com,9000003139,IT,1,7,A
4140,CSE224140,Student_3140,Male,student3140@mail.com,9000003140,AI,3,1,A
4141,CSE224141,Student_3141,Male,student3141@mail.com,9000003141,IT,4,1,B
4142,CSE224142,Student_3142,Female,student3142@mail.com,9000003142,DS,3,1,B
4143,CSE224143,Student_3143,Female,student3143@mail.com,9000003143,AI,2,5,A
4144,CSE224144,Student_3144,Female,student3144@mail.com,9000003144,AI,4,8,B
4145,CSE224145,Student_3145,Male,student3145@mail.com,9000003145,CSE,4,5,C
4146,CSE224146,Student_3146,Female,student3146@mail.com,9000003146,CSE,4,7,B
4147,CSE224147,Student_3147,Male,student3147@mail.com,9000003147,IT,4,7,B
4148,CSE224148,Student_3148,Male,student3148@mail.com,9000003148,IT,1,8,A
4149,CSE224149,Student_3149,Female,student3149@mail.com,9000003149,AI,4,4,C
4150,CSE224150,Student_3150,Female,student3150@mail.com,9000003150,CSE,1,7,C
4151,CSE224151,Student_3151,Female,student3151@mail.com,9000003151,IT,2,6,A
4152,CSE224152,Student_3152,Female,student3152@mail.com,9000003152,CSE,2,4,B
4153,CSE224153,Student_3153,Male,student3153@mail.com,9000003153,IT,1,6,A
4154,CSE224154,Student_3154,Male,student3154@mail.com,9000003154,DS,1,8,B
4155,CSE224155,Student_3155,Female,student3155@mail.com,9000003155,AI,4,2,C
4156,CSE224156,Student_3156,Male,student3156@mail.com,9000003156,ECE,3,1,A
4157,CSE224157,Student_3157,Female,student3157@mail.com,9000003157,IT,1,1,C
4158,CSE224158,Student_3158,Male,student3158@mail.com,9000003158,DS,2,2,A
4159,CSE224159,Student_3159,Female,student3159@mail.com,9000003159,ECE,4,5,B
4160,CSE224160,Student_3160,Male,student3160@mail.com,9000003160,AI,2,8,C
4161,CSE224161,Student_3161,Male,student3161@mail.com,9000003161,DS,2,2,C
4162,CSE224162,Student_3162,Female,student3162@mail.com,9000003162,DS,2,5,C
4163,CSE224163,Student_3163,Female,student3163@mail.com,9000003163,IT,1,6,A
4164,CSE224164,Student_3164,Male,student3164@mail.com,9000003164,AI,1,8,B
4165,CSE224165,Student_3165,Male,student3165@mail.com,9000003165,CSE,2,8,A
4166,CSE224166,Student_3166,Female,student3166@mail.com,9000003166,DS,2,7,B
4167,CSE224167,Student_3167,Female,student3167@mail.com,9000003167,CSE,1,2,A
4168,CSE224168,Student_3168,Female,student3168@mail.com,9000003168,ECE,3,4,A
4169,CSE224169,Student_3169,Male,student3169@mail.com,9000003169,IT,1,1,B
4170,CSE224170,Student_3170,Female,student3170@mail.com,9000003170,IT,1,8,A
4171,CSE224171,Student_3171,Female,student3171@mail.com,9000003171,IT,4,4,C
4172,CSE224172,Student_3172,Female,student3172@mail.com,9000003172,ECE,2,5,A
4173,CSE224173,Student_3173,Female,student3173@mail.com,9000003173,DS,4,4,C
4174,CSE224174,Student_3174,Male,student3174@mail.com,9000003174,CSE,1,8,A
4175,CSE224175,Student_3175,Female,student3175@mail.com,9000003175,AI,2,8,C
4176,CSE224176,Student_3176,Male,student3176@mail.com,9000003176,AI,2,8,C
4177,CSE224177,Student_3177,Male,student3177@mail.com,9000003177,DS,4,6,B
4178,CSE224178,Student_3178,Male,student3178@mail.com,9000003178,IT,1,5,A
4179,CSE224179,Student_3179,Female,student3179@mail.com,9000003179,DS,2,4,C
4180,CSE224180,Student_3180,Male,student3180@mail.com,9000003180,DS,2,3,C
4181,CSE224181,Student_3181,Female,student3181@mail.com,9000003181,IT,3,8,C
4182,CSE224182,Student_3182,Male,student3182@mail.com,9000003182,CSE,4,7,A
4183,CSE224183,Student_3183,Male,student3183@mail.com,9000003183,IT,3,7,B
4184,CSE224184,Student_3184,Female,student3184@mail.com,9000003184,CSE,1,6,C
4185,CSE224185,Student_3185,Male,student3185@mail.com,9000003185,IT,1,6,A
4186,CSE224186,Student_3186,Female,student3186@mail.com,9000003186,IT,3,5,C
4187,CSE224187,Student_3187,Male,student3187@mail.com,9000003187,ECE,4,7,B
4188,CSE224188,Student_3188,Female,student3188@mail.com,9000003188,AI,4,1,A
4189,CSE224189,Student_3189,Female,student3189@mail.com,9000003189,IT,4,4,A
4190,CSE224190,Student_3190,Female,student3190@mail.com,9000003190,CSE,3,4,A
4191,CSE224191,Student_3191,Female,student3191@mail.com,9000003191,DS,3,7,B
4192,CSE224192,Student_3192,Male,student3192@mail.com,9000003192,CSE,3,7,A
4193,CSE224193,Student_3193,Female,student3193@mail.com,9000003193,ECE,3,8,A
4194,CSE224194,Student_3194,Male,student3194@mail.com,9000003194,DS,1,4,A
4195,CSE224195,Student_3195,Female,student3195@mail.com,9000003195,IT,3,2,B
4196,CSE224196,Student_3196,Male,student3196@mail.com,9000003196,IT,1,3,C
4197,CSE224197,Student_3197,Female,student3197@mail.com,9000003197,CSE,3,6,C
4198,CSE224198,Student_3198,Male,student3198@mail.com,9000003198,CSE,1,7,A
4199,CSE224199,Student_3199,Male,student3199@mail.com,9000003199,DS,2,2,A
4200,CSE224200,Student_3200,Male,student3200@mail.com,9000003200,AI,2,6,A
4201,CSE224201,Student_3201,Female,student3201@mail.com,9000003201,IT,3,5,A
4202,CSE224202,Student_3202,Male,student3202@mail.com,9000003202,ECE,3,8,C
4203,CSE224203,Student_3203,Female,student3203@mail.com,9000003203,IT,3,8,C
4204,CSE224204,Student_3204,Male,student3204@mail.com,9000003204,IT,1,2,B
4205,CSE224205,Student_3205,Female,student3205@mail.com,9000003205,AI,3,3,C
4206,CSE224206,Student_3206,Male,student3206@mail.com,9000003206,AI,2,2,C
4207,CSE224207,Student_3207,Male,student3207@mail.com,9000003207,CSE,3,6,A
4208,CSE224208,Student_3208,Male,student3208@mail.com,9000003208,ECE,2,4,A
4209,CSE224209,Student_3209,Male,student3209@mail.com,9000003209,ECE,3,3,B
4210,CSE224210,Student_3210,Female,student3210@mail.com,9000003210,AI,3,8,A
4211,CSE224211,Student_3211,Female,student3211@mail.com,9000003211,AI,1,2,A
4212,CSE224212,Student_3212,Male,student3212@mail.com,9000003212,CSE,1,5,A
4213,CSE224213,Student_3213,Female,student3213@mail.com,9000003213,DS,1,1,C
4214,CSE224214,Student_3214,Male,student3214@mail.com,9000003214,CSE,4,4,C
4215,CSE224215,Student_3215,Male,student3215@mail.com,9000003215,IT,4,4,B
4216,CSE224216,Student_3216,Female,student3216@mail.com,9000003216,CSE,2,3,A
4217,CSE224217,Student_3217,Male,student3217@mail.com,9000003217,DS,3,8,A
4218,CSE224218,Student_3218,Male,student3218@mail.com,9000003218,IT,4,5,C
4219,CSE224219,Student_3219,Male,student3219@mail.com,9000003219,CSE,4,8,B
4220,CSE224220,Student_3220,Male,student3220@mail.com,9000003220,AI,3,2,C
4221,CSE224221,Student_3221,Female,student3221@mail.com,9000003221,DS,4,2,B
4222,CSE224222,Student_3222,Female,student3222@mail.com,9000003222,IT,3,1,A
4223,CSE224223,Student_3223,Male,student3223@mail.com,9000003223,IT,3,3,A
4224,CSE224224,Student_3224,Female,student3224@mail.com,9000003224,ECE,4,2,A
4225,CSE224225,Student_3225,Female,student3225@mail.com,9000003225,AI,3,2,A
4226,CSE224226,Student_3226,Female,student3226@mail.com,9000003226,CSE,2,3,A
4227,CSE224227,Student_3227,Male,student3227@mail.com,9000003227,DS,1,8,C
4228,CSE224228,Student_3228,Female,student3228@mail.com,9000003228,AI,4,2,A
4229,CSE224229,Student_3229,Male,student3229@mail.com,9000003229,IT,2,1,C
4230,CSE224230,Student_3230,Female,student3230@mail.com,9000003230,AI,3,6,C
4231,CSE224231,Student_3231,Male,student3231@mail.com,9000003231,CSE,2,7,A
4232,CSE224232,Student_3232,Male,student3232@mail.com,9000003232,IT,1,5,A
4233,CSE224233,Student_3233,Female,student3233@mail.com,9000003233,DS,1,8,C
4234,CSE224234,Student_3234,Female,student3234@mail.com,9000003234,AI,4,4,C
4235,CSE224235,Student_3235,Male,student3235@mail.com,9000003235,ECE,3,5,A
4236,CSE224236,Student_3236,Female,student3236@mail.com,9000003236,AI,1,5,C
4237,CSE224237,Student_3237,Male,student3237@mail.com,9000003237,AI,1,4,B
4238,CSE224238,Student_3238,Male,student3238@mail.com,9000003238,CSE,4,5,C
4239,CSE224239,Student_3239,Female,student3239@mail.com,9000003239,ECE,2,6,C
4240,CSE224240,Student_3240,Male,student3240@mail.com,9000003240,CSE,1,7,C
4241,CSE224241,Student_3241,Male,student3241@mail.com,9000003241,CSE,2,2,A
4242,CSE224242,Student_3242,Male,student3242@mail.com,9000003242,CSE,4,7,A
4243,CSE224243,Student_3243,Female,student3243@mail.com,9000003243,DS,1,8,A
4244,CSE224244,Student_3244,Male,student3244@mail.com,9000003244,CSE,2,6,A
4245,CSE224245,Student_3245,Female,student3245@mail.com,9000003245,IT,4,1,A
4246,CSE224246,Student_3246,Female,student3246@mail.com,9000003246,CSE,2,8,A
4247,CSE224247,Student_3247,Male,student3247@mail.com,9000003247,IT,2,2,A
4248,CSE224248,Student_3248,Female,student3248@mail.com,9000003248,ECE,1,3,C
4249,CSE224249,Student_3249,Female,student3249@mail.com,9000003249,AI,1,6,A
4250,CSE224250,Student_3250,Male,student3250@mail.com,9000003250,CSE,1,8,A
4251,CSE224251,Student_3251,Female,student3251@mail.com,9000003251,DS,3,2,C
4252,CSE224252,Student_3252,Male,student3252@mail.com,9000003252,DS,2,2,A
4253,CSE224253,Student_3253,Female,student3253@mail.com,9000003253,CSE,1,5,C
4254,CSE224254,Student_3254,Male,student3254@mail.com,9000003254,AI,3,5,A
4255,CSE224255,Student_3255,Male,student3255@mail.com,9000003255,ECE,2,4,C
4256,CSE224256,Student_3256,Female,student3256@mail.com,9000003256,ECE,4,4,A
4257,CSE224257,Student_3257,Female,student3257@mail.com,9000003257,ECE,2,4,C
4258,CSE224258,Student_3258,Female,student3258@mail.com,9000003258,IT,2,5,B
4259,CSE224259,Student_3259,Female,student3259@mail.com,9000003259,AI,1,1,B
4260,CSE224260,Student_3260,Male,student3260@mail.com,9000003260,CSE,2,2,A
4261,CSE224261,Student_3261,Male,student3261@mail.com,9000003261,IT,3,5,B
4262,CSE224262,Student_3262,Male,student3262@mail.com,9000003262,ECE,1,7,B
4263,CSE224263,Student_3263,Female,student3263@mail.com,9000003263,AI,2,3,A
4264,CSE224264,Student_3264,Female,student3264@mail.com,9000003264,DS,1,8,A
4265,CSE224265,Student_3265,Female,student3265@mail.com,9000003265,CSE,3,8,A
4266,CSE224266,Student_3266,Female,student3266@mail.com,9000003266,DS,2,2,B
4267,CSE224267,Student_3267,Female,student3267@mail.com,9000003267,ECE,1,7,B
4268,CSE224268,Student_3268,Male,student3268@mail.com,9000003268,DS,2,5,B
4269,CSE224269,Student_3269,Female,student3269@mail.com,9000003269,AI,3,6,B
4270,CSE224270,Student_3270,Female,student3270@mail.com,9000003270,CSE,1,8,C
4271,CSE224271,Student_3271,Male,student3271@mail.com,9000003271,ECE,2,6,C
4272,CSE224272,Student_3272,Male,student3272@mail.com,9000003272,AI,1,3,B
4273,CSE224273,Student_3273,Female,student3273@mail.com,9000003273,DS,1,3,C
4274,CSE224274,Student_3274,Female,student3274@mail.com,9000003274,DS,3,6,A
4275,CSE224275,Student_3275,Female,student3275@mail.com,9000003275,IT,3,8,C
4276,CSE224276,Student_3276,Female,student3276@mail.com,9000003276,CSE,4,6,C
4277,CSE224277,Student_3277,Female,student3277@mail.com,9000003277,IT,3,5,C
4278,CSE224278,Student_3278,Male,student3278@mail.com,9000003278,ECE,3,6,A
4279,CSE224279,Student_3279,Female,student3279@mail.com,9000003279,IT,1,8,C
4280,CSE224280,Student_3280,Female,student3280@mail.com,9000003280,AI,1,2,B
4281,CSE224281,Student_3281,Male,student3281@mail.com,9000003281,CSE,3,3,B
4282,CSE224282,Student_3282,Male,student3282@mail.com,9000003282,CSE,3,7,B
4283,CSE224283,Student_3283,Female,student3283@mail.com,9000003283,ECE,1,2,B
4284,CSE224284,Student_3284,Female,student3284@mail.com,9000003284,ECE,3,6,B
4285,CSE224285,Student_3285,Male,student3285@mail.com,9000003285,IT,1,7,A
4286,CSE224286,Student_3286,Male,student3286@mail.com,9000003286,ECE,4,8,C
4287,CSE224287,Student_3287,Male,student3287@mail.com,9000003287,CSE,4,4,B
4288,CSE224288,Student_3288,Male,student3288@mail.com,9000003288,AI,4,4,A
4289,CSE224289,Student_3289,Female,student3289@mail.com,9000003289,IT,1,5,B
4290,CSE224290,Student_3290,Female,student3290@mail.com,9000003290,DS,2,6,B
4291,CSE224291,Student_3291,Female,student3291@mail.com,9000003291,AI,3,7,B
4292,CSE224292,Student_3292,Female,student3292@mail.com,9000003292,ECE,3,1,B
4293,CSE224293,Student_3293,Male,student3293@mail.com,9000003293,AI,2,3,A
4294,CSE224294,Student_3294,Female,student3294@mail.com,9000003294,AI,3,1,C
4295,CSE224295,Student_3295,Male,student3295@mail.com,9000003295,AI,1,8,A
4296,CSE224296,Student_3296,Female,student3296@mail.com,9000003296,AI,4,3,C
4297,CSE224297,Student_3297,Male,student3297@mail.com,9000003297,IT,1,2,A
4298,CSE224298,Student_3298,Female,student3298@mail.com,9000003298,CSE,1,2,B
4299,CSE224299,Student_3299,Female,student3299@mail.com,9000003299,ECE,4,6,C
4300,CSE224300,Student_3300,Female,student3300@mail.com,9000003300,IT,1,1,A
4301,CSE224301,Student_3301,Male,student3301@mail.com,9000003301,ECE,1,3,B
4302,CSE224302,Student_3302,Female,student3302@mail.com,9000003302,IT,2,8,C
4303,CSE224303,Student_3303,Female,student3303@mail.com,9000003303,DS,3,3,C
4304,CSE224304,Student_3304,Female,student3304@mail.com,9000003304,DS,4,5,A
4305,CSE224305,Student_3305,Male,student3305@mail.com,9000003305,AI,4,7,B
4306,CSE224306,Student_3306,Male,student3306@mail.com,9000003306,CSE,4,8,A
4307,CSE224307,Student_3307,Female,student3307@mail.com,9000003307,IT,4,6,A
4308,CSE224308,Student_3308,Female,student3308@mail.com,9000003308,ECE,3,1,B
4309,CSE224309,Student_3309,Female,student3309@mail.com,9000003309,CSE,2,5,C
4310,CSE224310,Student_3310,Female,student3310@mail.com,9000003310,DS,3,5,C
4311,CSE224311,Student_3311,Female,student3311@mail.com,9000003311,IT,3,5,A
4312,CSE224312,Student_3312,Male,student3312@mail.com,9000003312,IT,4,2,B
4313,CSE224313,Student_3313,Female,student3313@mail.com,9000003313,IT,3,4,B
4314,CSE224314,Student_3314,Male,student3314@mail.com,9000003314,ECE,2,4,B
4315,CSE224315,Student_3315,Male,student3315@mail.com,9000003315,AI,2,8,A
4316,CSE224316,Student_3316,Male,student3316@mail.com,9000003316,DS,3,8,B
4317,CSE224317,Student_3317,Female,student3317@mail.com,9000003317,ECE,4,4,C
4318,CSE224318,Student_3318,Male,student3318@mail.com,9000003318,CSE,3,3,A
4319,CSE224319,Student_3319,Female,student3319@mail.com,9000003319,ECE,1,5,C
4320,CSE224320,Student_3320,Male,student3320@mail.com,9000003320,CSE,1,5,C
4321,CSE224321,Student_3321,Male,student3321@mail.com,9000003321,IT,4,7,A
4322,CSE224322,Student_3322,Female,student3322@mail.com,9000003322,IT,2,6,C
4323,CSE224323,Student_3323,Male,student3323@mail.com,9000003323,IT,3,1,C
4324,CSE224324,Student_3324,Female,student3324@mail.com,9000003324,AI,1,8,C
4325,CSE224325,Student_3325,Female,student3325@mail.com,9000003325,ECE,3,3,C
4326,CSE224326,Student_3326,Male,student3326@mail.com,9000003326,IT,2,6,A
4327,CSE224327,Student_3327,Male,student3327@mail.com,9000003327,AI,4,1,C
4328,CSE224328,Student_3328,Male,student3328@mail.com,9000003328,DS,3,4,B
4329,CSE224329,Student_3329,Male,student3329@mail.com,9000003329,DS,2,8,C
4330,CSE224330,Student_3330,Male,student3330@mail.com,9000003330,DS,2,1,A
4331,CSE224331,Student_3331,Male,student3331@mail.com,9000003331,IT,1,7,A
4332,CSE224332,Student_3332,Female,student3332@mail.com,9000003332,ECE,3,4,B
4333,CSE224333,Student_3333,Female,student3333@mail.com,9000003333,ECE,4,6,A
4334,CSE224334,Student_3334,Female,student3334@mail.com,9000003334,CSE,3,3,C
4335,CSE224335,Student_3335,Male,student3335@mail.com,9000003335,CSE,4,2,A
4336,CSE224336,Student_3336,Male,student3336@mail.com,9000003336,IT,3,8,B
4337,CSE224337,Student_3337,Female,student3337@mail.com,9000003337,ECE,3,2,B
4338,CSE224338,Student_3338,Male,student3338@mail.com,9000003338,CSE,4,8,A
4339,CSE224339,Student_3339,Female,student3339@mail.com,9000003339,IT,2,1,B
4340,CSE224340,Student_3340,Female,student3340@mail.com,9000003340,CSE,1,4,B
4341,CSE224341,Student_3341,Female,student3341@mail.com,9000003341,AI,4,8,C
4342,CSE224342,Student_3342,Female,student3342@mail.com,9000003342,CSE,2,5,A
4343,CSE224343,Student_3343,Male,student3343@mail.com,9000003343,AI,1,6,A
4344,CSE224344,Student_3344,Male,student3344@mail.com,9000003344,DS,4,5,A
4345,CSE224345,Student_3345,Male,student3345@mail.com,9000003345,AI,1,5,B
4346,CSE224346,Student_3346,Male,student3346@mail.com,9000003346,CSE,2,6,A
4347,CSE224347,Student_3347,Female,student3347@mail.com,9000003347,IT,1,2,A
4348,CSE224348,Student_3348,Female,student3348@mail.com,9000003348,AI,4,1,B
4349,CSE224349,Student_3349,Male,student3349@mail.com,9000003349,DS,3,3,B
4350,CSE224350,Student_3350,Male,student3350@mail.com,9000003350,CSE,2,6,C
4351,CSE224351,Student_3351,Female,student3351@mail.com,9000003351,CSE,3,8,A
4352,CSE224352,Student_3352,Female,student3352@mail.com,9000003352,CSE,3,7,C
4353,CSE224353,Student_3353,Male,student3353@mail.com,9000003353,AI,2,8,C
4354,CSE224354,Student_3354,Female,student3354@mail.com,9000003354,AI,1,5,A
4355,CSE224355,Student_3355,Female,student3355@mail.com,9000003355,CSE,4,4,C
4356,CSE224356,Student_3356,Female,student3356@mail.com,9000003356,ECE,3,6,B
4357,CSE224357,Student_3357,Male,student3357@mail.com,9000003357,IT,3,2,A
4358,CSE224358,Student_3358,Male,student3358@mail.com,9000003358,CSE,4,5,C
4359,CSE224359,Student_3359,Male,student3359@mail.com,9000003359,DS,2,2,C
4360,CSE224360,Student_3360,Female,student3360@mail.com,9000003360,CSE,2,7,A
4361,CSE224361,Student_3361,Male,student3361@mail.com,9000003361,IT,1,5,A
4362,CSE224362,Student_3362,Male,student3362@mail.com,9000003362,IT,1,4,C
4363,CSE224363,Student_3363,Female,student3363@mail.com,9000003363,AI,1,8,A
4364,CSE224364,Student_3364,Female,student3364@mail.com,9000003364,DS,2,1,B
4365,CSE224365,Student_3365,Male,student3365@mail.com,9000003365,AI,2,8,C
4366,CSE224366,Student_3366,Female,student3366@mail.com,9000003366,AI,1,4,B
4367,CSE224367,Student_3367,Male,student3367@mail.com,9000003367,CSE,3,8,C
4368,CSE224368,Student_3368,Female,student3368@mail.com,9000003368,DS,2,5,C
4369,CSE224369,Student_3369,Male,student3369@mail.com,9000003369,DS,3,4,C
4370,CSE224370,Student_3370,Female,student3370@mail.com,9000003370,DS,4,2,A
4371,CSE224371,Student_3371,Female,student3371@mail.com,9000003371,DS,4,4,C
4372,CSE224372,Student_3372,Female,student3372@mail.com,9000003372,ECE,3,1,C
4373,CSE224373,Student_3373,Female,student3373@mail.com,9000003373,CSE,3,4,B
4374,CSE224374,Student_3374,Female,student3374@mail.com,9000003374,ECE,3,7,C
4375,CSE224375,Student_3375,Male,student3375@mail.com,9000003375,CSE,3,4,A
4376,CSE224376,Student_3376,Male,student3376@mail.com,9000003376,AI,2,1,C
4377,CSE224377,Student_3377,Male,student3377@mail.com,9000003377,ECE,2,5,C
4378,CSE224378,Student_3378,Female,student3378@mail.com,9000003378,ECE,2,8,C
4379,CSE224379,Student_3379,Female,student3379@mail.com,9000003379,IT,1,2,B
4380,CSE224380,Student_3380,Male,student3380@mail.com,9000003380,IT,1,5,C
4381,CSE224381,Student_3381,Male,student3381@mail.com,9000003381,DS,3,7,C
4382,CSE224382,Student_3382,Male,student3382@mail.com,9000003382,ECE,4,3,A
4383,CSE224383,Student_3383,Male,student3383@mail.com,9000003383,IT,1,4,C
4384,CSE224384,Student_3384,Female,student3384@mail.com,9000003384,CSE,1,8,C
4385,CSE224385,Student_3385,Male,student3385@mail.com,9000003385,CSE,3,2,C
4386,CSE224386,Student_3386,Female,student3386@mail.com,9000003386,AI,3,2,B
4387,CSE224387,Student_3387,Male,student3387@mail.com,9000003387,AI,4,1,B
4388,CSE224388,Student_3388,Female,student3388@mail.com,9000003388,IT,1,7,C
4389,CSE224389,Student_3389,Male,student3389@mail.com,9000003389,CSE,3,8,B
4390,CSE224390,Student_3390,Male,student3390@mail.com,9000003390,DS,1,4,A
4391,CSE224391,Student_3391,Female,student3391@mail.com,9000003391,ECE,2,2,C
4392,CSE224392,Student_3392,Female,student3392@mail.com,9000003392,IT,4,8,C
4393,CSE224393,Student_3393,Female,student3393@mail.com,9000003393,AI,3,1,B
4394,CSE224394,Student_3394,Female,student3394@mail.com,9000003394,IT,3,4,C
4395,CSE224395,Student_3395,Male,student3395@mail.com,9000003395,IT,4,3,C
4396,CSE224396,Student_3396,Male,student3396@mail.com,9000003396,AI,2,8,C
4397,CSE224397,Student_3397,Male,student3397@mail.com,9000003397,AI,4,4,A
4398,CSE224398,Student_3398,Male,student3398@mail.com,9000003398,IT,2,4,B
4399,CSE224399,Student_3399,Male,student3399@mail.com,9000003399,CSE,3,3,B
4400,CSE224400,Student_3400,Male,student3400@mail.com,9000003400,ECE,4,8,A
4401,CSE224401,Student_3401,Male,student3401@mail.com,9000003401,DS,2,1,B
4402,CSE224402,Student_3402,Male,student3402@mail.com,9000003402,AI,3,7,B
4403,CSE224403,Student_3403,Male,student3403@mail.com,9000003403,CSE,1,6,A
4404,CSE224404,Student_3404,Female,student3404@mail.com,9000003404,AI,2,8,C
4405,CSE224405,Student_3405,Female,student3405@mail.com,9000003405,DS,2,3,C
4406,CSE224406,Student_3406,Male,student3406@mail.com,9000003406,AI,2,8,A
4407,CSE224407,Student_3407,Male,student3407@mail.com,9000003407,AI,1,1,A
4408,CSE224408,Student_3408,Male,student3408@mail.com,9000003408,AI,1,6,B
4409,CSE224409,Student_3409,Female,student3409@mail.com,9000003409,AI,2,4,A
4410,CSE224410,Student_3410,Male,student3410@mail.com,9000003410,AI,2,7,A
4411,CSE224411,Student_3411,Male,student3411@mail.com,9000003411,DS,2,6,A
4412,CSE224412,Student_3412,Female,student3412@mail.com,9000003412,ECE,1,4,A
4413,CSE224413,Student_3413,Male,student3413@mail.com,9000003413,ECE,1,2,B
4414,CSE224414,Student_3414,Male,student3414@mail.com,9000003414,AI,1,2,B
4415,CSE224415,Student_3415,Male,student3415@mail.com,9000003415,CSE,2,4,B
4416,CSE224416,Student_3416,Female,student3416@mail.com,9000003416,CSE,3,2,A
4417,CSE224417,Student_3417,Male,student3417@mail.com,9000003417,AI,4,3,C
4418,CSE224418,Student_3418,Female,student3418@mail.com,9000003418,CSE,3,1,A
4419,CSE224419,Student_3419,Male,student3419@mail.com,9000003419,AI,1,4,C
4420,CSE224420,Student_3420,Female,student3420@mail.com,9000003420,CSE,2,4,C
4421,CSE224421,Student_3421,Male,student3421@mail.com,9000003421,AI,4,8,A
4422,CSE224422,Student_3422,Male,student3422@mail.com,9000003422,CSE,3,2,A
4423,CSE224423,Student_3423,Male,student3423@mail.com,9000003423,DS,1,1,C
4424,CSE224424,Student_3424,Male,student3424@mail.com,9000003424,CSE,4,1,C
4425,CSE224425,Student_3425,Male,student3425@mail.com,9000003425,IT,1,8,C
4426,CSE224426,Student_3426,Male,student3426@mail.com,9000003426,CSE,3,1,B
4427,CSE224427,Student_3427,Male,student3427@mail.com,9000003427,ECE,1,8,C
4428,CSE224428,Student_3428,Female,student3428@mail.com,9000003428,IT,1,8,A
4429,CSE224429,Student_3429,Female,student3429@mail.com,9000003429,IT,1,4,B
4430,CSE224430,Student_3430,Male,student3430@mail.com,9000003430,CSE,4,6,C
4431,CSE224431,Student_3431,Female,student3431@mail.com,9000003431,IT,2,6,C
4432,CSE224432,Student_3432,Female,student3432@mail.com,9000003432,CSE,1,4,A
4433,CSE224433,Student_3433,Female,student3433@mail.com,9000003433,IT,1,1,C
4434,CSE224434,Student_3434,Male,student3434@mail.com,9000003434,DS,2,8,A
4435,CSE224435,Student_3435,Female,student3435@mail.com,9000003435,CSE,2,2,B
4436,CSE224436,Student_3436,Male,student3436@mail.com,9000003436,IT,3,5,A
4437,CSE224437,Student_3437,Male,student3437@mail.com,9000003437,DS,4,1,B
4438,CSE224438,Student_3438,Female,student3438@mail.com,9000003438,CSE,1,1,A
4439,CSE224439,Student_3439,Female,student3439@mail.com,9000003439,ECE,1,3,C
4440,CSE224440,Student_3440,Female,student3440@mail.com,9000003440,AI,1,6,C
4441,CSE224441,Student_3441,Female,student3441@mail.com,9000003441,DS,1,7,C
4442,CSE224442,Student_3442,Female,student3442@mail.com,9000003442,ECE,1,2,B
4443,CSE224443,Student_3443,Male,student3443@mail.com,9000003443,DS,2,7,B
4444,CSE224444,Student_3444,Female,student3444@mail.com,9000003444,DS,3,7,A
4445,CSE224445,Student_3445,Female,student3445@mail.com,9000003445,IT,1,4,A
4446,CSE224446,Student_3446,Female,student3446@mail.com,9000003446,ECE,2,4,A
4447,CSE224447,Student_3447,Female,student3447@mail.com,9000003447,AI,3,2,B
4448,CSE224448,Student_3448,Female,student3448@mail.com,9000003448,IT,2,7,A
4449,CSE224449,Student_3449,Female,student3449@mail.com,9000003449,AI,1,5,C
4450,CSE224450,Student_3450,Male,student3450@mail.com,9000003450,CSE,1,8,C
4451,CSE224451,Student_3451,Male,student3451@mail.com,9000003451,ECE,2,5,B
4452,CSE224452,Student_3452,Male,student3452@mail.com,9000003452,IT,1,3,C
4453,CSE224453,Student_3453,Male,student3453@mail.com,9000003453,ECE,3,2,A
4454,CSE224454,Student_3454,Male,student3454@mail.com,9000003454,AI,1,5,A
4455,CSE224455,Student_3455,Male,student3455@mail.com,9000003455,CSE,4,8,C
4456,CSE224456,Student_3456,Female,student3456@mail.com,9000003456,IT,3,1,B
4457,CSE224457,Student_3457,Female,student3457@mail.com,9000003457,IT,2,1,A
4458,CSE224458,Student_3458,Female,student3458@mail.com,9000003458,IT,1,5,A
4459,CSE224459,Student_3459,Female,student3459@mail.com,9000003459,CSE,1,1,C
4460,CSE224460,Student_3460,Male,student3460@mail.com,9000003460,IT,2,7,C
4461,CSE224461,Student_3461,Male,student3461@mail.com,9000003461,DS,3,6,B
4462,CSE224462,Student_3462,Male,student3462@mail.com,9000003462,DS,1,8,A
4463,CSE224463,Student_3463,Male,student3463@mail.com,9000003463,IT,4,4,A
4464,CSE224464,Student_3464,Male,student3464@mail.com,9000003464,CSE,1,2,A
4465,CSE224465,Student_3465,Male,student3465@mail.com,9000003465,AI,1,3,A
4466,CSE224466,Student_3466,Male,student3466@mail.com,9000003466,ECE,1,5,B
4467,CSE224467,Student_3467,Male,student3467@mail.com,9000003467,DS,1,4,C
4468,CSE224468,Student_3468,Male,student3468@mail.com,9000003468,ECE,2,4,A
4469,CSE224469,Student_3469,Male,student3469@mail.com,9000003469,CSE,1,2,B
4470,CSE224470,Student_3470,Male,student3470@mail.com,9000003470,CSE,1,3,C
4471,CSE224471,Student_3471,Male,student3471@mail.com,9000003471,AI,4,1,C
4472,CSE224472,Student_3472,Male,student3472@mail.com,9000003472,IT,2,5,C
4473,CSE224473,Student_3473,Male,student3473@mail.com,9000003473,ECE,1,4,B
4474,CSE224474,Student_3474,Female,student3474@mail.com,9000003474,ECE,4,6,A
4475,CSE224475,Student_3475,Female,student3475@mail.com,9000003475,AI,2,3,A
4476,CSE224476,Student_3476,Female,student3476@mail.com,9000003476,CSE,3,6,C
4477,CSE224477,Student_3477,Male,student3477@mail.com,9000003477,IT,3,7,C
4478,CSE224478,Student_3478,Female,student3478@mail.com,9000003478,DS,2,4,C
4479,CSE224479,Student_3479,Female,student3479@mail.com,9000003479,ECE,4,5,B
4480,CSE224480,Student_3480,Male,student3480@mail.com,9000003480,CSE,1,3,C
4481,CSE224481,Student_3481,Female,student3481@mail.com,9000003481,DS,3,6,B
4482,CSE224482,Student_3482,Male,student3482@mail.com,9000003482,DS,3,8,B
4483,CSE224483,Student_3483,Female,student3483@mail.com,9000003483,IT,2,2,A
4484,CSE224484,Student_3484,Female,student3484@mail.com,9000003484,CSE,3,5,C
4485,CSE224485,Student_3485,Male,student3485@mail.com,9000003485,IT,2,7,A
4486,CSE224486,Student_3486,Female,student3486@mail.com,9000003486,CSE,2,5,C
4487,CSE224487,Student_3487,Male,student3487@mail.com,9000003487,IT,1,5,A
4488,CSE224488,Student_3488,Female,student3488@mail.com,9000003488,ECE,1,6,B
4489,CSE224489,Student_3489,Female,student3489@mail.com,9000003489,AI,2,4,B
4490,CSE224490,Student_3490,Male,student3490@mail.com,9000003490,CSE,2,6,B
4491,CSE224491,Student_3491,Female,student3491@mail.com,9000003491,CSE,1,4,A
4492,CSE224492,Student_3492,Female,student3492@mail.com,9000003492,AI,2,5,A
4493,CSE224493,Student_3493,Female,student3493@mail.com,9000003493,AI,3,3,A
4494,CSE224494,Student_3494,Male,student3494@mail.com,9000003494,AI,3,1,B
4495,CSE224495,Student_3495,Female,student3495@mail.com,9000003495,IT,1,4,B
4496,CSE224496,Student_3496,Male,student3496@mail.com,9000003496,DS,4,5,B
4497,CSE224497,Student_3497,Female,student3497@mail.com,9000003497,DS,3,2,C
4498,CSE224498,Student_3498,Male,student3498@mail.com,9000003498,ECE,1,1,C
4499,CSE224499,Student_3499,Female,student3499@mail.com,9000003499,CSE,2,7,B
4500,CSE224500,Student_3500,Male,student3500@mail.com,9000003500,ECE,4,4,B
4501,CSE224501,Student_3501,Female,student3501@mail.com,9000003501,IT,4,8,B
4502,CSE224502,Student_3502,Male,student3502@mail.com,9000003502,ECE,1,6,C
4503,CSE224503,Student_3503,Male,student3503@mail.com,9000003503,DS,4,1,B
4504,CSE224504,Student_3504,Female,student3504@mail.com,9000003504,AI,4,1,A
4505,CSE224505,Student_3505,Male,student3505@mail.com,9000003505,AI,1,6,C
4506,CSE224506,Student_3506,Female,student3506@mail.com,9000003506,DS,4,8,A
4507,CSE224507,Student_3507,Female,student3507@mail.com,9000003507,DS,1,8,A
4508,CSE224508,Student_3508,Female,student3508@mail.com,9000003508,DS,3,4,B
4509,CSE224509,Student_3509,Female,student3509@mail.com,9000003509,IT,4,1,A
4510,CSE224510,Student_3510,Female,student3510@mail.com,9000003510,AI,1,4,B
4511,CSE224511,Student_3511,Male,student3511@mail.com,9000003511,AI,4,8,C
4512,CSE224512,Student_3512,Female,student3512@mail.com,9000003512,IT,4,3,B
4513,CSE224513,Student_3513,Male,student3513@mail.com,9000003513,IT,1,1,B
4514,CSE224514,Student_3514,Male,student3514@mail.com,9000003514,CSE,3,5,B
4515,CSE224515,Student_3515,Female,student3515@mail.com,9000003515,CSE,2,8,C
4516,CSE224516,Student_3516,Male,student3516@mail.com,9000003516,IT,1,2,B
4517,CSE224517,Student_3517,Female,student3517@mail.com,9000003517,DS,3,7,C
4518,CSE224518,Student_3518,Female,student3518@mail.com,9000003518,DS,4,3,B
4519,CSE224519,Student_3519,Female,student3519@mail.com,9000003519,DS,4,5,A
4520,CSE224520,Student_3520,Female,student3520@mail.com,9000003520,ECE,4,5,A
4521,CSE224521,Student_3521,Male,student3521@mail.com,9000003521,DS,3,6,B
4522,CSE224522,Student_3522,Male,student3522@mail.com,9000003522,ECE,2,1,C
4523,CSE224523,Student_3523,Female,student3523@mail.com,9000003523,DS,1,4,A
4524,CSE224524,Student_3524,Male,student3524@mail.com,9000003524,AI,2,4,A
4525,CSE224525,Student_3525,Male,student3525@mail.com,9000003525,ECE,2,6,C
4526,CSE224526,Student_3526,Male,student3526@mail.com,9000003526,DS,4,7,A
4527,CSE224527,Student_3527,Male,student3527@mail.com,9000003527,ECE,4,7,C
4528,CSE224528,Student_3528,Male,student3528@mail.com,9000003528,ECE,1,1,A
4529,CSE224529,Student_3529,Male,student3529@mail.com,9000003529,ECE,1,2,A
4530,CSE224530,Student_3530,Male,student3530@mail.com,9000003530,IT,4,6,B
4531,CSE224531,Student_3531,Female,student3531@mail.com,9000003531,DS,1,5,B
4532,CSE224532,Student_3532,Female,student3532@mail.com,9000003532,IT,2,4,C
4533,CSE224533,Student_3533,Male,student3533@mail.com,9000003533,IT,1,4,B
4534,CSE224534,Student_3534,Female,student3534@mail.com,9000003534,AI,1,6,C
4535,CSE224535,Student_3535,Male,student3535@mail.com,9000003535,DS,3,5,B
4536,CSE224536,Student_3536,Male,student3536@mail.com,9000003536,IT,1,1,A
4537,CSE224537,Student_3537,Female,student3537@mail.com,9000003537,IT,1,2,A
4538,CSE224538,Student_3538,Female,student3538@mail.com,9000003538,AI,4,1,C
4539,CSE224539,Student_3539,Male,student3539@mail.com,9000003539,AI,4,3,A
4540,CSE224540,Student_3540,Female,student3540@mail.com,9000003540,ECE,4,6,C
4541,CSE224541,Student_3541,Female,student3541@mail.com,9000003541,AI,2,6,B
4542,CSE224542,Student_3542,Male,student3542@mail.com,9000003542,AI,1,5,C
4543,CSE224543,Student_3543,Female,student3543@mail.com,9000003543,AI,4,6,A
4544,CSE224544,Student_3544,Male,student3544@mail.com,9000003544,AI,2,5,A
4545,CSE224545,Student_3545,Male,student3545@mail.com,9000003545,ECE,4,1,C
4546,CSE224546,Student_3546,Male,student3546@mail.com,9000003546,ECE,1,8,A
4547,CSE224547,Student_3547,Male,student3547@mail.com,9000003547,ECE,4,6,A
4548,CSE224548,Student_3548,Female,student3548@mail.com,9000003548,IT,2,5,B
4549,CSE224549,Student_3549,Female,student3549@mail.com,9000003549,IT,1,4,C
4550,CSE224550,Student_3550,Female,student3550@mail.com,9000003550,DS,2,7,A
4551,CSE224551,Student_3551,Male,student3551@mail.com,9000003551,IT,2,6,B
4552,CSE224552,Student_3552,Female,student3552@mail.com,9000003552,CSE,3,8,B
4553,CSE224553,Student_3553,Female,student3553@mail.com,9000003553,ECE,4,4,C
4554,CSE224554,Student_3554,Female,student3554@mail.com,9000003554,AI,1,8,C
4555,CSE224555,Student_3555,Male,student3555@mail.com,9000003555,CSE,3,4,C
4556,CSE224556,Student_3556,Male,student3556@mail.com,9000003556,IT,4,5,B
4557,CSE224557,Student_3557,Female,student3557@mail.com,9000003557,DS,1,2,B
4558,CSE224558,Student_3558,Male,student3558@mail.com,9000003558,CSE,2,6,A
4559,CSE224559,Student_3559,Male,student3559@mail.com,9000003559,AI,3,5,C
4560,CSE224560,Student_3560,Female,student3560@mail.com,9000003560,AI,2,4,C
4561,CSE224561,Student_3561,Female,student3561@mail.com,9000003561,DS,1,4,C
4562,CSE224562,Student_3562,Female,student3562@mail.com,9000003562,AI,2,5,A
4563,CSE224563,Student_3563,Male,student3563@mail.com,9000003563,DS,1,4,C
4564,CSE224564,Student_3564,Female,student3564@mail.com,9000003564,CSE,3,3,B
4565,CSE224565,Student_3565,Male,student3565@mail.com,9000003565,AI,3,1,A
4566,CSE224566,Student_3566,Female,student3566@mail.com,9000003566,IT,2,8,C
4567,CSE224567,Student_3567,Female,student3567@mail.com,9000003567,AI,1,1,C
4568,CSE224568,Student_3568,Female,student3568@mail.com,9000003568,AI,4,8,C
4569,CSE224569,Student_3569,Female,student3569@mail.com,9000003569,IT,1,7,A
4570,CSE224570,Student_3570,Male,student3570@mail.com,9000003570,CSE,1,4,C
4571,CSE224571,Student_3571,Male,student3571@mail.com,9000003571,CSE,3,8,A
4572,CSE224572,Student_3572,Male,student3572@mail.com,9000003572,AI,3,5,C
4573,CSE224573,Student_3573,Male,student3573@mail.com,9000003573,CSE,1,1,A
4574,CSE224574,Student_3574,Female,student3574@mail.com,9000003574,ECE,2,6,A
4575,CSE224575,Student_3575,Male,student3575@mail.com,9000003575,DS,4,8,A
4576,CSE224576,Student_3576,Female,student3576@mail.com,9000003576,CSE,4,8,C
4577,CSE224577,Student_3577,Female,student3577@mail.com,9000003577,CSE,2,6,A
4578,CSE224578,Student_3578,Female,student3578@mail.com,9000003578,CSE,4,6,A
4579,CSE224579,Student_3579,Female,student3579@mail.com,9000003579,DS,1,5,A
4580,CSE224580,Student_3580,Male,student3580@mail.com,9000003580,DS,3,5,C
4581,CSE224581,Student_3581,Male,student3581@mail.com,9000003581,ECE,2,3,B
4582,CSE224582,Student_3582,Female,student3582@mail.com,9000003582,IT,3,1,C
4583,CSE224583,Student_3583,Male,student3583@mail.com,9000003583,CSE,3,8,A
4584,CSE224584,Student_3584,Female,student3584@mail.com,9000003584,CSE,3,4,C
4585,CSE224585,Student_3585,Female,student3585@mail.com,9000003585,CSE,3,7,A
4586,CSE224586,Student_3586,Female,student3586@mail.com,9000003586,AI,4,2,B
4587,CSE224587,Student_3587,Female,student3587@mail.com,9000003587,DS,1,6,C
4588,CSE224588,Student_3588,Male,student3588@mail.com,9000003588,CSE,4,5,A
4589,CSE224589,Student_3589,Male,student3589@mail.com,9000003589,AI,2,6,C
4590,CSE224590,Student_3590,Female,student3590@mail.com,9000003590,CSE,1,3,C
4591,CSE224591,Student_3591,Female,student3591@mail.com,9000003591,IT,1,4,B
4592,CSE224592,Student_3592,Male,student3592@mail.com,9000003592,CSE,2,8,B
4593,CSE224593,Student_3593,Female,student3593@mail.com,9000003593,IT,4,6,B
4594,CSE224594,Student_3594,Male,student3594@mail.com,9000003594,DS,3,3,C
4595,CSE224595,Student_3595,Male,student3595@mail.com,9000003595,ECE,3,3,C
4596,CSE224596,Student_3596,Female,student3596@mail.com,9000003596,CSE,1,8,C
4597,CSE224597,Student_3597,Female,student3597@mail.com,9000003597,CSE,3,5,A
4598,CSE224598,Student_3598,Female,student3598@mail.com,9000003598,ECE,4,4,A
4599,CSE224599,Student_3599,Female,student3599@mail.com,9000003599,IT,3,8,C
4600,CSE224600,Student_3600,Male,student3600@mail.com,9000003600,DS,2,4,A
4601,CSE224601,Student_3601,Male,student3601@mail.com,9000003601,DS,3,8,B
4602,CSE224602,Student_3602,Male,student3602@mail.com,9000003602,DS,4,1,B
4603,CSE224603,Student_3603,Male,student3603@mail.com,9000003603,CSE,2,6,C
4604,CSE224604,Student_3604,Male,student3604@mail.com,9000003604,CSE,4,1,A
4605,CSE224605,Student_3605,Female,student3605@mail.com,9000003605,ECE,2,7,A
4606,CSE224606,Student_3606,Female,student3606@mail.com,9000003606,AI,3,6,A
4607,CSE224607,Student_3607,Male,student3607@mail.com,9000003607,CSE,2,3,A
4608,CSE224608,Student_3608,Female,student3608@mail.com,9000003608,CSE,4,2,B
4609,CSE224609,Student_3609,Male,student3609@mail.com,9000003609,AI,4,1,A
4610,CSE224610,Student_3610,Female,student3610@mail.com,9000003610,IT,1,1,A
4611,CSE224611,Student_3611,Female,student3611@mail.com,9000003611,CSE,2,3,C
4612,CSE224612,Student_3612,Male,student3612@mail.com,9000003612,DS,4,2,B
4613,CSE224613,Student_3613,Male,student3613@mail.com,9000003613,DS,2,2,B
4614,CSE224614,Student_3614,Female,student3614@mail.com,9000003614,ECE,3,7,A
4615,CSE224615,Student_3615,Female,student3615@mail.com,9000003615,IT,2,1,C
4616,CSE224616,Student_3616,Female,student3616@mail.com,9000003616,IT,1,6,A
4617,CSE224617,Student_3617,Male,student3617@mail.com,9000003617,DS,1,4,B
4618,CSE224618,Student_3618,Female,student3618@mail.com,9000003618,IT,3,1,B
4619,CSE224619,Student_3619,Male,student3619@mail.com,9000003619,DS,3,4,B
4620,CSE224620,Student_3620,Female,student3620@mail.com,9000003620,AI,4,5,B
4621,CSE224621,Student_3621,Female,student3621@mail.com,9000003621,IT,4,3,A
4622,CSE224622,Student_3622,Male,student3622@mail.com,9000003622,AI,1,5,B
4623,CSE224623,Student_3623,Male,student3623@mail.com,9000003623,DS,1,1,B
4624,CSE224624,Student_3624,Male,student3624@mail.com,9000003624,ECE,3,1,C
4625,CSE224625,Student_3625,Female,student3625@mail.com,9000003625,CSE,4,8,A
4626,CSE224626,Student_3626,Female,student3626@mail.com,9000003626,CSE,2,3,B
4627,CSE224627,Student_3627,Male,student3627@mail.com,9000003627,ECE,1,7,C
4628,CSE224628,Student_3628,Male,student3628@mail.com,9000003628,ECE,2,4,B
4629,CSE224629,Student_3629,Male,student3629@mail.com,9000003629,IT,3,5,B
4630,CSE224630,Student_3630,Male,student3630@mail.com,9000003630,IT,2,7,A
4631,CSE224631,Student_3631,Female,student3631@mail.com,9000003631,AI,2,8,A
4632,CSE224632,Student_3632,Male,student3632@mail.com,9000003632,IT,1,5,A
4633,CSE224633,Student_3633,Female,student3633@mail.com,9000003633,DS,4,8,A
4634,CSE224634,Student_3634,Female,student3634@mail.com,9000003634,ECE,3,6,B
4635,CSE224635,Student_3635,Male,student3635@mail.com,9000003635,IT,3,7,B
4636,CSE224636,Student_3636,Female,student3636@mail.com,9000003636,ECE,1,7,B
4637,CSE224637,Student_3637,Male,student3637@mail.com,9000003637,CSE,2,8,C
4638,CSE224638,Student_3638,Male,student3638@mail.com,9000003638,AI,2,2,A
4639,CSE224639,Student_3639,Female,student3639@mail.com,9000003639,AI,1,3,A
4640,CSE224640,Student_3640,Male,student3640@mail.com,9000003640,CSE,1,3,A
4641,CSE224641,Student_3641,Male,student3641@mail.com,9000003641,CSE,1,6,C
4642,CSE224642,Student_3642,Male,student3642@mail.com,9000003642,IT,4,7,C
4643,CSE224643,Student_3643,Male,student3643@mail.com,9000003643,CSE,4,2,B
4644,CSE224644,Student_3644,Male,student3644@mail.com,9000003644,DS,3,3,B
4645,CSE224645,Student_3645,Female,student3645@mail.com,9000003645,AI,1,4,B
4646,CSE224646,Student_3646,Male,student3646@mail.com,9000003646,ECE,4,8,A
4647,CSE224647,Student_3647,Male,student3647@mail.com,9000003647,DS,3,7,A
4648,CSE224648,Student_3648,Female,student3648@mail.com,9000003648,AI,1,1,C
4649,CSE224649,Student_3649,Male,student3649@mail.com,9000003649,CSE,4,2,A
4650,CSE224650,Student_3650,Female,student3650@mail.com,9000003650,DS,1,6,A
4651,CSE224651,Student_3651,Male,student3651@mail.com,9000003651,IT,4,4,C
4652,CSE224652,Student_3652,Male,student3652@mail.com,9000003652,ECE,1,6,B
4653,CSE224653,Student_3653,Female,student3653@mail.com,9000003653,AI,3,4,A
4654,CSE224654,Student_3654,Male,student3654@mail.com,9000003654,AI,1,2,C
4655,CSE224655,Student_3655,Male,student3655@mail.com,9000003655,IT,4,1,A
4656,CSE224656,Student_3656,Female,student3656@mail.com,9000003656,IT,1,4,A
4657,CSE224657,Student_3657,Male,student3657@mail.com,9000003657,AI,4,7,C
4658,CSE224658,Student_3658,Male,student3658@mail.com,9000003658,IT,4,1,C
4659,CSE224659,Student_3659,Male,student3659@mail.com,9000003659,ECE,2,7,B
4660,CSE224660,Student_3660,Female,student3660@mail.com,9000003660,AI,4,4,C
4661,CSE224661,Student_3661,Male,student3661@mail.com,9000003661,ECE,4,3,B
4662,CSE224662,Student_3662,Female,student3662@mail.com,9000003662,CSE,1,5,C
4663,CSE224663,Student_3663,Female,student3663@mail.com,9000003663,IT,3,4,B
4664,CSE224664,Student_3664,Male,student3664@mail.com,9000003664,DS,4,4,A
4665,CSE224665,Student_3665,Male,student3665@mail.com,9000003665,ECE,2,4,A
4666,CSE224666,Student_3666,Male,student3666@mail.com,9000003666,IT,2,5,B
4667,CSE224667,Student_3667,Female,student3667@mail.com,9000003667,DS,3,4,C
4668,CSE224668,Student_3668,Male,student3668@mail.com,9000003668,DS,3,8,C
4669,CSE224669,Student_3669,Male,student3669@mail.com,9000003669,DS,3,4,A
4670,CSE224670,Student_3670,Female,student3670@mail.com,9000003670,ECE,1,8,A
4671,CSE224671,Student_3671,Male,student3671@mail.com,9000003671,CSE,2,6,A
4672,CSE224672,Student_3672,Female,student3672@mail.com,9000003672,AI,1,8,A
4673,CSE224673,Student_3673,Male,student3673@mail.com,9000003673,AI,4,2,C
4674,CSE224674,Student_3674,Female,student3674@mail.com,9000003674,AI,3,1,B
4675,CSE224675,Student_3675,Female,student3675@mail.com,9000003675,DS,4,7,B
4676,CSE224676,Student_3676,Male,student3676@mail.com,9000003676,CSE,3,3,B
4677,CSE224677,Student_3677,Male,student3677@mail.com,9000003677,DS,4,8,A
4678,CSE224678,Student_3678,Male,student3678@mail.com,9000003678,DS,4,8,B
4679,CSE224679,Student_3679,Male,student3679@mail.com,9000003679,IT,3,8,B
4680,CSE224680,Student_3680,Female,student3680@mail.com,9000003680,CSE,2,7,A
4681,CSE224681,Student_3681,Male,student3681@mail.com,9000003681,AI,2,2,C
4682,CSE224682,Student_3682,Female,student3682@mail.com,9000003682,CSE,2,7,C
4683,CSE224683,Student_3683,Male,student3683@mail.com,9000003683,DS,4,2,B
4684,CSE224684,Student_3684,Female,student3684@mail.com,9000003684,DS,1,6,A
4685,CSE224685,Student_3685,Female,student3685@mail.com,9000003685,CSE,3,7,A
4686,CSE224686,Student_3686,Female,student3686@mail.com,9000003686,IT,4,6,B
4687,CSE224687,Student_3687,Female,student3687@mail.com,9000003687,CSE,4,6,B
4688,CSE224688,Student_3688,Female,student3688@mail.com,9000003688,ECE,2,1,A
4689,CSE224689,Student_3689,Male,student3689@mail.com,9000003689,CSE,4,6,B
4690,CSE224690,Student_3690,Male,student3690@mail.com,9000003690,DS,2,1,C
4691,CSE224691,Student_3691,Female,student3691@mail.com,9000003691,IT,2,7,B
4692,CSE224692,Student_3692,Female,student3692@mail.com,9000003692,ECE,2,5,A
4693,CSE224693,Student_3693,Male,student3693@mail.com,9000003693,AI,3,2,B
4694,CSE224694,Student_3694,Male,student3694@mail.com,9000003694,CSE,2,1,A
4695,CSE224695,Student_3695,Female,student3695@mail.com,9000003695,CSE,4,1,A
4696,CSE224696,Student_3696,Male,student3696@mail.com,9000003696,IT,1,5,C
4697,CSE224697,Student_3697,Female,student3697@mail.com,9000003697,ECE,2,7,B
4698,CSE224698,Student_3698,Male,student3698@mail.com,9000003698,ECE,3,6,B
4699,CSE224699,Student_3699,Male,student3699@mail.com,9000003699,AI,4,5,B
4700,CSE224700,Student_3700,Male,student3700@mail.com,9000003700,AI,3,2,B
4701,CSE224701,Student_3701,Female,student3701@mail.com,9000003701,ECE,3,2,A
4702,CSE224702,Student_3702,Male,student3702@mail.com,9000003702,CSE,2,1,B
4703,CSE224703,Student_3703,Male,student3703@mail.com,9000003703,ECE,1,4,A
4704,CSE224704,Student_3704,Female,student3704@mail.com,9000003704,DS,1,4,A
4705,CSE224705,Student_3705,Female,student3705@mail.com,9000003705,ECE,2,2,A
4706,CSE224706,Student_3706,Female,student3706@mail.com,9000003706,AI,4,3,B
4707,CSE224707,Student_3707,Male,student3707@mail.com,9000003707,DS,1,2,B
4708,CSE224708,Student_3708,Male,student3708@mail.com,9000003708,AI,3,6,A
4709,CSE224709,Student_3709,Male,student3709@mail.com,9000003709,AI,3,3,B
4710,CSE224710,Student_3710,Female,student3710@mail.com,9000003710,DS,4,2,C
4711,CSE224711,Student_3711,Female,student3711@mail.com,9000003711,DS,4,1,A
4712,CSE224712,Student_3712,Female,student3712@mail.com,9000003712,IT,4,3,C
4713,CSE224713,Student_3713,Male,student3713@mail.com,9000003713,IT,2,3,B
4714,CSE224714,Student_3714,Male,student3714@mail.com,9000003714,ECE,4,3,C
4715,CSE224715,Student_3715,Female,student3715@mail.com,9000003715,CSE,3,2,B
4716,CSE224716,Student_3716,Female,student3716@mail.com,9000003716,ECE,1,8,B
4717,CSE224717,Student_3717,Female,student3717@mail.com,9000003717,AI,4,4,A
4718,CSE224718,Student_3718,Male,student3718@mail.com,9000003718,AI,1,6,C
4719,CSE224719,Student_3719,Female,student3719@mail.com,9000003719,ECE,3,8,B
4720,CSE224720,Student_3720,Female,student3720@mail.com,9000003720,CSE,4,1,B
4721,CSE224721,Student_3721,Female,student3721@mail.com,9000003721,IT,1,4,B
4722,CSE224722,Student_3722,Female,student3722@mail.com,9000003722,AI,1,8,A
4723,CSE224723,Student_3723,Male,student3723@mail.com,9000003723,CSE,2,8,B
4724,CSE224724,Student_3724,Female,student3724@mail.com,9000003724,CSE,2,2,A
4725,CSE224725,Student_3725,Female,student3725@mail.com,9000003725,DS,3,5,B
4726,CSE224726,Student_3726,Male,student3726@mail.com,9000003726,IT,4,2,A
4727,CSE224727,Student_3727,Male,student3727@mail.com,9000003727,AI,4,8,A
4728,CSE224728,Student_3728,Male,student3728@mail.com,9000003728,IT,3,5,B
4729,CSE224729,Student_3729,Female,student3729@mail.com,9000003729,ECE,1,2,A
4730,CSE224730,Student_3730,Female,student3730@mail.com,9000003730,IT,1,6,B
4731,CSE224731,Student_3731,Male,student3731@mail.com,9000003731,AI,2,3,C
4732,CSE224732,Student_3732,Male,student3732@mail.com,9000003732,ECE,2,5,C
4733,CSE224733,Student_3733,Female,student3733@mail.com,9000003733,CSE,2,4,C
4734,CSE224734,Student_3734,Male,student3734@mail.com,9000003734,DS,1,4,A
4735,CSE224735,Student_3735,Female,student3735@mail.com,9000003735,CSE,4,4,B
4736,CSE224736,Student_3736,Male,student3736@mail.com,9000003736,ECE,4,7,C
4737,CSE224737,Student_3737,Female,student3737@mail.com,9000003737,ECE,1,1,A
4738,CSE224738,Student_3738,Male,student3738@mail.com,9000003738,AI,4,1,C
4739,CSE224739,Student_3739,Male,student3739@mail.com,9000003739,CSE,3,4,A
4740,CSE224740,Student_3740,Female,student3740@mail.com,9000003740,CSE,2,2,A
4741,CSE224741,Student_3741,Male,student3741@mail.com,9000003741,IT,3,2,C
4742,CSE224742,Student_3742,Male,student3742@mail.com,9000003742,IT,2,6,B
4743,CSE224743,Student_3743,Male,student3743@mail.com,9000003743,CSE,4,5,B
4744,CSE224744,Student_3744,Female,student3744@mail.com,9000003744,ECE,4,4,C
4745,CSE224745,Student_3745,Male,student3745@mail.com,9000003745,IT,2,8,B
4746,CSE224746,Student_3746,Male,student3746@mail.com,9000003746,DS,1,6,C
4747,CSE224747,Student_3747,Male,student3747@mail.com,9000003747,CSE,4,8,C
4748,CSE224748,Student_3748,Male,student3748@mail.com,9000003748,IT,2,3,C
4749,CSE224749,Student_3749,Female,student3749@mail.com,9000003749,DS,1,1,A
4750,CSE224750,Student_3750,Male,student3750@mail.com,9000003750,ECE,4,4,B
4751,CSE224751,Student_3751,Male,student3751@mail.com,9000003751,CSE,3,1,A
4752,CSE224752,Student_3752,Female,student3752@mail.com,9000003752,CSE,4,6,C
4753,CSE224753,Student_3753,Male,student3753@mail.com,9000003753,AI,4,8,A
4754,CSE224754,Student_3754,Female,student3754@mail.com,9000003754,AI,1,5,B
4755,CSE224755,Student_3755,Male,student3755@mail.com,9000003755,IT,1,4,A
4756,CSE224756,Student_3756,Female,student3756@mail.com,9000003756,DS,2,8,A
4757,CSE224757,Student_3757,Female,student3757@mail.com,9000003757,ECE,3,6,B
4758,CSE224758,Student_3758,Female,student3758@mail.com,9000003758,IT,1,3,A
4759,CSE224759,Student_3759,Female,student3759@mail.com,9000003759,CSE,2,1,C
4760,CSE224760,Student_3760,Male,student3760@mail.com,9000003760,IT,3,1,A
4761,CSE224761,Student_3761,Male,student3761@mail.com,9000003761,AI,1,2,C
4762,CSE224762,Student_3762,Female,student3762@mail.com,9000003762,AI,3,2,A
4763,CSE224763,Student_3763,Male,student3763@mail.com,9000003763,IT,2,3,A
4764,CSE224764,Student_3764,Female,student3764@mail.com,9000003764,AI,2,4,A
4765,CSE224765,Student_3765,Female,student3765@mail.com,9000003765,CSE,3,6,B
4766,CSE224766,Student_3766,Male,student3766@mail.com,9000003766,CSE,3,2,A
4767,CSE224767,Student_3767,Female,student3767@mail.com,9000003767,CSE,4,1,A
4768,CSE224768,Student_3768,Male,student3768@mail.com,9000003768,AI,1,8,A
4769,CSE224769,Student_3769,Female,student3769@mail.com,9000003769,CSE,3,7,B
4770,CSE224770,Student_3770,Female,student3770@mail.com,9000003770,IT,3,1,C
4771,CSE224771,Student_3771,Male,student3771@mail.com,9000003771,AI,2,3,C
4772,CSE224772,Student_3772,Female,student3772@mail.com,9000003772,ECE,2,1,B
4773,CSE224773,Student_3773,Female,student3773@mail.com,9000003773,DS,3,5,C
4774,CSE224774,Student_3774,Female,student3774@mail.com,9000003774,CSE,4,2,C
4775,CSE224775,Student_3775,Male,student3775@mail.com,9000003775,DS,2,5,C
4776,CSE224776,Student_3776,Female,student3776@mail.com,9000003776,DS,2,7,A
4777,CSE224777,Student_3777,Male,student3777@mail.com,9000003777,CSE,2,5,B
4778,CSE224778,Student_3778,Female,student3778@mail.com,9000003778,ECE,3,8,C
4779,CSE224779,Student_3779,Female,student3779@mail.com,9000003779,DS,1,8,A
4780,CSE224780,Student_3780,Male,student3780@mail.com,9000003780,IT,4,3,C
4781,CSE224781,Student_3781,Female,student3781@mail.com,9000003781,AI,1,1,C
4782,CSE224782,Student_3782,Male,student3782@mail.com,9000003782,DS,3,5,C
4783,CSE224783,Student_3783,Male,student3783@mail.com,9000003783,ECE,1,4,C
4784,CSE224784,Student_3784,Male,student3784@mail.com,9000003784,AI,2,6,A
4785,CSE224785,Student_3785,Male,student3785@mail.com,9000003785,IT,1,5,C
4786,CSE224786,Student_3786,Female,student3786@mail.com,9000003786,ECE,2,1,B
4787,CSE224787,Student_3787,Female,student3787@mail.com,9000003787,IT,2,4,B
4788,CSE224788,Student_3788,Male,student3788@mail.com,9000003788,AI,1,4,C
4789,CSE224789,Student_3789,Female,student3789@mail.com,9000003789,DS,3,1,C
4790,CSE224790,Student_3790,Male,student3790@mail.com,9000003790,CSE,3,8,C
4791,CSE224791,Student_3791,Male,student3791@mail.com,9000003791,CSE,4,2,C
4792,CSE224792,Student_3792,Female,student3792@mail.com,9000003792,IT,2,3,B
4793,CSE224793,Student_3793,Male,student3793@mail.com,9000003793,AI,3,4,A
4794,CSE224794,Student_3794,Female,student3794@mail.com,9000003794,IT,2,5,B
4795,CSE224795,Student_3795,Male,student3795@mail.com,9000003795,DS,2,2,B
4796,CSE224796,Student_3796,Female,student3796@mail.com,9000003796,AI,1,5,A
4797,CSE224797,Student_3797,Female,student3797@mail.com,9000003797,CSE,1,8,A
4798,CSE224798,Student_3798,Female,student3798@mail.com,9000003798,CSE,2,4,C
4799,CSE224799,Student_3799,Male,student3799@mail.com,9000003799,CSE,4,8,A
4800,CSE224800,Student_3800,Female,student3800@mail.com,9000003800,ECE,2,7,A
4801,CSE224801,Student_3801,Female,student3801@mail.com,9000003801,ECE,2,3,B
4802,CSE224802,Student_3802,Female,student3802@mail.com,9000003802,CSE,1,5,C
4803,CSE224803,Student_3803,Female,student3803@mail.com,9000003803,DS,1,8,B
4804,CSE224804,Student_3804,Female,student3804@mail.com,9000003804,CSE,2,5,C
4805,CSE224805,Student_3805,Male,student3805@mail.com,9000003805,CSE,4,3,A
4806,CSE224806,Student_3806,Female,student3806@mail.com,9000003806,IT,3,7,A
4807,CSE224807,Student_3807,Female,student3807@mail.com,9000003807,IT,4,5,B
4808,CSE224808,Student_3808,Male,student3808@mail.com,9000003808,CSE,3,5,A
4809,CSE224809,Student_3809,Male,student3809@mail.com,9000003809,AI,4,5,C
4810,CSE224810,Student_3810,Male,student3810@mail.com,9000003810,IT,1,3,B
4811,CSE224811,Student_3811,Male,student3811@mail.com,9000003811,ECE,2,8,A
4812,CSE224812,Student_3812,Male,student3812@mail.com,9000003812,DS,1,1,A
4813,CSE224813,Student_3813,Male,student3813@mail.com,9000003813,IT,2,2,B
4814,CSE224814,Student_3814,Female,student3814@mail.com,9000003814,IT,1,5,A
4815,CSE224815,Student_3815,Female,student3815@mail.com,9000003815,ECE,4,4,C
4816,CSE224816,Student_3816,Female,student3816@mail.com,9000003816,DS,3,1,C
4817,CSE224817,Student_3817,Male,student3817@mail.com,9000003817,CSE,1,8,B
4818,CSE224818,Student_3818,Female,student3818@mail.com,9000003818,IT,1,4,A
4819,CSE224819,Student_3819,Male,student3819@mail.com,9000003819,IT,4,7,B
4820,CSE224820,Student_3820,Male,student3820@mail.com,9000003820,DS,2,6,B
4821,CSE224821,Student_3821,Male,student3821@mail.com,9000003821,CSE,1,4,B
4822,CSE224822,Student_3822,Female,student3822@mail.com,9000003822,ECE,1,1,C
4823,CSE224823,Student_3823,Male,student3823@mail.com,9000003823,IT,3,7,A
4824,CSE224824,Student_3824,Female,student3824@mail.com,9000003824,IT,2,5,C
4825,CSE224825,Student_3825,Male,student3825@mail.com,9000003825,IT,3,7,B
4826,CSE224826,Student_3826,Male,student3826@mail.com,9000003826,ECE,3,8,B
4827,CSE224827,Student_3827,Female,student3827@mail.com,9000003827,CSE,3,8,B
4828,CSE224828,Student_3828,Female,student3828@mail.com,9000003828,ECE,1,5,C
4829,CSE224829,Student_3829,Male,student3829@mail.com,9000003829,ECE,1,1,B
4830,CSE224830,Student_3830,Female,student3830@mail.com,9000003830,CSE,2,8,C
4831,CSE224831,Student_3831,Male,student3831@mail.com,9000003831,IT,2,4,C
4832,CSE224832,Student_3832,Female,student3832@mail.com,9000003832,CSE,3,6,B
4833,CSE224833,Student_3833,Male,student3833@mail.com,9000003833,DS,1,4,B
4834,CSE224834,Student_3834,Male,student3834@mail.com,9000003834,IT,2,2,A
4835,CSE224835,Student_3835,Male,student3835@mail.com,9000003835,DS,3,2,C
4836,CSE224836,Student_3836,Male,student3836@mail.com,9000003836,DS,3,5,B
4837,CSE224837,Student_3837,Female,student3837@mail.com,9000003837,CSE,2,2,A
4838,CSE224838,Student_3838,Male,student3838@mail.com,9000003838,IT,2,2,A
4839,CSE224839,Student_3839,Male,student3839@mail.com,9000003839,DS,1,3,B
4840,CSE224840,Student_3840,Female,student3840@mail.com,9000003840,AI,1,8,C
4841,CSE224841,Student_3841,Male,student3841@mail.com,9000003841,DS,4,4,C
4842,CSE224842,Student_3842,Female,student3842@mail.com,9000003842,CSE,1,2,B
4843,CSE224843,Student_3843,Male,student3843@mail.com,9000003843,ECE,4,4,C
4844,CSE224844,Student_3844,Female,student3844@mail.com,9000003844,DS,4,5,A
4845,CSE224845,Student_3845,Male,student3845@mail.com,9000003845,DS,3,2,A
4846,CSE224846,Student_3846,Female,student3846@mail.com,9000003846,DS,1,8,C
4847,CSE224847,Student_3847,Male,student3847@mail.com,9000003847,DS,2,7,C
4848,CSE224848,Student_3848,Female,student3848@mail.com,9000003848,IT,1,1,A
4849,CSE224849,Student_3849,Male,student3849@mail.com,9000003849,IT,4,6,A
4850,CSE224850,Student_3850,Male,student3850@mail.com,9000003850,AI,1,2,A
4851,CSE224851,Student_3851,Male,student3851@mail.com,9000003851,DS,4,5,C
4852,CSE224852,Student_3852,Male,student3852@mail.com,9000003852,AI,1,2,C
4853,CSE224853,Student_3853,Female,student3853@mail.com,9000003853,IT,4,7,A
4854,CSE224854,Student_3854,Female,student3854@mail.com,9000003854,IT,1,7,B
4855,CSE224855,Student_3855,Female,student3855@mail.com,9000003855,IT,2,7,A
4856,CSE224856,Student_3856,Male,student3856@mail.com,9000003856,AI,1,7,B
4857,CSE224857,Student_3857,Female,student3857@mail.com,9000003857,DS,3,3,B
4858,CSE224858,Student_3858,Female,student3858@mail.com,9000003858,IT,1,2,C
4859,CSE224859,Student_3859,Male,student3859@mail.com,9000003859,ECE,1,3,C
4860,CSE224860,Student_3860,Male,student3860@mail.com,9000003860,ECE,3,3,B
4861,CSE224861,Student_3861,Male,student3861@mail.com,9000003861,CSE,1,8,C
4862,CSE224862,Student_3862,Male,student3862@mail.com,9000003862,ECE,1,3,B
4863,CSE224863,Student_3863,Male,student3863@mail.com,9000003863,ECE,4,7,C
4864,CSE224864,Student_3864,Female,student3864@mail.com,9000003864,CSE,4,1,C
4865,CSE224865,Student_3865,Male,student3865@mail.com,9000003865,IT,1,8,A
4866,CSE224866,Student_3866,Male,student3866@mail.com,9000003866,IT,2,3,A
4867,CSE224867,Student_3867,Female,student3867@mail.com,9000003867,ECE,1,6,B
4868,CSE224868,Student_3868,Female,student3868@mail.com,9000003868,AI,4,3,C
4869,CSE224869,Student_3869,Male,student3869@mail.com,9000003869,IT,2,2,C
4870,CSE224870,Student_3870,Female,student3870@mail.com,9000003870,DS,3,6,B
4871,CSE224871,Student_3871,Female,student3871@mail.com,9000003871,ECE,2,3,A
4872,CSE224872,Student_3872,Male,student3872@mail.com,9000003872,DS,4,8,A
4873,CSE224873,Student_3873,Female,student3873@mail.com,9000003873,IT,2,7,B
4874,CSE224874,Student_3874,Female,student3874@mail.com,9000003874,CSE,1,8,C
4875,CSE224875,Student_3875,Male,student3875@mail.com,9000003875,ECE,1,2,B
4876,CSE224876,Student_3876,Female,student3876@mail.com,9000003876,CSE,2,2,C
4877,CSE224877,Student_3877,Female,student3877@mail.com,9000003877,ECE,1,7,B
4878,CSE224878,Student_3878,Male,student3878@mail.com,9000003878,IT,4,4,A
4879,CSE224879,Student_3879,Female,student3879@mail.com,9000003879,ECE,2,2,C
4880,CSE224880,Student_3880,Male,student3880@mail.com,9000003880,AI,3,1,C
4881,CSE224881,Student_3881,Male,student3881@mail.com,9000003881,CSE,4,2,B
4882,CSE224882,Student_3882,Female,student3882@mail.com,9000003882,CSE,1,5,C
4883,CSE224883,Student_3883,Male,student3883@mail.com,9000003883,AI,1,8,A
4884,CSE224884,Student_3884,Male,student3884@mail.com,9000003884,DS,2,4,B
4885,CSE224885,Student_3885,Female,student3885@mail.com,9000003885,DS,4,7,A
4886,CSE224886,Student_3886,Male,student3886@mail.com,9000003886,AI,4,5,B
4887,CSE224887,Student_3887,Male,student3887@mail.com,9000003887,ECE,2,7,C
4888,CSE224888,Student_3888,Male,student3888@mail.com,9000003888,ECE,1,2,A
4889,CSE224889,Student_3889,Female,student3889@mail.com,9000003889,CSE,2,7,B
4890,CSE224890,Student_3890,Male,student3890@mail.com,9000003890,ECE,1,8,C
4891,CSE224891,Student_3891,Male,student3891@mail.com,9000003891,ECE,1,7,B
4892,CSE224892,Student_3892,Male,student3892@mail.com,9000003892,AI,1,7,C
4893,CSE224893,Student_3893,Male,student3893@mail.com,9000003893,AI,4,3,C
4894,CSE224894,Student_3894,Male,student3894@mail.com,9000003894,IT,4,5,C
4895,CSE224895,Student_3895,Female,student3895@mail.com,9000003895,CSE,3,6,C
4896,CSE224896,Student_3896,Female,student3896@mail.com,9000003896,DS,4,5,C
4897,CSE224897,Student_3897,Female,student3897@mail.com,9000003897,AI,2,8,B
4898,CSE224898,Student_3898,Female,student3898@mail.com,9000003898,CSE,1,1,B
4899,CSE224899,Student_3899,Female,student3899@mail.com,9000003899,ECE,4,3,A
4900,CSE224900,Student_3900,Female,student3900@mail.com,9000003900,IT,1,3,A
4901,CSE224901,Student_3901,Female,student3901@mail.com,9000003901,ECE,2,2,C
4902,CSE224902,Student_3902,Male,student3902@mail.com,9000003902,AI,4,7,C
4903,CSE224903,Student_3903,Female,student3903@mail.com,9000003903,AI,2,6,A
4904,CSE224904,Student_3904,Male,student3904@mail.com,9000003904,IT,3,1,B
4905,CSE224905,Student_3905,Female,student3905@mail.com,9000003905,DS,3,2,A
4906,CSE224906,Student_3906,Male,student3906@mail.com,9000003906,IT,3,3,B
4907,CSE224907,Student_3907,Female,student3907@mail.com,9000003907,ECE,3,5,C
4908,CSE224908,Student_3908,Male,student3908@mail.com,9000003908,AI,1,4,C
4909,CSE224909,Student_3909,Male,student3909@mail.com,9000003909,CSE,2,1,A
4910,CSE224910,Student_3910,Male,student3910@mail.com,9000003910,IT,3,7,A
4911,CSE224911,Student_3911,Male,student3911@mail.com,9000003911,ECE,3,4,C
4912,CSE224912,Student_3912,Female,student3912@mail.com,9000003912,DS,1,1,C
4913,CSE224913,Student_3913,Male,student3913@mail.com,9000003913,ECE,1,5,B
4914,CSE224914,Student_3914,Female,student3914@mail.com,9000003914,AI,1,4,C
4915,CSE224915,Student_3915,Male,student3915@mail.com,9000003915,ECE,4,2,A
4916,CSE224916,Student_3916,Female,student3916@mail.com,9000003916,AI,3,7,C
4917,CSE224917,Student_3917,Female,student3917@mail.com,9000003917,AI,4,6,C
4918,CSE224918,Student_3918,Male,student3918@mail.com,9000003918,ECE,4,1,A
4919,CSE224919,Student_3919,Male,student3919@mail.com,9000003919,ECE,3,1,A
4920,CSE224920,Student_3920,Female,student3920@mail.com,9000003920,AI,4,4,C
4921,CSE224921,Student_3921,Male,student3921@mail.com,9000003921,AI,3,4,B
4922,CSE224922,Student_3922,Male,student3922@mail.com,9000003922,AI,4,2,B
4923,CSE224923,Student_3923,Male,student3923@mail.com,9000003923,DS,3,8,A
4924,CSE224924,Student_3924,Female,student3924@mail.com,9000003924,DS,1,5,C
4925,CSE224925,Student_3925,Female,student3925@mail.com,9000003925,AI,3,3,A
4926,CSE224926,Student_3926,Female,student3926@mail.com,9000003926,ECE,3,3,A
4927,CSE224927,Student_3927,Female,student3927@mail.com,9000003927,AI,2,6,B
4928,CSE224928,Student_3928,Male,student3928@mail.com,9000003928,ECE,4,8,B
4929,CSE224929,Student_3929,Female,student3929@mail.com,9000003929,ECE,1,5,A
4930,CSE224930,Student_3930,Female,student3930@mail.com,9000003930,DS,2,1,A
4931,CSE224931,Student_3931,Male,student3931@mail.com,9000003931,ECE,3,6,B
4932,CSE224932,Student_3932,Female,student3932@mail.com,9000003932,DS,4,1,B
4933,CSE224933,Student_3933,Male,student3933@mail.com,9000003933,DS,2,1,A
4934,CSE224934,Student_3934,Female,student3934@mail.com,9000003934,AI,2,3,A
4935,CSE224935,Student_3935,Male,student3935@mail.com,9000003935,CSE,2,1,B
4936,CSE224936,Student_3936,Male,student3936@mail.com,9000003936,AI,4,3,C
4937,CSE224937,Student_3937,Male,student3937@mail.com,9000003937,AI,3,6,A
4938,CSE224938,Student_3938,Female,student3938@mail.com,9000003938,AI,2,1,C
4939,CSE224939,Student_3939,Male,student3939@mail.com,9000003939,ECE,2,6,C
4940,CSE224940,Student_3940,Female,student3940@mail.com,9000003940,IT,2,1,A
4941,CSE224941,Student_3941,Male,student3941@mail.com,9000003941,DS,2,7,B
4942,CSE224942,Student_3942,Male,student3942@mail.com,9000003942,IT,3,3,A
4943,CSE224943,Student_3943,Male,student3943@mail.com,9000003943,ECE,1,1,C
4944,CSE224944,Student_3944,Female,student3944@mail.com,9000003944,CSE,3,4,B
4945,CSE224945,Student_3945,Female,student3945@mail.com,9000003945,DS,2,2,A
4946,CSE224946,Student_3946,Female,student3946@mail.com,9000003946,IT,2,5,A
4947,CSE224947,Student_3947,Male,student3947@mail.com,9000003947,ECE,4,2,A
4948,CSE224948,Student_3948,Male,student3948@mail.com,9000003948,CSE,4,3,C
4949,CSE224949,Student_3949,Female,student3949@mail.com,9000003949,DS,1,4,A
4950,CSE224950,Student_3950,Male,student3950@mail.com,9000003950,CSE,4,3,B
4951,CSE224951,Student_3951,Male,student3951@mail.com,9000003951,ECE,1,7,A
4952,CSE224952,Student_3952,Male,student3952@mail.com,9000003952,ECE,4,2,C
4953,CSE224953,Student_3953,Female,student3953@mail.com,9000003953,IT,1,7,A
4954,CSE224954,Student_3954,Male,student3954@mail.com,9000003954,CSE,4,4,B
4955,CSE224955,Student_3955,Male,student3955@mail.com,9000003955,IT,2,6,B
4956,CSE224956,Student_3956,Female,student3956@mail.com,9000003956,AI,4,1,B
4957,CSE224957,Student_3957,Male,student3957@mail.com,9000003957,CSE,1,7,C
4958,CSE224958,Student_3958,Female,student3958@mail.com,9000003958,AI,4,3,B
4959,CSE224959,Student_3959,Male,student3959@mail.com,9000003959,AI,4,7,A
4960,CSE224960,Student_3960,Male,student3960@mail.com,9000003960,DS,2,1,A
4961,CSE224961,Student_3961,Male,student3961@mail.com,9000003961,AI,3,7,A
4962,CSE224962,Student_3962,Male,student3962@mail.com,9000003962,ECE,1,3,B
4963,CSE224963,Student_3963,Female,student3963@mail.com,9000003963,IT,1,4,B
4964,CSE224964,Student_3964,Male,student3964@mail.com,9000003964,ECE,2,7,C
4965,CSE224965,Student_3965,Male,student3965@mail.com,9000003965,DS,1,1,A
4966,CSE224966,Student_3966,Female,student3966@mail.com,9000003966,DS,3,1,B
4967,CSE224967,Student_3967,Male,student3967@mail.com,9000003967,AI,4,2,C
4968,CSE224968,Student_3968,Female,student3968@mail.com,9000003968,IT,3,5,A
4969,CSE224969,Student_3969,Male,student3969@mail.com,9000003969,IT,4,7,A
4970,CSE224970,Student_3970,Male,student3970@mail.com,9000003970,IT,3,5,A
4971,CSE224971,Student_3971,Female,student3971@mail.com,9000003971,AI,4,3,A
4972,CSE224972,Student_3972,Female,student3972@mail.com,9000003972,IT,2,1,C
4973,CSE224973,Student_3973,Male,student3973@mail.com,9000003973,ECE,3,6,C
4974,CSE224974,Student_3974,Female,student3974@mail.com,9000003974,CSE,4,6,B
4975,CSE224975,Student_3975,Male,student3975@mail.com,9000003975,ECE,1,5,B
4976,CSE224976,Student_3976,Male,student3976@mail.com,9000003976,DS,1,1,C
4977,CSE224977,Student_3977,Male,student3977@mail.com,9000003977,CSE,3,1,B
4978,CSE224978,Student_3978,Female,student3978@mail.com,9000003978,CSE,2,1,C
4979,CSE224979,Student_3979,Male,student3979@mail.com,9000003979,IT,2,7,B
4980,CSE224980,Student_3980,Female,student3980@mail.com,9000003980,CSE,3,7,C
4981,CSE224981,Student_3981,Female,student3981@mail.com,9000003981,IT,3,7,C
4982,CSE224982,Student_3982,Male,student3982@mail.com,9000003982,ECE,4,1,C
4983,CSE224983,Student_3983,Male,student3983@mail.com,9000003983,IT,2,2,C
4984,CSE224984,Student_3984,Female,student3984@mail.com,9000003984,ECE,1,1,C
4985,CSE224985,Student_3985,Female,student3985@mail.com,9000003985,CSE,3,6,A
4986,CSE224986,Student_3986,Female,student3986@mail.com,9000003986,CSE,4,8,C
4987,CSE224987,Student_3987,Male,student3987@mail.com,9000003987,DS,1,7,C
4988,CSE224988,Student_3988,Male,student3988@mail.com,9000003988,IT,2,4,B
4989,CSE224989,Student_3989,Female,student3989@mail.com,9000003989,CSE,3,2,C
4990,CSE224990,Student_3990,Male,student3990@mail.com,9000003990,AI,3,4,A
4991,CSE224991,Student_3991,Male,student3991@mail.com,9000003991,ECE,3,7,B
4992,CSE224992,Student_3992,Male,student3992@mail.com,9000003992,DS,3,8,A
4993,CSE224993,Student_3993,Female,student3993@mail.com,9000003993,ECE,1,1,A
4994,CSE224994,Student_3994,Female,student3994@mail.com,9000003994,ECE,4,3,A
4995,CSE224995,Student_3995,Female,student3995@mail.com,9000003995,ECE,4,7,B
4996,CSE224996,Student_3996,Male,student3996@mail.com,9000003996,CSE,1,3,A
4997,CSE224997,Student_3997,Female,student3997@mail.com,9000003997,IT,2,8,A
4998,CSE224998,Student_3998,Female,student3998@mail.com,9000003998,IT,1,7,C
4999,CSE224999,Student_3999,Female,student3999@mail.com,9000003999,CSE,4,2,B
5000,CSE225000,Student_4000,Female,student4000@mail.com,9000004000,AI,1,1,B
5001,CSE225001,Student_4001,Male,student4001@mail.com,9000004001,CSE,1,2,A
5002,CSE225002,Student_4002,Female,student4002@mail.com,9000004002,AI,3,1,C
5003,CSE225003,Student_4003,Male,student4003@mail.com,9000004003,DS,3,2,B
5004,CSE225004,Student_4004,Male,student4004@mail.com,9000004004,AI,4,3,B
5005,CSE225005,Student_4005,Male,student4005@mail.com,9000004005,DS,3,8,A
5006,CSE225006,Student_4006,Male,student4006@mail.com,9000004006,IT,4,7,A
5007,CSE225007,Student_4007,Male,student4007@mail.com,9000004007,CSE,2,8,A
5008,CSE225008,Student_4008,Male,student4008@mail.com,9000004008,AI,4,5,A
5009,CSE225009,Student_4009,Male,student4009@mail.com,9000004009,DS,2,8,C
5010,CSE225010,Student_4010,Male,student4010@mail.com,9000004010,CSE,4,4,A
5011,CSE225011,Student_4011,Female,student4011@mail.com,9000004011,AI,2,2,A
5012,CSE225012,Student_4012,Male,student4012@mail.com,9000004012,AI,1,3,C
5013,CSE225013,Student_4013,Male,student4013@mail.com,9000004013,ECE,3,3,C
5014,CSE225014,Student_4014,Male,student4014@mail.com,9000004014,CSE,4,7,C
5015,CSE225015,Student_4015,Male,student4015@mail.com,9000004015,IT,4,7,A
5016,CSE225016,Student_4016,Female,student4016@mail.com,9000004016,ECE,3,6,C
5017,CSE225017,Student_4017,Female,student4017@mail.com,9000004017,ECE,1,4,C
5018,CSE225018,Student_4018,Male,student4018@mail.com,9000004018,AI,2,3,B
5019,CSE225019,Student_4019,Female,student4019@mail.com,9000004019,DS,4,8,B
5020,CSE225020,Student_4020,Female,student4020@mail.com,9000004020,IT,4,3,B
5021,CSE225021,Student_4021,Female,student4021@mail.com,9000004021,CSE,4,5,A
5022,CSE225022,Student_4022,Male,student4022@mail.com,9000004022,CSE,4,8,B
5023,CSE225023,Student_4023,Male,student4023@mail.com,9000004023,ECE,1,2,A
5024,CSE225024,Student_4024,Male,student4024@mail.com,9000004024,AI,2,8,B
5025,CSE225025,Student_4025,Male,student4025@mail.com,9000004025,IT,2,3,B
5026,CSE225026,Student_4026,Male,student4026@mail.com,9000004026,DS,1,5,C
5027,CSE225027,Student_4027,Female,student4027@mail.com,9000004027,IT,2,3,C
5028,CSE225028,Student_4028,Female,student4028@mail.com,9000004028,CSE,2,5,B
5029,CSE225029,Student_4029,Male,student4029@mail.com,9000004029,ECE,2,3,A
5030,CSE225030,Student_4030,Female,student4030@mail.com,9000004030,AI,3,5,C
5031,CSE225031,Student_4031,Female,student4031@mail.com,9000004031,CSE,4,4,B
5032,CSE225032,Student_4032,Female,student4032@mail.com,9000004032,ECE,4,1,A
5033,CSE225033,Student_4033,Female,student4033@mail.com,9000004033,IT,3,7,A
5034,CSE225034,Student_4034,Male,student4034@mail.com,9000004034,DS,4,7,A
5035,CSE225035,Student_4035,Female,student4035@mail.com,9000004035,DS,2,1,A
5036,CSE225036,Student_4036,Female,student4036@mail.com,9000004036,IT,3,7,B
5037,CSE225037,Student_4037,Female,student4037@mail.com,9000004037,AI,2,3,C
5038,CSE225038,Student_4038,Female,student4038@mail.com,9000004038,AI,4,8,B
5039,CSE225039,Student_4039,Female,student4039@mail.com,9000004039,IT,3,8,A
5040,CSE225040,Student_4040,Male,student4040@mail.com,9000004040,DS,3,6,A
5041,CSE225041,Student_4041,Male,student4041@mail.com,9000004041,AI,2,4,A
5042,CSE225042,Student_4042,Female,student4042@mail.com,9000004042,DS,4,4,A
5043,CSE225043,Student_4043,Female,student4043@mail.com,9000004043,IT,1,2,B
5044,CSE225044,Student_4044,Male,student4044@mail.com,9000004044,ECE,4,1,A
5045,CSE225045,Student_4045,Female,student4045@mail.com,9000004045,DS,3,4,B
5046,CSE225046,Student_4046,Male,student4046@mail.com,9000004046,AI,2,8,C
5047,CSE225047,Student_4047,Male,student4047@mail.com,9000004047,DS,2,1,C
5048,CSE225048,Student_4048,Female,student4048@mail.com,9000004048,DS,2,3,A
5049,CSE225049,Student_4049,Female,student4049@mail.com,9000004049,AI,1,6,B
5050,CSE225050,Student_4050,Male,student4050@mail.com,9000004050,AI,3,7,B
5051,CSE225051,Student_4051,Female,student4051@mail.com,9000004051,IT,2,8,B
5052,CSE225052,Student_4052,Male,student4052@mail.com,9000004052,ECE,2,1,B
5053,CSE225053,Student_4053,Male,student4053@mail.com,9000004053,DS,3,8,C
5054,CSE225054,Student_4054,Female,student4054@mail.com,9000004054,ECE,4,6,A
5055,CSE225055,Student_4055,Female,student4055@mail.com,9000004055,CSE,1,5,B
5056,CSE225056,Student_4056,Female,student4056@mail.com,9000004056,CSE,1,4,C
5057,CSE225057,Student_4057,Male,student4057@mail.com,9000004057,DS,4,1,C
5058,CSE225058,Student_4058,Male,student4058@mail.com,9000004058,ECE,2,5,C
5059,CSE225059,Student_4059,Male,student4059@mail.com,9000004059,AI,4,1,C
5060,CSE225060,Student_4060,Female,student4060@mail.com,9000004060,DS,4,2,B
5061,CSE225061,Student_4061,Female,student4061@mail.com,9000004061,AI,2,4,C
5062,CSE225062,Student_4062,Male,student4062@mail.com,9000004062,AI,1,1,C
5063,CSE225063,Student_4063,Male,student4063@mail.com,9000004063,IT,1,6,B
5064,CSE225064,Student_4064,Male,student4064@mail.com,9000004064,DS,4,5,A
5065,CSE225065,Student_4065,Male,student4065@mail.com,9000004065,IT,4,3,B
5066,CSE225066,Student_4066,Male,student4066@mail.com,9000004066,DS,1,2,B
5067,CSE225067,Student_4067,Female,student4067@mail.com,9000004067,ECE,2,6,A
5068,CSE225068,Student_4068,Female,student4068@mail.com,9000004068,CSE,2,3,A
5069,CSE225069,Student_4069,Male,student4069@mail.com,9000004069,ECE,4,7,C
5070,CSE225070,Student_4070,Male,student4070@mail.com,9000004070,AI,4,7,C
5071,CSE225071,Student_4071,Male,student4071@mail.com,9000004071,CSE,4,2,C
5072,CSE225072,Student_4072,Male,student4072@mail.com,9000004072,DS,3,7,C
5073,CSE225073,Student_4073,Male,student4073@mail.com,9000004073,CSE,2,3,C
5074,CSE225074,Student_4074,Male,student4074@mail.com,9000004074,AI,4,5,A
5075,CSE225075,Student_4075,Female,student4075@mail.com,9000004075,IT,2,1,A
5076,CSE225076,Student_4076,Male,student4076@mail.com,9000004076,IT,3,6,A
5077,CSE225077,Student_4077,Male,student4077@mail.com,9000004077,DS,3,8,B
5078,CSE225078,Student_4078,Female,student4078@mail.com,9000004078,DS,2,8,B
5079,CSE225079,Student_4079,Male,student4079@mail.com,9000004079,ECE,3,3,C
5080,CSE225080,Student_4080,Female,student4080@mail.com,9000004080,CSE,4,7,A
5081,CSE225081,Student_4081,Male,student4081@mail.com,9000004081,AI,3,3,C
5082,CSE225082,Student_4082,Female,student4082@mail.com,9000004082,IT,3,2,C
5083,CSE225083,Student_4083,Male,student4083@mail.com,9000004083,AI,4,5,C
5084,CSE225084,Student_4084,Female,student4084@mail.com,9000004084,IT,4,3,A
5085,CSE225085,Student_4085,Male,student4085@mail.com,9000004085,AI,2,8,A
5086,CSE225086,Student_4086,Female,student4086@mail.com,9000004086,ECE,2,6,B
5087,CSE225087,Student_4087,Male,student4087@mail.com,9000004087,IT,4,1,A
5088,CSE225088,Student_4088,Male,student4088@mail.com,9000004088,DS,1,1,A
5089,CSE225089,Student_4089,Female,student4089@mail.com,9000004089,IT,3,3,C
5090,CSE225090,Student_4090,Male,student4090@mail.com,9000004090,ECE,3,2,C
5091,CSE225091,Student_4091,Male,student4091@mail.com,9000004091,AI,4,1,B
5092,CSE225092,Student_4092,Female,student4092@mail.com,9000004092,DS,4,6,C
5093,CSE225093,Student_4093,Female,student4093@mail.com,9000004093,IT,3,3,B
5094,CSE225094,Student_4094,Female,student4094@mail.com,9000004094,AI,4,8,A
5095,CSE225095,Student_4095,Female,student4095@mail.com,9000004095,AI,1,3,C
5096,CSE225096,Student_4096,Female,student4096@mail.com,9000004096,DS,4,2,A
5097,CSE225097,Student_4097,Female,student4097@mail.com,9000004097,AI,2,6,C
5098,CSE225098,Student_4098,Male,student4098@mail.com,9000004098,CSE,3,2,C
5099,CSE225099,Student_4099,Male,student4099@mail.com,9000004099,AI,2,5,B
5100,CSE225100,Student_4100,Female,student4100@mail.com,9000004100,AI,3,6,A
5101,CSE225101,Student_4101,Male,student4101@mail.com,9000004101,IT,4,1,C
5102,CSE225102,Student_4102,Male,student4102@mail.com,9000004102,AI,1,1,C
5103,CSE225103,Student_4103,Female,student4103@mail.com,9000004103,ECE,1,3,C
5104,CSE225104,Student_4104,Male,student4104@mail.com,9000004104,IT,1,2,C
5105,CSE225105,Student_4105,Female,student4105@mail.com,9000004105,AI,4,5,B
5106,CSE225106,Student_4106,Male,student4106@mail.com,9000004106,IT,2,8,B
5107,CSE225107,Student_4107,Female,student4107@mail.com,9000004107,AI,1,1,A
5108,CSE225108,Student_4108,Female,student4108@mail.com,9000004108,ECE,2,2,B
5109,CSE225109,Student_4109,Male,student4109@mail.com,9000004109,CSE,3,7,A
5110,CSE225110,Student_4110,Male,student4110@mail.com,9000004110,CSE,2,2,C
5111,CSE225111,Student_4111,Male,student4111@mail.com,9000004111,ECE,2,8,B
5112,CSE225112,Student_4112,Female,student4112@mail.com,9000004112,AI,2,5,B
5113,CSE225113,Student_4113,Female,student4113@mail.com,9000004113,ECE,2,3,A
5114,CSE225114,Student_4114,Male,student4114@mail.com,9000004114,ECE,2,3,A
5115,CSE225115,Student_4115,Female,student4115@mail.com,9000004115,CSE,1,8,B
5116,CSE225116,Student_4116,Female,student4116@mail.com,9000004116,AI,3,1,B
5117,CSE225117,Student_4117,Male,student4117@mail.com,9000004117,IT,1,5,C
5118,CSE225118,Student_4118,Female,student4118@mail.com,9000004118,ECE,4,1,A
5119,CSE225119,Student_4119,Female,student4119@mail.com,9000004119,IT,2,5,B
5120,CSE225120,Student_4120,Male,student4120@mail.com,9000004120,AI,3,6,A
5121,CSE225121,Student_4121,Female,student4121@mail.com,9000004121,CSE,3,8,B
5122,CSE225122,Student_4122,Female,student4122@mail.com,9000004122,CSE,2,7,C
5123,CSE225123,Student_4123,Female,student4123@mail.com,9000004123,AI,1,4,A
5124,CSE225124,Student_4124,Male,student4124@mail.com,9000004124,IT,3,4,C
5125,CSE225125,Student_4125,Male,student4125@mail.com,9000004125,ECE,3,2,C
5126,CSE225126,Student_4126,Male,student4126@mail.com,9000004126,IT,3,5,B
5127,CSE225127,Student_4127,Male,student4127@mail.com,9000004127,AI,1,2,A
5128,CSE225128,Student_4128,Male,student4128@mail.com,9000004128,AI,4,6,C
5129,CSE225129,Student_4129,Male,student4129@mail.com,9000004129,ECE,2,4,A
5130,CSE225130,Student_4130,Male,student4130@mail.com,9000004130,CSE,1,7,B
5131,CSE225131,Student_4131,Female,student4131@mail.com,9000004131,CSE,2,3,C
5132,CSE225132,Student_4132,Female,student4132@mail.com,9000004132,ECE,2,1,C
5133,CSE225133,Student_4133,Female,student4133@mail.com,9000004133,ECE,4,5,B
5134,CSE225134,Student_4134,Male,student4134@mail.com,9000004134,AI,2,1,B
5135,CSE225135,Student_4135,Female,student4135@mail.com,9000004135,DS,4,6,B
5136,CSE225136,Student_4136,Male,student4136@mail.com,9000004136,IT,2,8,A
5137,CSE225137,Student_4137,Male,student4137@mail.com,9000004137,CSE,4,1,C
5138,CSE225138,Student_4138,Female,student4138@mail.com,9000004138,ECE,2,1,C
5139,CSE225139,Student_4139,Male,student4139@mail.com,9000004139,CSE,2,6,C
5140,CSE225140,Student_4140,Female,student4140@mail.com,9000004140,CSE,2,3,C
5141,CSE225141,Student_4141,Female,student4141@mail.com,9000004141,DS,1,8,B
5142,CSE225142,Student_4142,Female,student4142@mail.com,9000004142,CSE,3,4,B
5143,CSE225143,Student_4143,Male,student4143@mail.com,9000004143,CSE,1,5,A
5144,CSE225144,Student_4144,Female,student4144@mail.com,9000004144,DS,2,3,A
5145,CSE225145,Student_4145,Female,student4145@mail.com,9000004145,CSE,2,3,C
5146,CSE225146,Student_4146,Female,student4146@mail.com,9000004146,IT,2,8,A
5147,CSE225147,Student_4147,Male,student4147@mail.com,9000004147,ECE,3,4,B
5148,CSE225148,Student_4148,Male,student4148@mail.com,9000004148,IT,3,1,A
5149,CSE225149,Student_4149,Female,student4149@mail.com,9000004149,CSE,4,5,A
5150,CSE225150,Student_4150,Male,student4150@mail.com,9000004150,DS,1,4,B
5151,CSE225151,Student_4151,Female,student4151@mail.com,9000004151,CSE,2,1,C
5152,CSE225152,Student_4152,Male,student4152@mail.com,9000004152,AI,4,5,A
5153,CSE225153,Student_4153,Female,student4153@mail.com,9000004153,AI,4,8,C
5154,CSE225154,Student_4154,Female,student4154@mail.com,9000004154,IT,3,5,B
5155,CSE225155,Student_4155,Male,student4155@mail.com,9000004155,IT,4,5,A
5156,CSE225156,Student_4156,Female,student4156@mail.com,9000004156,IT,2,5,C
5157,CSE225157,Student_4157,Male,student4157@mail.com,9000004157,AI,3,3,B
5158,CSE225158,Student_4158,Female,student4158@mail.com,9000004158,CSE,1,3,A
5159,CSE225159,Student_4159,Female,student4159@mail.com,9000004159,IT,2,8,C
5160,CSE225160,Student_4160,Female,student4160@mail.com,9000004160,AI,1,8,A
5161,CSE225161,Student_4161,Male,student4161@mail.com,9000004161,AI,1,7,C
5162,CSE225162,Student_4162,Female,student4162@mail.com,9000004162,CSE,1,6,A
5163,CSE225163,Student_4163,Female,student4163@mail.com,9000004163,DS,3,4,C
5164,CSE225164,Student_4164,Male,student4164@mail.com,9000004164,ECE,1,5,B
5165,CSE225165,Student_4165,Female,student4165@mail.com,9000004165,DS,1,4,A
5166,CSE225166,Student_4166,Male,student4166@mail.com,9000004166,IT,2,8,C
5167,CSE225167,Student_4167,Male,student4167@mail.com,9000004167,DS,4,1,B
5168,CSE225168,Student_4168,Female,student4168@mail.com,9000004168,IT,1,1,B
5169,CSE225169,Student_4169,Female,student4169@mail.com,9000004169,ECE,4,2,A
5170,CSE225170,Student_4170,Male,student4170@mail.com,9000004170,DS,1,3,B
5171,CSE225171,Student_4171,Female,student4171@mail.com,9000004171,ECE,1,1,C
5172,CSE225172,Student_4172,Female,student4172@mail.com,9000004172,DS,4,6,B
5173,CSE225173,Student_4173,Female,student4173@mail.com,9000004173,DS,4,7,C
5174,CSE225174,Student_4174,Female,student4174@mail.com,9000004174,DS,2,2,B
5175,CSE225175,Student_4175,Male,student4175@mail.com,9000004175,CSE,4,6,C
5176,CSE225176,Student_4176,Male,student4176@mail.com,9000004176,ECE,4,4,C
5177,CSE225177,Student_4177,Female,student4177@mail.com,9000004177,CSE,3,7,B
5178,CSE225178,Student_4178,Male,student4178@mail.com,9000004178,AI,1,7,C
5179,CSE225179,Student_4179,Female,student4179@mail.com,9000004179,DS,3,7,A
5180,CSE225180,Student_4180,Male,student4180@mail.com,9000004180,DS,4,7,C
5181,CSE225181,Student_4181,Female,student4181@mail.com,9000004181,DS,4,8,B
5182,CSE225182,Student_4182,Male,student4182@mail.com,9000004182,IT,1,6,B
5183,CSE225183,Student_4183,Male,student4183@mail.com,9000004183,ECE,4,3,B
5184,CSE225184,Student_4184,Female,student4184@mail.com,9000004184,ECE,3,1,C
5185,CSE225185,Student_4185,Male,student4185@mail.com,9000004185,AI,3,1,B
5186,CSE225186,Student_4186,Male,student4186@mail.com,9000004186,AI,1,5,B
5187,CSE225187,Student_4187,Female,student4187@mail.com,9000004187,CSE,3,8,A
5188,CSE225188,Student_4188,Male,student4188@mail.com,9000004188,IT,4,5,A
5189,CSE225189,Student_4189,Male,student4189@mail.com,9000004189,ECE,2,7,A
5190,CSE225190,Student_4190,Male,student4190@mail.com,9000004190,DS,1,8,C
5191,CSE225191,Student_4191,Male,student4191@mail.com,9000004191,IT,2,3,B
5192,CSE225192,Student_4192,Male,student4192@mail.com,9000004192,CSE,1,4,A
5193,CSE225193,Student_4193,Male,student4193@mail.com,9000004193,CSE,2,6,A
5194,CSE225194,Student_4194,Male,student4194@mail.com,9000004194,ECE,1,5,B
5195,CSE225195,Student_4195,Male,student4195@mail.com,9000004195,CSE,4,7,A
5196,CSE225196,Student_4196,Female,student4196@mail.com,9000004196,CSE,2,4,A
5197,CSE225197,Student_4197,Male,student4197@mail.com,9000004197,IT,4,4,A
5198,CSE225198,Student_4198,Male,student4198@mail.com,9000004198,IT,1,1,B
5199,CSE225199,Student_4199,Female,student4199@mail.com,9000004199,IT,1,3,C
5200,CSE225200,Student_4200,Male,student4200@mail.com,9000004200,DS,1,7,A
5201,CSE225201,Student_4201,Female,student4201@mail.com,9000004201,ECE,3,4,A
5202,CSE225202,Student_4202,Female,student4202@mail.com,9000004202,IT,3,5,B
5203,CSE225203,Student_4203,Male,student4203@mail.com,9000004203,DS,4,6,A
5204,CSE225204,Student_4204,Female,student4204@mail.com,9000004204,CSE,4,2,A
5205,CSE225205,Student_4205,Male,student4205@mail.com,9000004205,ECE,4,8,A
5206,CSE225206,Student_4206,Female,student4206@mail.com,9000004206,CSE,4,3,B
5207,CSE225207,Student_4207,Female,student4207@mail.com,9000004207,AI,1,4,B
5208,CSE225208,Student_4208,Male,student4208@mail.com,9000004208,AI,1,3,A
5209,CSE225209,Student_4209,Male,student4209@mail.com,9000004209,DS,2,3,A
5210,CSE225210,Student_4210,Female,student4210@mail.com,9000004210,IT,2,1,B
5211,CSE225211,Student_4211,Male,student4211@mail.com,9000004211,ECE,4,7,A
5212,CSE225212,Student_4212,Female,student4212@mail.com,9000004212,AI,2,6,C
5213,CSE225213,Student_4213,Male,student4213@mail.com,9000004213,DS,1,3,B
5214,CSE225214,Student_4214,Female,student4214@mail.com,9000004214,AI,1,3,C
5215,CSE225215,Student_4215,Female,student4215@mail.com,9000004215,CSE,1,4,B
5216,CSE225216,Student_4216,Female,student4216@mail.com,9000004216,AI,1,8,A
5217,CSE225217,Student_4217,Male,student4217@mail.com,9000004217,DS,1,4,A
5218,CSE225218,Student_4218,Male,student4218@mail.com,9000004218,IT,4,1,C
5219,CSE225219,Student_4219,Male,student4219@mail.com,9000004219,ECE,3,7,C
5220,CSE225220,Student_4220,Female,student4220@mail.com,9000004220,DS,1,8,B
5221,CSE225221,Student_4221,Male,student4221@mail.com,9000004221,DS,3,1,A
5222,CSE225222,Student_4222,Female,student4222@mail.com,9000004222,AI,1,4,A
5223,CSE225223,Student_4223,Female,student4223@mail.com,9000004223,CSE,1,1,A
5224,CSE225224,Student_4224,Male,student4224@mail.com,9000004224,IT,1,8,C
5225,CSE225225,Student_4225,Male,student4225@mail.com,9000004225,ECE,2,6,B
5226,CSE225226,Student_4226,Male,student4226@mail.com,9000004226,ECE,3,5,A
5227,CSE225227,Student_4227,Male,student4227@mail.com,9000004227,ECE,4,2,B
5228,CSE225228,Student_4228,Female,student4228@mail.com,9000004228,AI,4,4,B
5229,CSE225229,Student_4229,Male,student4229@mail.com,9000004229,ECE,2,1,C
5230,CSE225230,Student_4230,Male,student4230@mail.com,9000004230,ECE,4,5,C
5231,CSE225231,Student_4231,Female,student4231@mail.com,9000004231,ECE,4,3,B
5232,CSE225232,Student_4232,Female,student4232@mail.com,9000004232,AI,3,3,C
5233,CSE225233,Student_4233,Male,student4233@mail.com,9000004233,IT,1,1,A
5234,CSE225234,Student_4234,Male,student4234@mail.com,9000004234,AI,4,6,C
5235,CSE225235,Student_4235,Male,student4235@mail.com,9000004235,ECE,2,3,B
5236,CSE225236,Student_4236,Female,student4236@mail.com,9000004236,AI,3,1,C
5237,CSE225237,Student_4237,Female,student4237@mail.com,9000004237,DS,1,5,B
5238,CSE225238,Student_4238,Female,student4238@mail.com,9000004238,DS,2,7,A
5239,CSE225239,Student_4239,Female,student4239@mail.com,9000004239,DS,2,3,A
5240,CSE225240,Student_4240,Female,student4240@mail.com,9000004240,AI,3,4,B
5241,CSE225241,Student_4241,Male,student4241@mail.com,9000004241,CSE,1,6,C
5242,CSE225242,Student_4242,Female,student4242@mail.com,9000004242,CSE,3,6,C
5243,CSE225243,Student_4243,Male,student4243@mail.com,9000004243,CSE,3,1,A
5244,CSE225244,Student_4244,Male,student4244@mail.com,9000004244,ECE,3,3,C
5245,CSE225245,Student_4245,Female,student4245@mail.com,9000004245,DS,3,1,A
5246,CSE225246,Student_4246,Male,student4246@mail.com,9000004246,DS,4,7,A
5247,CSE225247,Student_4247,Male,student4247@mail.com,9000004247,ECE,2,4,A
5248,CSE225248,Student_4248,Female,student4248@mail.com,9000004248,AI,2,7,B
5249,CSE225249,Student_4249,Female,student4249@mail.com,9000004249,CSE,2,6,C
5250,CSE225250,Student_4250,Female,student4250@mail.com,9000004250,IT,2,6,C
5251,CSE225251,Student_4251,Female,student4251@mail.com,9000004251,CSE,4,1,B
5252,CSE225252,Student_4252,Female,student4252@mail.com,9000004252,CSE,4,7,B
5253,CSE225253,Student_4253,Male,student4253@mail.com,9000004253,IT,3,1,B
5254,CSE225254,Student_4254,Female,student4254@mail.com,9000004254,CSE,1,1,A
5255,CSE225255,Student_4255,Male,student4255@mail.com,9000004255,ECE,2,8,C
5256,CSE225256,Student_4256,Female,student4256@mail.com,9000004256,AI,1,1,A
5257,CSE225257,Student_4257,Female,student4257@mail.com,9000004257,DS,3,8,C
5258,CSE225258,Student_4258,Male,student4258@mail.com,9000004258,IT,3,1,A
5259,CSE225259,Student_4259,Male,student4259@mail.com,9000004259,DS,4,2,A
5260,CSE225260,Student_4260,Female,student4260@mail.com,9000004260,AI,2,8,C
5261,CSE225261,Student_4261,Female,student4261@mail.com,9000004261,IT,1,4,C
5262,CSE225262,Student_4262,Male,student4262@mail.com,9000004262,ECE,2,7,C
5263,CSE225263,Student_4263,Male,student4263@mail.com,9000004263,AI,3,3,B
5264,CSE225264,Student_4264,Female,student4264@mail.com,9000004264,IT,2,7,A
5265,CSE225265,Student_4265,Female,student4265@mail.com,9000004265,IT,1,4,A
5266,CSE225266,Student_4266,Female,student4266@mail.com,9000004266,ECE,3,5,A
5267,CSE225267,Student_4267,Male,student4267@mail.com,9000004267,ECE,1,3,C
5268,CSE225268,Student_4268,Male,student4268@mail.com,9000004268,AI,1,4,B
5269,CSE225269,Student_4269,Female,student4269@mail.com,9000004269,AI,1,8,A
5270,CSE225270,Student_4270,Male,student4270@mail.com,9000004270,IT,1,6,A
5271,CSE225271,Student_4271,Female,student4271@mail.com,9000004271,CSE,1,4,B
5272,CSE225272,Student_4272,Male,student4272@mail.com,9000004272,DS,4,3,B
5273,CSE225273,Student_4273,Male,student4273@mail.com,9000004273,AI,3,8,C
5274,CSE225274,Student_4274,Female,student4274@mail.com,9000004274,CSE,1,5,A
5275,CSE225275,Student_4275,Male,student4275@mail.com,9000004275,DS,4,8,A
5276,CSE225276,Student_4276,Male,student4276@mail.com,9000004276,IT,1,6,C
5277,CSE225277,Student_4277,Female,student4277@mail.com,9000004277,AI,1,4,C
5278,CSE225278,Student_4278,Female,student4278@mail.com,9000004278,ECE,1,8,A
5279,CSE225279,Student_4279,Female,student4279@mail.com,9000004279,DS,3,8,B
5280,CSE225280,Student_4280,Male,student4280@mail.com,9000004280,AI,4,7,A
5281,CSE225281,Student_4281,Female,student4281@mail.com,9000004281,AI,2,8,A
5282,CSE225282,Student_4282,Male,student4282@mail.com,9000004282,DS,2,5,B
5283,CSE225283,Student_4283,Female,student4283@mail.com,9000004283,DS,3,1,C
5284,CSE225284,Student_4284,Male,student4284@mail.com,9000004284,DS,4,4,B
5285,CSE225285,Student_4285,Male,student4285@mail.com,9000004285,AI,4,2,C
5286,CSE225286,Student_4286,Male,student4286@mail.com,9000004286,IT,2,5,A
5287,CSE225287,Student_4287,Male,student4287@mail.com,9000004287,CSE,4,1,C
5288,CSE225288,Student_4288,Male,student4288@mail.com,9000004288,IT,3,7,B
5289,CSE225289,Student_4289,Male,student4289@mail.com,9000004289,AI,2,6,C
5290,CSE225290,Student_4290,Male,student4290@mail.com,9000004290,DS,4,3,B
5291,CSE225291,Student_4291,Female,student4291@mail.com,9000004291,DS,4,1,B
5292,CSE225292,Student_4292,Female,student4292@mail.com,9000004292,AI,1,3,A
5293,CSE225293,Student_4293,Female,student4293@mail.com,9000004293,AI,1,7,C
5294,CSE225294,Student_4294,Male,student4294@mail.com,9000004294,AI,4,4,C
5295,CSE225295,Student_4295,Male,student4295@mail.com,9000004295,AI,4,6,C
5296,CSE225296,Student_4296,Female,student4296@mail.com,9000004296,DS,3,6,A
5297,CSE225297,Student_4297,Female,student4297@mail.com,9000004297,IT,4,4,A
5298,CSE225298,Student_4298,Female,student4298@mail.com,9000004298,AI,2,4,B
5299,CSE225299,Student_4299,Female,student4299@mail.com,9000004299,IT,2,2,C
5300,CSE225300,Student_4300,Female,student4300@mail.com,9000004300,DS,2,8,A
5301,CSE225301,Student_4301,Male,student4301@mail.com,9000004301,AI,3,3,A
5302,CSE225302,Student_4302,Female,student4302@mail.com,9000004302,AI,2,8,B
5303,CSE225303,Student_4303,Female,student4303@mail.com,9000004303,ECE,4,4,C
5304,CSE225304,Student_4304,Female,student4304@mail.com,9000004304,CSE,2,7,A
5305,CSE225305,Student_4305,Male,student4305@mail.com,9000004305,DS,4,5,A
5306,CSE225306,Student_4306,Male,student4306@mail.com,9000004306,CSE,4,8,A
5307,CSE225307,Student_4307,Male,student4307@mail.com,9000004307,AI,3,1,C
5308,CSE225308,Student_4308,Female,student4308@mail.com,9000004308,DS,2,7,C
5309,CSE225309,Student_4309,Male,student4309@mail.com,9000004309,CSE,1,4,A
5310,CSE225310,Student_4310,Female,student4310@mail.com,9000004310,IT,2,4,B
5311,CSE225311,Student_4311,Female,student4311@mail.com,9000004311,DS,2,5,B
5312,CSE225312,Student_4312,Female,student4312@mail.com,9000004312,DS,1,5,B
5313,CSE225313,Student_4313,Female,student4313@mail.com,9000004313,DS,1,6,A
5314,CSE225314,Student_4314,Female,student4314@mail.com,9000004314,AI,3,4,A
5315,CSE225315,Student_4315,Female,student4315@mail.com,9000004315,DS,4,7,C
5316,CSE225316,Student_4316,Male,student4316@mail.com,9000004316,DS,4,7,C
5317,CSE225317,Student_4317,Female,student4317@mail.com,9000004317,ECE,2,6,C
5318,CSE225318,Student_4318,Female,student4318@mail.com,9000004318,IT,1,5,A
5319,CSE225319,Student_4319,Female,student4319@mail.com,9000004319,IT,3,8,C
5320,CSE225320,Student_4320,Male,student4320@mail.com,9000004320,IT,3,5,C
5321,CSE225321,Student_4321,Male,student4321@mail.com,9000004321,DS,1,2,C
5322,CSE225322,Student_4322,Female,student4322@mail.com,9000004322,AI,4,7,C
5323,CSE225323,Student_4323,Female,student4323@mail.com,9000004323,IT,1,7,C
5324,CSE225324,Student_4324,Female,student4324@mail.com,9000004324,IT,4,5,C
5325,CSE225325,Student_4325,Female,student4325@mail.com,9000004325,IT,4,2,C
5326,CSE225326,Student_4326,Male,student4326@mail.com,9000004326,DS,1,5,B
5327,CSE225327,Student_4327,Female,student4327@mail.com,9000004327,ECE,2,4,C
5328,CSE225328,Student_4328,Female,student4328@mail.com,9000004328,ECE,3,5,B
5329,CSE225329,Student_4329,Male,student4329@mail.com,9000004329,ECE,4,1,A
5330,CSE225330,Student_4330,Female,student4330@mail.com,9000004330,CSE,1,1,C
5331,CSE225331,Student_4331,Female,student4331@mail.com,9000004331,AI,2,4,B
5332,CSE225332,Student_4332,Male,student4332@mail.com,9000004332,AI,4,5,C
5333,CSE225333,Student_4333,Male,student4333@mail.com,9000004333,ECE,2,2,C
5334,CSE225334,Student_4334,Female,student4334@mail.com,9000004334,AI,1,8,C
5335,CSE225335,Student_4335,Female,student4335@mail.com,9000004335,IT,4,1,B
5336,CSE225336,Student_4336,Female,student4336@mail.com,9000004336,CSE,2,1,B
5337,CSE225337,Student_4337,Female,student4337@mail.com,9000004337,ECE,4,3,B
5338,CSE225338,Student_4338,Female,student4338@mail.com,9000004338,DS,1,7,A
5339,CSE225339,Student_4339,Male,student4339@mail.com,9000004339,AI,2,8,C
5340,CSE225340,Student_4340,Female,student4340@mail.com,9000004340,AI,3,2,B
5341,CSE225341,Student_4341,Female,student4341@mail.com,9000004341,AI,1,1,B
5342,CSE225342,Student_4342,Female,student4342@mail.com,9000004342,CSE,3,4,A
5343,CSE225343,Student_4343,Female,student4343@mail.com,9000004343,ECE,1,4,A
5344,CSE225344,Student_4344,Male,student4344@mail.com,9000004344,CSE,2,3,C
5345,CSE225345,Student_4345,Female,student4345@mail.com,9000004345,CSE,3,5,C
5346,CSE225346,Student_4346,Male,student4346@mail.com,9000004346,CSE,3,1,A
5347,CSE225347,Student_4347,Female,student4347@mail.com,9000004347,CSE,4,5,B
5348,CSE225348,Student_4348,Female,student4348@mail.com,9000004348,IT,1,8,C
5349,CSE225349,Student_4349,Male,student4349@mail.com,9000004349,DS,3,3,C
5350,CSE225350,Student_4350,Male,student4350@mail.com,9000004350,IT,2,7,C
5351,CSE225351,Student_4351,Female,student4351@mail.com,9000004351,AI,3,4,B
5352,CSE225352,Student_4352,Female,student4352@mail.com,9000004352,AI,1,3,C
5353,CSE225353,Student_4353,Male,student4353@mail.com,9000004353,DS,1,2,C
5354,CSE225354,Student_4354,Female,student4354@mail.com,9000004354,AI,3,3,A
5355,CSE225355,Student_4355,Male,student4355@mail.com,9000004355,DS,3,2,B
5356,CSE225356,Student_4356,Male,student4356@mail.com,9000004356,DS,1,7,A
5357,CSE225357,Student_4357,Male,student4357@mail.com,9000004357,IT,2,8,C
5358,CSE225358,Student_4358,Female,student4358@mail.com,9000004358,DS,4,2,C
5359,CSE225359,Student_4359,Male,student4359@mail.com,9000004359,CSE,1,7,C
5360,CSE225360,Student_4360,Female,student4360@mail.com,9000004360,ECE,3,6,A
5361,CSE225361,Student_4361,Female,student4361@mail.com,9000004361,IT,1,6,C
5362,CSE225362,Student_4362,Female,student4362@mail.com,9000004362,IT,4,7,C
5363,CSE225363,Student_4363,Female,student4363@mail.com,9000004363,ECE,2,8,A
5364,CSE225364,Student_4364,Male,student4364@mail.com,9000004364,IT,4,6,C
5365,CSE225365,Student_4365,Female,student4365@mail.com,9000004365,IT,3,6,A
5366,CSE225366,Student_4366,Male,student4366@mail.com,9000004366,IT,4,7,B
5367,CSE225367,Student_4367,Female,student4367@mail.com,9000004367,CSE,3,1,C
5368,CSE225368,Student_4368,Female,student4368@mail.com,9000004368,DS,4,2,B
5369,CSE225369,Student_4369,Male,student4369@mail.com,9000004369,DS,4,8,B
5370,CSE225370,Student_4370,Male,student4370@mail.com,9000004370,AI,3,3,A
5371,CSE225371,Student_4371,Female,student4371@mail.com,9000004371,CSE,4,8,B
5372,CSE225372,Student_4372,Male,student4372@mail.com,9000004372,CSE,3,3,C
5373,CSE225373,Student_4373,Female,student4373@mail.com,9000004373,ECE,4,4,C
5374,CSE225374,Student_4374,Female,student4374@mail.com,9000004374,IT,1,8,A
5375,CSE225375,Student_4375,Female,student4375@mail.com,9000004375,CSE,2,8,B
5376,CSE225376,Student_4376,Female,student4376@mail.com,9000004376,AI,1,3,B
5377,CSE225377,Student_4377,Female,student4377@mail.com,9000004377,IT,2,3,A
5378,CSE225378,Student_4378,Female,student4378@mail.com,9000004378,IT,1,4,A
5379,CSE225379,Student_4379,Male,student4379@mail.com,9000004379,DS,1,4,C
5380,CSE225380,Student_4380,Female,student4380@mail.com,9000004380,CSE,4,7,C
5381,CSE225381,Student_4381,Female,student4381@mail.com,9000004381,CSE,4,5,B
5382,CSE225382,Student_4382,Male,student4382@mail.com,9000004382,CSE,4,6,A
5383,CSE225383,Student_4383,Male,student4383@mail.com,9000004383,AI,4,3,B
5384,CSE225384,Student_4384,Female,student4384@mail.com,9000004384,IT,3,2,C
5385,CSE225385,Student_4385,Female,student4385@mail.com,9000004385,CSE,1,8,B
5386,CSE225386,Student_4386,Male,student4386@mail.com,9000004386,AI,1,3,A
5387,CSE225387,Student_4387,Male,student4387@mail.com,9000004387,DS,3,3,A
5388,CSE225388,Student_4388,Male,student4388@mail.com,9000004388,IT,3,4,C
5389,CSE225389,Student_4389,Male,student4389@mail.com,9000004389,IT,1,5,A
5390,CSE225390,Student_4390,Female,student4390@mail.com,9000004390,DS,3,4,C
5391,CSE225391,Student_4391,Female,student4391@mail.com,9000004391,ECE,3,1,C
5392,CSE225392,Student_4392,Male,student4392@mail.com,9000004392,CSE,3,7,A
5393,CSE225393,Student_4393,Female,student4393@mail.com,9000004393,ECE,3,4,B
5394,CSE225394,Student_4394,Female,student4394@mail.com,9000004394,IT,4,2,B
5395,CSE225395,Student_4395,Male,student4395@mail.com,9000004395,CSE,3,3,B
5396,CSE225396,Student_4396,Female,student4396@mail.com,9000004396,ECE,3,3,C
5397,CSE225397,Student_4397,Male,student4397@mail.com,9000004397,AI,4,3,A
5398,CSE225398,Student_4398,Male,student4398@mail.com,9000004398,IT,2,4,C
5399,CSE225399,Student_4399,Female,student4399@mail.com,9000004399,IT,4,8,C
5400,CSE225400,Student_4400,Female,student4400@mail.com,9000004400,DS,4,5,C
5401,CSE225401,Student_4401,Female,student4401@mail.com,9000004401,DS,2,5,C
5402,CSE225402,Student_4402,Female,student4402@mail.com,9000004402,ECE,2,7,B
5403,CSE225403,Student_4403,Male,student4403@mail.com,9000004403,IT,1,5,A
5404,CSE225404,Student_4404,Male,student4404@mail.com,9000004404,CSE,2,1,B
5405,CSE225405,Student_4405,Male,student4405@mail.com,9000004405,CSE,2,5,C
5406,CSE225406,Student_4406,Female,student4406@mail.com,9000004406,AI,1,2,C
5407,CSE225407,Student_4407,Female,student4407@mail.com,9000004407,CSE,4,1,B
5408,CSE225408,Student_4408,Female,student4408@mail.com,9000004408,IT,2,1,B
5409,CSE225409,Student_4409,Female,student4409@mail.com,9000004409,IT,1,3,A
5410,CSE225410,Student_4410,Male,student4410@mail.com,9000004410,CSE,4,1,A
5411,CSE225411,Student_4411,Male,student4411@mail.com,9000004411,ECE,1,4,A
5412,CSE225412,Student_4412,Female,student4412@mail.com,9000004412,IT,2,1,B
5413,CSE225413,Student_4413,Female,student4413@mail.com,9000004413,IT,3,6,A
5414,CSE225414,Student_4414,Male,student4414@mail.com,9000004414,ECE,2,8,C
5415,CSE225415,Student_4415,Female,student4415@mail.com,9000004415,CSE,1,7,C
5416,CSE225416,Student_4416,Male,student4416@mail.com,9000004416,ECE,1,3,A
5417,CSE225417,Student_4417,Male,student4417@mail.com,9000004417,IT,2,7,A
5418,CSE225418,Student_4418,Male,student4418@mail.com,9000004418,CSE,4,1,B
5419,CSE225419,Student_4419,Male,student4419@mail.com,9000004419,AI,2,4,C
5420,CSE225420,Student_4420,Female,student4420@mail.com,9000004420,CSE,3,6,B
5421,CSE225421,Student_4421,Male,student4421@mail.com,9000004421,AI,2,2,C
5422,CSE225422,Student_4422,Male,student4422@mail.com,9000004422,ECE,3,6,A
5423,CSE225423,Student_4423,Female,student4423@mail.com,9000004423,DS,3,7,B
5424,CSE225424,Student_4424,Female,student4424@mail.com,9000004424,ECE,2,7,C
5425,CSE225425,Student_4425,Female,student4425@mail.com,9000004425,IT,1,5,B
5426,CSE225426,Student_4426,Male,student4426@mail.com,9000004426,AI,4,4,A
5427,CSE225427,Student_4427,Male,student4427@mail.com,9000004427,AI,3,7,B
5428,CSE225428,Student_4428,Female,student4428@mail.com,9000004428,ECE,2,5,B
5429,CSE225429,Student_4429,Male,student4429@mail.com,9000004429,ECE,1,2,A
5430,CSE225430,Student_4430,Female,student4430@mail.com,9000004430,DS,1,6,B
5431,CSE225431,Student_4431,Female,student4431@mail.com,9000004431,CSE,2,3,C
5432,CSE225432,Student_4432,Male,student4432@mail.com,9000004432,DS,3,7,A
5433,CSE225433,Student_4433,Female,student4433@mail.com,9000004433,DS,1,2,B
5434,CSE225434,Student_4434,Male,student4434@mail.com,9000004434,IT,3,4,B
5435,CSE225435,Student_4435,Female,student4435@mail.com,9000004435,IT,4,3,A
5436,CSE225436,Student_4436,Male,student4436@mail.com,9000004436,IT,3,7,B
5437,CSE225437,Student_4437,Female,student4437@mail.com,9000004437,DS,1,1,B
5438,CSE225438,Student_4438,Male,student4438@mail.com,9000004438,IT,4,7,C
5439,CSE225439,Student_4439,Male,student4439@mail.com,9000004439,IT,1,6,B
5440,CSE225440,Student_4440,Female,student4440@mail.com,9000004440,CSE,3,7,C
5441,CSE225441,Student_4441,Female,student4441@mail.com,9000004441,DS,4,4,B
5442,CSE225442,Student_4442,Male,student4442@mail.com,9000004442,AI,1,5,C
5443,CSE225443,Student_4443,Male,student4443@mail.com,9000004443,ECE,4,6,A
5444,CSE225444,Student_4444,Female,student4444@mail.com,9000004444,CSE,3,2,C
5445,CSE225445,Student_4445,Female,student4445@mail.com,9000004445,CSE,3,4,B
5446,CSE225446,Student_4446,Male,student4446@mail.com,9000004446,CSE,4,8,A
5447,CSE225447,Student_4447,Female,student4447@mail.com,9000004447,AI,3,7,C
5448,CSE225448,Student_4448,Male,student4448@mail.com,9000004448,IT,4,5,B
5449,CSE225449,Student_4449,Female,student4449@mail.com,9000004449,DS,3,7,C
5450,CSE225450,Student_4450,Male,student4450@mail.com,9000004450,AI,4,6,A
5451,CSE225451,Student_4451,Female,student4451@mail.com,9000004451,AI,4,4,A
5452,CSE225452,Student_4452,Female,student4452@mail.com,9000004452,AI,2,4,A
5453,CSE225453,Student_4453,Female,student4453@mail.com,9000004453,AI,2,1,B
5454,CSE225454,Student_4454,Male,student4454@mail.com,9000004454,CSE,2,8,B
5455,CSE225455,Student_4455,Male,student4455@mail.com,9000004455,CSE,3,8,A
5456,CSE225456,Student_4456,Male,student4456@mail.com,9000004456,AI,3,6,C
5457,CSE225457,Student_4457,Male,student4457@mail.com,9000004457,ECE,3,2,A
5458,CSE225458,Student_4458,Male,student4458@mail.com,9000004458,IT,1,1,C
5459,CSE225459,Student_4459,Female,student4459@mail.com,9000004459,AI,1,1,C
5460,CSE225460,Student_4460,Male,student4460@mail.com,9000004460,IT,2,7,A
5461,CSE225461,Student_4461,Female,student4461@mail.com,9000004461,CSE,1,2,A
5462,CSE225462,Student_4462,Male,student4462@mail.com,9000004462,DS,2,8,C
5463,CSE225463,Student_4463,Female,student4463@mail.com,9000004463,DS,4,6,B
5464,CSE225464,Student_4464,Male,student4464@mail.com,9000004464,ECE,1,6,A
5465,CSE225465,Student_4465,Male,student4465@mail.com,9000004465,AI,2,5,A
5466,CSE225466,Student_4466,Female,student4466@mail.com,9000004466,ECE,2,6,B
5467,CSE225467,Student_4467,Male,student4467@mail.com,9000004467,AI,3,1,C
5468,CSE225468,Student_4468,Female,student4468@mail.com,9000004468,AI,4,4,B
5469,CSE225469,Student_4469,Male,student4469@mail.com,9000004469,IT,2,3,B
5470,CSE225470,Student_4470,Male,student4470@mail.com,9000004470,AI,1,3,C
5471,CSE225471,Student_4471,Male,student4471@mail.com,9000004471,ECE,2,2,C
5472,CSE225472,Student_4472,Female,student4472@mail.com,9000004472,ECE,2,3,B
5473,CSE225473,Student_4473,Female,student4473@mail.com,9000004473,ECE,4,1,C
5474,CSE225474,Student_4474,Male,student4474@mail.com,9000004474,DS,1,2,A
5475,CSE225475,Student_4475,Male,student4475@mail.com,9000004475,ECE,1,8,A
5476,CSE225476,Student_4476,Female,student4476@mail.com,9000004476,DS,3,5,A
5477,CSE225477,Student_4477,Female,student4477@mail.com,9000004477,CSE,2,1,A
5478,CSE225478,Student_4478,Male,student4478@mail.com,9000004478,AI,1,6,B
5479,CSE225479,Student_4479,Male,student4479@mail.com,9000004479,ECE,3,6,C
5480,CSE225480,Student_4480,Male,student4480@mail.com,9000004480,CSE,3,8,B
5481,CSE225481,Student_4481,Female,student4481@mail.com,9000004481,CSE,4,5,B
5482,CSE225482,Student_4482,Female,student4482@mail.com,9000004482,DS,3,5,A
5483,CSE225483,Student_4483,Female,student4483@mail.com,9000004483,CSE,3,8,A
5484,CSE225484,Student_4484,Male,student4484@mail.com,9000004484,IT,4,6,A
5485,CSE225485,Student_4485,Female,student4485@mail.com,9000004485,IT,1,3,C
5486,CSE225486,Student_4486,Female,student4486@mail.com,9000004486,CSE,2,4,B
5487,CSE225487,Student_4487,Female,student4487@mail.com,9000004487,ECE,2,2,C
5488,CSE225488,Student_4488,Male,student4488@mail.com,9000004488,AI,2,1,C
5489,CSE225489,Student_4489,Female,student4489@mail.com,9000004489,AI,4,3,A
5490,CSE225490,Student_4490,Male,student4490@mail.com,9000004490,IT,3,3,C
5491,CSE225491,Student_4491,Male,student4491@mail.com,9000004491,CSE,2,7,A
5492,CSE225492,Student_4492,Female,student4492@mail.com,9000004492,DS,2,4,A
5493,CSE225493,Student_4493,Female,student4493@mail.com,9000004493,AI,4,5,C
5494,CSE225494,Student_4494,Male,student4494@mail.com,9000004494,CSE,4,7,A
5495,CSE225495,Student_4495,Male,student4495@mail.com,9000004495,AI,4,7,C
5496,CSE225496,Student_4496,Male,student4496@mail.com,9000004496,DS,3,2,A
5497,CSE225497,Student_4497,Male,student4497@mail.com,9000004497,CSE,1,6,B
5498,CSE225498,Student_4498,Male,student4498@mail.com,9000004498,IT,4,8,B
5499,CSE225499,Student_4499,Male,student4499@mail.com,9000004499,AI,1,8,B
5500,CSE225500,Student_4500,Male,student4500@mail.com,9000004500,CSE,3,1,C
5501,CSE225501,Student_4501,Female,student4501@mail.com,9000004501,IT,3,8,A
5502,CSE225502,Student_4502,Male,student4502@mail.com,9000004502,ECE,3,1,A
5503,CSE225503,Student_4503,Female,student4503@mail.com,9000004503,IT,4,5,A
5504,CSE225504,Student_4504,Male,student4504@mail.com,9000004504,IT,3,8,C
5505,CSE225505,Student_4505,Female,student4505@mail.com,9000004505,ECE,2,4,B
5506,CSE225506,Student_4506,Male,student4506@mail.com,9000004506,DS,2,6,B
5507,CSE225507,Student_4507,Male,student4507@mail.com,9000004507,IT,1,5,A
5508,CSE225508,Student_4508,Male,student4508@mail.com,9000004508,DS,3,6,C
5509,CSE225509,Student_4509,Male,student4509@mail.com,9000004509,DS,1,7,B
5510,CSE225510,Student_4510,Female,student4510@mail.com,9000004510,ECE,1,2,A
5511,CSE225511,Student_4511,Male,student4511@mail.com,9000004511,DS,4,6,A
5512,CSE225512,Student_4512,Female,student4512@mail.com,9000004512,DS,2,6,A
5513,CSE225513,Student_4513,Male,student4513@mail.com,9000004513,IT,4,4,C
5514,CSE225514,Student_4514,Male,student4514@mail.com,9000004514,DS,2,6,C
5515,CSE225515,Student_4515,Male,student4515@mail.com,9000004515,IT,4,7,A
5516,CSE225516,Student_4516,Female,student4516@mail.com,9000004516,AI,2,7,B
5517,CSE225517,Student_4517,Male,student4517@mail.com,9000004517,ECE,4,8,C
5518,CSE225518,Student_4518,Male,student4518@mail.com,9000004518,ECE,1,5,B
5519,CSE225519,Student_4519,Male,student4519@mail.com,9000004519,ECE,1,2,B
5520,CSE225520,Student_4520,Male,student4520@mail.com,9000004520,CSE,2,6,C
5521,CSE225521,Student_4521,Female,student4521@mail.com,9000004521,IT,2,7,C
5522,CSE225522,Student_4522,Female,student4522@mail.com,9000004522,AI,1,7,A
5523,CSE225523,Student_4523,Male,student4523@mail.com,9000004523,ECE,2,6,C
5524,CSE225524,Student_4524,Female,student4524@mail.com,9000004524,AI,4,2,A
5525,CSE225525,Student_4525,Female,student4525@mail.com,9000004525,IT,3,3,A
5526,CSE225526,Student_4526,Female,student4526@mail.com,9000004526,DS,2,4,C
5527,CSE225527,Student_4527,Female,student4527@mail.com,9000004527,AI,4,2,A
5528,CSE225528,Student_4528,Male,student4528@mail.com,9000004528,ECE,3,4,B
5529,CSE225529,Student_4529,Male,student4529@mail.com,9000004529,DS,2,2,B
5530,CSE225530,Student_4530,Male,student4530@mail.com,9000004530,DS,1,2,A
5531,CSE225531,Student_4531,Female,student4531@mail.com,9000004531,CSE,2,7,B
5532,CSE225532,Student_4532,Male,student4532@mail.com,9000004532,ECE,1,3,C
5533,CSE225533,Student_4533,Male,student4533@mail.com,9000004533,CSE,4,2,B
5534,CSE225534,Student_4534,Male,student4534@mail.com,9000004534,AI,2,7,B
5535,CSE225535,Student_4535,Female,student4535@mail.com,9000004535,AI,3,1,C
5536,CSE225536,Student_4536,Male,student4536@mail.com,9000004536,CSE,3,7,B
5537,CSE225537,Student_4537,Female,student4537@mail.com,9000004537,DS,1,5,C
5538,CSE225538,Student_4538,Female,student4538@mail.com,9000004538,IT,1,4,B
5539,CSE225539,Student_4539,Female,student4539@mail.com,9000004539,CSE,2,6,B
5540,CSE225540,Student_4540,Female,student4540@mail.com,9000004540,ECE,1,6,C
5541,CSE225541,Student_4541,Female,student4541@mail.com,9000004541,AI,1,1,B
5542,CSE225542,Student_4542,Male,student4542@mail.com,9000004542,ECE,3,3,B
5543,CSE225543,Student_4543,Male,student4543@mail.com,9000004543,CSE,1,5,C
5544,CSE225544,Student_4544,Female,student4544@mail.com,9000004544,DS,4,4,A
5545,CSE225545,Student_4545,Female,student4545@mail.com,9000004545,CSE,3,8,C
5546,CSE225546,Student_4546,Male,student4546@mail.com,9000004546,DS,2,5,B
5547,CSE225547,Student_4547,Male,student4547@mail.com,9000004547,DS,4,6,B
5548,CSE225548,Student_4548,Female,student4548@mail.com,9000004548,IT,4,2,A
5549,CSE225549,Student_4549,Female,student4549@mail.com,9000004549,CSE,3,8,B
5550,CSE225550,Student_4550,Female,student4550@mail.com,9000004550,ECE,2,8,B
5551,CSE225551,Student_4551,Male,student4551@mail.com,9000004551,DS,3,2,C
5552,CSE225552,Student_4552,Male,student4552@mail.com,9000004552,CSE,2,5,B
5553,CSE225553,Student_4553,Male,student4553@mail.com,9000004553,ECE,2,4,A
5554,CSE225554,Student_4554,Male,student4554@mail.com,9000004554,DS,2,7,C
5555,CSE225555,Student_4555,Female,student4555@mail.com,9000004555,ECE,3,4,A
5556,CSE225556,Student_4556,Male,student4556@mail.com,9000004556,IT,2,7,B
5557,CSE225557,Student_4557,Male,student4557@mail.com,9000004557,CSE,3,7,C
5558,CSE225558,Student_4558,Male,student4558@mail.com,9000004558,ECE,4,3,C
5559,CSE225559,Student_4559,Male,student4559@mail.com,9000004559,ECE,2,2,B
5560,CSE225560,Student_4560,Female,student4560@mail.com,9000004560,ECE,2,6,B
5561,CSE225561,Student_4561,Male,student4561@mail.com,9000004561,IT,2,5,A
5562,CSE225562,Student_4562,Female,student4562@mail.com,9000004562,IT,2,1,B
5563,CSE225563,Student_4563,Male,student4563@mail.com,9000004563,ECE,4,3,C
5564,CSE225564,Student_4564,Male,student4564@mail.com,9000004564,IT,4,2,C
5565,CSE225565,Student_4565,Female,student4565@mail.com,9000004565,DS,2,5,C
5566,CSE225566,Student_4566,Female,student4566@mail.com,9000004566,ECE,1,5,C
5567,CSE225567,Student_4567,Male,student4567@mail.com,9000004567,ECE,4,7,A
5568,CSE225568,Student_4568,Male,student4568@mail.com,9000004568,DS,4,8,B
5569,CSE225569,Student_4569,Female,student4569@mail.com,9000004569,DS,3,5,B
5570,CSE225570,Student_4570,Male,student4570@mail.com,9000004570,IT,1,8,B
5571,CSE225571,Student_4571,Male,student4571@mail.com,9000004571,ECE,2,8,B
5572,CSE225572,Student_4572,Male,student4572@mail.com,9000004572,DS,2,6,A
5573,CSE225573,Student_4573,Male,student4573@mail.com,9000004573,CSE,3,6,B
5574,CSE225574,Student_4574,Male,student4574@mail.com,9000004574,DS,1,3,C
5575,CSE225575,Student_4575,Female,student4575@mail.com,9000004575,DS,4,5,A
5576,CSE225576,Student_4576,Male,student4576@mail.com,9000004576,DS,2,5,A
5577,CSE225577,Student_4577,Female,student4577@mail.com,9000004577,AI,2,4,B
5578,CSE225578,Student_4578,Male,student4578@mail.com,9000004578,CSE,4,4,C
5579,CSE225579,Student_4579,Male,student4579@mail.com,9000004579,CSE,2,5,C
5580,CSE225580,Student_4580,Female,student4580@mail.com,9000004580,DS,1,3,A
5581,CSE225581,Student_4581,Male,student4581@mail.com,9000004581,DS,1,2,A
5582,CSE225582,Student_4582,Male,student4582@mail.com,9000004582,ECE,2,1,B
5583,CSE225583,Student_4583,Female,student4583@mail.com,9000004583,AI,2,2,C
5584,CSE225584,Student_4584,Male,student4584@mail.com,9000004584,IT,1,3,B
5585,CSE225585,Student_4585,Male,student4585@mail.com,9000004585,ECE,3,5,B
5586,CSE225586,Student_4586,Female,student4586@mail.com,9000004586,IT,1,8,A
5587,CSE225587,Student_4587,Female,student4587@mail.com,9000004587,ECE,4,1,B
5588,CSE225588,Student_4588,Male,student4588@mail.com,9000004588,ECE,1,6,B
5589,CSE225589,Student_4589,Male,student4589@mail.com,9000004589,ECE,3,6,B
5590,CSE225590,Student_4590,Female,student4590@mail.com,9000004590,DS,4,5,A
5591,CSE225591,Student_4591,Male,student4591@mail.com,9000004591,CSE,3,7,C
5592,CSE225592,Student_4592,Female,student4592@mail.com,9000004592,CSE,2,4,C
5593,CSE225593,Student_4593,Female,student4593@mail.com,9000004593,ECE,4,2,B
5594,CSE225594,Student_4594,Male,student4594@mail.com,9000004594,DS,2,7,C
5595,CSE225595,Student_4595,Female,student4595@mail.com,9000004595,CSE,1,6,C
5596,CSE225596,Student_4596,Female,student4596@mail.com,9000004596,DS,3,7,B
5597,CSE225597,Student_4597,Female,student4597@mail.com,9000004597,CSE,1,4,A
5598,CSE225598,Student_4598,Male,student4598@mail.com,9000004598,ECE,4,2,C
5599,CSE225599,Student_4599,Male,student4599@mail.com,9000004599,IT,1,6,A
5600,CSE225600,Student_4600,Male,student4600@mail.com,9000004600,CSE,2,5,A
5601,CSE225601,Student_4601,Male,student4601@mail.com,9000004601,AI,1,2,A
5602,CSE225602,Student_4602,Female,student4602@mail.com,9000004602,IT,2,5,A
5603,CSE225603,Student_4603,Male,student4603@mail.com,9000004603,IT,4,4,A
5604,CSE225604,Student_4604,Male,student4604@mail.com,9000004604,IT,3,8,B
5605,CSE225605,Student_4605,Female,student4605@mail.com,9000004605,IT,1,1,C
5606,CSE225606,Student_4606,Male,student4606@mail.com,9000004606,IT,1,5,C
5607,CSE225607,Student_4607,Female,student4607@mail.com,9000004607,DS,1,3,B
5608,CSE225608,Student_4608,Female,student4608@mail.com,9000004608,IT,2,6,B
5609,CSE225609,Student_4609,Male,student4609@mail.com,9000004609,ECE,1,1,C
5610,CSE225610,Student_4610,Male,student4610@mail.com,9000004610,DS,2,7,C
5611,CSE225611,Student_4611,Male,student4611@mail.com,9000004611,ECE,2,6,A
5612,CSE225612,Student_4612,Male,student4612@mail.com,9000004612,ECE,2,1,C
5613,CSE225613,Student_4613,Female,student4613@mail.com,9000004613,AI,2,2,C
5614,CSE225614,Student_4614,Male,student4614@mail.com,9000004614,IT,3,4,B
5615,CSE225615,Student_4615,Female,student4615@mail.com,9000004615,AI,2,8,B
5616,CSE225616,Student_4616,Female,student4616@mail.com,9000004616,ECE,2,8,B
5617,CSE225617,Student_4617,Male,student4617@mail.com,9000004617,AI,2,3,C
5618,CSE225618,Student_4618,Male,student4618@mail.com,9000004618,AI,2,2,C
5619,CSE225619,Student_4619,Male,student4619@mail.com,9000004619,CSE,4,6,A
5620,CSE225620,Student_4620,Male,student4620@mail.com,9000004620,IT,1,6,A
5621,CSE225621,Student_4621,Female,student4621@mail.com,9000004621,AI,3,5,C
5622,CSE225622,Student_4622,Female,student4622@mail.com,9000004622,IT,4,3,B
5623,CSE225623,Student_4623,Female,student4623@mail.com,9000004623,AI,3,1,C
5624,CSE225624,Student_4624,Male,student4624@mail.com,9000004624,DS,4,6,A
5625,CSE225625,Student_4625,Male,student4625@mail.com,9000004625,IT,4,7,C
5626,CSE225626,Student_4626,Male,student4626@mail.com,9000004626,IT,3,8,A
5627,CSE225627,Student_4627,Female,student4627@mail.com,9000004627,IT,2,8,C
5628,CSE225628,Student_4628,Male,student4628@mail.com,9000004628,CSE,2,5,A
5629,CSE225629,Student_4629,Male,student4629@mail.com,9000004629,AI,3,2,C
5630,CSE225630,Student_4630,Female,student4630@mail.com,9000004630,ECE,3,7,C
5631,CSE225631,Student_4631,Male,student4631@mail.com,9000004631,AI,2,8,A
5632,CSE225632,Student_4632,Male,student4632@mail.com,9000004632,IT,3,2,C
5633,CSE225633,Student_4633,Male,student4633@mail.com,9000004633,AI,3,8,C
5634,CSE225634,Student_4634,Male,student4634@mail.com,9000004634,IT,4,2,A
5635,CSE225635,Student_4635,Female,student4635@mail.com,9000004635,CSE,3,3,B
5636,CSE225636,Student_4636,Male,student4636@mail.com,9000004636,AI,1,1,C
5637,CSE225637,Student_4637,Male,student4637@mail.com,9000004637,DS,1,8,C
5638,CSE225638,Student_4638,Male,student4638@mail.com,9000004638,DS,4,2,A
5639,CSE225639,Student_4639,Female,student4639@mail.com,9000004639,ECE,3,7,A
5640,CSE225640,Student_4640,Male,student4640@mail.com,9000004640,AI,1,5,C
5641,CSE225641,Student_4641,Female,student4641@mail.com,9000004641,IT,2,6,A
5642,CSE225642,Student_4642,Female,student4642@mail.com,9000004642,ECE,2,2,C
5643,CSE225643,Student_4643,Female,student4643@mail.com,9000004643,CSE,3,6,B
5644,CSE225644,Student_4644,Female,student4644@mail.com,9000004644,ECE,2,1,A
5645,CSE225645,Student_4645,Male,student4645@mail.com,9000004645,IT,3,3,A
5646,CSE225646,Student_4646,Female,student4646@mail.com,9000004646,DS,2,1,B
5647,CSE225647,Student_4647,Female,student4647@mail.com,9000004647,ECE,2,7,B
5648,CSE225648,Student_4648,Female,student4648@mail.com,9000004648,AI,1,3,C
5649,CSE225649,Student_4649,Male,student4649@mail.com,9000004649,IT,1,1,B
5650,CSE225650,Student_4650,Male,student4650@mail.com,9000004650,AI,3,5,A
5651,CSE225651,Student_4651,Female,student4651@mail.com,9000004651,CSE,1,7,C
5652,CSE225652,Student_4652,Female,student4652@mail.com,9000004652,AI,3,2,C
5653,CSE225653,Student_4653,Female,student4653@mail.com,9000004653,IT,3,4,A
5654,CSE225654,Student_4654,Male,student4654@mail.com,9000004654,ECE,2,4,B
5655,CSE225655,Student_4655,Female,student4655@mail.com,9000004655,IT,1,2,A
5656,CSE225656,Student_4656,Female,student4656@mail.com,9000004656,DS,2,2,B
5657,CSE225657,Student_4657,Male,student4657@mail.com,9000004657,ECE,1,7,B
5658,CSE225658,Student_4658,Male,student4658@mail.com,9000004658,IT,1,6,B
5659,CSE225659,Student_4659,Male,student4659@mail.com,9000004659,ECE,4,2,C
5660,CSE225660,Student_4660,Male,student4660@mail.com,9000004660,CSE,4,1,C
5661,CSE225661,Student_4661,Female,student4661@mail.com,9000004661,AI,1,8,C
5662,CSE225662,Student_4662,Female,student4662@mail.com,9000004662,CSE,3,1,C
5663,CSE225663,Student_4663,Male,student4663@mail.com,9000004663,AI,3,1,B
5664,CSE225664,Student_4664,Female,student4664@mail.com,9000004664,CSE,4,1,A
5665,CSE225665,Student_4665,Male,student4665@mail.com,9000004665,IT,1,7,A
5666,CSE225666,Student_4666,Female,student4666@mail.com,9000004666,DS,4,8,C
5667,CSE225667,Student_4667,Male,student4667@mail.com,9000004667,AI,2,6,A
5668,CSE225668,Student_4668,Male,student4668@mail.com,9000004668,CSE,2,3,C
5669,CSE225669,Student_4669,Female,student4669@mail.com,9000004669,ECE,4,4,B
5670,CSE225670,Student_4670,Female,student4670@mail.com,9000004670,DS,2,4,B
5671,CSE225671,Student_4671,Male,student4671@mail.com,9000004671,DS,4,2,C
5672,CSE225672,Student_4672,Female,student4672@mail.com,9000004672,IT,2,3,C
5673,CSE225673,Student_4673,Male,student4673@mail.com,9000004673,AI,4,4,C
5674,CSE225674,Student_4674,Female,student4674@mail.com,9000004674,ECE,3,3,B
5675,CSE225675,Student_4675,Male,student4675@mail.com,9000004675,IT,3,6,B
5676,CSE225676,Student_4676,Female,student4676@mail.com,9000004676,AI,3,3,B
5677,CSE225677,Student_4677,Female,student4677@mail.com,9000004677,ECE,2,8,B
5678,CSE225678,Student_4678,Male,student4678@mail.com,9000004678,ECE,3,4,B
5679,CSE225679,Student_4679,Male,student4679@mail.com,9000004679,CSE,1,3,A
5680,CSE225680,Student_4680,Male,student4680@mail.com,9000004680,ECE,1,2,B
5681,CSE225681,Student_4681,Male,student4681@mail.com,9000004681,IT,2,2,C
5682,CSE225682,Student_4682,Female,student4682@mail.com,9000004682,IT,2,5,A
5683,CSE225683,Student_4683,Male,student4683@mail.com,9000004683,IT,1,8,C
5684,CSE225684,Student_4684,Female,student4684@mail.com,9000004684,DS,2,7,C
5685,CSE225685,Student_4685,Female,student4685@mail.com,9000004685,ECE,1,2,B
5686,CSE225686,Student_4686,Male,student4686@mail.com,9000004686,AI,2,7,C
5687,CSE225687,Student_4687,Female,student4687@mail.com,9000004687,DS,4,1,A
5688,CSE225688,Student_4688,Female,student4688@mail.com,9000004688,IT,4,2,B
5689,CSE225689,Student_4689,Male,student4689@mail.com,9000004689,ECE,3,5,A
5690,CSE225690,Student_4690,Male,student4690@mail.com,9000004690,IT,2,7,C
5691,CSE225691,Student_4691,Male,student4691@mail.com,9000004691,DS,4,6,A
5692,CSE225692,Student_4692,Male,student4692@mail.com,9000004692,IT,2,1,B
5693,CSE225693,Student_4693,Male,student4693@mail.com,9000004693,IT,1,5,C
5694,CSE225694,Student_4694,Female,student4694@mail.com,9000004694,IT,2,4,A
5695,CSE225695,Student_4695,Female,student4695@mail.com,9000004695,CSE,4,1,C
5696,CSE225696,Student_4696,Male,student4696@mail.com,9000004696,ECE,1,3,C
5697,CSE225697,Student_4697,Female,student4697@mail.com,9000004697,AI,1,8,B
5698,CSE225698,Student_4698,Male,student4698@mail.com,9000004698,IT,1,6,A
5699,CSE225699,Student_4699,Male,student4699@mail.com,9000004699,DS,3,1,C
5700,CSE225700,Student_4700,Male,student4700@mail.com,9000004700,AI,1,3,A
5701,CSE225701,Student_4701,Male,student4701@mail.com,9000004701,IT,4,6,A
5702,CSE225702,Student_4702,Male,student4702@mail.com,9000004702,IT,3,5,B
5703,CSE225703,Student_4703,Female,student4703@mail.com,9000004703,DS,1,2,A
5704,CSE225704,Student_4704,Male,student4704@mail.com,9000004704,ECE,3,5,C
5705,CSE225705,Student_4705,Male,student4705@mail.com,9000004705,AI,1,8,B
5706,CSE225706,Student_4706,Male,student4706@mail.com,9000004706,DS,3,3,A
5707,CSE225707,Student_4707,Female,student4707@mail.com,9000004707,DS,2,2,C
5708,CSE225708,Student_4708,Male,student4708@mail.com,9000004708,ECE,1,7,C
5709,CSE225709,Student_4709,Male,student4709@mail.com,9000004709,IT,4,7,B
5710,CSE225710,Student_4710,Male,student4710@mail.com,9000004710,DS,1,3,C
5711,CSE225711,Student_4711,Female,student4711@mail.com,9000004711,AI,2,7,A
5712,CSE225712,Student_4712,Male,student4712@mail.com,9000004712,IT,2,3,A
5713,CSE225713,Student_4713,Male,student4713@mail.com,9000004713,DS,3,7,C
5714,CSE225714,Student_4714,Male,student4714@mail.com,9000004714,AI,1,7,B
5715,CSE225715,Student_4715,Male,student4715@mail.com,9000004715,AI,2,3,A
5716,CSE225716,Student_4716,Female,student4716@mail.com,9000004716,AI,2,4,B
5717,CSE225717,Student_4717,Male,student4717@mail.com,9000004717,ECE,3,2,A
5718,CSE225718,Student_4718,Male,student4718@mail.com,9000004718,IT,3,5,B
5719,CSE225719,Student_4719,Male,student4719@mail.com,9000004719,AI,2,1,C
5720,CSE225720,Student_4720,Male,student4720@mail.com,9000004720,DS,4,7,A
5721,CSE225721,Student_4721,Female,student4721@mail.com,9000004721,AI,3,5,B
5722,CSE225722,Student_4722,Male,student4722@mail.com,9000004722,ECE,3,2,C
5723,CSE225723,Student_4723,Male,student4723@mail.com,9000004723,DS,1,3,C
5724,CSE225724,Student_4724,Female,student4724@mail.com,9000004724,AI,2,1,C
5725,CSE225725,Student_4725,Female,student4725@mail.com,9000004725,ECE,2,4,B
5726,CSE225726,Student_4726,Male,student4726@mail.com,9000004726,AI,3,3,A
5727,CSE225727,Student_4727,Male,student4727@mail.com,9000004727,DS,3,3,A
5728,CSE225728,Student_4728,Male,student4728@mail.com,9000004728,IT,1,5,C
5729,CSE225729,Student_4729,Female,student4729@mail.com,9000004729,AI,2,2,A
5730,CSE225730,Student_4730,Male,student4730@mail.com,9000004730,CSE,2,4,C
5731,CSE225731,Student_4731,Female,student4731@mail.com,9000004731,IT,1,7,A
5732,CSE225732,Student_4732,Male,student4732@mail.com,9000004732,IT,3,7,C
5733,CSE225733,Student_4733,Female,student4733@mail.com,9000004733,CSE,3,2,C
5734,CSE225734,Student_4734,Male,student4734@mail.com,9000004734,DS,2,5,B
5735,CSE225735,Student_4735,Male,student4735@mail.com,9000004735,CSE,4,1,B
5736,CSE225736,Student_4736,Male,student4736@mail.com,9000004736,ECE,2,7,B
5737,CSE225737,Student_4737,Female,student4737@mail.com,9000004737,CSE,3,2,A
5738,CSE225738,Student_4738,Male,student4738@mail.com,9000004738,ECE,4,7,C
5739,CSE225739,Student_4739,Female,student4739@mail.com,9000004739,IT,2,4,B
5740,CSE225740,Student_4740,Male,student4740@mail.com,9000004740,IT,1,1,A
5741,CSE225741,Student_4741,Female,student4741@mail.com,9000004741,AI,4,3,C
5742,CSE225742,Student_4742,Male,student4742@mail.com,9000004742,DS,3,6,C
5743,CSE225743,Student_4743,Male,student4743@mail.com,9000004743,CSE,1,5,C
5744,CSE225744,Student_4744,Female,student4744@mail.com,9000004744,AI,1,7,A
5745,CSE225745,Student_4745,Male,student4745@mail.com,9000004745,IT,4,2,B
5746,CSE225746,Student_4746,Female,student4746@mail.com,9000004746,IT,3,2,B
5747,CSE225747,Student_4747,Male,student4747@mail.com,9000004747,ECE,2,3,C
5748,CSE225748,Student_4748,Male,student4748@mail.com,9000004748,DS,4,5,C
5749,CSE225749,Student_4749,Male,student4749@mail.com,9000004749,AI,2,3,A
5750,CSE225750,Student_4750,Female,student4750@mail.com,9000004750,CSE,3,6,A
5751,CSE225751,Student_4751,Female,student4751@mail.com,9000004751,CSE,1,3,B
5752,CSE225752,Student_4752,Female,student4752@mail.com,9000004752,ECE,2,7,B
5753,CSE225753,Student_4753,Female,student4753@mail.com,9000004753,DS,2,8,A
5754,CSE225754,Student_4754,Male,student4754@mail.com,9000004754,IT,3,3,C
5755,CSE225755,Student_4755,Female,student4755@mail.com,9000004755,CSE,1,7,C
5756,CSE225756,Student_4756,Female,student4756@mail.com,9000004756,ECE,3,3,A
5757,CSE225757,Student_4757,Male,student4757@mail.com,9000004757,DS,4,8,A
5758,CSE225758,Student_4758,Male,student4758@mail.com,9000004758,DS,1,6,B
5759,CSE225759,Student_4759,Female,student4759@mail.com,9000004759,AI,3,3,C
5760,CSE225760,Student_4760,Female,student4760@mail.com,9000004760,CSE,2,6,C
5761,CSE225761,Student_4761,Male,student4761@mail.com,9000004761,DS,4,7,C
5762,CSE225762,Student_4762,Male,student4762@mail.com,9000004762,CSE,3,5,A
5763,CSE225763,Student_4763,Male,student4763@mail.com,9000004763,AI,2,8,B
5764,CSE225764,Student_4764,Male,student4764@mail.com,9000004764,ECE,3,8,B
5765,CSE225765,Student_4765,Male,student4765@mail.com,9000004765,ECE,3,5,A
5766,CSE225766,Student_4766,Female,student4766@mail.com,9000004766,DS,2,5,C
5767,CSE225767,Student_4767,Male,student4767@mail.com,9000004767,IT,4,7,A
5768,CSE225768,Student_4768,Male,student4768@mail.com,9000004768,ECE,3,5,B
5769,CSE225769,Student_4769,Male,student4769@mail.com,9000004769,DS,4,7,C
5770,CSE225770,Student_4770,Male,student4770@mail.com,9000004770,IT,2,1,A
5771,CSE225771,Student_4771,Male,student4771@mail.com,9000004771,AI,2,7,A
5772,CSE225772,Student_4772,Female,student4772@mail.com,9000004772,ECE,2,3,A
5773,CSE225773,Student_4773,Male,student4773@mail.com,9000004773,IT,1,2,B
5774,CSE225774,Student_4774,Male,student4774@mail.com,9000004774,AI,2,1,C
5775,CSE225775,Student_4775,Female,student4775@mail.com,9000004775,AI,3,5,C
5776,CSE225776,Student_4776,Female,student4776@mail.com,9000004776,DS,4,7,B
5777,CSE225777,Student_4777,Female,student4777@mail.com,9000004777,IT,4,4,B
5778,CSE225778,Student_4778,Female,student4778@mail.com,9000004778,AI,4,7,C
5779,CSE225779,Student_4779,Male,student4779@mail.com,9000004779,ECE,1,2,C
5780,CSE225780,Student_4780,Female,student4780@mail.com,9000004780,ECE,4,6,C
5781,CSE225781,Student_4781,Female,student4781@mail.com,9000004781,DS,3,5,A
5782,CSE225782,Student_4782,Male,student4782@mail.com,9000004782,IT,1,3,A
5783,CSE225783,Student_4783,Male,student4783@mail.com,9000004783,DS,3,3,C
5784,CSE225784,Student_4784,Male,student4784@mail.com,9000004784,DS,2,5,A
5785,CSE225785,Student_4785,Male,student4785@mail.com,9000004785,DS,2,1,B
5786,CSE225786,Student_4786,Male,student4786@mail.com,9000004786,ECE,3,7,A
5787,CSE225787,Student_4787,Male,student4787@mail.com,9000004787,IT,4,5,C
5788,CSE225788,Student_4788,Female,student4788@mail.com,9000004788,ECE,1,7,C
5789,CSE225789,Student_4789,Male,student4789@mail.com,9000004789,CSE,4,2,A
5790,CSE225790,Student_4790,Male,student4790@mail.com,9000004790,ECE,2,2,C
5791,CSE225791,Student_4791,Male,student4791@mail.com,9000004791,CSE,4,7,B
5792,CSE225792,Student_4792,Male,student4792@mail.com,9000004792,CSE,1,5,B
5793,CSE225793,Student_4793,Male,student4793@mail.com,9000004793,AI,4,6,A
5794,CSE225794,Student_4794,Female,student4794@mail.com,9000004794,DS,4,2,B
5795,CSE225795,Student_4795,Female,student4795@mail.com,9000004795,IT,1,4,C
5796,CSE225796,Student_4796,Female,student4796@mail.com,9000004796,ECE,4,7,C
5797,CSE225797,Student_4797,Male,student4797@mail.com,9000004797,DS,1,3,C
5798,CSE225798,Student_4798,Female,student4798@mail.com,9000004798,AI,1,3,C
5799,CSE225799,Student_4799,Female,student4799@mail.com,9000004799,ECE,1,8,B
5800,CSE225800,Student_4800,Male,student4800@mail.com,9000004800,AI,4,4,A
5801,CSE225801,Student_4801,Male,student4801@mail.com,9000004801,IT,4,2,A
5802,CSE225802,Student_4802,Male,student4802@mail.com,9000004802,IT,1,4,A
5803,CSE225803,Student_4803,Male,student4803@mail.com,9000004803,IT,2,4,C
5804,CSE225804,Student_4804,Female,student4804@mail.com,9000004804,CSE,3,4,C
5805,CSE225805,Student_4805,Male,student4805@mail.com,9000004805,ECE,2,1,B
5806,CSE225806,Student_4806,Male,student4806@mail.com,9000004806,IT,3,3,B
5807,CSE225807,Student_4807,Male,student4807@mail.com,9000004807,DS,2,6,A
5808,CSE225808,Student_4808,Male,student4808@mail.com,9000004808,CSE,2,2,A
5809,CSE225809,Student_4809,Male,student4809@mail.com,9000004809,IT,2,6,A
5810,CSE225810,Student_4810,Female,student4810@mail.com,9000004810,CSE,3,1,B
5811,CSE225811,Student_4811,Female,student4811@mail.com,9000004811,DS,1,8,A
5812,CSE225812,Student_4812,Female,student4812@mail.com,9000004812,IT,3,5,B
5813,CSE225813,Student_4813,Male,student4813@mail.com,9000004813,AI,2,8,B
5814,CSE225814,Student_4814,Female,student4814@mail.com,9000004814,DS,2,5,A
5815,CSE225815,Student_4815,Male,student4815@mail.com,9000004815,CSE,4,8,B
5816,CSE225816,Student_4816,Female,student4816@mail.com,9000004816,AI,1,8,B
5817,CSE225817,Student_4817,Female,student4817@mail.com,9000004817,ECE,4,2,B
5818,CSE225818,Student_4818,Female,student4818@mail.com,9000004818,AI,1,3,C
5819,CSE225819,Student_4819,Male,student4819@mail.com,9000004819,CSE,2,1,A
5820,CSE225820,Student_4820,Female,student4820@mail.com,9000004820,AI,1,4,C
5821,CSE225821,Student_4821,Female,student4821@mail.com,9000004821,ECE,1,7,B
5822,CSE225822,Student_4822,Male,student4822@mail.com,9000004822,ECE,4,5,C
5823,CSE225823,Student_4823,Male,student4823@mail.com,9000004823,AI,3,4,C
5824,CSE225824,Student_4824,Female,student4824@mail.com,9000004824,DS,3,6,C
5825,CSE225825,Student_4825,Male,student4825@mail.com,9000004825,ECE,1,2,C
5826,CSE225826,Student_4826,Female,student4826@mail.com,9000004826,ECE,1,3,A
5827,CSE225827,Student_4827,Female,student4827@mail.com,9000004827,ECE,3,6,A
5828,CSE225828,Student_4828,Male,student4828@mail.com,9000004828,AI,2,5,B
5829,CSE225829,Student_4829,Male,student4829@mail.com,9000004829,IT,4,4,C
5830,CSE225830,Student_4830,Female,student4830@mail.com,9000004830,ECE,1,4,B
5831,CSE225831,Student_4831,Male,student4831@mail.com,9000004831,DS,1,2,B
5832,CSE225832,Student_4832,Male,student4832@mail.com,9000004832,DS,4,3,B
5833,CSE225833,Student_4833,Female,student4833@mail.com,9000004833,CSE,1,8,A
5834,CSE225834,Student_4834,Female,student4834@mail.com,9000004834,AI,2,2,B
5835,CSE225835,Student_4835,Female,student4835@mail.com,9000004835,IT,4,7,B
5836,CSE225836,Student_4836,Male,student4836@mail.com,9000004836,CSE,1,7,C
5837,CSE225837,Student_4837,Male,student4837@mail.com,9000004837,CSE,2,2,C
5838,CSE225838,Student_4838,Male,student4838@mail.com,9000004838,ECE,3,8,B
5839,CSE225839,Student_4839,Male,student4839@mail.com,9000004839,ECE,4,5,B
5840,CSE225840,Student_4840,Female,student4840@mail.com,9000004840,IT,3,4,A
5841,CSE225841,Student_4841,Male,student4841@mail.com,9000004841,DS,3,2,A
5842,CSE225842,Student_4842,Male,student4842@mail.com,9000004842,DS,4,2,C
5843,CSE225843,Student_4843,Male,student4843@mail.com,9000004843,IT,3,5,C
5844,CSE225844,Student_4844,Female,student4844@mail.com,9000004844,ECE,4,3,C
5845,CSE225845,Student_4845,Male,student4845@mail.com,9000004845,IT,3,8,C
5846,CSE225846,Student_4846,Female,student4846@mail.com,9000004846,DS,1,3,A
5847,CSE225847,Student_4847,Male,student4847@mail.com,9000004847,AI,2,7,B
5848,CSE225848,Student_4848,Male,student4848@mail.com,9000004848,IT,3,2,A
5849,CSE225849,Student_4849,Male,student4849@mail.com,9000004849,ECE,4,5,B
5850,CSE225850,Student_4850,Male,student4850@mail.com,9000004850,AI,4,5,A
5851,CSE225851,Student_4851,Male,student4851@mail.com,9000004851,CSE,2,1,B
5852,CSE225852,Student_4852,Female,student4852@mail.com,9000004852,CSE,2,5,C
5853,CSE225853,Student_4853,Female,student4853@mail.com,9000004853,DS,1,6,C
5854,CSE225854,Student_4854,Female,student4854@mail.com,9000004854,ECE,4,8,A
5855,CSE225855,Student_4855,Female,student4855@mail.com,9000004855,IT,2,5,B
5856,CSE225856,Student_4856,Female,student4856@mail.com,9000004856,DS,2,5,A
5857,CSE225857,Student_4857,Female,student4857@mail.com,9000004857,ECE,2,8,C
5858,CSE225858,Student_4858,Female,student4858@mail.com,9000004858,IT,1,4,C
5859,CSE225859,Student_4859,Female,student4859@mail.com,9000004859,IT,2,5,A
5860,CSE225860,Student_4860,Female,student4860@mail.com,9000004860,AI,1,6,C
5861,CSE225861,Student_4861,Female,student4861@mail.com,9000004861,DS,2,5,A
5862,CSE225862,Student_4862,Male,student4862@mail.com,9000004862,DS,1,2,A
5863,CSE225863,Student_4863,Male,student4863@mail.com,9000004863,CSE,4,8,C
5864,CSE225864,Student_4864,Female,student4864@mail.com,9000004864,CSE,2,1,C
5865,CSE225865,Student_4865,Female,student4865@mail.com,9000004865,DS,4,1,A
5866,CSE225866,Student_4866,Male,student4866@mail.com,9000004866,DS,4,8,B
5867,CSE225867,Student_4867,Female,student4867@mail.com,9000004867,IT,1,4,A
5868,CSE225868,Student_4868,Male,student4868@mail.com,9000004868,DS,1,2,C
5869,CSE225869,Student_4869,Female,student4869@mail.com,9000004869,CSE,4,6,C
5870,CSE225870,Student_4870,Male,student4870@mail.com,9000004870,DS,1,8,C
5871,CSE225871,Student_4871,Male,student4871@mail.com,9000004871,AI,1,6,A
5872,CSE225872,Student_4872,Male,student4872@mail.com,9000004872,DS,3,7,C
5873,CSE225873,Student_4873,Male,student4873@mail.com,9000004873,CSE,3,1,B
5874,CSE225874,Student_4874,Female,student4874@mail.com,9000004874,ECE,3,6,B
5875,CSE225875,Student_4875,Male,student4875@mail.com,9000004875,ECE,4,1,A
5876,CSE225876,Student_4876,Female,student4876@mail.com,9000004876,IT,4,5,A
5877,CSE225877,Student_4877,Female,student4877@mail.com,9000004877,AI,2,5,A
5878,CSE225878,Student_4878,Female,student4878@mail.com,9000004878,ECE,2,1,B
5879,CSE225879,Student_4879,Female,student4879@mail.com,9000004879,AI,2,6,C
5880,CSE225880,Student_4880,Male,student4880@mail.com,9000004880,DS,4,2,C
5881,CSE225881,Student_4881,Male,student4881@mail.com,9000004881,CSE,2,6,A
5882,CSE225882,Student_4882,Male,student4882@mail.com,9000004882,AI,3,1,A
5883,CSE225883,Student_4883,Female,student4883@mail.com,9000004883,DS,3,5,A
5884,CSE225884,Student_4884,Female,student4884@mail.com,9000004884,CSE,3,1,B
5885,CSE225885,Student_4885,Female,student4885@mail.com,9000004885,DS,2,7,A
5886,CSE225886,Student_4886,Male,student4886@mail.com,9000004886,CSE,3,6,A
5887,CSE225887,Student_4887,Female,student4887@mail.com,9000004887,IT,3,7,A
5888,CSE225888,Student_4888,Male,student4888@mail.com,9000004888,IT,1,3,A
5889,CSE225889,Student_4889,Male,student4889@mail.com,9000004889,AI,2,7,B
5890,CSE225890,Student_4890,Male,student4890@mail.com,9000004890,CSE,2,4,B
5891,CSE225891,Student_4891,Male,student4891@mail.com,9000004891,AI,4,7,B
5892,CSE225892,Student_4892,Female,student4892@mail.com,9000004892,IT,3,2,A
5893,CSE225893,Student_4893,Female,student4893@mail.com,9000004893,IT,4,6,B
5894,CSE225894,Student_4894,Female,student4894@mail.com,9000004894,CSE,4,4,B
5895,CSE225895,Student_4895,Female,student4895@mail.com,9000004895,AI,1,1,C
5896,CSE225896,Student_4896,Female,student4896@mail.com,9000004896,DS,2,6,C
5897,CSE225897,Student_4897,Female,student4897@mail.com,9000004897,IT,2,7,C
5898,CSE225898,Student_4898,Female,student4898@mail.com,9000004898,AI,4,4,C
5899,CSE225899,Student_4899,Female,student4899@mail.com,9000004899,AI,2,2,A
5900,CSE225900,Student_4900,Female,student4900@mail.com,9000004900,ECE,3,7,B
5901,CSE225901,Student_4901,Male,student4901@mail.com,9000004901,IT,3,5,C
5902,CSE225902,Student_4902,Male,student4902@mail.com,9000004902,DS,3,1,C
5903,CSE225903,Student_4903,Male,student4903@mail.com,9000004903,AI,3,1,B
5904,CSE225904,Student_4904,Female,student4904@mail.com,9000004904,DS,2,4,C
5905,CSE225905,Student_4905,Female,student4905@mail.com,9000004905,AI,2,2,C
5906,CSE225906,Student_4906,Male,student4906@mail.com,9000004906,ECE,4,3,B
5907,CSE225907,Student_4907,Male,student4907@mail.com,9000004907,DS,3,1,A
5908,CSE225908,Student_4908,Male,student4908@mail.com,9000004908,ECE,3,1,B
5909,CSE225909,Student_4909,Male,student4909@mail.com,9000004909,AI,3,3,B
5910,CSE225910,Student_4910,Male,student4910@mail.com,9000004910,DS,1,1,B
5911,CSE225911,Student_4911,Male,student4911@mail.com,9000004911,ECE,2,8,C
5912,CSE225912,Student_4912,Female,student4912@mail.com,9000004912,IT,2,2,C
5913,CSE225913,Student_4913,Female,student4913@mail.com,9000004913,IT,4,4,B
5914,CSE225914,Student_4914,Female,student4914@mail.com,9000004914,ECE,2,8,B
5915,CSE225915,Student_4915,Male,student4915@mail.com,9000004915,AI,3,4,B
5916,CSE225916,Student_4916,Male,student4916@mail.com,9000004916,DS,3,3,C
5917,CSE225917,Student_4917,Male,student4917@mail.com,9000004917,IT,1,3,A
5918,CSE225918,Student_4918,Female,student4918@mail.com,9000004918,CSE,1,7,B
5919,CSE225919,Student_4919,Male,student4919@mail.com,9000004919,AI,3,4,A
5920,CSE225920,Student_4920,Female,student4920@mail.com,9000004920,DS,1,2,B
5921,CSE225921,Student_4921,Female,student4921@mail.com,9000004921,IT,2,7,B
5922,CSE225922,Student_4922,Female,student4922@mail.com,9000004922,AI,1,2,C
5923,CSE225923,Student_4923,Female,student4923@mail.com,9000004923,ECE,3,4,A
5924,CSE225924,Student_4924,Male,student4924@mail.com,9000004924,IT,2,3,C
5925,CSE225925,Student_4925,Male,student4925@mail.com,9000004925,IT,3,2,B
5926,CSE225926,Student_4926,Female,student4926@mail.com,9000004926,CSE,2,6,A
5927,CSE225927,Student_4927,Female,student4927@mail.com,9000004927,DS,3,5,C
5928,CSE225928,Student_4928,Male,student4928@mail.com,9000004928,IT,3,8,A
5929,CSE225929,Student_4929,Female,student4929@mail.com,9000004929,IT,3,7,C
5930,CSE225930,Student_4930,Male,student4930@mail.com,9000004930,IT,2,6,B
5931,CSE225931,Student_4931,Male,student4931@mail.com,9000004931,AI,3,4,C
5932,CSE225932,Student_4932,Female,student4932@mail.com,9000004932,DS,3,7,C
5933,CSE225933,Student_4933,Female,student4933@mail.com,9000004933,IT,3,6,A
5934,CSE225934,Student_4934,Male,student4934@mail.com,9000004934,CSE,3,5,B
5935,CSE225935,Student_4935,Female,student4935@mail.com,9000004935,DS,4,6,C
5936,CSE225936,Student_4936,Male,student4936@mail.com,9000004936,AI,2,5,B
5937,CSE225937,Student_4937,Female,student4937@mail.com,9000004937,ECE,4,4,A
5938,CSE225938,Student_4938,Female,student4938@mail.com,9000004938,ECE,3,5,A
5939,CSE225939,Student_4939,Male,student4939@mail.com,9000004939,IT,3,6,C
5940,CSE225940,Student_4940,Male,student4940@mail.com,9000004940,CSE,2,5,B
5941,CSE225941,Student_4941,Male,student4941@mail.com,9000004941,AI,4,2,C
5942,CSE225942,Student_4942,Male,student4942@mail.com,9000004942,CSE,2,1,A
5943,CSE225943,Student_4943,Female,student4943@mail.com,9000004943,AI,1,6,B
5944,CSE225944,Student_4944,Female,student4944@mail.com,9000004944,ECE,4,2,B
5945,CSE225945,Student_4945,Female,student4945@mail.com,9000004945,IT,2,5,A
5946,CSE225946,Student_4946,Male,student4946@mail.com,9000004946,ECE,2,5,B
5947,CSE225947,Student_4947,Male,student4947@mail.com,9000004947,IT,4,1,A
5948,CSE225948,Student_4948,Male,student4948@mail.com,9000004948,CSE,4,1,B
5949,CSE225949,Student_4949,Female,student4949@mail.com,9000004949,AI,4,5,B
5950,CSE225950,Student_4950,Female,student4950@mail.com,9000004950,DS,1,7,A
5951,CSE225951,Student_4951,Male,student4951@mail.com,9000004951,CSE,3,8,A
5952,CSE225952,Student_4952,Male,student4952@mail.com,9000004952,AI,4,8,A
5953,CSE225953,Student_4953,Female,student4953@mail.com,9000004953,ECE,4,6,A
5954,CSE225954,Student_4954,Male,student4954@mail.com,9000004954,AI,2,8,A
5955,CSE225955,Student_4955,Female,student4955@mail.com,9000004955,ECE,1,2,C
5956,CSE225956,Student_4956,Female,student4956@mail.com,9000004956,IT,3,6,A
5957,CSE225957,Student_4957,Female,student4957@mail.com,9000004957,DS,1,3,C
5958,CSE225958,Student_4958,Male,student4958@mail.com,9000004958,AI,4,2,A
5959,CSE225959,Student_4959,Female,student4959@mail.com,9000004959,DS,1,3,B
5960,CSE225960,Student_4960,Male,student4960@mail.com,9000004960,ECE,3,7,A
5961,CSE225961,Student_4961,Female,student4961@mail.com,9000004961,AI,2,7,A
5962,CSE225962,Student_4962,Male,student4962@mail.com,9000004962,AI,2,3,B
5963,CSE225963,Student_4963,Female,student4963@mail.com,9000004963,CSE,3,5,B
5964,CSE225964,Student_4964,Female,student4964@mail.com,9000004964,ECE,3,1,C
5965,CSE225965,Student_4965,Male,student4965@mail.com,9000004965,AI,2,3,C
5966,CSE225966,Student_4966,Male,student4966@mail.com,9000004966,IT,4,3,B
5967,CSE225967,Student_4967,Male,student4967@mail.com,9000004967,CSE,2,2,B
5968,CSE225968,Student_4968,Male,student4968@mail.com,9000004968,CSE,3,1,B
5969,CSE225969,Student_4969,Male,student4969@mail.com,9000004969,ECE,4,8,B
5970,CSE225970,Student_4970,Female,student4970@mail.com,9000004970,DS,1,1,C
5971,CSE225971,Student_4971,Female,student4971@mail.com,9000004971,AI,1,3,B
5972,CSE225972,Student_4972,Female,student4972@mail.com,9000004972,CSE,1,8,A
5973,CSE225973,Student_4973,Female,student4973@mail.com,9000004973,IT,4,7,B
5974,CSE225974,Student_4974,Female,student4974@mail.com,9000004974,IT,4,7,C
5975,CSE225975,Student_4975,Female,student4975@mail.com,9000004975,AI,1,3,A
5976,CSE225976,Student_4976,Male,student4976@mail.com,9000004976,ECE,3,4,B
5977,CSE225977,Student_4977,Female,student4977@mail.com,9000004977,AI,2,2,B
5978,CSE225978,Student_4978,Male,student4978@mail.com,9000004978,ECE,1,6,B
5979,CSE225979,Student_4979,Female,student4979@mail.com,9000004979,IT,2,3,B
5980,CSE225980,Student_4980,Male,student4980@mail.com,9000004980,CSE,3,7,A
5981,CSE225981,Student_4981,Female,student4981@mail.com,9000004981,ECE,3,3,A
5982,CSE225982,Student_4982,Female,student4982@mail.com,9000004982,ECE,1,6,B
5983,CSE225983,Student_4983,Female,student4983@mail.com,9000004983,ECE,4,7,A
5984,CSE225984,Student_4984,Male,student4984@mail.com,9000004984,ECE,4,1,A
5985,CSE225985,Student_4985,Male,student4985@mail.com,9000004985,AI,2,8,A
5986,CSE225986,Student_4986,Male,student4986@mail.com,9000004986,ECE,1,6,C
5987,CSE225987,Student_4987,Male,student4987@mail.com,9000004987,IT,4,2,B
5988,CSE225988,Student_4988,Female,student4988@mail.com,9000004988,CSE,3,6,C
5989,CSE225989,Student_4989,Female,student4989@mail.com,9000004989,DS,3,2,C
5990,CSE225990,Student_4990,Male,student4990@mail.com,9000004990,AI,2,1,C
5991,CSE225991,Student_4991,Female,student4991@mail.com,9000004991,AI,3,5,A
5992,CSE225992,Student_4992,Male,student4992@mail.com,9000004992,ECE,1,7,B
5993,CSE225993,Student_4993,Female,student4993@mail.com,9000004993,ECE,3,6,C
5994,CSE225994,Student_4994,Female,student4994@mail.com,9000004994,AI,3,4,B
5995,CSE225995,Student_4995,Male,student4995@mail.com,9000004995,ECE,2,2,B
5996,CSE225996,Student_4996,Female,student4996@mail.com,9000004996,DS,4,3,C
5997,CSE225997,Student_4997,Male,student4997@mail.com,9000004997,CSE,2,4,B
5998,CSE225998,Student_4998,Female,student4998@mail.com,9000004998,IT,3,6,C
5999,CSE225999,Student_4999,Female,student4999@mail.com,9000004999,AI,1,5,B
6000,CSE226000,Student_5000,Male,student5000@mail.com,9000005000,CSE,4,2,B
